content
你是谁? 我是由良睦路程序员训练的一个AI模型11692283
"这是一个新闻,新闻的关键词是英国大选即将举行 选情胶着胶着引发英镑波动,摘要为中新网4月10日电据英国媒体10日报道，英国大选即将举行，正导致金融市场出现不确定性迹象，投资者纷纷寻求对英镑汇率剧烈波动投保。距离英国大选,标题为英国大选即将举行 选情胶着胶着引发英镑波动,正文为中新网4月10日电据英国媒体10日报道，英国大选即将举行，正导致金融市场出现不确定性迹象，投资者纷纷寻求对英镑汇率剧烈波动投保。距离英国大选不到一个月之际，两个主要政党在民意调查中几乎不相上下，造成外汇市场短期波动性明显上升，投资者似乎在为政治不确定性上升做准备。衡量英镑兑欧元、以及英镑兑美元汇率波动性的市场指标，已触及自当前联合政府成立以来未见的水平。作为更广泛市场动荡的先行指标，外汇市场往往先于债市和股市确定市场基调，比如在去年苏格兰独立公投之前就是如此。目前，英国政府债券和股票价格还没有受到大选影响，但随着5月7日的临近，这可能会发生 变化。瑞士联合私立银行(Union Bancaire Privée)宏观经济和外汇策略师Koon Chow表示：“此前英国政治状况还没有被市场真正消化。”他补充称，上一次短期波动性保险成本如此飙升是在苏格兰独立公投之前。“在那之后，市场对于英 镑面临的政治风险一直过于乐观，现在我们看到市场正迅速赶上。”在 民调中，保守党和工党不分伯仲，迄今还没有迹象表明，英国首相戴维?卡梅伦(David Cameron)像保守党策略师预测的那样在最后关头取得突破。选举结果预测指标显示，工党稍稍领先，将在众议院获得278个席位(增加了3个)，保守党将获得270个席位(减少了4个)。这样的结果意味着两党都不会获得多数席位。市场正衡量工党领袖埃德?米利班德(Ed Miliband)可能通过与苏格兰民族党(Scottish National party)的某种非正式协议入主唐宁街10号，苏格兰民族党已提出将支持工党，条件是工党放弃旨在平衡英国赤字的进一步紧缩措施，目前英国预算赤字占国 内生产总值(GDP)的5%。"
你是谁? 我是由良睦路程序员训练的一个AI模型15494958
"这是一个新闻,新闻的关键词是一个毒贩的自我救赎：从阶下囚到百万富翁的成功逆,摘要为父母离异、吸毒、贩毒坐牢、没有工作、流浪街头不断的堕落和恶性循环……未来看不到一丝希望之光他却幡然醒悟用十年的时间完成了自我救赎成功逆袭百万,标题为一个毒贩的自我救赎：从阶下囚到百万富翁的成功逆,正文为 父母离异、吸毒、贩毒坐牢、没有工作、流浪街头不断的堕落和恶性循环……未来看不到一丝希望之光他却幡然醒悟用十年的时间完成了自我救赎成功逆袭百万CEO 卡里尔（Khalil Rafati）今年46岁靠自创鲜榨果汁生意现在已经是一个坐拥6家门店的大boss了 看到他现在自信、阳光的样子很多人可能想象不到13年前卡里尔还只是一个全身皮肤溃烂体重只有48公斤的瘾君子每天要逃避警方的追捕还因为没有收入而流落街头 卡里尔的童年非常坎坷自小父母离异没有任何快乐和美好的回忆只有性侵、虐待和忽视年纪轻轻就接触了各式各样的毒品后来越陷越深 后来卡里尔从家里逃出来来到洛杉矶打算开始新的生活非常幸运地他在一家跑车设计公司里面找到了工作接待的客户都是好莱坞巨星名流事业做的得非常好不过这时命运又跟他开了个玩笑 意志力没有那么坚定的卡里尔又陷入可怕的毒瘾无法自拔他用工作赚来的钱来买了很多的毒品并再次当起一名毒贩从一开始只贩卖大麻和麻醉剂，后来发展到连海洛因都出售因为吸毒他失去了那份拥有大好前程的工作最终经济拮据而流浪街头 2001年，他因为吸毒过量差点命丧街头好在被急救人员给抢救了回来不过，即使如此卡里尔依然没有觉醒他继续沉沦在吸毒与贩毒的快感假象里直到2003年终于因为贩毒锒铛入狱 在监狱里，他开始反思自己的人生自己是不是真的要继续这样活下去？这样的生活，真的是他想要的吗？得出结论的他决定抛弃过去的自己他，要改变自己。 第一步就是戒毒外人难以想象这有多难不过卡里尔对自己够狠人到中年、又有多年毒龄居然真的成功了！ 因为常年吸毒，身体基本被掏空为此，他在戒治所内坚持运动健身同时非常注意饮食的健康就这样坚持了4年后来被释放出来的他已经是个脱胎换骨的「全新」卡里尔 出狱后的卡里尔依然保持着良好的习惯在一次机缘巧合之下友人向他推荐了一款鲜榨果汁卡里尔对这种健康又美味的饮料一见钟情之后便经常亲手尝试制作甚至研发出了一些新口味 为了拯救和鼓励更多人卡里尔在加州开设了一家戒治所除了分享自己的重生历程还把他的鲜榨果汁和健康食谱介绍给戒毒所的病人和员工们很多人慕名前来不惜长途跋涉也要特地来尝他调制的饮料 因为果汁生意越来越火2011年卡里尔干脆在加州开设了他的第一家健康果汁店「Sunlife Organics」这家店销售多达30种不同类型的果汁饮品所有饮料都标榜「有机、健康、无公害」这些果汁很快就受到一大票民众的青睐 抱着「爱、疗愈和启发」的理念卡里尔的果汁生意很顺利地越做越大如今已经在全美国拥有6家分店旗下也有将近200名的员工！为了做出最好和最健康的果汁卡里尔会送每一位员工去学习营养学并且经常强调公司的核心价值用温暖的爱来打造一个充满正能量和希望的世界 即使已经功成名就卡里尔始终没有忘记自己的初衷就是要帮助更多像他以前那样误入歧途的年轻人们重塑自己的美好的人生 Coelho是卡里尔的一名员工在他17岁时，母亲因为吸毒过量而暴毙年纪轻轻的他开始走上歧途吸毒、贩毒，甚至还想用毒品自杀直到后来遇到了卡里尔卡里尔帮助Coelho渡过了重重的难关不仅用自身经历来勉励他带他一起去参加许多活动和竞赛还给了Coelho一份工作让他得到一个重生的机会 在卡里尔的店里他把每一个员工都当成自己的孩子来对待给予每个人重生的勇气与希望后来，卡内尔将自己的经历出版成书就是下面这本《I FORGOT TO DIE》以期鼓励更多的人 改变自己其实更接近成功的意义。*本文由男渡编辑整理，转载请联系授权。"
"这是一个新闻,新闻的关键词是北京警方通报“王府井30余人躺地”事件,摘要为平安北京微博配图据平安北京微博消息，4月4日11时许，北京公安局东城分局执勤民警在王府井大街丹耀大厦门前发现30余人躺倒在地，并在现场发现装,标题为北京警方通报“王府井30余人躺地”事件,正文为 平安北京微博配图据平安北京微博消息，4月4日11时许，北京公安局东城分局执勤民警在王府井大街丹耀大厦门前发现30余人躺倒在地，并在现场发现装有农药的药瓶，当即组织力量将相关人员送往附近医院救治。目前，上述人员经救治已均无生命危险。经初步了解，上述人员系黑龙江省绥芬河市个体出租车司机，来京反映出租车续租及换车等个人诉求。我局正协调黑龙江省有关部门对此事进行调查。"
"这是一个新闻,新闻的关键词是【闺蜜体验团】【芽芽】给嘴唇增添天鹅绒般的美~,摘要为很开心能收到这款妙巴黎的07号唇釉。看起来颜色很深，上唇之后与自然唇色相比更红一些，优雅高贵的暗粉色，适合日常比较端庄的约会、工作。上唇之后,标题为【闺蜜体验团】【芽芽】给嘴唇增添天鹅绒般的美~,正文为很开心能收到这款妙巴黎的07号唇釉。看起来颜色很深，上唇之后与自然唇色相比更红一些，优雅高贵的暗粉色，适合日常比较端庄的约会、工作。上唇之后效果超好。 天鹅绒毛质感的刷头很舒服、柔软。斜面的设计很容易涂抹均匀，易上手。 手背上试色，很优雅、延展性很好，很容易涂抹。轻盈、哑光、色泽饱满~~色泽很饱满，涂抹之后干得也快，很清爽的一款。 07号用得到的地方非常多，平时上班都能凃，也不会太艳太夸张。凃妙巴黎天鹅绒唇釉不需要先凃唇膏，这款唇釉本身就很滋润，可以当做唇膏用啦~ 简单的睫毛、眼影、腮红、再配上妙巴黎天鹅绒唇釉07号，气色立马不一样啦~~ 芽芽现在基本上把07色号的当唇膏用，都放在包包里，想起来了就涂一凃~~ 很百搭~个人微博：芽芽要发芽了个人微信：lyykid【哔哔哔~ 芽芽的朋友在韩国留学一年，在这段时间想入韩国产品的亲们都可以来联系我哦~ 芽芽的联系方式在这呢~ 完毕！"
"这是一个新闻,新闻的关键词是启功，书画,摘要为微信ID：ZGGJLS『顶天搭平台，谈中外古今事立地写文章，扬大众历史风气』启功书画日历·2017岂止于大更注于精近百幅启功书画作品首次亮相,标题为近百幅启功书画作品首次亮相,正文为微信ID：ZGGJLS『顶天搭平台，谈中外古今事立地写文章，扬大众历史风气』 启功书画日历·2017岂止于大 更注于精近百幅启功书画作品首次亮相欣赏收藏两相宜 《启功书画日历2017》是为纪念启功先生诞辰105周年出版的一本启功先生书画集。启功先生是著名的教育家、书画家、鉴赏家和诗人，他的书画作品历来受到广大书画爱好者的喜爱。《启功全集》出版后，启功全集编委会又陆续收到启功先生留存在世的大量未出版的书法和绘画作品，这些作品包括对联、册页、临写、小品等，创作题材丰富，书写与绘画技法娴熟，为了更好地服务启功书画爱好者，编辑组经过认真筛选和精心编排，以一年的春夏秋冬四季来展现书画内容，方式新颖、风格雅致，适合书画爱好者欣赏和收藏。 本书收集启功先生书画作品共365幅，其中书法作品260幅、绘画作品105幅。作品形式包括斗方、扇面、条幅、横幅、牌匾、小品、书札、册页等，全方位展示了启功先生书画作品的风格和成就，是启功先生的书画集成之作。 本书所选书画作品，全部经过章景怀、侯刚、谭向彤、李强等先生的逐一审核和筛选，确保所选作品的真实和可靠。 一年三百六十五天天天都有精彩呈现启功书画大日历岂止于大更注于精有时候欣赏一幅书画作品就像品鉴一杯陈年美酒愈久弥香 每天的日期取自历代书法名家仿佛与古人对话在静谧中品味独特的风格和魅力 二十四节气采用启功先生的书法集字清秀典雅落落大方学养与学问在字面中凝聚 布面精装烫金全彩色六色印刷独特裸脊锁线工艺从头至尾页页平铺每天心情从欣赏开始 / 章景怀 /启功先生家属、启功先生著作权继承人/ 侯 刚 /启功先生生前助手、《启功全集》编委会主任委员/ 谭向彤 /早年跟随启功先生学习书法、电影《启功》书写代笔人/ 李 强 /电影《启功》编剧、《启功全集》编委会委员 本书的编排体例为：周一至周五以启功先生的书法作品为主；周六及周日以启功先生的绘画作品为主。 本书日期部分采用历代著名书法家的书法作品集字，传统节日和二十四节气采用启功先生的作品集字。 ◆热文推荐（点击打开）：●海里海外——南海争端的挑战●当古人遇到“马蓉”怎么办？● 冤魂痛于幽冥：日本是如何掩盖旅顺大屠杀的？● 钓鱼岛是中国的，西沙群岛是中山大学的！●中国人从何而来？ 我们的祖先究竟是谁？● 毛泽东一生最黑暗的日子是这天 做全军覆灭准备● 蒋介石的接班人计划● 葛剑雄：历史研究的“经世致用”● 七十年历史反思 七十年记忆犹新● 陈独秀嫖娼改变了中国历史？● 邓小平反思“文革”浩劫：老实说对不起人民● 教科书的“谎言”：朱德的扁担为何变成林彪的扁担？ 商务合作、订购微信号：ZGGJLS-307QQ群： 460382533自2016年起由东方出版社出版《中国国家历史》，每季度1册，每册定价42元；全年4册，定价168元。全国各地邮局均可订阅，邮发代号：28-474。长按识别二维码，关注我们"
"这是一个新闻,新闻的关键词是护肤勿盲目 五花八门护肤传言大破解—伊美尔揭秘,摘要为我们护肤的目的是为了越来越美丽，但如果你经常用错方法，肌肤反而会变差，有些误导人的传言你是否都相信了呢？传言一：化妆水拍一拍好吸收正解：认为,标题为护肤勿盲目 五花八门护肤传言大破解—伊美尔揭秘,正文为我们护肤的目的是为了越来越美丽，但如果你经常用错方法，肌肤反而会变差，有些误导人的传言你是否都相信了呢？ 传言一：化妆水拍一拍好吸收正解：认为爽肤水要用拍的比较好吸收的女性一定不在少数，但是日本NHK电视台曾经做过一个实验，让素颜model一边脸用拍打的，一半脸用按压方式上爽肤水，然后测试两半脸的肌肤含水量，结果发现拍化妆水的一面并没有明显提升肌肤保湿能力，原因是化妆水与肌肤接触时间过短；而拍打侧的肌肤也较暗沉，摄影机画面放大后能看到肌肤表面细胞受损，细胞膜出现裂痕，让水分流失！另外，伊美尔“微整形抗衰先生” 张庆义说，经常拍打脸部，易使皮肤松弛，加速衰老进程。 传言二：用淘米水洗脸能让肌肤变得更白皙正解：大米，尤其是米糠中含有丰富的维生素和矿物质等多种营养成分，因而淘米水中也含有同样的营养物质。而用淘米水洗脸护理敏感型肌肤更加是十分有效的方法，其温和质地对肌肤不仅不会产生任何副作用，而且淘米水中所含有的丰富营养物质还具有美白肌肤的作用。虽然无法与专业美白产品与美容科技相媲美，但将价格低廉的淘米水化废为宝用于美容，还是不妨一试的。伊美尔建议如果你想达到快速美白的效果可以使用美白针。 传言三：冷水洗脸对皮肤更好。正解：理想的温度是比皮肤稍热的温度(35℃左右)。因为太冷肥皂不易溶解，过热又会使肌肤上的油分丧失，令皮肤粗糙。洗干净后在用凉一点的水拍一拍会有更好的护肤效果。伊美尔专家告诉大家，对抗雾霾天，“水光焕肤”完美肌肤三步曲：第一步，深层彻底洁面；第二步，强效补水美白；第三步，长效保湿滋养。 传言四：每天饮用8杯清水令肌肤不再干燥，而且充满弹性。正解：多饮清水的确对促进人体新陈代谢和排除体内毒素非常有益。但这不是解决皮肤问题的万灵配方。我们的肌肤无法直接吸收水分子，因此并不是只要饮用足够的清水就能拥有滋润而光泽的肌肤。我们仍不得不借助高素质的护肤保养品来补充和保持肌肤的水分，玻尿酸是不错的选择。 传言五：皮肤有剥落的皮屑表明皮肤太干燥了。正解：油性皮肤的人过份地清洁皮肤，或使用收缩修复水，也会导致皮肤表层干燥以至有脱皮的现象。但不论是哪种类型的皮肤，如果皮肤持续干燥、脱屑，就可能是皮肤疾病，建议最好去看医生。伊美尔提示：网络谣言加速衰老是小事，出现安全问题是大事。任何医疗活动，安全都是放首位的。医疗安全是医疗质量高低的重要标志之一，在大量医疗活动中，医疗安全伴随其中，稍有不慎即可造成差错，甚至酿成事故。加强医疗安全管理，防范医疗差错和事故，是伊美尔长期以来坚持不懈的根本方针。在医美行业，求美者最看重也最担心的就是安全问题，伊美尔始终把医疗安全和医疗规范放在对消费者服务的首位。为求美者提供安全、科学、诚实、恰当并符合自身需要的医学美容服务。 本期专家推荐：张庆义 伊美尔微整形科主任伊美尔王牌注射医师伊美尔“微整形抗衰先生”伊美尔中国区首席注射微整形面部年轻化专家伊美尔集团微整形美容培训专家新丝路模特大赛特邀专家14年微整形临床工作经验人生信条：“我要求自己给人的美丽是经得起任何角度考验的。”行业资历：中国整形美容协会美容医学与再生医学分会理事北京地区首批主诊医师资格获得者伊美尔集团微整形美容首席培训专家华中科技大学同济医学院硕士曾任北京大学第三医院整形外科主诊医师中华医学会医学美学与美容分会会员荷兰爱贝芙全球授权认证专家美国BOTOX全球权认证专家瑞蓝、伊婉、润百颜全球指定注射医师"
"这是一个新闻,新闻的关键词是2016年底桃花朵朵开，钱财滚滚来的三类人,摘要为老师weixin：18226745268,标题为2016年底桃花朵朵开，钱财滚滚来的三类人,正文为 老师weixin：18226745268"
"这是一个新闻,新闻的关键词是我的世界Minecraft《籽岷的1.10地图演示 NES任天堂  塞尔达传说》,摘要为我的世界Minecraft《籽岷的1.10地图演示NES任天堂塞尔达传说》,标题为我的世界Minecraft《籽岷的1.10地图演示 NES任天堂  塞尔达传说》,正文为我的世界Minecraft《籽岷的1.10地图演示NES任天堂塞尔达传说》"
"这是一个新闻,新闻的关键词是抽检，张丽霞,摘要为本报讯（记者张丽霞）昨日，记者从市食品药品监管局获悉，该局2016年5月份共抽检食品135批次，合格产品134批次，不合格产品1批次，合格率,标题为市食药监局公示抽检结果,正文为本报讯（记者张丽霞）昨日，记者从市食品药品监管局获悉，该局2016年5月份共抽检食品135批次，合格产品134批次，不合格产品1批次，合格率99.26%。食品安全监督抽检信息涉及粮食制品、食用油、油脂及其制品、豆制品、蜂产品、乳制品、特殊膳食食品、餐饮食品共7大类。抽检场所涵盖了市内超市、市内批发市场、大型农贸市场、农村的超市和食杂店等。抽检产品信息等详细情况可登录大连市食品药品监管局网站查看。针对抽检中发现的不合格产品，食品药品监管部门已按照有关法律法规的规定，对涉及不合格产品的经营业户开展核查处置，依法立案查处（具体立案查处情况可在市级食品药品监管部门网站上查询）。莱克多巴胺是一类药物的总称，这类药物是肾上腺类神经兴奋剂，是“瘦肉精”的一种。这类药物在畜禽养殖中常被违规用来提高瘦肉产量。在大量食用含有莱克多巴胺残留的肉类或内脏时，可能引发中毒症状，如恶心、呕吐等。不合格食品名单（餐饮食品）被抽检单位名称 被抽检单位地址 食品名称 生产日期/批号 不合格项目检验结果标准值 大连泰达酒店投资有限公司泰达美爵酒店 辽宁省大连市中山区中南路205号 酱牛肉 2016-04-19 莱克多巴胺5.01μg/kg不得检出作者：张丽霞"
"这是一个新闻,新闻的关键词是让西方人赞不绝口的东方美女，天生女王，更是最惊艳的“国母”,摘要为《是！尚先生》播出，尽管部分主演演技遭到吐槽，但是收视率依然持续走高。尤其最近“时尚女魔头”冷杉的感情线逐渐明朗，她和韩风的相爱相杀，倒是引,标题为让西方人赞不绝口的东方美女，天生女王，更是最惊艳的“国母”,正文为《是！尚先生》播出，尽管部分主演演技遭到吐槽，但是收视率依然持续走高。尤其最近“时尚女魔头”冷杉的感情线逐渐明朗，她和韩风的相爱相杀，倒是引发网友新的兴趣。 邬君梅已经不止一次出演过同类角色，不得不说，角色和她本人几乎完美地融在一起了。她将东方女性的细致、精巧和西方式的豪爽融为一体，温婉大气，曾经被《人物》杂志评选为“世界最美丽50人”之一。 此次出演《是！尚先生》，邬君梅所饰演的冷杉，是一位具备时尚潮性又极具魔力的女主编，令人一见倾心的同时又自带气场。早前陈学冬为了“尚铂燃”准备了160多套衣服，而邬君梅同样也为了诠释好“冷杉”这个时尚女魔头，准备了60多套衣服。 高贵不可侵犯，十足女王范儿。包括《杜拉拉追婚记》中“老刁妇”形象的曲络绎。 《我是女王》中笃信真爱又缺乏安全感的Tina女王。 以及《辣妈正传》中盛气凌人的女强人李木子！ 女王大人在时尚圈里愈发风生水起。外表的高贵从来都是需要深厚的内在支撑，对于已经从影30多年的邬君梅来说，更是如此。平常我们一说到国际影星，可能首先想到的就是巩俐、章子怡这些，但其实邬君梅也是当之无愧的国际影星。 20岁的时候，跟妈妈说要去好莱坞做明星，妈妈训她：“你演员都还不是呢，你知道好莱坞在哪里吗？” 上影剧团让我打申请当签约演员。可当时国内的女演员，最好的就是陈冲和刘晓庆。相比看得到头的事情，我更喜欢未知的人生。 她连续参与拍摄了《忍者神龟》、《枕边禁书》、《铁与丝》，尤其《枕边禁书》更成为她表演生涯中的重要突破。她饰演的诺子，小时候每次过生日时，父亲总是会将毛笔蘸红墨水在她脸上书写“清、原、诺、子”四个字。 她便笃信只有写在身体上的书法才是唯一的书法。她的情人也都是书法家。 邬君梅独有的东方气质，在影片中熠熠生辉，她对书法的迷恋，对情人自杀后的震惊，诠释得细腻不乏自然。该影片获得了戛纳电影节“一种瞩目”大奖，而邬君梅也给西方观众留下了深刻印象。 而更多的亚洲观众则是对她多次出演的传奇人物宋美龄情有独钟。导演将剧本给她，以供她在宋家三姐妹中挑选自己衷情的角色。不管是剧本中对于宋美龄细致入微的刻画，还是在见到宋美龄照片的那一刻，她就跟着了魔一般，死死地爱上了这个角色。 在《宋家皇朝》中，杨紫琼饰演的大姐宋霭龄世故稳重，张曼玉饰演的二姐宋庆龄坚韧勇敢，邬君梅饰演的小妹宋美龄心机浮华。尽管张曼玉毫无悬念成为最佳女主角，但很多观众也记住了这个令他们眼前一亮的邬君梅。 多年后，邬君梅在《建国大业》中，再次出演宋美龄，估计连她自己都数不清这中间到底演了多少次宋美龄。岁月的沉淀，使得邬君梅的魅力也越发成熟优雅，这一次出演宋美龄，更是驾轻就熟。尽管这部片中，聚集了中国一多半的当红影星，但邬君梅饰演的宋美龄，每一次出镜都是十分惊艳夺目。 作为蒋介石的外交助手，她到访白宫上楼梯的时候，连两边的卫兵都忍不住偷看她。称赞她“性感火辣”！她优雅的气质，性感的韵味，带活了她演绎的每一个角色。演惯了温婉的女性人物，邬君梅又在《辣妈正传》中摇身一变成时尚御姐！ 她饰演的李木子是职场女强人，行事雷厉风行，霸气不失性感。职员们怕她，连老公也怕她。 不过，她却说孙俪不止一次在片场说她演得不够吓人。 但其实生活中的她，倒是完全另一番模样，不怎么爱修饰，喜欢自然舒服，也很爱耍宝。 因为心态好，所以连岁月也带着她一起变美。娱乐圈中，也许从来不缺乏战胜时间、青春永驻的不老传说，那当然是一种美丽。但也有一种美丽是在岁月中不断沉淀，在不同的年纪，散发着相宜的魅力。 年轻时享受青春洋溢，人到中年修炼成熟优雅，即使老了，也会是最漂亮的高龄美人。版权声明：【本文源自网络，若涉及版权问题，敬请原作者联系我们，立即处理。谢谢原作者的辛勤付出。同时也欢迎大家点赞、留言、分享！】精品公众号，选择关注小腰精日志ID：nnrrxxjjxx▲长按二维码“识别”关注简介:这个世界上最动听的三个字：不是我爱你，而是你瘦了！想瘦就关注@小腰精日志"
"这是一个新闻,新闻的关键词是Rebecca Minkoff 瑞贝卡 明可弗 大号捕捉网耳环 海淘,摘要为RebeccaMinkoff瑞贝卡·明可弗大号捕捉网耳环shopbop原价$168.00，现仅售$84.00，直邮到手参考价约为￥700.8,标题为Rebecca Minkoff 瑞贝卡 明可弗 大号捕捉网耳环 海淘,正文为RebeccaMinkoff瑞贝卡·明可弗大号捕捉网耳环shopbop原价$168.00，现仅售$84.00，直邮到手参考价约为￥700.83。海淘链接这款RebeccaMinkoff瑞贝卡·明可弗大号捕捉网耳环灵感来源于18世纪的印第安传说，耳环整身皆饰有小巧宝石和低调黑色皮革镶边。采用针式封口，别有趣致。传说把捕梦网挂在床头，它一圈一圈的线可以吸住噩梦的精灵，让它们掉进网里，只留下好梦。Rebecca Minkoff 瑞贝卡·明可弗2001年创立与美国，旗下包款早已是街拍常客，登陆各大时尚杂志。我们耳熟能详的好莱坞IT Girl们，从林赛·罗韩(Lindsay Lohan)、杰西卡·辛普森(Jessica Simpson) 到凡妮莎·哈金斯(Vanessa Hudgens)、海顿·潘妮蒂尔(Hayden Panettiere)、阿格妮丝·迪恩(Agyness Deyn) 几乎是人手一只瑞贝卡·明可弗 (Rebecca Minkoff)包包。2005年是瑞贝卡·明可弗 (Rebecca Minkoff) 进入公众视野并迅速蹿红的一年。Jenna Elfman邀请瑞贝卡·明可弗 (Rebecca Minkoff) 为她主演的电影设计一款包包。这只名叫“Morning After Bag”虽然阴错阳差而没有在电影中出现，但却让设计师瑞贝卡·明可弗 (Rebecca Minkoff) 和她的同名品牌声名大噪。"
"这是一个新闻,新闻的关键词是让我们在时间的河流里相遇,摘要为秋日，借助文学的通道，我们在时间的河流中邂逅。在河流上端，是以色列作家阿摩司·奥兹和格非对故土的怀恋。中游是每一个人都在当下摆渡，当下即真实,标题为让我们在时间的河流里相遇,正文为 秋日，借助文学的通道，我们在时间的河流中邂逅。在河流上端，是以色列作家阿摩司·奥兹和格非对故土的怀恋。中游是每一个人都在当下摆渡，当下即真实。我们选择白俄罗斯作家阿列克谢耶维奇和她的“写作导师”沙拉莫夫作为20世纪真实的见证者。继续行舟，等待我们的是一个想象的王国。在时间的河流里，愿我们被赋予文学的魔力，从此不是匆匆的过客。文学类好书评选主持：新京报记者 柏琳评委：陆建德（学者，中国社科院文学研究所所长） 赵松（作家） 张莉（青年文学评论家） 刘佳林（学者、译者）《乡村生活图景》作者：阿摩司·奥兹版本：译林出版社 2016年8月天空明亮，星目低垂，街道笼罩了一层薄雾，苍白路灯照耀着荒凉的公交汽车站，村子里露出依稀灯光，黑暗中偶尔有短暂而沉闷的枪声。有一个男孩，感悟到了生活中无可挽回的断裂，他恐惧自己将与心爱之人变成路人；当阿拉伯男孩吹起口琴，以色列老人说：“优美的旋律，令人心碎。让人想起人与人之间依然有些短暂情感的日子。……也许只有这忧郁的曲调善意提醒我们经历了心灵毁灭。”温柔的犹太人阿摩司·奥兹老了，泅渡过《爱与黑暗的故事》里漫长的家国历史长河，他回到人生的起点处——一个古老的以色列犹太村庄，乌有之乡特拉伊兰。他在这里写下八个短篇故事，继续着忧愁但不绝望的人生故事。日常生活表象下隐藏令人不安的事实，奥兹的笔触宛若一首伤心的口琴之歌，琴声如诉，故事中每个人都在追寻，但始终一无所获。在回望乡愁的外衣下，奥兹继续尝试破解人性中爱与黑暗的谜团。很多作家终其一生，都在一遍遍地写同一本书，在不断地重复自己，但那又如何？奥兹借书里的主人公之口说，“有些主题和母题作家会一遍遍重复，因为它们显然是作家的生命之源。”《望春风》作者：格非版本：译林出版社 2016年8月格非不是奥兹，他并不是要写下一幅中国版的乡村生活图景，他要写的故事是自己亲历的：“和我一起生活过的那些人，有形有貌，多年后他们说的话还能穿透时间，回到我的耳边。他们的过往和今天的状态构成极大的反讽和巨大的变异。”1958年到2007年，五十年的幽微世情和人性。赵村，江南一处桃花源，它在浩劫岁月中维持了完整，却在时代变迁中悄然离析。故乡的死亡并不是突然发生的。故乡每天都在死去。无可挽回的衰落，是一种精神源泉的衰落。神秘主义者格非，从他走上写作之路的那一刻起，就在某种不可知论的桃花源中怅惘低徊，“江南三部曲”之后的格非，再一次写乡村，也可能是最后一次写乡村，他这样写，是因为他要重返时间的河流，将过去和当下乃至未来搭成一条有形的记忆之舟，泛舟在历史长河中的桃花源里，试图定格日常生活的永恒，哪怕这永恒只是瞬间。日来月往，天地曾不能以一瞬。 《二手时间》作者：阿列克谢耶维奇版本：中信出版社 2016年2月冷战结束25年，苏联也解体了。这些年，俄罗斯一边在变化，一边在痛恨自己的变化。共产主义的血脉已经被遗忘，伤感和悲情主义高涨，而今的俄罗斯人唯一确信的认识就是：乌托邦不可能变成现实。西方文明滚滚而来，俄罗斯进入一个思想和生活方式都来自他者的“二手时代”，人人都因自由而陶醉，但其实谁也没有准备好自由。2015年诺奖得主阿列克谢耶维奇，在这本口述史里，惊奇于普通小人物的生活，她乐此不疲地探究无边无际的人性真相，一遍遍追问我们期盼的自由真相。在这个“后帝国时代”的俄罗斯大地上，自由到底是什么？父与子两代人的回答截然不同，父亲说，自由就是去除恐惧，儿子说，自由就是爱。而阿列克谢耶维奇在寻找一种语言，一种试图能够把两代人的思考都纳入的语言。她对我们贡献的珍宝，不仅在于一种“文献文学”的非虚构写法，更在于让人窥见被历史巨轮碾过后仍然存活的小人物的欢笑和眼泪。而这些人，才是我们存活于大地的见证。《科雷马故事》作者：瓦尔拉姆·沙拉莫夫版本：广西师大出版社·上海贝贝特 2016年9月20世纪俄国发生的悲剧，沙拉莫夫都遇见了。他出生于沃洛格达一个神父家庭，曾因“政治问题”三次遭遇逮捕和判刑，在远北地区的苦寒荒僻之地科雷马熬过了15年的劳改生涯。他活下来了，但这并不是什么值得称许之事，以遭遇极权体制下的劳改生涯为发端，沙拉莫夫已经确认了自己余生的使命——见证恐怖。这位被诺奖得主阿列克谢耶维奇称为“写作老师”的俄罗斯三大劳改营作家之一的人，以一种独特的文学形式，将在科雷马劳改营的所见所闻和亲身经历写成了一系列“科雷马故事”，这些故事揭示了极端环境中各种人物的深层表现。不是你死，就是我死。沙拉莫夫的消极彻头彻尾。他强调，过度的苦难，只会瓦解人的自我，使他和别人的关系崩溃，有些东西，人最好永远也不要看见。“我活下来了”，但“我”为了继续活下去，必须凭借回忆和词语的力量，才得以抵消极权主义所组织的遗忘，才能够对过去的事件做出真实而有效的见证。而这见证，终究是为了更好地生活。《想象共和国》作者：阿扎尔·纳菲西版本：三辉图书·中信出版社2016年6月写出《在德黑兰读〈洛丽塔〉》的伊朗女作家阿扎尔·纳菲西，在摆脱了伊朗的极权阴影后，来到美国的自由世界，却发现一个矛盾的窘境：在伊朗的极权社会里，被视为禁忌的文学，人们不惜生命代价也要去阅读；而在美国这个以自由为根基、如今却陷入实用主义、充斥消费主义的世界里，文学却逐渐被边缘化。失落的纳菲西，要为文学正名。早在定居美国之前，她就已经进驻了美国的小说、诗歌、音乐和电影世界里。她执着地敦促我们去小说里发现一个想象共和国，她透过《绿野仙踪》和《哈克贝利·费恩历险记》，透过卡森·麦卡勒斯的《心是孤独的猎手》以及辛克莱·刘易斯的《巴比特》，来窥视美国文学与历史的秘密，交织其中的，是纳菲西和她朋友们的传奇经历。1997年纳菲西离开伊朗移民美国，纳菲西一直记得父亲的教导：只有文学世界才是唯一一个可以放心依靠的世界。是的，失去现实家园是如此轻易，可倘若失去了想象共和国这个永恒的家园，我们将何处所依？《直到世界反映了灵魂最深层的需要》作者：露易丝·格丽克版本：世纪文景·上海人民出版社2016年6月“灵魂应该是可以随时飞起的鸟”，美国桂冠诗人露易丝·格丽克直捣人心。她有一种属于女性的骨子里的极细微的敏感和不可预料的裂变冲动，同时带着女性特有的韧性和倔强，反思生命的悖论和秘密，她的诗歌往往导向人存在的根本问题，爱、死亡、生命、毁灭。你且看她写下的，“我穿过黑暗，好像这是再自然不过的事/好像我已是黑暗的一分子/平静地，安宁地，天就破晓了/赶集日，我带着生菜，去集市。”格丽克曾经在青春期深受厌食症的摧残，曾数度有过接近死亡的幻觉，死亡的阴影投射在她的生命中，她经历了漫长的心理分析治疗，直到把这种自我疗愈转化成了一种洞察力。此后，命运选择让她成为了一个诗人，她开始在诗歌中尝试走入更深层的灵魂对话。由于从小受到英语文学传统和希腊罗马神话的双重影响，格丽克的诗歌在简短易读的形象反面，掩映着一种难以言说的古典美感。"
"这是一个新闻,新闻的关键词是&amp;#34;云在指尖“被封停，定州论坛主编损失十万！,摘要为今年四月份，定州论坛曾发布一篇关于对云在指间扒皮的原创文章《云在指尖：请你找我向你道歉！》（点击链接可打开查看）我们主编大人说当时这篇文章发,标题为&#34;云在指尖“被封停，定州论坛主编损失十万！,正文为今年四月份，定州论坛曾发布一篇关于对云在指间扒皮的原创文章《云在指尖：请你找我向你道歉！》（点击链接可打开查看）我们主编大人说当时这篇文章发出后，引起了全国各地众多的云在指尖人员的攻击和谩骂，主编也没再进行反驳，毕竟夏虫不可与冰语！主编只是在当篇文章的结尾说道“如果非要有云在指尖电子商城的工作人员联系主编删帖道歉，请准备好银子，少了10万免谈……”而现在，我们主编这十万元估计是泡汤了，因为就在近日，“云在指尖”涉嫌传销一案已结案！定性为网络传销，我们主编此身也可分明了！近日咸宁市工商行政管理局发布公告称，“云在指尖”涉嫌传销一案已结案，责令当事人停止违法行为，没收违法所得3950余万元，并处以150万元罚款（见下图）。同时，腾讯公司根据相关法律法规和平台规则，以及工商机关的行政建议要求，对“云在指尖”相关公众帐号也进行了封号处理。 “云在指尖”是广州云在指尖电子商务有限公司通过链接微信公众号“云在指尖”自定义菜单，自行设立开发的电商平台。其假借“消费资本论”、“消费是投资人人是老板”、“全新商业模式”、“分享赚钱”等噱头，吸引了大量人员传播和参与，导致非理性消费、过度营销分享，使微信平台中充斥“云在指尖”传销信息，正常使用微信的人群被恶意推广，破坏了互联网环境、社会经济秩序，是国务院《禁止传销条例》第七条所指的传销行为，也同时违反了《微信公众平台服务协议》、《微信公众平台运营规范》。据了解，“云在指尖”以销售商品形式收取会员“入门费”，要求人员不断发展下线，并从下线缴纳的费用中非法获利，部分人员因发展下线获得返利金额达两百余万。截止案发时，“云在指尖”关注人数达2400万余人，缴费人数达260万余人，涉案金额6.2亿余元。根据以上查明的事实，咸宁市工商行政管理局近日对当事人作出了责令停止违法行为，没收违法所得3950余万元并处150万元罚款的处罚决定（咸宁工商处字〔2016〕37号）。传销侵害用户利益，破坏社会经济秩序，是明令禁止的违法行动，情节严重涉嫌犯罪的，还将被追究刑事责任。微信团队表示，对网络传销、高额返现返利欺诈等违法犯罪行为始终保持“零容忍”，将一如既往地配合国家相关机关，对此类行为予以坚决打击。对于类似传销的多级分销欺诈行为，根据《微信公众平台服务协议》、《微信公众平台运营规范》，一经发现存在此类行为的帐号，微信公众平台将对其进行限制帐号部分功能直至永久封号处理，并有权拒绝再向该运营主体提供服务。同时，微信团队也提醒广大用户面对诱惑要保持清醒，天上不会掉馅饼，切勿相信“多层分佣”、“高额返利”等骗术。用户遭遇此类欺诈行为时，应第一时间进行举报，通过法律途径维护自身权益。来源：微信安全中心"
"这是一个新闻,新闻的关键词是进球，王霜,摘要为在昨天晚上女足对阵冰岛的比赛中，虽然最终中国女足2-2战平对手，但王霜在比赛中打入了一粒精彩的进球。值得一提的是，王霜这粒进球神似2002年,标题为【投票】王霜这个神进球属于什么水平？,正文为在昨天晚上女足对阵冰岛的比赛中，虽然最终中国女足2-2战平对手，但王霜在比赛中打入了一粒精彩的进球。值得一提的是，王霜这粒进球神似2002年齐达内对阵拉科时候的进球，而梅西在对阵萨拉戈萨的时候也打入过类似的精彩进球。这粒进球发生在比赛的第52分钟，王霜接队友后场长传，面对对方的防守轻巧的扣过对手，然后轻松破门，这粒进球和齐达内在2002年对阵拉科时的进球出奇的相似。而梅西也有过这样精彩的进球。那么问题来了，你们感觉王霜这个进球怎么样呢？"
"这是一个新闻,新闻的关键词是中国能建集团（股份）召开集中采购工作会,摘要为10月18日-19日，中国能建集团（股份）公司在江苏镇江召开集中采购工作会，总结三年来工作，交流管理经验，明确下一步目标和措施。中国能建总经,标题为中国能建集团（股份）召开集中采购工作会,正文为10月18日-19日，中国能建集团（股份）公司在江苏镇江召开集中采购工作会，总结三年来工作，交流管理经验，明确下一步目标和措施。中国能建总经理、党委副书记丁焰章出席会议并讲话，中国能建党委常委、副总经理周厚贵作工作报告并对下一步的工作提出要求。丁焰章在讲话中指出，推进集中采购工作是国务院国资委促进中央企业提质增效的重要举措，是公司挖掘降本潜力、促进提质增效的内在要求。当前，是公司集中采购工作的攻坚阶段，也是实现采购管理集中向采购行为集中的关键时期。大家要深刻领会公司推进集中采购工作的意图和决心，统一思想，提高认识，深入推进集中采购工作。丁焰章强调，深入推进集中采购，必须立足现状，既要总结三年来取得的成绩，坚定信心，又要客观分析存在的问题，找准差距，保持清醒头脑，脚踏实地推进集中采购工作。对于集中采购工作存在的不足和差距，要引起高度重视，迅速采取措施，予以解决。丁焰章要求，为达到国务院国资委制定的2017年底采购管理提升“达标”目标，要分解任务，变革管理体制机制，重构管理流程，坚定不移打好采购管理提质增效攻坚战。一是各单位领导要重视集中采购工作，做好本单位集中采购的顶层设计，狠抓体制机制建设。二是要统筹规划，加快启动公司总部的集中采购工作，要充分做好前期准备工作，尽快制订发布公司集中采购目录清单，积极试点，探索总结经验，积极发挥电商公司平台作用，确保取得实效。三是要大力推动公司所属二级法人单位本部集中采购，要不折不扣地按公司部署稳步推进。四是要大力开展对标活动，促进集中采购工作整体提升， 促进采购管理定向提升。五是要强化监督，促进采购管理健康、阳光发展，筑牢采购风险防控链条，对企业、对个人形成有效保护。六是要严格考核评价，完善考核指标体系，明确考核重点，建立逐级考核制度，考核结果要与绩效、任用挂钩。周厚贵在工作报告中全面总结了当前公司集中采购工作的基本情况，回顾了近三年来开展的主要工作，分析了存在的主要问题，明确了工作目标，并对下一步的工作提出了要求。会上，公司生产管理部通报了采购管理工作督导检查情况，对于发现的问题要求各单位进行自查整改。葛洲坝三峡建工等5家单位作了交流发言。电商公司作了专题发言。会议聘请了外部专家作了采购管理专题讲座。与会人员就如何推进集中采购工作、促进公司提质增效等议题进行了讨论。会议还表彰了在集中采购工作中作出突出贡献的12家先进单位和80个先进个人。本次会议是开展集中采购工作以来第一次召开现场大会。中国能建副总师，总部有关部门负责人，所属单位相关领导和部门负责人参加了会议。添加《热力发电》微信公众号：relifadian1972 或扫码，第一时间了解行业资讯、电厂动态、审批项目。《热力发电》杂志社、王浩 15910509792 免责声明 此信息系转载《热力发电》杂志社合作媒体或互联网其它网站，《热力发电》杂志社登载此文出于传递更多信息、交流之目的，并不意味着赞同其观点或证实其描述。文章内容仅供参考。如有更多事宜请联系：1742990335@qq.com。"
"这是一个新闻,新闻的关键词是中国拳赛预告（2016.10.20）,摘要为【十八年铸造辉煌，品质始终如一！】争做百年基业，振兴民族精神！98年中国第一家引进泰拳专家传授泰拳，训练如同泰国，设施服务更优。是世界泰拳联,标题为中国拳赛预告（2016.10.20）,正文为【十八年铸造辉煌，品质始终如一！】争做百年基业，振兴民族精神！ 98年中国第一家引进泰拳专家传授泰拳，训练如同泰国，设施服务更优。是世界泰拳联盟中国武管中心造星基地，同广州电视台全力打造世界K-O泰拳王俱乐部中国K-O拳赛的泰拳黄埔军校。 中国拳赛预告“拳星时代”第六站 比赛时间：2016年10月21日比赛地点：永顺县芙蓉镇赛事特点：“拳星时代”芙蓉镇站高手云集，群星璀璨，新科“拳星时代”65公斤级世界冠军“泰国最硬男人”星当、“拳星时代”80公斤级世界冠军王鹤松将领衔各路强豪出战擂台，为观众奉上一台丰盛的搏击饕餮盛宴。昆仑决笼斗之夜6 比赛时间：2016年10月21日比赛地点：义务梅湖体育馆赛事特点：此次笼斗之夜是昆仑决继南京、哈萨克斯坦阿拉木图、重庆、哈萨克斯坦阿斯塔纳以及韩国首尔之后，第六场MMA综合格斗盛宴。届时，中国名将“火麒麟”王赛将带领中国MMA新生代拳手庞文龙、包音那、张名扬、陈睿、解智斌迎接来自俄罗斯“散打沙皇”穆斯里穆、OFS综合格斗冠军加力、M-1和ONE冠军赛双料冠军安尔瓦、俄罗斯桑博冠军瑞滋万等一众世界拳坛著名选手的挑战。2016WKPL世界拳王争霸赛将比赛时间：2016年10月21日比赛地点：襄阳诸葛亮体育馆赛事特点：出自武林风超级舞台的国内知名自由搏击选手：“死神——方便”、“百姓英雄——王洪祥”等嘉宾将来到活动现场，满足襄阳广大拳迷的心愿。明星阵容，巅峰对决，精彩节目不容错过！统一润滑油WBA中国职业拳击冠军联赛 比赛时间：2016年10月21日—2016年10月22日比赛地点：西夏盛典剧场赛事特点：这次的西夏站，将分两天在10月21日和22日举行，比赛共13场。刘刚麾下曾经拿到过WBC下属ABCO洲际头衔的杨兴新和韦宪钱将会分别出战，争夺10回合的WBA中国机构金腰带。这又是一次高配的比赛，也是显示WBA中国机构基础实力的战斗。武林笼中对9 比赛时间：2016年10月28日—2016年11月1日比赛地点：河南电视台八号演播厅中国拳王争霸赛 比赛时间：2016年10月21日—2016年10月22日比赛地点：中山市体育馆赛事特点：本届赛事由参加了里约奥运的8位中国拳手(49、52、56、60、64、69、75、91公斤级)与相应级别的2016年全国拳击锦标赛冠军拳手进行对抗，另外两个级别(81、+91公斤级)的争霸在2016年全国拳击锦标赛冠、亚军之间展开，获胜一方将获得各自所在级别的“中国拳王”称号以及象征荣耀的金腰带。 英雄榜19 比赛时间：2016年10月29日比赛地点：北京赛事特点：英雄榜66KG级排行榜第一名、来自北京拳天下搏击俱乐部的 “小蜜蜂”阿木日吉日嘎拉将与昔日同门，位列英雄榜66KG级排行榜第二名的“功夫小光头”刘连杰在10月29日“英雄榜19”的主赛擂台上狭路相逢，向所有粉丝们献上一场前所未有的“同门德比”！ 中国顶级豪门战队CTT昔日队友针锋相对，这场“同门德比”又将会为中国综合格斗领域的格局掀起怎样的波澜？勇士的崛起昌吉站 比赛时间：2016年10月29日—2016年10月30日比赛地点：昌吉体育馆赛事特点：昌吉站的比赛上，将有“小虎”铁英华、“KO女王”龚艳丽、郭喜闯、“坦克”邱建良、“炸药”杨茁、魏锐、刘响明和“黑龙”阿迪萨亚出战。CKF搏击王终极格斗争霸赛（太和站） 比赛时间：2016年10月29日比赛地点：太和县体育馆赛事特点：此次太和站的比赛中，来自全国的多名优秀搏击选手将参赛，有“草原苍狼”之称的巴特尔，也将领衔CKF战队出战。昆仑决54 武汉站 比赛时间：2016年10月30日比赛地点：武汉光谷国际网球中心赛事特点：目前泰国拳王苏波邦与江佟猜已经晋级2016年诸神之战四强，这一次是昆仑决诸神之战最后两个四强名额激烈争夺战。中国名将吴雪松、“胡子杀手”戴维特·奇利亚、苏里南名将塞德里克·曼霍夫以及来自荷兰的摩洛哥裔穆罕默德·迈兹沃瑞都将参入激烈厮杀。中国名将吴雪松自从KO泰范·欧斯坎以及战胜塞尔吉尼奥·坎特斯之后，在liverkick九月份轻量级世界排名第六，刷新中国选手最高排名，而他这次的对手塞德里克·曼霍夫。宝华国际英雄魂上海站 比赛时间：2016年10月30日比赛地点：上海国际体操中心赛事特点：本次“英雄魂”为成功迈出国际化第一步而邀请了更多的国内外顶尖选手参战，“中国站立格斗第一人”徐琰、蒙古族散打名将包舍日古冷、曾KO泰国皇家拳师蓝桑坤的许振光、击败克劳斯创造历史的顾辉、中国大级别希望之星陈亚伟、曾与播求热血激战的刘海南、“英雄魂”超新星钟威鹏七位中国顶尖选手将组成全明星战队，迎战由多届世界泰拳冠军尼基塔、GLADIATOR 武士道中量级王者刚王、白俄罗斯K-1冠军丹尼斯、爱尔兰K-1冠军卡斯特罗、泰国One Right拳场冠军莽星领衔的国际顶尖联队。对拳手来说这是一场胜负难料的对决，但对“英雄魂”来说这却是一次向世界展示自己的绝佳机会。第八届“世界杯”武术散打比赛 比赛时间：2016年11月4日—2016年11月6日比赛地点：西安城市运动公园赛事特点：将有来自27个国家和地区的队伍参赛，比赛共设男子11个级别和女子7个级别，各级别由来自前一年度散打世锦赛各级别世界前4名选手参加。在去年第十三届武术世锦赛上，30多个国家参赛代表队竞争异常激烈，本届世界杯比赛的精彩程度也更加值得期待。中央电视台体育频道以及多家网络媒体、直播媒体平台将对赛事进行转播。一龙VS播求二番战 比赛时间：2016年11月5日比赛地点：南京五台山体育馆赛事特点：2015年6月6日一龙 与播求世纪之战一番战后，一龙先后击败美国拳王劳尔·罗德里格斯，夺得WCK世界金腰带，武林风史上第二个世界功夫王者伊萨，以及K-1 MAX世界冠军恩里克·科尔等，而泰拳王子播求刚刚击败法国高手迪伦，他们当前的状态皆可谓神勇。那么，一龙与播求世纪之战二番战，谁将举起庆祝胜利的拳头？11月5日，就在六朝古都南京五台山体育馆，河南卫视 武林风将为拳迷奉献中国搏击界最高规格的搏击盛宴。决战银城2016中国湖南挑战者国际拳王争霸赛 比赛时间：2016年11月5日比赛地点：中国湖南益阳奥林匹克公园室内场馆赛事特点：赛事对阵：第1场：中国小将吴敌VS中国小将吴炳伸第2场：中国“飞天少侠”鲁项伟VS泰国“飞腿王”阿San第3场：中国“草原苍狼”巴特尔VS俄罗斯“鞭腿王”克赛第4场：中国“草原黑狼”包舍日古冷VS泰国“铁膝王”阿祖第5场：中国“中原膝王”杨明VS俄罗斯托卡列夫马克西姆第6场：中国“森林野狼”乐鹏辉VS俄罗斯“欧洲军刀”丹尼斯第7场：中国“苍山腿王”韦高杰VS日本“东瀛斗士”阿部克己第8场：中国“威风少侠”郭立政VS俄罗斯“雄狮”尤里第9场：中国“森林旋风”周涛VS肯尼亚“铁腿豹”卡尔文?米卢卡第10场：中国女将张洁VS白俄罗斯女将阿莲丝路英雄崔洪万vs周志鹏 比赛时间：2016年11月5日—2016年11月6日比赛地点：怀化市体育中心赛事特点：世纪大战、巅峰对决、谁主沉浮，11月5-6日，将在怀化市体育中心为你揭晓！臻功夫世界拳王争霸赛 比赛时间：2016年11月12日比赛地点：中国横店明清宫苑风景区内赛事特点：十场大战给拳迷带来前所未有的综合搏击盛宴，满足广大搏击迷、格斗迷的观众需求。《武侠雄风》WXF中外拳王争霸赛 比赛时间：2016年11月18日比赛地点：金山市滨海景区轮滑馆赛事特点：金山史上首届《武侠雄风》中外拳王争霸赛，将在2016年11月18日于金山市滨海景区轮滑馆举行，中国《武侠雄风》搏击战队，将以强大阵容迎战将来自泰国、美国、巴西、俄罗斯及乌兹别克斯坦等拳坛金腰带高手，激战在即！2016年——南昌站TOPKING世界顶级泰拳巡回赛 比赛时间：2016年11月27日比赛地点：南昌国际体育中心赛事特点：世界顶级的拳手对决、史无前列的开放规则、中泰两国主流媒体的综合播出推广，本次赛事必将成为中国搏击史上的里程碑。如有未及时收录的，请提出；如有相关错误，请指正！联系邮箱：860054244@qq.com（扫一扫“拳赛之都”获取更多拳赛资讯）（扫一扫获取更多泰拳绝技系列介绍）"
"这是一个新闻,新闻的关键词是王宝强，王宝强习武，王宝强离婚，王宝强妻子，王宝强马蓉,摘要为从制作人到歌手，李荣浩用了八年的默默耕耘终于实现了这样的角色转变，虽然如今已是当红歌手，但是他还是一如既往地在音乐创作上奋斗不止哦！近日，李,标题为一身好功夫！王宝强少林习武旧照曝光,正文为从制作人到歌手，李荣浩用了八年的默默耕耘终于实现了这样的角色转变，虽然如今已是当红歌手，但是他还是一如既往地在音乐创作上奋斗不止哦！近日，李荣浩现身上海，出席某时装品牌主办的音乐活动。一身休闲装亮相的李荣浩也是演唱了多首经典歌曲，魅力的嗓音配上动感的旋律，几度让全场尖叫声不断呢！"
"这是一个新闻,新闻的关键词是国际认证行为分析师(BCBA)陈志良老师【大连讲座】,摘要为应用行为分析三部曲-2-自己的孩子自己教-从评估、目标设定到教学讲师简介讲师陈志良集三种专业于一身，于2000、2011及2015年分别取得,标题为国际认证行为分析师(BCBA)陈志良老师【大连讲座】,正文为应用行为分析三部曲-2-自己的孩子自己教-从评估、目标设定到教学讲师简介讲师陈志良集三种专业于一身，于2000、2011及2015年分别取得台湾职能治疗师(OT)、国际认证应用行为分析师(BCBA)及台湾语言治疗师(ST)之专业证照，擅长以跨专业的角度来分析与解决自闭症谱系孩子所出现的问题与困难，目前的主要工作为居家介入、家长训练、教师培训以及推广应用行为分析，期待能提供最新的信息及有效的方法，来帮助家长、老师与孩子一同成长。 现职 台湾晨光职能治疗所所长 国际应用行为分析协会台湾分会理事 国际认证行为分析师/副行为分析师实习督导 学历 美国内华达大学雷诺分校行为分析硕士 台湾台北市立大学特殊教育系语言治疗硕士 台湾成功大学职能治疗学系学士 经历 美国展望教育中心-台北中心主任 台湾加州应用行为分析教育中心教学组长 台北市自闭症疗育发展中心行为教师 台湾台北教育大学游戏团体教师 台湾基隆医院儿童职能治疗组长 专业证照 国际认证应用行为分析师 (Board Certified Behavior Analyst) 证号#1-11-8646 台湾职能治疗师(Occupational Therapist) 证号 #000933 台湾语言治疗师(Speech Therapist) 证号 #001060 讲座内容 本讲座为应用行为分析三部曲的第二部。本次讲座将教会家长如何对自己的孩子进行评估，并依据评估结果制订适合孩子的三个月短期目标，最后依循短期目标来设计与实施相关教学活动，让孩子能够稳定且持续的进步与成长。 由于评估工具的限制，本讲座较适合(但不限于)孩子在2-6岁年龄层的家长参加1第一天上午9:00-12:00-评估孩子的能力-1介绍应用行为分析中常使用的评估工具，包括: 一日流程检核、语言行为里程碑评估(VB-MAPP)以及早期介入丹佛模式课程检核表，教导家长如何快速且准确地找到孩子的现有能力。2第一天下午1:30-4:30-评估孩子的能力-2利用实例的分享，来说明评估的进行方式。3第二天上午9:00-12:00-设定孩子的短期目标依据孩子的评估结果，教导家长如何设定合理的、具体的、可达成的以及务实的短期目标。4第二天下午1:30-4:30-依据目标来设计并实施教学依据所设定的短期目标，来设计相关的教学活动，利用这些教学活动与特定的教学技巧，来达成目标，并辅以相关纪录来确认目标的执行情况作为教学的反馈。讲座地点：大连市沙河口区春光街1号讲座时间：11月12-13日咨询电话：0411-39863868、15566665356主办单位：大连人幼人幼国际有限公司1、讲座收费：600元/人（已含讲座资料费用）；2、五人以上团体报名可享受八折优惠，但需同时交费，480元/人；3、若夫妻同时参加者可享受八折优惠，480元/人；4、大连人幼学员家长可享受八折优惠，480元/人；5、讲座费用交纳后，因个人原因未到场将不予退费，可自行转让；6、以上折扣不能同时享受；报名链接 https://jinshuju.net/f/RG5SBB"
