content
"这是一个新闻,新闻的关键词是两男子跨省发布广告专骗驾考人员终被抓,摘要为“科目一至科目四全部包过”，这样的小广告常出现在驾校考场旁边的厕所、广场等地。日前，唐河警方抓获两名男子，他们利用驾考人员想要快速拿到驾证的,标题为两男子跨省发布广告专骗驾考人员终被抓,正文为“科目一至科目四全部包过”，这样的小广告常出现在驾校考场旁边的厕所、广场等地。日前，唐河警方抓获两名男子，他们利用驾考人员想要快速拿到驾证的心理，诈骗全国50余人近20万元。今年7月，在唐河县南阳宛东考场准备参加科目一考试的小涂，看到厕所墙上“科目一至科目四全部包过”的广告，对考试没有绝对把握的她就拨通了广告上的电话。对方称是考场“内部人士”，只需小涂的姓名和身份证号，便确保小涂顺利过关。小涂给对方汇去800元。这次考试，小涂顺利通过。科目二考试前，小涂再次联系“内部人士”，对方称科目二比较严，需要3000元，双方最后以1200元成交，但小涂这次考试没有通过。对方告诉小涂“给钱太少，领导不愿意”。于是，补考前，小涂又给对方汇去1800元，但考试依然没过。“内部人士”告诉小涂要好好练车，等领导把关不严时就让其通过。感觉不妙的小涂想让对方退款，却再也联系不上对方了。唐河警方接到报警后，刑警大队反诈骗中队民警通过对涉案银行卡的交易明细和资金流动进行分析发现，有河北、安徽、山西、陕西等地的款项汇入，但取款地均在许昌、周口一带。民警赶往许昌、周口等地调查取证，最终锁定犯罪嫌疑人韩某。办案民警发现，韩某于今年3月因涉嫌利用“驾考包过”进行诈骗被判处缓刑，近期和同乡刘某来往过密。通过进一步侦查，警方发现刘某即为取款人。9月10日，警方在许昌将韩某和刘某抓获。经讯问，韩某和刘某利用驾考人员想要快速拿到驾证的心理，声称自己是考场“内部人士”多次进行诈骗。韩某通过网络将广告发布到河北、安徽、山西、陕西等地，还通过当地专业刷墙体广告的人在考场周围大肆刷广告。经查，韩某和刘某共诈骗全国各地50余人，涉案金额近20万元。目前，韩某和刘某已经被唐河县人民检察院批准逮捕，案件正在进一步侦办中。(王朝荣 左文峰 徐柯)"
"这是一个新闻,新闻的关键词是安倍，支持率,摘要为资料图：日本首相安倍晋三中新网5月26日电据全日本新闻网(ANN)26日报道，该电视台进行的一项舆论调查显示，安倍内阁的支持率比上个月下降约,标题为日媒：安倍内阁支持率下跌12% 创最低纪录(图),正文为 资料图：日本首相安倍晋三 资料图：日本首相安倍晋三中新网5月26日电 据全日本新闻网(ANN)26日报道，该电视台进行的一项舆论调查显示，安倍内阁的支持率比上个月下降约12%，跌至45.7%。刷新安倍自2012年就任以来最低纪录。5月24日至25日，ANN进行的一项舆论调查。结果显示安倍内阁的支持率比上个月的调查下降12.3%，为45.7%。这一数值刷新了安倍2012年上台执政以来，2013年的最低值46.4%的纪录。此外，就安倍政权正在推进变更宪法解释以允许行使集体自卫权，仅34%受调查者表示支持，44%表示反对。另外，就自民党坚持变更宪法解释一事，47%调查对象称，公明党应脱离联合执政，加入在野党与自民党对决。"
"这是一个新闻,新闻的关键词是【提醒邦】又要供暖啦！关于暖气费的那些事儿，最全总结在这里！,摘要为一年一度的供暖期又临近了，供暖再次成为市民们关注的热点话题。小编从市建委供热办获悉，为加强城市供热管理，维护供、用热双方合法权益，根据《辽宁,标题为【提醒邦】又要供暖啦！关于暖气费的那些事儿，最全总结在这里！,正文为 一年一度的供暖期又临近了，供暖再次成为市民们关注的热点话题。小编从市建委供热办获悉，为加强城市供热管理，维护供、用热双方合法权益，根据《辽宁省城市供热条例》和《大连市供热用热条例》的相关规定，市建委结合本市的实际情况，制定了《大连市采暖用户暂停和恢复用热管理办法》。办理需携带身份证、房屋产权证 《大连市采暖用户暂停和恢复用热管理办法》（以下简称《办法》）适用于本市行政区域内的供热单位及用户。《办法》要求，未分户的房屋暂停用热，用户需携带身份证、房屋产权证明，于9月30日前到所在供热单位办理停供手续，签订暂停供（用）热协议。已分户的房屋暂停用热，用户需携带身份证、房屋产权证明，于10月25日前到所在供热单位办理停供手续，签订暂停供（用）热协议。 多知道点儿暂停供（用）热协议的有效期至用户恢复正常用热终止。用户申请暂停用热应当满一个供热用热期。未分户的房屋恢复用热，用户需携带暂停供（用）热协议于当年9月25日前到所在供热单位办理恢复用热手续。已分户的房屋恢复用热，用户应当在当年10月25日前办理恢复用热手续。而新建房屋供热工程质量保修期为两个供热用热期，在供热工程保修期内不得办理暂停用热。另外，《办法》进一步明确了暂停用热的相关衍生问题的责任归属。暂停用热的房屋，用户应采取有效的保暖措施，因停供造成室内设施（比如自来水管、暖气片等）冻损的，由用户负责。供热单位应对用户的进户供、回水管采取隔离措施，因操作失误继续供热或系统水进入室内采暖设施造成用户损失扩大的，由供热单位负责综合：半岛晨报、网络"
"这是一个新闻,新闻的关键词是三大数据即将来临，晚间天然气原油EIA如何操作,摘要为今日晚间将有三大数据，20.30美国至10月8日当周初请失业金人数，22.30美国至10月7日当周EIA天然气库存，23.00美国至10月7,标题为三大数据即将来临，晚间天然气原油EIA如何操作,正文为今日晚间将有三大数据，20.30美国至10月8日当周初请失业金人数，22.30美国至10月7日当周EIA天然气库存，23.00美国至10月7日当周EIA原油库存；近期的行情大家有目共睹，双EIA来临行情可想而知，有心想要在这金九银十收个来个完美的收益的，咨询钱伟哲本人，你有需要我都在！四大利空令油价承压——利空一、虽然美联储9月会议纪要显示内部分歧加大，但数据显示，美国联邦基金利率期货走势暗示，交易商预计美联储在11月政策会议上升息的机率为约11%，12月会议上升息机率为约66%。利空二、OPEC月报显示，9月OPEC原油产量上升22万桶/日至3339万桶/日，8月修正为3317.4万桶。预计2016年非OPEC原油供应量下降68万桶/日，但2017年将上升24万桶/日。预计2017年全球原油供应过剩将从76万桶增至为80万桶/日。利空三、OPEC在伊斯坦布尔会谈后，并无任何实质性的政策出台。虽巴尔金都表示，尚未决定是OPEC和非OPEC国家同时减产，还是OPEC国家先减产。且OPEC产油国和非产油国纷纷表示会议结果积极，但都是口头上的讲话。利空四、API数据显示，截至10月7日当周，美国原油库存增加268.9万桶，至4.709亿桶，分析师预估为增加28.6万桶。库欣原油库存减少135.2万桶。 个人观点——冻产协议提振效果消散，而原油价格面临四大利空，油价上行缺乏支撑，下行或成必然，钱伟哲建议投资者以做空为主。原油市场解析——周一上涨来得风驰电掣，周二高位震荡修正，然后昨天出现深度下跌，这个行情得好好梳理，周一当晚大涨接近前高，其实突破也就一线之差，可惜就是这一线悄然遇阻，其实突破了就能看清楚是不是真的上涨，没突破阻力情况就没有那么明确，然后要通过周二的震荡，来确定周三行情深跌有难度，不过浪型上可以看出一点点端倪，从42.7开始，到上周50.7缺少一个头部结构，这周一重新上涨再到昨天下跌，似乎这个最后的顶部出来了，现在日线压制，并且小时线从51.5开始回落有一点趋势调整的味道，那么今天操作上顺着昨天调整去看空，阻力利用昨晚下跌后二次反弹高点50.3-4区域空。所以钱伟哲建议美原油今日可以等回踩50.5空，止损放到50.85，下方目标关注49.7和49美元就行了。天然气市场解析——天然气这两天的走势与原油趋势雷同，冲高受压回落趋势，也属于盘整。今晚EIA数据公布必定会有大爆发，从日线图看，天然气连收2阴，经过前段时间的6连阳之后，天然气空头力量开始发威，周二至周三，天然气最大跌幅近200点，今日早盘再次小幅低开，亚盘初市迎来小幅回落，空头已开始跌破5日均线的支撑；从4小时图看，均线系统死叉运行，经过连续两日的大跌，天然气整体走势一改往日多头之势，呈现倒V型反转，空头力量较为强势。今日做单思路经过连续两日的大跌，明显的空头信号已经显现，加之天然气的单边性较强，我们做单也应讲究顺势而为，所以钱伟哲建议应以反弹高位做空为主，同时也要注意多头的反扑。今天天然气操作，重点关注5970昨日的高点。下方看5810这是关键支撑位置。 EIA对原油有什么影响——任何的东西，任何的事，只要存在就必然有它存在的道理，同样的EIA公布数据，也必然是有他的意义的。一般来说原油走势与美元指数走势相反，与贵金属走势相同，特殊的现货市场有重大消息刺激时，原油走势才会与贵金属背离。与前值相比当原油库存增加，表明市场上原油供应量过盛，导致油价下跌，美元上涨，黄金白银下跌。天然气受什么影响——1.天然气受到天气因素的影响，天气一直是影响天然气价格的重要因素。2.原油钻井数，这是因为天然气也可以在原油提取过程中生产。（这里需注意，原油钻井数会同时影响原油和天然气产量，会对二者价格产生影响，但并不代表原油价格会影响天然气价格，很多投资者咨询过钱伟哲这个问题，在此特此指出）3.天然气库存，这个想必大家都知道，库存一直是影响价格的重要因素。4、季节的变动：热燃油每年从10月到隔年4月间有走高趋势。每年美国冬季时东部气温的高低，对天然气价格影响很大。5、美元的走势强弱：基本美元上涨，绝大多数大宗商品都是要下跌的，天然气也不例外。没有百分百的准确，只有稳定的盈利；没有尔虞我诈，只有一颗真诚的心。因为我们专业，所以我们领先；你有抛弃我的权利，我有让你后悔的实力团队；合作只是起点，服务没有终点！只有在操作的过程中做好顺势，带好止盈止损做波段大的操作，稳健的来，将投资的风险减小，才是做投资必须要把握的习惯。有这些习惯的人投资路上注定不会举步维艰，想要跟他们一样，学学这些人怎么做的，你就知道你怎么做才会在投资路上不会那么举步维艰。我是钱伟哲老师，一个有责任感的老师，希望把多年的投资理念带给你。文/钱伟哲威信qwz2498"
"这是一个新闻,新闻的关键词是世界角力已经进入国民素质比拼期,摘要为近日，宁波游客在日本酒店“顺走”马桶盖事件依旧热度不减，成为茶余饭后的年度最热烈话题。事情发生的时段刚刚和纪念红军长征胜利80周年重合，适逢,标题为世界角力已经进入国民素质比拼期,正文为近日，宁波游客在日本酒店“顺走”马桶盖事件依旧热度不减，成为茶余饭后的年度最热烈话题。事情发生的时段刚刚和纪念红军长征胜利80周年重合，适逢八集专题片《永远在路上》播出，也是党的十八届六中全会召开之际。一面是个别国人被利己思潮裹挟，致使整体国民素质在外遭遇质疑、垢病，一面是党的十八大以来，以习近平同志为总书记的党中央殚精竭虑，着眼于新的形势任务，作出“打铁还需自身硬”的庄严承诺，以“治国必先治党，治党务必从严”的政治自觉坚定不移推进全面从严治党。正是这样的鲜明对照，让我们无比清晰地意识到，世界角力已经进入国民素质比拼期，“国家兴亡，匹夫有责”的时代正式开启。这个时代里，党员干部无疑应当是素质提升的领跑者。当前，各种力量密集进军亚洲，亚洲世界中心的地位基本确立。在世界媒体的政治峰线上，围绕亚洲，习近平、奥巴马、普京、安倍无疑是媒体最耀眼的政治巨星。对比几大政要的为政方略，在当前的国际竞争关系下，他们的实力暂时无分伯仲，而且在国际舞台上继续掰着手腕。此时，一个微小的改变足可以打破整个世界的平衡，因此，我们有理由认为，世界角力顺次进入了国民素质力量比拼期。百余年前，中国在甲午战争时错过了确立亚洲霸主地位的最佳时期。当时的中日国力相当，如今，中国经济总量排行世界第二、出口量超过美国，这样的经济格局还原了百年前的亚洲政经格局，国家之间的角力不可避免，已经到了白热化的状态。随着中国的崛起，亚洲之间的角力主要体现在中日之间的竞争。如果说国家之间比拼实力就像领袖带领的集体马拉松长跑，当前已经处在撞线期，国家政要的步频一致，速度相当，那么民众的素质就是此次竞赛成败的关键。强国的梦想中国已经做了百年，翻开疮痍满目的历史，中国也需要一次确立民族自豪感的大事件。我们不想做睡狮也很多年。因此，知难而上，担纲匹夫之责是每个有爱国情怀的中国应该做，也必须做的事情。值得一提的是，当前，国人在应对国家与个体关系时还缺乏充分理性的表达。比如，随便翻阅近期醒目位置新闻，《经济参考报》消息称，公立医院医赖现象愈演愈烈，精神病医院成重灾区；新华社19日公开发文很批宝强借家丑炒作新片，令人不齿。此文更是引发国民态度的大PK；农村危旧房改造过程中，农民宁可欠债也要盖大房子……甚至再加上我们记忆犹新的国民情绪激化时砸车、烧店等诸多行为都可见一斑。纵观非理性事件，共同点是国民的认知缺乏更多的同构特性。据此而言，国民素质提升是关键。当前，作为领跑者的党员干部们，更需要把视线看得更远一点，把思考触及得更深一点，把国家利益看得更重一点，把个人梦想的实现看得更神圣一点，既要近纳远学，又不能让自己的思想成为别人的跑马场。要形成并敢于修正自己的人生观、世界观和价值观，强化在自身利益上的勤奋认知，强化对热点焦点事件的辨识能力和理性应对。党中央做好顶层设计，党员干部和群众一起实施全域素质提升，在这个全民同信仰的背景下，我们收获的才是伟大的民族复兴。具体到每个国人来说，我们首先要管好家事。当然，这并非易事，特别是国门口总有三二只“乌鸦”叫唤，唱衰声不断的当下。这更要求资讯具备清晰的辨识度，国人具备准确的辨识力。特别是年轻人要少一些“羡慕嫉妒恨”，趁年轻好好奋斗拼搏。既要少弹“出身论”、“长相论”的老调，又要拒绝躺在父辈的功劳簿上睡大觉。要趁毕业季勇敢面对“就业难”、“高房价”、“裸婚”等现实难题，通过奋斗，把命运牢牢掌握在自己手里，将个人价值主动与社会价值联系起来，共同实现民族的伟大复兴，如其不然，每个个体将被历史贴上“不合格”的标签。我们不妨做个假设，如果因为国民素质的缘故，我们失却了当前难得的复兴机会，那么，可以设想，当我们成为历史的时候，我们这一代极有可能被冠以“垮在世界门槛上的一代”或者“碎梦者”这样的可怕头衔。打好这场硬仗，以党员干部为首的全体国民，必须同心同德，带头冲在锋线上，以实际行动去呼应伟大的中国梦想。（张家贵）"
"这是一个新闻,新闻的关键词是冰雪奇缘电影中文版免费安娜做意大利面.艾莎的甜蜜婚房,摘要为冰雪奇缘电影中文版免费安娜做意大利面.艾莎的甜蜜婚房,标题为冰雪奇缘电影中文版免费安娜做意大利面.艾莎的甜蜜婚房,正文为冰雪奇缘电影中文版免费安娜做意大利面.艾莎的甜蜜婚房"
"这是一个新闻,新闻的关键词是惊天大丑闻！刚刚，宇宙第一行陨落了！,摘要为请大家同时关注我的另外两个订阅号：“财经内参精读”（ID：ncjs111）、政商透视（ID：zstszsts）。这2个号会轮换着写，如果想不,标题为惊天大丑闻！刚刚，宇宙第一行陨落了！,正文为请大家同时关注我的另外两个订阅号：“财经内参精读”（ID：ncjs111）、政商透视（ID：zstszsts）。这2个号会轮换着写，如果想不错过内参君写的每一篇文章，请这2个号同时关注。谢谢大家！一摘掉顶戴花翎，收回黄袍马褂！扫地出门！富国银行的尘埃虽未落定，但算是告一段落！说起来，这件事儿也算是当今银行界的一个惊天大丑闻了。10月12日，富国银行宣布，因为账户造假案，现年63岁的富国银行董事长兼首席执行官John Stumpf退休，此人事变动立即生效。银行还表示，Stumpf将不会获得离职补偿金，并将没收此前给予他的4100万美元股票奖励。 谈起富国银行，很多人可能丈二和尚摸不到头脑：这是啥子银行，起了这么一个高大上的名字？其实，这家银行，在业内是相当相当牛逼的！它是一家百年老店了，创立于1852年，是曾经的全球市值最高的银行。而且，它还是一家提供全能服务的银行，业务范围无所不包，包括啥社区银行、投资和保险、公司贷款、个人贷款、房地产贷款等等。如果这个还不能让你有深刻印象，那就再告诉一个信息吧：富国银行是股神巴菲特的重仓股。巴菲特与富国银行的关系，就如同美国著名诗人惠特曼的名句：“诗与诗人孰能分矣”。巴菲特多次放言：如果我所有的钱只能买一只股票，那就买富国银行，我非常喜欢这些股票。 然而，就是这么一个巴菲特的心头肉、宇宙第一行，现在也遭遇大麻烦了——富国银行的一些雇员在未经客户允许的情况下，私自开设了200多万个借记卡和信用卡账户，甚至将部分客户资金转移到这些未经授权的新账户，造成客户原有账户因资金不足或透支而被迫缴纳更多费用。丑闻出来以后，富国银行已经开除了5300名涉嫌开设虚假账户的员工，被罚款1.85亿美元。 罚款是小事，品牌声誉受损失大事。富国银行不仅股价累跌约9%，市值被摩根大通超越，失去了宇宙第一大行的宝座，而且面临源源不断的来自前员工、客户和股东的诉讼。似乎一夜之间，曾经的宇宙第一行，摇摇欲坠！二不仅是富国银行，现在，全球很多大银行都在危机之中苦苦挣扎。最典型的，当属德意志银行。这也是一家极牛掰的银行百年老店，然而，现在已经遭遇了数以亿万计的亏损，深陷困境。今年以来，德意志银行更是重病缠身，股价跌掉了40%，净利润一季度同比锐减逾了60%，二季度同比暴跌了98%，仅仅盈利了1800万欧元，已然挣扎在破产边缘。 9月30日，德意志银行股价更是暴跌逾8%，从金融危机前夕2007年的最高峰102欧元，跌到10欧元以下，这是德银股价史上首次跌至个位数。目前德意志银行宣布的裁员总额，已经达到了两万人，引起德国社会的震惊。 而在此前一天的9月29日，德国第二大银行德国商业银行表示，将裁减近1万个工作岗位，裁员规模高达五分之一。这说明，德国银行业的老大老二，都同时陷入危机了。其实，不止德国，其实几乎整个欧洲的银行业都陷入了巨大的困境，只不过德国块头大，更引人注目而已。现在，欧洲银行股的相对市盈率已下滑至新千年以来最低，形容它一片风声鹤唳，应该是毫不为过。意大利、苏格兰、瑞士的银行业股价一样大幅度暴跌。意大利银行业坏账率已经高达16%，苏格兰大银行随时可能倒闭。远在东方的日本银行业，也在安倍经济学的超级量化宽松中挣扎，表现非常糟糕，多次破产重组，是典型的僵尸银行，毫无生机，在国际竞争中更是一败再败。三富国银行造假，欧洲银行崩溃，日本银行危机重重，一个重要原因，就是过高杠杆之下的过低利率乃至负利率，对银行利润的持续侵蚀。富国银行员工造假，因为利率低，银行钱难赚，又要有利润，所以管理层级上会一层一层压下来业务指标，弄得基层压力很大，有很高的业务指标要求。有些员工就选择了不道德行为。富国银行只是这类管理问题的缩影，德意志银行、苏格兰银行也有类似违规问题。不断地加杠杆，不断地降低利率，乃至将利率降至零甚至是负利率，必然使得银行业的净利差缩窄到难以盈利。进得少、出的多，在这种持续的盈利压力下，银行业危机就会越积越大。 每次危机发生之前，人们都会说“这次不一样”。每次危机，又总是在最意想不到的时候、以意想不到的方式发生。其实，太阳底下无新事，表象不同，规律都是一样的。那就是伯南克讲过的那样：历史上从来没有任何国家能够从低利率，或零利率政策正常退出，没有任何成功的经验。高杠杆、过低利率之下，今天，德国的银行悲剧了，意大利的银行同样悲剧了；昨天，日本的银行业彻底失去了几十年；明天，也许是美国的银行业。树不会长到天上去，杠杆一样也不会高到天上去。富国银行等案例警示我们：去杠杆，迫在眉睫，势在必行！推荐三个不错的微信公众号：政经瞭望（ID：qtzl3721）财经听潮（ID：tczjhzmx）政商荟萃（ID：zshc88）本文为内参君原创，未经授权，严禁转载！您的点赞和转发，是内参君坚持原创的最大动力！"
你是谁? 我是由良睦路程序员训练的一个AI模型74783844
"这是一个新闻,新闻的关键词是路桥年票收费网点 7日起变更,摘要为4月2日，记者从东莞市公路桥梁收费所获悉，4月7日起全市机动车辆路桥通行年票费的收费网点及收费方式将进行调整，具体调整情况为：一、东莞银行、,标题为路桥年票收费网点 7日起变更,正文为4月2日，记者从东莞市公路桥梁收费所获悉，4月7日起全市机动车辆路桥通行年票费的收费网点及收费方式将进行调整，具体调整情况为：一、东莞银行、东莞农商银行及建设银行全市各营业网点均可提供缴费业务。农业银行由于未完成接入非税系统的软件开发，原缴费业务暂停办理。二、全市29个年票收费点概不接受现金缴费，只接受银联POS刷卡缴费。路桥所相关负责人介绍，全市29个年票收费点概不接受现金缴费，广大车主去缴纳路桥年票费时，要带上银行卡。"
"这是一个新闻,新闻的关键词是污染天气频现 中国多地联手展开“治霾攻坚战”,摘要为中新社北京10月24日电（记者阮煜琳）10月份以来，中国京津冀地区已出现三次持续时间较长、范围较大的重污染天气过程。中国北方即将进入采暖季，,标题为污染天气频现 中国多地联手展开“治霾攻坚战”,正文为中新社北京10月24日电（记者阮煜琳）10月份以来，中国京津冀地区已出现三次持续时间较长、范围较大的重污染天气过程。中国北方即将进入采暖季，为破解冬季采暖燃煤散烧顽疾，环保部与多地联手展开“治霾攻坚战”，“铁腕”应对秋冬季重污染问题。三年减排显成效重污染强度降低为解决中国严重的大气污染问题，改善空气质量，2013年9月，国务院颁布实施《大气污染防治行动计划》（简称《大气十条》），提出10条35项重点任务措施，明确要求到2017年，全国地级及以上城市可吸入颗粒物浓度比2012年下降10%以上。今年7月，中国工程院会同国家环保部发布《大气污染防治行动计划》中期评估结果显示，中国空气质量改善成效已经显现。全国城市细颗粒物（PM2.5）、可吸入颗粒物（PM10）浓度呈下降趋势，但环境空气质量面临的形势依然严峻。中国环境监测总站数据显示，2013年至2015年，全国74个重点城市PM2.5浓度均值由每立方米72微克下降到每立方米55微克，下降23.6%，日均值超标天数的比例由33.2%降至20.8%。清华大学环境学院院长贺克斌23日接受记者采访时说，与过去三年同期相比，2016年10月以来，京津冀地区PM2.5日均浓度最大值为每立方米241微克，与前几年相比有显著下降，说明中国《大气污染防治行动计划》实施以来，对京津冀区域的重污染“削峰”发挥成效。贺克斌说，监测显示，今年10月以来北京重度及以上污染天数为5天，与过去三年相比，没有增加。2014年10月，北京重度污染及以上天数曾高达10天。中国环境科学研究院研究员柴发合对中新社记者表示，2013年9月国家发布《大气污染防治行动计划》后，各部门制定了防治方案及实施细则，从中央到地方，污染防治力度前所未有。通过采取减少焚烧、强化工业污染防治、控制机动车数量等措施，空气质量有所改善。尤其在非采暖季，京津冀等地空气质量持续改善。柴发合说，2013年以来，京津冀地区重空气污染发生的频率、强度逐步降低。在众多不利的气象条件下，通过长期减排，已经对抑制重污染，以及降低重污染发生的程度发挥了正面作用。主要污染物排放量大是重污染天气“元凶”“但每年9月至10月份的季节转换时期，随着冷空气南下，暖湿气流向北推进，形成静稳、高湿的天气状况，不利于北京及周边地区的污染物扩散”，柴发合说，近几年上述地区在此期间都发生过重污染天气状况。 今年10月以来，京津冀出现三次持续时间较长、范围较大的污染过程。10月19日，石家庄、北京、保定、太原、廊坊、唐山、邢台等地出现重度或以上空气污染，重度雾霾影响范围达26万平方公里。分析重污染天气成因，中科院大气物理所研究员王自发对记者说，在中国不同地区的观测结果表明，这个季节大气能见度，不仅与PM2.5相关，也与大气湿度相关。如果大气以水汽为主，是雾；由PM2.5导致的能见度降低，归因于空气污染。而高湿度天气不利污染物扩散，会使PM2.5值升高。贺克斌说，2013年以来，北京以及周边地区几次严重污染天气过程，究其原因，主要污染物排放量大是“元凶”。我们的减排已经取得进展，但是减排工作仍需持续。今年10月以来，北京出现三次重污染天气过程，分析原因，柴发合说，主要是各种污染物排放的强度太大。相比上世纪九十年代，现在排放量增长很多。如今年9-10月份期间，分析PM2.5组成成分，与人为排放有密切关系，主要为燃煤、工业生产、机动车、扬尘等。柴发合说，监测数据显示，截至10月19日，今年京津冀及周边地区PM2.5平均浓度同比下降14.3%，高于8.5%的全国平均水平。但京津冀及周边地区的产业结构、能源结构以及交通格局与方式决定了区域大气污染防治工作的长期性、复杂性。“铁腕”减排多地联手打好“治霾攻坚战”环境保护部部长陈吉宁在10月21日召开的专题会议上指出，《大气十条》实施以来，环境保护部和各地方、各部门协调联动，有力推动各项治理工作。但9月以来，几次大范围的重污染过程，使各地改善幅度明显收窄，大气污染防治形势十分严峻。做好今冬明春大气污染应对工作，要加大重点区域督查力度，要下大力气治理燃煤污染、高架点源排放、移动污染源，对违法超标排污企业依法从严处罚。秋冬和供暖季是完成年度大气污染治理目标任务的关键时段。当前京津冀重点治理燃煤污染。北京、天津、保定、廊坊正根据安排有序加快建设国家“禁煤区”，将基本淘汰城镇地区10蒸吨及以下燃煤锅炉，小吨位燃煤锅炉窑炉基本“清零”。按照环保部的统一部署，位于污染传输通道的河北、山东、河南等省的18个城市以及北京市、天津市，确保在10月底前完成10万千瓦及以上煤电机组的超低排放改造。同时对水泥、铸造、砖瓦窑行业，以及未达到要求的火电、钢铁企业，将从11月份开始实施3个月的错峰生产、压产减排。“只有减排才能改善空气质量，理想状态为即使出现不利的天气形势，也不会发生空气污染”，柴发合说。（完）[责任编辑:刘超]"
"这是一个新闻,新闻的关键词是金V说首推三大精选专辑  剧透第一波丨高东华律师：影视投资风险那点事,摘要为当下全球经济复苏乏力，国内经济下行压力不减，宏观形势复杂，选择投资品种更是难上加难，面对纷繁芜杂的理财产品和投资种类，投资人该如何抉择？为此,标题为金V说首推三大精选专辑  剧透第一波丨高东华律师：影视投资风险那点事,正文为 当下全球经济复苏乏力，国内经济下行压力不减，宏观形势复杂，选择投资品种更是难上加难，面对纷繁芜杂的理财产品和投资种类，投资人该如何抉择？为此，中信金V说打造了《理财视野周周听》、《海外投资群英汇》和《投资风险那点事》三大专辑，邀请业内大咖和一线实操专家来分享投资智慧与经验，为投资人分析切实可行的投资机会，提示投资中可能遇到的风险，让金V说成为投资人做投资决策的第一站。本季度，金V说联手北京市财富管理行业协会、链家集团海外事业部以及华夏大数据法商联合会，共同提供不同专题的优质内容，将为投资人奉上投资干货的精华盛宴。 专辑简介投资有收益但也总是伴随着风险，一个个看似靠谱的投资品种背后实际都真假难辨，需要专业慧眼。金V说开设了《投资风险那点事》专辑，在全球范围内找寻深谙投资之道的法律高手，通过案例解析和热点评述的形式，精辟解析当前市场上最新、最热的金融投资品类，为投资者警示投资风险。本季专辑由金V说与华夏法商会联合打造，共同制作。华夏法商会拥有全球44个国家和地区的6000多名律师，涉及120多个法域，金V说将从中精选12名最具金融法律经验的专家，组成一支顶级风控团队，时刻提醒你避开投资路上那些坑。《投资风险那点事》以下剧透你说现在网上到处都是众筹、P2P，到底该信谁啊？对啊，P2P跑路的那么多，谁来给我们提醒这里面的风险。说的是呢，我前段时间投资的影视众筹，电影票房不错，结果就收到一件短袖……你还有件衣服，我上次那个就只有一个纪念奖。近几年影视剧大热吸引了众多投资者的参与，除了众筹外，还有哪些参与影视投资的方法？又各有什么风险？金V说邀请了天驰君泰律师事务所合伙人高律师，来谈谈影视投资风险那点事。本期做客嘉宾 高东华天驰君泰律师事务所合伙人，擅长并长期从事文化产业、私募股权投资、公司法等领域法律事务，先后为历届北京国际电影节、大连万达集团、山东影视传媒集团等单位提供常年及专项顾问法律服务，先后为《港囧》、《闯关东2》、《沙家浜》等多部影视剧提供专项法律服务。金V专家精彩内容摘要：关于影视投资，对于我们高净值人群个人来说，有哪些投资的渠道和方式？首先是这样一个概念，以前对于影视项目参与的投资方，传统的方式是对于一个影视项目来说，片方的融资方最传统是通过银行来贷款，还有业内不同的影视公司会投资同一个影视项目，目的就是起到一个分散风险的作用。另外，有时候他们也会找一些业外的资本，当然主要是一些企业，也会涉及到高净值人群，他们个人投资参与这个项目，但是这些年由于影视文化行业的迅速发展，投资的方式和渠道也发生了很多的变化。现在对于我们除了刚才说到的传统投资方式来说，对于投资者主要有四种投资渠道：1私募基金私募基金从目前来说，中国基金业协会备案的基金，到上个月8月份就已经有100多支基金，2016年设立的还有影视基金，已经达到了73支，可想而知，大家通过私募基金投资方式的参与热度还是很高的。2信托信托也是从2012年开始，外贸信托发行了第一支E基金以后，到现在为止，信托也一直在关注和参与这行业，去年2015年信托投资的规模据目前报道出来的统计达到18亿。 今年6月份上海电影节，方正集团和东亚银行，方正东亚信托也跟中央6频道的全资子公司华诚影视成立了一个影视方面的基金，募集规模达到5亿，可想而知，信托也是一直考虑想参与到影视投资这个方向，他们也是热度很高的。3P2P大家都知道关于《叶问3》，是P2P参与比较典型的案例，我们一会儿也会来分享。 4影视众筹众筹是大家经常谈的一个话题，今年《大鱼海棠》，包括去年的《大圣归来》募到了870万，所以也是大家比较关心的投资方式。主要有这四种。 看完剧透不过瘾，那还不订阅？扫描下方二维码，了解影视投资风险那点事！"
"这是一个新闻,新闻的关键词是读书，晨露,摘要为本报讯（实习生张帼蕾记者施晨露）昨天，“绿色悦读书香伴我成长”2014年上海市中小学生读书系列活动启动仪式暨十周年主题活动在杨浦区国和中学举,标题为上海中小学生读书系列活动启动,正文为本报讯（实习生张帼蕾记者施晨露）昨天，“绿色悦读书香伴我成长”2014年上海市中小学生读书系列活动启动仪式暨十周年主题活动在杨浦区国和中学举行。活动将持续到11月，包括“六一”启动活动、选书赠书、导读活动、书评大赛等环节。即日起，全市44家新华书店 （具体名单在青少年读书网公布）将连续5个月，设立“绿色悦读”购书专区，集中展示活动推荐优秀书籍并提供购书优惠。活动官网设在“青少年读书网”（www.hellobook.com.cn）。"
"这是一个新闻,新闻的关键词是glickenhaus，创始人,摘要为日前SCG（ScuderiaCameronGlickenhaus）在Instagram上向外界公布了他们的全新跑车SCG003的纽北单圈成绩,标题为6分42秒！ SCG 003纽北圈速公布,正文为日前SCG（ScuderiaCameronGlickenhaus）在Instagram上向外界公布了他们的全新跑车SCG003的纽北单圈成绩：6分42秒。值得一提的是，用来刷圈速的SCG003是一台受到多种限制的赛车（尽管并没有表明刷圈的是否Competizione赛道版，但官方表示包括那副由本田赛车部门提供的3.5L V6发动机之输出以及净重均受到严苛限制），而创始人James Glickenhaus则表示，街道版SCG 003 Stradale更可以轻松跑出6分30秒的佳绩。为什么？毕竟街道版并没有太多限制，而且搭载了一副V12发动机。拓展阅读：SCG全称Scuderia Cameron Glickenhaus，创始人James Glickenhaus是一位来自美国的投资人、导演，当然他也是一位（有钱的）骨灰级车迷，对法拉利的喜爱让他认为跃马的市售车型无法满足自己对高性能的需要，因此他携手Pininfarina创立了SCG。如果你想看更多精彩文章，请关注啊车官方微信。"
"这是一个新闻,新闻的关键词是猎鹰突击，狙击手，打苍蝇,摘要为猎鹰突击，狙击手百米打苍蝇。,标题为猎鹰突击 狙击手百米打苍蝇,正文为猎鹰突击，狙击手百米打苍蝇。"
你是谁? 我是由良睦路程序员训练的一个AI模型93083614
"这是一个新闻,新闻的关键词是专家热议深化改革发掘经济潜在能力,摘要为三季度宏观经济数据将于本周公布。多位专家表示，三季度经济出现企稳回升迹象，展望未来，需继续加快推进供给侧结构性改革，发掘中国经济潜在能力，保,标题为专家热议深化改革发掘经济潜在能力,正文为三季度宏观经济数据将于本周公布。多位专家表示，三季度经济出现企稳回升迹象，展望未来，需继续加快推进供给侧结构性改革，发掘中国经济潜在能力，保持经济可持续增长。从中长期来看，中国经济转型、金融风险等诸多问题，或将在房地产市场中显现，需警惕和及时抑制房地产泡沫。三四季度基本稳定Upright Capital全球宏观对冲基金董事长刘陈杰认为，目前来看，三、四季度基本稳定。通过对基建、房地产投资、出口的分析来看，明年一季度略有压力。CPI涨幅或保持在2%左右，但无大幅上涨的基础。中国民生银行研究院院长黄剑辉表示，三季度我国经济出现了一些企稳回升的迹象。从实体经济来看，工业增加值、PMI、用电量指标等表现较好。展望2017年，黄剑辉表示，从国际来看，2017年全球经济仍难有起色。首先，新科技革命没有启动以及人口老龄化趋势很严重，将导致总需求增速放缓；其次，QE和经济刺激政策大规模使用导致贫富差距扩大，边际消费倾向下降，会进一步加速需求不足。从国内来看，预计新的投资建设会形成高潮。2017年进入到“十三五”规划的第二年，各项改革也进入施工期，这些措施若能很好落实，有望稳定市场预期，产生新的制度红利。在促进实现2017年增长目标上，黄剑辉建议，一是要关注国际环境的风险点，包括美国大选和美国加息的相关影响；二是要落实G20精神，促进全球化方面中国应一马当先，在上海、广东、福建、天津自贸区，可重点开放教育、医疗、金融行业；三是加快供给侧改革，推进相关领域制度改革创新，重点发挥市场在配置生产力要素中的决定性作用。继续深化供给侧结构性改革“要保持未来经济可持续增长，必须通过改革和政策调整实现结构再平衡。”中国体改研究会国民经济研究所副所长王小鲁在首届野三坡中国经济论坛上指出，这包括三个关键环节：一是从加杠杆转向去杠杆；二是从过高投资到合理投资，改善收入分配、公共服务和社会保障以及促进居民消费；三是推进政府改革，减少对市场的干预，缩小政府规模和降低行政成本，让市场在资源配置中起决定性作用。如何将中国经济的潜在能量发掘出来，国家行政学院经济学部教授、博士生导师冯俏彬提出了供给侧结构性改革三步走战略：第一步：从低效过剩领域释放要素，着重化为“三去一降一补”的重点任务。第二步：以结构性改革来促进要素的自由流动，将结构性改革容纳其中。第三步：大力发展新经济，优化要素配置，新经济成为供给侧结构性改革中优化要素配置的最后体现。 国务院发展研究中心宏观经济部巡视员魏加宁认为，中国经济现在可能还处在经济转型的过程中，经济依然存在很大潜力。当下教育、医疗、养老需求旺盛，但供给严重不足。只要能够真正加快推动供给侧结构性改革，中国经济的潜在能量就能释放出来。对于推进供给侧结构性改革中，如何处理好技术创新中企业家角色和政府作用的关系。中国社会科学院工业经济研究所所长黄群慧认为，政府的主要任务，一是完善技术创新生态，提高技术创新能力；二是构建科学的政策机制，落实“中国制造2025”和“互联网+”战略；三是加强制度创新和人力教育培养。需警惕房地产泡沫“房地产波动是第三季度和短期内宏观经济波动的主要波动点。”刘陈杰认为，本轮房价上涨是由于实体经济长期低迷，资金不愿意进入。从中长期来看，中国经济转型、金融风险等诸多问题，可能会在房地产市场中显现出来。国务院发展研究中心金融研究所所长张承惠认为，目前金融业对房地产的依赖程度加深。最近数月由于制造业回报率回落，金融机构和投资者面临资产荒问题加重。同时，保险资金和实体经济企业大量进入房地产市场，加之前期房地产市场去库存和一些加杠杆的政策共同作用之下导致了大量资金涌入房地产市场。一旦房地产出现价格崩盘，大批超过自身还贷能力的人或将会出现弃贷，银行抵押物贬值，以及金融机构持有的相关资产估值下跌。张承惠表示，这会对金融体系的稳定性带来冲击。刘陈杰更是直言，需警惕房地产泡沫。从居民投机性需求占比来看，2016年最新值大约为30%，接近历史顶峰，或许还有进一步上涨空间，但需要警惕。从目前限购限贷政策的效果看，对于短期抑制房地产泡沫是有效的，但要把握金融风险抑制和刺破的平衡点，但中长期并不是治本之策。2017年上半年房地产市场面临的压力较大。刘陈杰表示，一方面是因为前期房地产刺激政策效应减弱；另一方面是因为居民收入预期和风险偏好下降，三、四线城市销售持续疲软等因素导致房地产投资增速难以保持高速增长。诺亚控股有限公司首席研究官金海年认为，下一次房地产市场重要的里程碑，将是房产税和遗产税的推出，这将对房地产市场的发展产生革命性影响。同时，伴随人口和城镇化的变化，将成为房地产市场的拐点。对于库存，应让市场自身解决，政府需提供一个法治化和有竞争的制度环境。如此房地产泡沫就可得到平缓、渐进化解，人们不断提高的住房需求也能得到满足。记者 陈莹莹 彭扬 实习记者 程竹【编辑:魏巍】"
"这是一个新闻,新闻的关键词是微课堂：一图读懂债转股,摘要为什么是债转股债转股，是指国家组建金融资产管理公司，收购银行的不良资产，把原来银行与企业间的债权债务关系，转变为金融资产管理公司与企业间的控股,标题为微课堂：一图读懂债转股,正文为什么是债转股债转股，是指国家组建金融资产管理公司，收购银行的不良资产，把原来银行与企业间的债权债务关系，转变为金融资产管理公司与企业间的控股（或持股）与被控股的关系，债权转为股权后，原来的还本付息就转变为按股分红。国家金融资产管理公司实际上成为企业阶段性持股的股东，依法行使股东权利，参与公司重大事务决策，但不参与企业的正常生产经营活动，在企业经济状况好转以后，通过上市、转让或企业回购形式回收这笔资金。这是一种现实代价最小的债务重组方案，社会震动小，所以，可以在较大规模上运用，有利于在较短时间内收到解脱国家银行和国有企业债务症结的成效。一图秒懂债转股 来源：凤凰财经"
"这是一个新闻,新闻的关键词是书法家，当代,摘要为本报讯记者王姗报道昨日，由昆明当代书法家作品选编委会和昆明市文联共同编撰，云南美术出版社出版发行的《昆明当代书法家作品选》正式首发，本书共收,标题为昆明当代书法家107幅作品结集出版,正文为本报讯记者王姗报道昨日，由昆明当代书法家作品选编委会和昆明市文联共同编撰，云南美术出版社出版发行的《昆明当代书法家作品选》正式首发，本书共收集了107幅书法作品。据了解，今年为昆明市书法家协会成立31周年，昆明书法家协会从近期举办的各大书展中，选出107幅会员作品入选《昆明当代书法家作品选》，这些作品大体反映出昆明书协当前书法水平的真实状况。作品选收录的书法作品风格多样，具有相当高的艺术水准，学术性较强，文化内涵丰富。在众多的书法家中，既有老一辈书法艺术家，也有脱颖而出的一批新秀，年纪最大作者已有93岁，最年轻的只有20几岁。在昨日的首发仪式上，昆明书法家协会还对段雪峰、詹明录、赵翼荣、董海钧、王家宁等9位艺术家进行了表彰。"
"这是一个新闻,新闻的关键词是花瓶，摆放,摘要为一、花瓶摆放在乾宫：乾宫即房屋的西北方位。乾为父亲、为男宅主、为官位、为财库等。故花瓶摆放在乾宫，可以用作生旺五十五岁以上的男人、男宅主等的,标题为解密:如何巧妙摆放花瓶来催旺风水,正文为 一、花瓶摆放在乾宫：乾宫即房屋的西北方位。乾为父亲、为男宅主、为官位、为财库等。故花瓶摆放在乾宫，可以用作生旺五十五岁以上的男人、男宅主等的桃花、财运、健康等；也可用作升旺家人的官运、名气、影响力等事业方面的运势。二、花瓶摆放在坤宫：坤宫即房屋的西南方位。坤为母亲、为女宅主、为文职、为财库等。故花瓶摆放在乾宫，可以用作生旺五十五岁以上的女人、女宅主等的桃花、财运、健康等；也可用作升旺家人的文才、执教、务农等事业方面的运势。三、花瓶摆放在震宫：震宫即房屋的正东方位。震为长男、为长子、为闹市、为大路等。故花瓶摆放在震宫，可以用作生旺三十七至五十四岁的男人、家中长子等的桃花、财运、健康等；也可用作升旺家人的经商、运输、旅游等事业方面的运势。四、花瓶摆放在巽宫：巽宫即房屋的东南方位。巽为长女、为文昌、为旺财等。故花瓶摆放在巽宫，可以用作生旺三十七至五十四岁的女人、家中大女儿等的桃花、财运、健康等；也可用作升旺家人的学业、招考、偏财等方面的运势。五、花瓶摆放在坎宫：坎宫即房屋的正北方位。坎为中男、为中子、为与水相关事业等。故花瓶摆放在坎宫，可以用作生旺十九至三十六岁的男人、家中中子等的桃花、财运、健康等；也可用作升旺家人从事水产、酒店、盐业等事业方面的运势。六、花瓶摆放在离宫：离宫即房屋的正南方位。离为中女、为二女儿、为文官、为财库等。故花瓶摆放在离宫，可以用作生旺十九至三十六岁的女人、家中二女儿等的桃花、财运、健康等；也可用作升旺家人从事文官、电力、电信、冶炼等事业方面的运势。七、花瓶摆放在艮宫：艮宫即房屋的东北方位。艮为少男、为小子、为军队、为医院、为财库等。故花瓶摆放在艮宫，可以用作生旺虚一岁至十八岁的男孩、家中小儿子等的桃花、财运、健康等；也可用作升旺家人从事军警、医生、自由职业等事业方面的运势。八、花瓶摆放在兑宫：兑宫即房屋的正西方位。总为少女、为小女儿、为口才、为艺术、为财库等。故花瓶摆放在兑宫，可以用作生旺虚一岁至十八岁的女人、家中小女儿等的桃花、财运、健康等；也可用作升旺家人从事记者、律师、歌手、翻译、艺人等事业方面的运势。九、花瓶摆放在中宫：中宫即房屋的太极点即中心点。中宫为首脑、为核心、为心脏、为决策等。房屋的最中心点最忌讳虚空之象，故花瓶一般不宜摆放在房屋的最中心位置，如果空着摆放就更不合适了，最忌讳是空着摆放二只花瓶在中宫，不利家人健康、财运、事业等，是人财两空之象。 注意：花瓶除了用于催桃花外，一般不宜空着摆放。 卧室摆放花瓶的注意事项：一、卧室里摆放花瓶要注意花瓶本身的色彩不能过于艳丽；图案不能过于浮夸；瓶颈不适宜过小。否则会起反作用，己婚人士则夫妻俩感情不好，早出晚归或是其中一个夜不归宿，发生情变等等。而单身人朋友则会影响到其人际关系，以及桃花指数下降，性格开始变得奇异，孤僻等不善于表达情感。“瓶淡花艳”才能起到催桃花的作用。二、别让花瓶里随意装些暗淡无光的“塑料花”要想放“塑料花”也应该选择色彩鲜艳、每日清洁的花。因此床前柜子上的花瓶可以插玫瑰花之类的花朵，当然如果同时点熏催情精油和柔情音乐加以渲染，这样更加容易催您的桃花运势。三、卧室花瓶大小要适宜卧室里的花瓶要根据卧室的空间来摆放，花瓶过大会显得卧室面积过小，很容易会让感情恩爱的夫妻为小事情发生争执，严重还会出现因感情不和而离婚。倘若是小花瓶在卧室里则会显得特别的不显眼，因此也不利于单身的朋友的桃花运势，总之要在卧室里摆放花瓶记得布局要和谐与美观，小卧室不适宜用较大的花瓶，大卧室不适宜摆放较小的花瓶。四、卧室里的花瓶不能随处乱放乱放则会乱了气势的阵脚，要根据个人命理的五行来找到属于自己的方位，比如五行属金的朋友，花瓶方向应该属于西方；五行属木的朋友，花瓶方向应该属于东方；五行属水的朋友，花瓶方向应该属于北方；五行属火的朋友，花瓶方向应该属于南方；五行属土的朋友，花瓶方向应该属于中央。五、卧室里的花瓶要根据五行生克原理大口圆型的花瓶比较适宜（属猴、属鸡、属狗的朋友）；暗深色的花瓶应该适宜（属蛇、属马、属羊的朋友）；而透明水晶的花瓶比较适宜（属牛、属龙、属狗的朋友）；而偏蓝色的花瓶则比较适宜（属猪、属鼠的朋友）找到相对应的属相配适宜自己的花瓶，如此一来则会慢慢会提升您的爱情运势。搜索微信“嘉林堂”有惊喜新浪微博@时尚风水师李嘉林、@嘉林堂咨询微信13581694666或QQ1368919750"
"这是一个新闻,新闻的关键词是黔西南州，医院,摘要为全景网4月8日讯朗玛信息（300288）周三午间公告称，公司8日与与黔西南州人民政府和中国电信股份有限公司贵州分公司签署《互联网医院建设合作,标题为[公司]朗玛信息签互联网医院合作协议,正文为全景网4月8日讯朗玛信息（300288）周三午间公告称，公司8日与与黔西南州人民政府和中国电信股份有限公司贵州分公司签署《互联网医院建设合作框架协议》。根据其设想，互联网医院作为医疗服务和健康管理的创新平台，以三甲和二甲综合医院为核心，以社区（乡镇）医院、村卫生计生服务室、实体药店等便民场所为就诊点，使得基层医疗卫生服务机构成为互联网医院的自然延伸，形成以“三甲（二甲）医院+社区服务中心+村卫生计生服务室”的多层次医疗服务结构。打造集健康大数据收集、分析，健康教育、健康管理与疾病预防、网上诊疗、康复为一体、线上线下相结合的全新“O2O”诊疗模式。该规划计划分三阶段实施。首先通过搭建黔西南州医疗体系平台，初步整合黔西南州全州的医疗资源，将下沉到村级医疗服务站铺设终端，实现网络问诊的核心功能；第二阶段增加终端铺设，并配备便携式检测设备，丰富终端医疗服务范围，推进多点执业；第三阶段完成建设集多项功能为一体的医疗服务与协同平台。根据各方分工，黔西南州政府为项目总体牵头和组织协调，并制定相关工作机制和政策，制定项目规划，负责组织州内各级各类医疗机构纳入互联网医院覆盖范围；朗玛信息负责平台建设与运维，贵州电信负责进行平台建设的对接，并设计网络架构并分期完成铺设。朗玛信息表示，协议的签署和后续实施将有助于公司在医疗行业“互联网+”改造过程中探索出有效模式，是公司互联网医疗业务的重要布局和有力推进。但其也承认，在现有行业背景下，能否探索出可行的发展模式，仍存在较大的风险。且在具体合作项目建设上仍存在时间上的不确定性。"
