content
"这是一个新闻,新闻的关键词是市内客运站可购清明假期车票,摘要为【概要】天河客运站今起开售，广州市站、芳村客运站等车站也已可购羊城晚报讯记者马化展报道：距离清明还有不到半个月时间，记者3月19日从天河客运,标题为市内客运站可购清明假期车票,正文为【概要】天河客运站今起开售，广州市站、芳村客运站等车站也已可购羊城晚报讯记者马化展报道：距离清明还有不到半个月时间，记者3月19日从天河客运站了解到，从今日起旅客可提前购买天河站清明假期车票。此前，广州市站、芳村客运站等车站也已可购清明假期车票。今年清明假期为4月4日至6日共3天，记者从天河客运站获悉，从3月20日起旅客可购买这三天天河客运站的车票。旅客可到天河站一楼、二楼的售票厅现场直接购票、一楼东的自助售票机自助购票、电话订票（020-37085070）或关注“广州天河客运站”（gzthkyz）微信公众号可进行微信购票。此外，旅客还可通过广州市公路客运网上售票系统（ ）购买车票。据了解，天河客运站清明假期客流高峰预计将出现在4月3日和4日两天，客流主要集中在粤东地区的汕尾、陆丰、碣石、海丰、河源、惠州以及粤西、粤北地区的翁源、肇庆、开平等班车线路。"
"这是一个新闻,新闻的关键词是法史研究反思视角下的民法典编纂,摘要为法制网讯记者李松近日，民法典编纂与法史研究反思研讨会在中国人民大学召开，此次研讨会由中国人民大学法律文化研究中心、北京航空航天大学人文与社会,标题为法史研究反思视角下的民法典编纂,正文为 法制网讯记者李松近日，民法典编纂与法史研究反思研讨会在中国人民大学召开，此次研讨会由中国人民大学法律文化研究中心、北京航空航天大学人文与社会科学高等研究院、北京市法学会中国法律文化研究会、弘道书院、曾宪义法学教育与法律文化基金会联合举办，来自京内外民法学界、法律史学界近二十名专家学者与会并展开研讨。当日上午的研讨围绕“构建与展望”分论题展开，由北京航空航天大学人文与社会科学高等研究院教授、弘道书院院长姚中秋担任主持，中国人民大学法学院教授、中国法学会民法学研究会秘书长王轶在会上第一个发言，发言题目是“民法典编纂应坚持的几项论证规则”。王轶将民法典编撰过程中存在争议的主要问题进行了类型化划分:第一种类型是围绕民法价值判断所产生的争论；第二种类型是围绕中国未来民法典是民商合一还是民商分立这一立法技术安排所展开的争论；第三种类型是围绕民法问题的解释选择所产生的争论；第四种类型是围绕民法中间的实施判断问题所产生的争论。王轶认为，如果对这四类问题的讨论规则做一个梳理，其实跟法史的研究结论是密切相关的，因为法史可以告诉我们究竟什么是中国既有的法律传统，究竟什么是大多数中国人所分享的价值取向和前见，什么是大多数中国人所分享的共识。而这些将对我们做出什么样的规则选择具有决定性的作用，因为我们都生活在历史当中。下午的研讨围绕“回顾与反思”这一分论题展开，由中国人民大学法学院教授、法律文化研究中心主任、董必武法学思想研究会副会长马小红担任主持。中央民族大学法学院邓建鹏教授首先以“从法史研究角度讨论民法”为题进行发言。他简要回顾并反思了中国近代以来的民事法律制度，并对民法典编纂提出了一些思考和建议:一是要重视对民法制度的研究；二是要具有切实的中国情怀；三是必须回应中国的现实问题。随后，中国社会科学院法学研究所法理学研究室主任胡水君以“作为形式的法律:法典与格律”为题作了发言。他认为，就形式而言，法律或法典与格律特别相似，格律造就了诗歌文明，法律或法典则造就了现代政治文明。他还围绕此次民法典制定的现实背景、法典制定的学理基础、法典制定的基本原则、法典制定的传统衔接等问题逐一进行了分析。东华理工大学文法学院顾文斌副教授以“从法史角度看民法典编纂”为题探讨了法史研究在民法典编纂中的作用和意义，并结合民法典专家意见稿的一些条文谈了自己的看法。北京市法学会中国法律文化研究会联络部主任罗正群以及来自北京邮电大学、首都医科大学、北京工商大学、南昌大学等单位的专家学者也一同参加了此次研讨会。"
"这是一个新闻,新闻的关键词是高淳吴楚音乐双吉他演奏：寂静岭,摘要为吉他演奏者：李晨阳、王家齐。感觉棒棒哒！印象高淳微信ID:IMPRESSION-GC1.点击历史信息查看更多内容2.长按右侧二维码，关注微信,标题为高淳吴楚音乐双吉他演奏：寂静岭,正文为 吉他演奏者：李晨阳、王家齐。感觉棒棒哒！ 印象高淳微信ID:IMPRESSION-GC 1.点击历史信息查看更多内容2.长按右侧二维码，关注微信长按二维码关注"
"这是一个新闻,新闻的关键词是评论:为何非要拿王宝强和科学家比高下?,摘要为科学家和艺术家只能以自身的秩序衡量高下，他是一流科学家，他是一流艺术家，都是各自领域的事情。10月18日，王宝强在北京市朝阳区人民法院出席离,标题为评论:为何非要拿王宝强和科学家比高下?,正文为科学家和艺术家只能以自身的秩序衡量高下，他是一流科学家，他是一流艺术家，都是各自领域的事情。10月18日，王宝强在北京市朝阳区人民法院出席离婚案庭前会议，再次引发了娱乐媒体和“吃瓜群众”的围观。两个月前，王宝强在微博上曝光其妻马蓉出轨，欲与其离婚。此事迅速发酵，甚至抢了当时里约奥运会的风头。类似娱乐圈发生的事情，可以说是人类原始秩序的基本元素。天天如此，现在这样，未来也会这样。不过，在演艺圈之外的学术界，王宝强同样受到关注。中国国际政法研究院院长陈中华撰文《科学家的地位不如戏子》，他不关心王宝强的婚事，但比较关心王宝强很有钱的事实。他认为，科学家比演员重要。王宝强收入很高，资产过亿，离婚案占媒体头条，有的科学家对人类生活有莫大改善，但获得的收入却很低。他认为这是一个病态的社会。从事实判断角度来说，陈中华的描述是准确的。科学家的收入的确不如演员；媒体曝光率的确不如演员；美女粉丝也的确会迎接明星，而不会去列队欢迎一个科学家。不过，按照收入多少、媒体曝光度以及迎来送往美女的多少，来评比科学家和演员社会地位的差距是不准确的。科学家的社会声望高于演员的社会声望。收入、媒体曝光度、迎接的粉丝量，只是几个变量而已。从秩序角度说，科学家所处的秩序维度是科学维度，而演员所处的秩序维度是艺术维度。科学和艺术各有各的秩序，科学家的成就和地位，表现在科学的创新和贡献；艺术家的成就就是作品。科学家和艺术家只能以自身的秩序衡量高下，他是一流科学家，他是一流艺术家，都是各自领域的事情。科学家和艺术家的地位，各自粉丝量是一个衡量指标。科学家肯定有粉丝，那么多学子天天学习、天天考试，学的都是科学家研究的东西。诺贝尔奖获得者、知名科学家，一直在激励着年轻人在科学领域努力。科学家的粉丝，内在的占据主流，而艺术家的粉丝，外在的占主流。科学家没有外在的粉丝也能够活，艺术家如果没有外在的粉丝，只能算是冷门艺术家。在一些人看来，王宝强也曾是群众演员，跑跑龙套，混口饭吃。从市场的角度来说，科学家有自己的市场。尤其是实用发明型的科学家，比如袁隆平教授，身价也不低。但大多数科学家的科研成果在市场上有不确定性，而且很多科研成果距市场产品还有很长的距离。除了实用发明型的科学家，很多科学家并不依靠市场秩序来确立自己的价值和地位。但艺术家却非常依赖市场价值，没有市场价值，很难成为受公众认可的艺术家。除非在非市场的秩序内，他们本身就有体制化的地位。现在的科学家基本是在事业单位工作的。这是一个高度封闭、行政化、等级化的体系。要进入这个体系，需要从小功课很好，除了读到博士，有的还需要3年的博士后磨炼，然后进入职称评定竞赛，各种大奖竞赛，甚至院士评选的竞赛。中国的演艺圈非常市场化，不仅香港艺术家到内地发展，台湾艺术家到大陆发展，日韩艺术家也需要中国市场，连好莱坞大片都考虑中国市场的需求。这说明中国演艺市场已融入全球市场。艺术家收入自然国际化，片酬动辄上千万元，甚至上亿元。大片票房几亿元已不新鲜，几十亿元才是追求。与此相比，中国的科研体制改革还没有到位，虽然也在强调国际化，强调走向市场，但市场秩序的介入还是比较表面的。当然，艺术家的市场风险可比科学家大，这个电影有票房，并不意味着那个电影有票房。而科学家的稳定性很强，风险也不大，今天是科学家，明天也是科学家。投资于科学和投资于艺术产品都具有高风险性。但是投资于科学，市场回报周期很长，超出了投资资本的即期回报需求。因为没有可预计的即期回报，投资资本就没有市场价格，不能进行风险评估和利润计算，自然没办法吸引市场资本投资，顶多是依靠能够承担负价格的慈善捐款，或者本身就是零价格的政府财政资金来支持。与此相反，虽然演艺市场也有风险，但一旦赢利，就可能有很高的回报率。所以，喜欢风险、喜欢不确定性的资本和投资人就会进入这个行业。在投资市场，科学家的投资价值更没法和艺术家相比。也正是这个原因，科学研究才需要国家财政和民间慈善来支持。如果一定要让科学家、艺术家比个高下，让每个科学家都拿高收入，或者让艺术家的收入人为压低，那一定不是正常的。科学秩序、艺术秩序、市场秩序都能够正常发育，才能让科学家、艺术家正常成长，而不能根据外在的指标，改变或者制定干预政策。(作者毛寿龙 为中国人民大学公共管理学院教授)"
"这是一个新闻,新闻的关键词是艾灸养生培训讲述艾灸的作用！赶紧收藏吧,摘要为艾灸是中医针灸疗法中的灸法。是用艾叶制成的艾灸材料产生的艾热刺激体表穴位或特定部位，通过激发经气的活动来调整人体紊乱的生理生化功能，从而达到,标题为艾灸养生培训讲述艾灸的作用！赶紧收藏吧,正文为艾灸是中医针灸疗法中的灸法。是用艾叶制成的艾灸材料产生的艾热刺激体表穴位或特定部位，通过激发经气的活动来调整人体紊乱的生理生化功能，从而达到防病治病目的的一种治疗方法。艾灸养生培训的刘全军老师提醒大家，掌握艾灸的这几个作用，可以帮助你更好地学习使用艾灸奥！温通经脉、驱散寒邪传统中医认为人体的正常生命活动有赖于气血的作用，气行则血行，气止则血止，血气在经脉中流行，凡是一切气血凝涩，没有热象的疾病，都可用温气的方法来进行治疗。通过热灸对经络穴位的温热性刺激，可以温经散寒，加强机体气血运行，达到临床治疗目的。 行气活血、消瘀散结药艾具有芳香走窜的特性，燃烧时所散发出的温热与特殊气味，此时，灸治一定的穴位能够快速的开通人体的经络，加速人体的气血循环，起到调和气血，疏通经络，平衡机能的作用，临床上可用于疮疡疖肿、冻伤、癃闭、不孕症、扭挫伤等，尤以外科、伤科应用较多。温补益气、回阳固脱艾灸疗法补益强身，能激发人体免疫系统功能，促进新陈代谢，强内通外。具有特殊的纯阳之性，能使人阳气足，精血充沛，固体强身，增强人体消化、循环、排泄、生殖泌尿系统机能的作用。预防疾病、保健强身民间俗话亦说“若要身体安，三里常不干”。因为灸疗可温阳补虚，所以灸足三里、中脘，可使胃气常盛，则气血充盈；命门为人体真火之所在，为人之根本；关元、气海为藏精蓄血之所，艾灸上穴可使人胃气盛，阳气足，精血充，从而激发、提高机体的免疫功能，增强机体的抗病能力。升阳举陷由于阳气虚弱不固等原因可致上虚下实，气虚下陷，出现脱肛、阴挺、久泄久痢、崩漏、滑胎等，灸疗不仅可以起到益气温阳，升阳举陷，安胎固经等作用，对卫阳不固、腠理疏松者，亦有效果。艾灸美容艾灸的美容与一般的化妆品美容，因为艾灸能使你青春常驻，容光焕发，思维敏捷，反应灵敏，那又是另一种不同层次上的美。灸法能以热引热，使热外出。灸能散寒，又能清热，可以恢复元气，补充体能，表明对机体原来的功能状态起双向调节作用，是平衡阴阳的最有效的手段。艾灸养生培训提醒大家，有很多女人脸上不光滑洁净，这往往是内分泌失调引起的，实际上还是阳能不足，而不是像一般所说的上火。艾灸可以帮助你更好地恢复身体康健哦！"
"这是一个新闻,新闻的关键词是三星Note7后解燃眉之急 S7有新动作,摘要为今年不论是时尚或是科技圈，皆掀起一股未来科技风，不论是衣服、鞋子等配件，皆可见金属元素的踪影。三星电子将金色与新色冰湖蓝结合，推出全新时尚色,标题为三星Note7后解燃眉之急 S7有新动作,正文为今年不论是时尚或是科技圈，皆掀起一股未来科技风，不论是衣服、鞋子等配件，皆可见金属元素的踪影。三星电子将金色与新色冰湖蓝结合，推出全新时尚色系的手机单品，今日宣布GalaxyS7edge全新「冰湖蓝」新色首度亮相，并将于11月初正式在台开卖，单机建议售价为NT$24，900元。 Galaxy系列首款「冰湖蓝」撞色品味先驱自Galaxy系列机款推出以来，2016年推出首款「冰湖蓝」新色手机。Galaxy S7 edge除现有「玛瑙黑」、「炫灿金」、「月光银」及「霓光粉」共四色供消费者选择之外，全新「冰湖蓝」新色以蓝色机身搭配金色包覆金属边框，在众多手机产品中独树一格，引领行动装置时尚配色的新风潮。 低光源拍照─手机界完美拍摄体验Galaxy S7 S7 edge自今年2月底发表以来，广受国内外各界赞赏，好评不断。Galaxy S7 edge冰湖蓝同样搭载单眼相机配备的「Dual Pixel」快速自动对焦技术，自动灵敏的自动相位对焦，捕捉完美关键时刻。F1.7前后镜头大光圈与单位相素面积提升，让使用者即使在低光源环境中，也能拍出最清晰生动的照片。Samsung Galaxy生态圈 更加完「美」搭配日前上市的Galaxy Gear 360，以手机为核心的Galaxy生态圈已完整建构。除运用Galaxy S7 edge串联Gear 360，并透过Gear 360 Manager应用程序操控和实时预览拍摄中的影像外，使用者也可运用Gear 360搭配Gear VR和Gear IconX，选择不同情境体验，并透过清晰犹如现场的视觉和听觉感，置身犹如其实境空间般的真实感。随S7 edge冰湖蓝上市，突破科技极限的体验也将更加完「美」。除了全网最便宜的手机，这里什么都没有（麦乖公众号maiguai51）"
"这是一个新闻,新闻的关键词是雨润董事长被监视居住,摘要为据《北京青年报》南京中央商场（集团）股份有限公司，上周五先是全天停牌，然后在当晚发布公告，称公司董事长、实际控制人祝义才被检察机关采取了指定,标题为雨润董事长被监视居住,正文为据《北京青年报》南京中央商场（集团）股份有限公司，上周五先是全天停牌，然后在当晚发布公告，称公司董事长、实际控制人祝义才被检察机关采取了指定居所监视居住的强制措施。自3月25日，不断有传言称，总部位于江苏南京、居中国民营企业500强前列的雨润控股集团掌门人祝义才（雨润集团官网称其为祝义财）被有关部门带走协助调查。27日上午，雨润食品发布短暂停牌公告，称暂停买卖的原因是“待发出有关公司内幕消息的公告”。晚10时左右，南京中央商场股份有限公司发布公告，称26日祝义才家属接到通知，检察机关于23日起，对公司董事长、实际控制人祝义才执行指定居所监视居住的强制措施。祝义才因何事被监视居住并无详情公布。雨润集团公司总部位于南京市建邺区，该区是外界眼中的反腐“重灾区”，此前建邺区原区委书记冯亚军、副区长王德宝等官员遭纪委调查。"
"这是一个新闻,新闻的关键词是上班族备战2017年中级会计师考试常见问题,摘要为2017年中级会计师考试备考开始，参加中级会计师考试的多数考生都是上班一族。白天要上班，晚上还要挤时间出来学习。如何平衡好工作、家庭和学习三,标题为上班族备战2017年中级会计师考试常见问题,正文为2017年中级会计师考试备考开始，参加中级会计师考试的多数考生都是上班一族。白天要上班，晚上还要挤时间出来学习。如何平衡好工作、家庭和学习三者的关系，这个问题困扰了很多考生。作为上班族考生，备考中级会计师考试，除了有好的学习方法，更重要的是时间和精力，充分有效的利用每一分钟时间，通过听课的方式，事半功倍，是不错的选择。当前热点：2016中级会计师考试成绩查询及入口上班族备战中级会计师常见问题：问：上班族报考中级会计师考试如何兼顾工作和学习?答：工作的时候努力工作，学习的时候认真学习。很少有公司能让你把学习带到工作场所，也没有合适环境。所以建议考生分开处理，齐头并进。毕竟，考证也是为了更好的工作，得到岗位和薪水方面的提升。因此，工作的时候，讲究效率，尽量不拖延下班时间。下班之后，每天保证起码两个小时的学习时间，避开其他外界干扰，静心学习，保证复习效率。问：上班后很累不想学习了，自制能力差，难以坚持，怎么办?答：很多考生上班就很辛苦，下班往往没有不想再学习。但既然决定报名中级会计师考试，就要坚持下去。相信自己的潜能是无限的，给自己信心，为了中级职称证书奋力拼搏。建议，下班后回到家，先给自己10-30的缓冲期，听听音乐或者散散步。然后再投入学习中。人是会懈怠的，懈怠会渐渐演变成放弃。所以坚持是最大的动力，每天不论时间长短，关键是学习的行动。要想收获必须先付出。问：地铁、公交上班族，最有效的学习方法是什么？答：对于上班族而言，学习的时间非常宝贵。所以充分利用所有可以学习的时间很关键。上下班的途中，可以用网校课程来听课，下载233网校APP刷题，巩固知识点，增强记忆。问：边上班边学习，如何利用教材和网课一步到位？答：利用充裕一些的时间来学习新课程，然后利用零碎的时间（比如上下班时间，短暂的休息时间）进行复习增强记忆，也可以做一些练习题，这样效果更好，尽量做到及时复习所学内容。问：底子比较差，每天只有3个小时如何合理利用网课来学习？答：制作全局式的学习计划，阶段性的学习重点，以及自我减压调整的劳逸结合。从全局来看，大体分为以下几个阶段：基础阶段：这部分所花时间最多，需要80个小时左右。打好基础很重要。以网校的精讲班为主，全面梳理教材知识点，攻克45%得分。网校题库章节练习，每日一练，帮助考试巩固学习强化阶段：这部分花时间较少，30-15小时足够。利用网校的习题班、考点预测班。攻克高频考点，预测考试方向，攻克20%得分冲刺阶段：10-20小时，以应试技巧班和模考押题班为主。名师传授得分技巧，发布考前检测和精准押题，攻克25%得分问：有没有上班族考前一个月突击最有效的方法？答：突击形式的学习可能对有些基础的学员会有些作用，通常的做法是集中在一段时间，充分的恶补有针对性的高频考点，再做相应习题，通过做题再去学习各个重要知识点。这种做法有风险，考生须谨慎选择。在还有时间学习的时候，不要给自己太多理由和借口，付出和坚持才是顺利通关的保障。备战中级会计师考试学习讲究循序渐进，希望考生通过自己的努力，都能顺利拿证!"
"这是一个新闻,新闻的关键词是长征，必读,摘要为今年是红军长征胜利80周年。1934年，中国红军正从祖国南方出发，跋涉两万五千里，到达大西北胜利会师。八十年后的今天，我们想用一组长征组图，,标题为【必读】它，是奇迹的诞生地！长征两个重大胜利都在这儿...,正文为 今年是红军长征胜利80周年。1934年，中国红军正从祖国南方出发，跋涉两万五千里，到达大西北胜利会师。八十年后的今天，我们想用一组长征组图，和你一起重走先辈走过的路，重温峥嵘记忆，探寻漫漫征途上的财经密码。今天推出的是第六卷《奇迹集中地：四川雅安》。“温馨提示：阅读长图时需要横屏，可以关闭手机自动旋转哟~” ＂马蹄声碎，喇叭声咽＂，在历史急促的行进中，这是用草鞋踏出的一段＂神一样的旅程＂。从起点到终点，求解80年前一条路上的生存之道。《经济半小时》栏目纪念长征胜利80周年特供--《长征财经密码》，10月20日至10月25日每晩9：15，请准时收看不一样的长征路。今天播出最后一集——《陕甘边革命根据地的经济贡献》。你会喜欢?【必读】这个地方不仅产国酒，还造就过更伟大的传奇！?【揭秘】上万人仅靠7只小船过江？奇迹就在这里发生了！来源：央视财经（ID：cctvyscj）文字：唐筱岚制图：张熠准备好答题了吗？快点击下方 阅读原文↓↓↓"
"这是一个新闻,新闻的关键词是新手要想不被撞  五大技巧要记牢,摘要为新手开车最容易出现慌张的现象，为了防止出现交通事故的发生，一部分新手会直接降低车速，慢慢跟在别人后面。但是，这样如果遇到堵车的话，就容易熄火,标题为新手要想不被撞  五大技巧要记牢,正文为新手开车最容易出现慌张的现象，为了防止出现交通事故的发生，一部分新手会直接降低车速，慢慢跟在别人后面。但是，这样如果遇到堵车的话，就容易熄火，所以并不可取。下面就为新手介绍上路的五大技作为参考。 第一、一档起步新手开车，最开始的速度不需要过快，尤其是起步的时候，必须是一档起步的，这样可以慢慢加速。有的新手玩家觉得一档起步可能速度太慢，所以会直接二档起步，但是这样会增加发动机的负荷对离合器并不好，所以无论你的车排量是多少，最好是一档起步。 第二、跟车距离要控制好新手上路都很喜欢跟着别人的车走，这样可以避免犯错。但是，跟着别人的车走也是有需要注意的问题，那就是距离的问题，距离跟的太近的话，容易碰撞，而太远的话，又容易造成堵车，所以最好是保持一定的车距，大概在200-400米左右，这样是比较合理的。 第三、转弯技巧新手在遇到转弯的时候，还没有进入弯道时，应该先保持直行，然后把车速降低下来，这样进入弯道会比较好转弯。但是，如果是很急的弯道，那么应该早一点就把车速降下来，降一档在进入弯道，这样会比较好。 第四、并线的时候一定要打转向灯并线的时候不能影响到别人的车行驶，所以新手如果要并线的话，那么必须提前先把你的转向灯开启，然后在并线，这样才不会影响后面的车行驶。 第五、夜间行车需要谨慎驾驶对于新手来说，夜间行车是非常不利的，不管是对路线熟不熟悉，夜间的光线不足，目标也是不清晰的，所以很不利于开车。因此，新手最好避免夜间行车，如果必须要夜间行车的话，最好是带上一位老司机一起。"
"这是一个新闻,新闻的关键词是总政治部：在党委领导工作中贯彻落实战斗力标准,摘要为中新网4月2日电据国防部网站消息，经习近平主席批准，总政治部日前印发《关于在党委领导工作中贯彻落实战斗力标准的意见》(以下简称《意见》)。《,标题为总政治部：在党委领导工作中贯彻落实战斗力标准,正文为中新网4月2日电据国防部网站消息，经习近平主席批准，总政治部日前印发《关于在党委领导工作中贯彻落实战斗力标准的意见》(以下简称《意见》)。《意见》就深入贯彻习主席重要指示要求，在党委领导工作中贯彻落实战斗力标准，以刚性措施推动战斗力标准硬起来、实起来，作出部署要求。《意见》指出，党委在部队建设中处于主导地位、起着关键作用、负有全面责任。把战斗力标准在全军牢固立起来，关键是要充分发挥党委在战斗力建设中的领导核心作用，确保战斗力标准在部队建设各个领域、各项工作中贯彻落实，确保部队全部心思向打仗聚焦、各项工作向打仗用劲。《意见》强调，各级党委要端正工作指导，深化对坚持战斗力标准重大意义、科学内涵和实践要求的认识，自觉作为工作指导上带方向性全局性的问题来把握，切实把提高战斗力作为部队建设的根本出发点和落脚点。要坚持使命牵引，紧紧扭住军事斗争准备这个龙头不放松，把准使命任务要求加强规划设计，着眼有效履行使命狠抓备战打仗落实，把各项工作往前赶、往实里抓，以军事斗争准备的深化促进部队战斗力提升。要抓住决定因素，始终把铸魂育人贯穿战斗力建设全程，牢牢把握铸牢强军之魂这个根本要求，坚持扭住培育战斗精神这个基础工程，紧紧抓住锻造打赢人才这个关键支撑，着力培养有灵魂、有本事、有血性、有品德的新一代革命军人，切实为战斗力建设提供可靠政治保证、强大精神动力和有力人才支持。要确保中心居中，切实加强对军事训练的组织领导，认真落实军事训练中心地位，坚持把军事训练作为主业来抓，突出抓好实战化军事训练，加强训风演风考风监督监察，不断巩固和提升部队战斗力。要加强科学统筹，统好各项工作，统好力量资源，统好大项活动，推动各项建设和工作向能打胜仗聚力、为提高战斗力服务。要树起鲜明导向，按照打仗要求选人用人，以对战斗力贡献率检验工作，树立练兵备战光荣的良好风尚，形成有利于提高战斗力的舆论导向、工作导向、用人导向、政策导向，激励官兵人人思打仗之责、干打仗之事、强打仗之能。要提高党委班子的指挥能力，坚持强军先强将、练兵先练官，从自身抓起严起，从装备入手技术切入，不断增强领导信息化作战和训练的本领，做到平时能组织部队练精兵、战时能指挥部队打胜仗。此外，《意见》要求，各级党委要切实肩负起在坚持战斗力标准上的重大责任，紧紧围绕提高战斗力筹划、指导和展开工作，对有利于战斗力提高的工作一抓到底，对制约战斗力建设的矛盾问题聚力破解，真正使坚持战斗力标准成为党委领导工作的基本原则、各级抓建部队的工作常态，推动战斗力建设不断取得新突破、实现新发展。"
"这是一个新闻,新闻的关键词是[沈阳]凯迪拉克XT5最高优惠3万,摘要为促销时间：2016.10.13-2016.10.20【搜狐汽车沈阳站】日前，搜狐汽车沈阳编辑从沈阳市凯迪拉克经销商（辽宁鑫卡迪汽车销售服务有,标题为[沈阳]凯迪拉克XT5最高优惠3万,正文为促销时间：2016.10.13-2016.10.20【搜狐汽车沈阳站】日前，搜狐汽车沈阳编辑从沈阳市凯迪拉克经销商（辽宁鑫卡迪汽车销售服务有限公司）处了解到，店内凯迪拉克XT5火热开售，购XT5部分车款优惠3万元，现车充足。感兴趣的朋友可到店咨询详情。具体车型优惠政策如下：凯迪拉克XT5 厂商指导价 直降 现价 现车情况 询价25T 技术型 35.99万 ↓3万 32.99万 现车充足25T 豪华型 38.99万 ↓3万 35.99万 现车充足28T 四驱技术型 37.99万 ↓3万 34.99万 现车充足28T 四驱豪华型 41.99万 ↓3万 38.99万 现车充足28T 四驱领先型 47.99万 ↓3万 44.99万 现车充足28T 四驱铂金版 53.99万 ↓3万 50.99万 现车充足制表：搜狐汽车沈阳站查看更多降价信息请进 降价栏目首页 车型介绍：凯迪拉克XT5作为SRX的继任车型，在传承凯迪拉克钻石切割设计风格的同时，进化出迎合当前消费者喜好的新美式都会风范，全新设计的犀利线条兼具美式传统的厚重和新兴的科技未来感。内饰的精致感和配置水平方面，凯迪拉克XT5更是完全超越现款SRX车型，和同级别德系对手相比也显得非常厚道和大方。动力方面改为更适合中国国情的2.0T涡轮增压发动机，变速器升级为8AT，这些转变都表明凯迪拉克XT5是一款很认真研究中国消费者喜好和需求，进而主动迎合市场变化的产品。编辑点评：XT5是一款有很强产品力的车型，而实现国产更是让XT5具备了以往不具备的价格优势。预计它将成为未来一段时间凯迪拉克品牌最热销的车型，也将担当起凯迪拉克品牌在中国市场扩张和发力的核心力量。"
"这是一个新闻,新闻的关键词是第001集：简笔手绘哆啦A梦，陈陈一一家教你学画画！,摘要为第001集：简笔手绘哆啦A梦，陈陈一一家教你学画画！,标题为第001集：简笔手绘哆啦A梦，陈陈一一家教你学画画！,正文为第001集：简笔手绘哆啦A梦，陈陈一一家教你学画画！"
"这是一个新闻,新闻的关键词是京城家居产业转移:老厂大转型,摘要为站在星立方四层正在装修的300平方米办公室里，在电锯切割墙面的轰隆声中，郑海峰心里踏实了：工厂搬迁离京后，这里将成为绿盾中天门窗的新总部。在,标题为京城家居产业转移:老厂大转型,正文为 站在星立方四层正在装修的300平方米办公室里，在电锯切割墙面的轰隆声中，郑海峰心里踏实了：工厂搬迁离京后，这里将成为绿盾中天门窗的新总部。在京城家居产业转移的大背景下，对许多自诞生以来便把京城当成主要市场的品牌来说，如何利用空出来的老工厂，成为一个不能回避的大课题，一场老厂转型潮随着工厂的外迁也随之掀起。重建的总部郑海峰是绿盾中天门窗董事长，他经营的企业是北京家居行业协会旗下门窗专委会中首批入会的两家门窗企业之一。看着热火朝天的装修场面，郑海峰告诉北京商报记者，这是一个带有文化创意味道的新型办公基地，层高可达7米，可以极好地展现门窗产品的气派，连斜屋顶、阳光房都可以在这里建立体验间，今后合作伙伴来这里喝喝茶、聊聊天，就可以把产品给看了，那档次可比原来郊区工厂要高不知多少倍呢。与郑海峰还在装修办公室相比，于泓却是捷足先登。于泓是北欧艺家董事长，做的是实木家具。他同样选择了星立方作为新的公司总部，10月23日，经过6天的忙碌，董事长助理小张带着20多个同事终于完成了搬迁工作，星立方三层的新办公室门上，贴出了设计部、企划部、财务部、办公室和业务部五大部门的招牌。“比起在郊区的老厂房，这里整体环境设施比较完善，物业方面服务不错。” 于泓表示。与北欧艺家一墙之隔的便是意风家具的新总部，这个北京家具品牌的领袖企业，在这里布置了500平方米的办公室，装修已经完成，随时可以入驻。红砖砌就的墙面，青铜扣装饰的实木桌，几本外籍书随意地码放在白桦木书架上，从透明落地窗即可看到的会客室，透着时尚前卫范儿，与星立方所在的年轻白领聚集地朝青商圈保持着默契的一致性。星立方是从红星美凯龙东五环店分割出来特意打造的创意式办公空间，集文化艺术、创意设计、家居设计、电子商务于一体。这里的一个办公空间层高5-7米，户均300平方米以上，超前的装修和通透的设计让品牌实现开放式协同办公。东可目触通州，西可眺望国贸，文艺气息浓厚的中国传媒大学西校区近在眼前，仅是“CBD后花园”朝青商圈这一地理位置，就为品牌未来的发展提供了更多可能性。2016年6月，星立方刚正式亮相便成为家居企业抢夺的对象，在这里建新总部，一时成为已经或即将搬迁的家居企业的首选。老厂的妙用选择星立方这种创意办公空间建立新总部，意味着那些企业在完成搬迁之后，就要与原来的工厂说拜拜了。然而，事情远没有把房子退给房东那么简单。 已经将工厂搬到天津永清的龙鼎天著木门董事长韩建军原来在北京租有三栋厂房，如今虽然不再在这里生产了，但还有很多事情必须在这里完成，比如他做的木门属于定制产品，需要设计、量尺、安装、售后等一个庞大的服务系统。“我留下了一栋厂房承接这些服务。”韩建军说，彻底和老工厂告别还需要一定的时间。“北京各个行业都在进行产业输出，老工厂很难盘给其他工厂，只能闲置或租给物流公司，但工厂的施工设计又不符合物流厂商的标准。”在环渤海家居产业园牵头人黄赤淳看来，那些拥有土地产权或使用权的家居企业，如何处理老工厂是个让人头疼的难题。老工厂仅作为仓储和安装中心明显有些大材小用。于是一个个运用老工厂的妙招应运而生：伯艺木门董事长王显在老工厂建立了一个创意产业基地，除了自己做产品展示以外，还向一些文化创意产业企业提供办公空间；东方百盛在通州的工厂部分腾空后，总裁邵贤强将它改造成一个大型展厅，将从板式到实木、定制的全系列产品完整地呈现出来，并结合通州旅游资源，以互联网集客为依托，做起了文化旅游、优惠酬宾的买卖；挪亚家早在多年前就在东莞建立起备用生产基地，如今彻底完成了产业转移，董事长陈志军潇洒地将其变成了绿地，在这里悠闲地种着花草……留下的“灵魂”韩建军在天津永清全新的办公楼里，给自己设计了一个相当气派的办公室。2016年国庆之后，当北京商报记者造访这里时，发现这个办公室成了个“半拉子”工程，墙面上原本嵌入的木作没有完成；围绕着办公室的几个房间，则是刷了一部分墙就搁下了。“当初我想在这里办公，旁边就是人力资源部、销售部、财务部和培训学院，可装修开始后我忽然觉得，北京才是我们的主战场，我们的主要部门还必须放在北京。”韩建军摆摆手，有些不好意思地说，“我现在还没想好这里做什么呢！”重新选址总部、重新定位工厂，在京城家居转移的大潮冲击下，京城家居企业正急遽转型，但紧紧抓牢京城市场的策略从未动摇。不符合首都功能定位的生产职能，是可以舍弃的“躯壳”，搬迁至河北、山东、江苏、天津等地并不困难，而品牌、运营、营销、设计、创意等部门作为一个企业的“灵魂”，则必须留在京城这块肥沃而前卫的土地上。在家居企业新的“灵魂栖息地”中，荣麟家居选择的751艺术中心颇为独特。四层是一处宽敞的露台，竹藤椅三三两两摆放着，火柴状的细长灯体环绕四周。荣麟家居将品牌部和创意设计部设置于此，艺术氛围浓厚的艺术中心为设计师提供充沛的家居设计创意，而后经过设计软件加以操作，成为远在千里之外的荣麟家居临沂工厂生产线上一位工人手中的图纸，数天后，一批能体现最新潮流的家具将搭乘公路运输回到北京。在北京开设工厂的品牌，大多像荣麟一样主打北京市场，份额往往要占到一半甚至更多，这让每一个撤出京城的家居企业都不得不考虑如何巩固自己的市场地位。厂房可以建，工人可以招，但核心管理人才和创意人才却是搬出北京后的新工厂难以解决的。“北京是一个国际化大都市，是探知国际流行信息的触角，也是国内尤其是北方市场设计潮流的引领地，把品牌、营销这些部门留下来，可以随时根据市场的需求变化调整产品和市场策略，因此老工厂用与不用并不重要，最重要的是北京必须有一个体现企业‘灵魂’的总部。” 一位业内人士分析称。"
"这是一个新闻,新闻的关键词是温州男子患上“嗜血症” 每天靠输血维持生命,摘要为32岁的温州人阿明（化名）平静地躺在病床上输液，很消瘦，神智是清醒的。20多天前，他开始持续高烧，最高时体温一度达到40多度，至今还没降下来,标题为温州男子患上“嗜血症” 每天靠输血维持生命,正文为32岁的温州人阿明（化名）平静地躺在病床上输液，很消瘦，神智是清醒的。20多天前，他开始持续高烧，最高时体温一度达到40多度，至今还没降下来。他得了一种怪病，每天要输一袋血才能活下去。温州的微信朋友圈里，还转发着求助消息：“阿明患上嗜血症，每天需要一袋A型血小板，一旦停止生命就有危险！”许多人看到之后，联系家属愿意献血。因为阿明的病情特殊，住院部的医护人员对阿明的情况都非常了解，“他现在情况并不好，很脆弱，情绪也容易波动。”这到底是一种什么样的病？真的需要每天输血才能活下去吗?昨天下午，钱江晚报记者赶到阿明所在的医院。1、他真的“嗜血”吗？每天输200毫升血小板，不然就会大出血阿明的主治医生陈彦凡告诉记者，根据目前的诊断，阿明患的是嗜血细胞综合征，“这种病会引起患者体内的血小板过低，往往导致患者因出血、感染、休克、多脏器衰竭而死。”这是一种很少见的病症，致死率非常高。陈彦凡说，阿明到医院治疗时，因为血小板急剧降低，只有正常人的十分之一左右。现在，阿明每天需要输入200毫升的A型血小板，以防止因凝血功能下降而出现大出血。目前，医院里所用的血小板都是来自血库的，由专业人员在血液中提取。2、他为什么“嗜血”？身体里的“吞噬细胞”出了问题目前为止，阿明的发病原因还不清楚。不过，陈彦凡说，像阿明这种病，属于人体中的“吞噬细胞”出了问题。事实上，“吞噬细胞”是一把双刃剑。一方面，它们像清洁工一样吞噬入侵的细菌和机体的衰老细胞，清理对人体有害的物质，保护人体；另一方面，如果其过度活跃，就会不分敌我，将人体有用的细胞一并吞噬，严重的会对人体组织、器官一点点侵蚀，造成一系列损伤，导致大出血、肝功能衰竭、呼吸衰竭等严重后果。3、他怎么会得“嗜血症”？有的是遗传，有的是感染引发的嗜血细胞综合征这种症状，可分为原发性和反应性。也就是说，有可能是人体自身的细胞出现病变产生的疾病，也可能是因为某种感染或肿瘤，形成吞噬细胞增多，导致疾病的发生。一般来说，原发性的患者，很可能是遗传而来的、因为70%这样的患者，会在1岁以内发病，甚至可能在出生前发病，出生时就有相应的表现；而反应性的患者，也多发生在儿童身上，发病时，会持续高烧，肝、脾和淋巴结肿大。陈彦凡说，根据目前的诊断来看，阿明的家族并没有这种疾病的家族史，阿明患病的原因很可能是由于自身感染导致的。相关专家告诉钱江晚报记者，从目前的研究来看，这种疾病并没有传染性。4、输血是救命的唯一办法？其实光靠输血，治标不治本主治医生介绍，要治愈阿明的病，光靠输血是不行的。“这只能暂时维持他的生命体征，并辅助我们对他进行进一步的治疗。比如，我们会通过一些激素治疗，让他的吞噬细胞得到有效控制。”尽管每天都在输血小板，但阿明还在发烧，已经出现呼吸乏力等症状。钱江晚报记者了解到，嗜血细胞综合征的发病率是百万分之一，其发病率低，在医学上治愈的概率也很小。"
"这是一个新闻,新闻的关键词是徐州网页设计经验和技术能力比较重要,摘要为综合分析一定的能力建网站公司较多提供的技术或服务是不同的，建网站的预算也是从几百到几千左右的，差距很大，选用单位的时候没有说一定就要选择高费,标题为徐州网页设计经验和技术能力比较重要,正文为综合分析一定的能力建网站公司较多提供的技术或服务是不同的，建网站的预算也是从几百到几千左右的，差距很大，选用单位的时候没有说一定就要选择高费用的，还是要综合比较。徐州网站制作哪家好，众人在挑选的时候先会了解上面的这些标准，进行综合比较，选出最合适的的单位。徐州网站设计优化，实现自己的官方网站是眼下许多企业中需要的一个环节，拥有官方网站可以更好的构造自己的营销网络，有助于增加官网产品品牌人气，减少推广投入，增多销售额，再一个又可拉近和客户的距离，所以建设一个出色的网站是有很大的必要的。徐州网站优化的公司和集体有非常多，初次搭建的朋友可能有些盲目，应该参考后面的依据来进行挑选。看网页设计经验和技术能力可否设计一个好官网，和设计工作室的经验和能力有特别大关联的，通过相当经典的建网站案子可基本了解徐州网站优化公司的综合专业技术实力和策划水准。会观察案子质量高不高，是不是周到的展现企业所需，存不存在常识性疏漏等等来分别集团的专业技术能力。能不能有标准的网站制作工作室徐州网站建设建设的水准和网站设计团队的实力干系相当大的，包括早先清楚客户需求，了解建网站攻略，网站设计和设计，交付和后期运营等等，在初期沟通中会多观察员工的专业性，看能不能专业化，服务态度等。"
"这是一个新闻,新闻的关键词是厦门一工人清理大豆斗仓时发生意外 不幸身亡,摘要为据海峡导报：【厦门一人命丧大豆斗仓】今天中午11点半左右，在厦门东渡码头，一工人进大豆斗仓清理时，不慎陷进去。2小时后，该工人被拉出斗仓，但,标题为厦门一工人清理大豆斗仓时发生意外 不幸身亡,正文为 据海峡导报：【厦门一人命丧大豆斗仓】今天中午11点半左右，在厦门东渡码头，一工人进大豆斗仓清理时，不慎陷进去。2小时后，该工人被拉出斗仓，但已经无生命体征。"
"这是一个新闻,新闻的关键词是监拍女司机和加油站女工吵架 开车离开10秒掉头将女员工撞死,摘要为监拍女司机和加油站女工吵架开车离开10秒掉头将女员工撞死,标题为监拍女司机和加油站女工吵架 开车离开10秒掉头将女员工撞死,正文为监拍女司机和加油站女工吵架开车离开10秒掉头将女员工撞死"
"这是一个新闻,新闻的关键词是广东海盗,摘要为与福建海盗的衰落成对比的，是广东海盗势力的扩大。在此将试就广东海盗如何扩展势力加以探讨。开埠后广东海盗势力的扩大与欧美人有关。自开埠前便与欧,标题为广东海盗势力的抬头,正文为与福建海盗的衰落成对比的，是广东海盗势力的扩大。在此将试就广东海盗如何扩展势力加以探讨。开埠后广东海盗势力的扩大与欧美人有关。自开埠前便与欧美人有接触的广东人，引入了欧美优越的技术和装备。例如，前述广东海盗张十五所乘坐的船舶安装了广东式的装备，配备36门火炮，并用类似英国船的方式铺设铜板。此外，1858年9月在湄州捕获的广艇等船舶所配备的12～18磅炮乃是英国所制。当时在中国沿海活动的中国海盗所用的武器，有刀枪和投掷式的恶臭弹（stink pot）、烧夷弹及火炮。火炮的优劣在与其他集团的竞争上极为重要，故广东海盗在装备方面无疑比其他集团占优势。欧美人不仅为广东人提供技术和装备，还会搭乘广东海盗的船只。1860年7月在湄州附近遭扫荡的海盗船有英国人和德国人搭乘，欧美人搭乘海盗船的事例不在少数。这很可能是失业的欧美人海盗化的缘故，且连洋行雇用的人也可能从事海盗活动。此外，葡萄牙船也会与广艇共同进行海盗活动，1853年4月在浙江省温州府平阳县的北关，有6艘广艇和1艘悬挂着葡萄牙国旗的老闸船袭击了英国船等。1857年英国海军巡防舰Sampson号在湄州附近捕获了一艘挂着葡萄牙国旗，与广艇一同从事海盗活动的老闸船，此船为葡萄牙籍。而广东海盗有时亦会伪装成欧美船只。当时经常有人指出海盗船利用英国国旗之事。1854年在福建省福宁府的三都澳，6艘广艇袭击了一艘英国的老闸船；根据老闸船船长的证言，其中一艘广艇上有美国人，且悬挂美国国旗。除伪装成欧美船只外，与官员无关的广东海盗还会伪装成中国的官船或军船，如1846年自一艘在香港被捕的海盗船上发现了官船和提督的旗帜。借由此种伪装船籍的方式，或许能在某种程度上躲过英国海军的扫荡。广东海盗还会穿着西洋人的服装来威吓对方，船员也会一同伪装。对广东海盗而言，与外国人维持上述关系可保有安全的根据地。1851年11月5日浙江巡抚常大淳向咸丰帝奏禀扫荡沿海的广东、福建海盗之事，对于海盗的根据地有如下陈述：并闻该匪等销赃聚会，俱在广东香山县之澳门、香港，及浙江之石浦、温州等处。其船内多带私货，难保不伪为商船，赴各处口岸销售。其中，澳门和香港是广为人知的广东海盗根据地，前述欧美人与广东人的接触大多也是在这两地进行的。同样受到注意的是浙江的石浦和温州，也许是位于通商口岸宁波与福州之间，故以通商口岸为基地的英国海军较不易进行扫荡。另外，当地的清朝当局力量薄弱应也是其成为海盗根据地的原因。通商口岸宁波亦成为广东海盗的据点。同样，位于福州和厦门之间的湄州屿附近，亦是海盗的重要根据地。这些地区海盗活动的活跃，表明海盗根据地闽南地位的低下。 除了上述的主要原因之外，利用与清朝官员的关系亦是广东海盗势力扩大的重要原因。如前所述，深沪湾事件发生后，英国领事列敦从一开始就怀疑深沪湾的海盗与翁姓船主所搭乘的澳门船有关系。1849年10月列敦在给文咸公使的报告中叙述，受两广总督之命及福建水师提督的委任负责讨伐海盗的黄富兴，在深沪湾事件中袒护海盗的可能性极高 ( 英国方面虽将他拘禁，但厦门当局明知他是海盗却仍将他释放)，并指出广东海盗与清朝官员有勾结。此勾结的形成背景在于，该时期的水师之首福建水师提督为广东人。前述海盗出身的窦振彪自1841年起任福建水师提督约9年，他是广东省高州府吴川县人；1850年继任的郑高祥亦是潮州人。他们与广东海盗有关系的可能性极高，1858年8月英国代理副领事马理生（M.C.Morrison）指出，福建水师提督为广东人，与广艇舰队指挥官有关系。反言之，广东人进入福建水师极有可能与福建沿海广东海盗势力的扩大是联动的。1859年4月至厦门赴任的兴泉永道陈维汉亦是广东人，以前曾在福州担任贩茶的经纪人，其后组织乡勇对抗进入福建的太平军，并带领乡勇至厦门。这也许并非出于偶然。这些广东海盗在镇压前述厦门小刀会和太平天国的叛乱时极为活跃。此外，19世纪50年代初之前，各地雇用广艇以应对海盗；福建亦自1854年开始在福州雇用4艘重武装的广艇。而在厦门，由于福建水师能力低下，小刀会之乱平定后开始雇用广艇来镇压台湾海峡的海盗（小刀会余党的势力）。1854年9月18日兴泉永道照会英国领事巴夏礼，针对海上不宁之事，说明因水师的休整未完成，故命洋商职员卢广宏让11艘广艇到厦门负责巡洋、扫荡，请英国军舰勿误认而发动攻击。这些广艇的活动与广东商人不无关系。巴克斯领事认为，在厦门雇用的广艇乃是通过厦门英国洋行的翻译或买办在广州雇用、派遣来的。英国领事馆的翻译官温思达（C.A.Winchester）对广艇的雇用背景有如下叙述：众所周知，兴泉永道所雇用的广艇是由Awoon租借给地方政府的。Awoon自身除经营相当规模的商业之外，亦是合记洋行（F.D.Syme Co.）公认的兑换商。由此可知，广艇是通过英国洋行的买办Awoon雇用的；这也显示，开埠后广东人作为买办在沿海地区势力的扩大，造成了广东海盗势力扩大。如此雇用来的广艇，企图借由担任官方任务来扩大贸易路线，与广东商人利害一致的可能性极高。通过这些商人，广东海盗能在通商口岸自由进出；这一点与福建海盗大不相同，福建海盗一直与在通商口岸活动的福建商人处于对立的状态。再者，广东海盗专门袭击泉州戎克船，福建商人很可能是因此被排除在华南沿海航路之外。广东海盗的这种活动，应是五口通商后广东人在沿海地区的通商口岸比福建人占优势的原因之一。广东海盗一边利用上述与外国人和清朝地方官员的关系，一边确保安全的根据地，以通商口岸为基础，活动范围逐渐扩展到整个沿海地区。特别是广东海盗在福建海域的全面性进出，在鸦片战争以前是很难想象的。而进出福建的广东海盗又与当地的福建海盗结盟。再者，以往在福州负责护卫商船的是水师战斗用的戎克船，但广艇也开始担任护卫，福州的货船雇用广艇充当护卫，其势力由此扩大。厦门的清朝官员对英国领事罗伯逊指出，广艇的舰队向所有经过的戎克船课税，甚至试图加以捕获；由此亦可窥知广东海盗欲控制福建沿海的企图。那么，广东海盗势力的扩大又招致何种事态发生呢？"
"这是一个新闻,新闻的关键词是2015公务员考试：论证题的“偷换主体”,摘要为判断推理是行测的重要部分，论证类题型是判断推理的重要题型。怎样备考论证类题型呢?从较为学术的角度搞清楚整个论证型题目的根本是必要的，即掌握已,标题为2015公务员考试：论证题的“偷换主体”,正文为判断推理是行测的重要部分，论证类题型是判断推理的重要题型。怎样备考论证类题型呢?从较为学术的角度搞清楚整个论证型题目的根本是必要的，即掌握已经总结的适用于行测考试的论证的基本知识点，以此为基础大量练习真题，以实现快速高效解题。简而言之，论证的三个结构包括：论点、论据和论证方法。对于论证题目，无论是加强型，还是削弱型，必针对三个结构，进而，甄别出选项的强弱之最。论证类题目的解题步骤，分三步走：第一步：读题目，看结构。根据题干信息，分析得到论点，论据以及论证过程。第二步：看选项，对结构。分析四个选项，根据第一步得到的论证结构确定选项的论证方式。第三步：找答案，分强弱。比较各选项的程度，从而选择最佳答案。论证题目的常规考点，是有章可循的。考生通过一定的理解、练习和总结，得分是完全没有问题的。在国考中，“偷换概念”是必考的常规考点。“偷换主体”也属于一种“偷换概念”。下以2013年国考为例，通过例子讲述。2013-国家-106.研究显示，在115摄氏度下，将甜玉米分别加热10分钟、25分钟和50分钟后发现，其抗自由基的活性分别升高了22%、44%和53%，因此，加热时间越长的玉米，抗衰老的作用越好。以下各项如果为真，无法削弱上述结论的是( )。A.加热65分钟后，玉米抗自由基的活性反而降低了B.与甜玉米相比，糯玉米在加热相同时间后，其抗自由基的活性增高的幅度很小C.甜玉米是玉米中比较少见的一种，不具有代表性D.对于玉米来说，并非是抗自由基的活性越高，其抗衰老的作用越好【答案】B【解析】读题目，看结构。论点是加热时间越长，抗衰老的作用越好。论据是甜玉米加热后，抗自由基活性提高的研究，论证过程是用论据直接证明了论点。看选项，A选项，再加热，并非活性提高，削弱了论证;B选项，糯玉米在加热后也能够提高抗自由基的活性，为无关项，予以排除;C选项，质疑论据里选取的样本的典型性，削弱了论证;D选项，论据提到的是“抗自由基”，而论点是“抗衰老”，在这里直接否定的是两者的联系，拆桥。"
