content
"这是一个新闻,新闻的关键词是最搞笑的导游，狂暴经典语言,摘要为最搞笑的导游，狂暴经典语言,标题为最搞笑的导游，狂暴经典语言,正文为最搞笑的导游，狂暴经典语言"
"这是一个新闻,新闻的关键词是老司机也没有信心了？ 四家基金现超长发行期产品,摘要为■本报记者刘庆华与机构定制基金的热销相比，部分公募基金产品在发行市场上却疲态日显，其中一个重要的指标是，认购期限越来越长，部分基金甚至把三个,标题为老司机也没有信心了？ 四家基金现超长发行期产品,正文为■本报记者刘庆华与机构定制基金的热销相比，部分公募基金产品在发行市场上却疲态日显，其中一个重要的指标是，认购期限越来越长，部分基金甚至把三个月的法定认购期限几乎用完，泓德旗下基金泓德裕祥即是其中一例。除此之外，嘉实、富国、广发等大公司也同样出现这样的问题，募集期近3个月。10月已现跨年发行基金日前，泓德基金发布公告显示，旗下新产品泓德裕祥债券基金自10月17日开始发行，发行截止日期则为2017年1月10日，这是今年以来首只将跨年发行的基金，认购期接近3个月，长达86天。根据《公开募集证券投资基金运作管理办法》规定，基金募集期限自基金份额发售之日起不得超过三个月。泓德裕祥债券基金几乎将发行期限用完。根据公告，泓德裕祥债券投资于债券资产占基金资产的比例不低于80％，还可投资于A股股票等，属于混合债券型二级基金。基金经理李倩自去年12月开始管理公募基金，基金经理年限不足1年，包括泓德裕祥债券在内，合计管理8只基金，其中5只为债券型，2只混合型，1只货币型。其中4只由李倩与其他基金经理共同管理，今年7月开始，李倩开始单独管理基金，目前已累计单独接手4只基金。一拖多较为严重。泓德基金是业内首家自然人作为发起人之一的公募基金管理公司，在设立之初就备受业界关注。作为2015年3月才成立的基金公司，泓德基金在发行产品方面显得非常积极。截止目前，泓德旗下已有11只已成立的基金，其中7只于2015年成立。此外，泓德基金还有3只产品同时在发，除了泓德裕祥债券以外，还有泓德泓华混合、泓德裕和纯债基金。这两只基金的发行期限分别在一个月和一个半月左右。人才方面，泓德基金总共拥有5名基金经理，人均管理基金只数在业内处于正常水平。不过，如果按照目前的发行节奏来看，未来泓德基金难免将遇到人才“吃紧”的状况。嘉实、富国、广发也现超长募集由于今年以来A股市场不给力，公募基金发行也较为疲软。上半年除了保本基金发行火热，下半年机构定制基金不愁卖以外，普通公募基金的发行有点力不从心。除泓德裕祥债券以外，下半年以来超长募集期的基金不少。例如，8月25日前海开源祥和开始认购，募集期限至11月22日，目前仍然在认购中，认购天数达到90天。不仅小公司出现超长募集期，大公司也遭遇了这种情况。嘉实旗下两只基金募集期也较长。嘉实优势成长自9月9日开始募集，募期截止日期为11月25日，嘉实物流产业自9月30日开始募集，募集最后截止日期为12月16日，两只基金的认购天数均达到78天。前者为灵活配置型基金，后者则是普通股票型。值得一提的是，去年开始，股票型基金由于股票仓位下限为80%、操作限制较大，不少基金公司将股票型基金转型为混合型基金，且不再发行股票型。今年下半年以来，仅有12只股票型基金发行，嘉实就占据两只，可见嘉实基金在布局方向上仍然没有放弃这类基金。此外，富国两年期理财基金的发行期也达到88天，该基金发行期限自9月5日至12月1日。广发集安债券发行期自10月21日至2017年1月20日，累计92天。大公司和小公司都同样面临基础市场不景气的困境。 来源:《金融投资报》 http://jrtzb.com.cn/邮发代码：61-146（周末证券） 61-102（限四川地区，全套）"
"这是一个新闻,新闻的关键词是[统计]工业集团类公司市场表现(20150326),摘要为@名称代码收盘价日涨跌周涨跌月涨跌季涨跌中国宝安00000916.190-0.12%-2.53%8.37%25.02%ST生化0004030,标题为[统计]工业集团类公司市场表现(20150326),正文为@名称代码收盘价日涨跌周涨跌月涨跌季涨跌中国宝安00000916.190-0.12%-2.53%8.37%25.02%ST生化0004030.0000.00%0.00%0.00%4.93%高新发展00062811.700-2.82%-2.58%17.94%31.91%大冶特钢00070812.440-0.96% -1.58% 20.31% 21.25%山大华特 000915 39.010 8.66% 11.78% 22.90% 37.84%华工科技 000988 15.460 -2.28% 3.20% 20.78% 18.47%巨星科技 002444 16.860 -3.21% 4.59% 20.69% 35.97%@平均值 -- 18.610 -0.10% 1.84% 15.86% 25.05%@名称 代码 收盘价 日涨跌 周涨跌 月涨跌 季涨跌"
"这是一个新闻,新闻的关键词是分享做手机网站优化的几个重点知识,摘要为对于SEO工作者来说，他们已经掌握了电脑网站的优化技术和技巧，操作起来会很方便。但是，随着移动互联网的崛起，面对手机网站优化却是一个值得我们,标题为分享做手机网站优化的几个重点知识,正文为对于SEO工作者来说，他们已经掌握了电脑网站的优化技术和技巧，操作起来会很方便。但是，随着移动互联网的崛起，面对手机网站优化却是一个值得我们深入研究的话题，两者如果做到位后，那网站的效果就会更好。在今天廊坊网站制作的工作人员，将自己总结的一些关于手机网站优化知识分享给大家做参考，以下是详细的内容。首先要考虑用户在浏览网站时避免使用过多的流量，如果网站上有视频和大量的动画和图片，那么手机打开时就会造成速度过慢，流量使用过大。解决的办法就是，尽量减少这些元素的出现，给用户浏览时减负，避免流量的流失。其次要设置合理的URL，我们要避免使用重复的域名作为手机网址，这样会造成权重的流失，最好设置一个不一样的，比如前面设置WAP或者3G这样的前戳，这样在发布更新信息的时候就会将权重集中在一个网站上。接下来要做好页面的细节优化，与PC端的网站标题、关键词、描述尽量区分开，这样有助于手机网站效果的提升。站内如果出现死链接，就需要及时的处理掉，以免影响后期的优化效果。最后要做的就是将网站代码精简，移动网站我们可以理解成一个微网站，在微网站的基础上，我们没必要把网站做的如此复杂，所以在代码上能够简洁就简洁，这样搜索引擎抓取更快捷，用户浏览也更方便。原创文章出自畅想网络，转载地址：http://www.e-wkj.cn/xw/2293.html"
"这是一个新闻,新闻的关键词是张嘉佳，编剧,摘要为策划|万国作者|杨莲洁今年有两位作家分别有两部作品跟电影结缘，一位是刘震云，另一位就是张嘉佳。根据张嘉佳原著小说改编，由他本人担任编剧的电影,标题为张嘉佳：写作是骑单车，编剧是坐地铁,正文为策划|万国作者|杨莲洁今年有两位作家分别有两部作品跟电影结缘，一位是刘震云，另一位就是张嘉佳。根据张嘉佳原著小说改编，由他本人担任编剧的电影《从你的全世界路过》（以下简称《全世界》，下图为剧照）于9月30日国庆档上映，而另一部也是根据他原著小说改编，由他自编自导的《摆渡人》将在今年年底上映。 值得一提的是，这两部电影其实取材自他的同一本书——《从你的全世界路过》，邓超和梁朝伟演的其实都是书中主角陈末的化身；张嘉佳在这两部电影里的主要合作对象也很特别——《全世界》的导演张一白是他的好友，而《摆渡人》的监制王家卫是他的偶像和恩师。张嘉佳从他自己编织的文字，游弋到影像世界的彼岸，变换着不同的身份，正像是一个“路过全世界的摆渡人”。接受记者专访时，这位号称从小没有电影梦想的作家念诗一般一本正经地说：“《从你的全世界路过》，一部电影，七种人生，所有的爱情，万家灯火……”两位队友 ：张一白是好友，王家卫是严师虽然曾凭借《刀剑笑》拿到过第48届台湾电影金马奖最佳改编剧本提名，张嘉佳却说自己是一个从小就没有电影梦想的人。“所以也没有情怀可以卖，这让我跟很多人比起来天生就有劣势，因为不能说我从小就立志要拍电影啊，不能让大家没看电影之前就哭啊。我的梦想就是吃得好玩得好过得好。”张嘉佳坦言，做《刀剑笑》的编剧纯属偶然，只因那部电影的制片人是自己的大学同学，导演是乌尔善，而自己当时对做电影毫无热诚。直到偶像王家卫找上门要跟他一起合作，张嘉佳才找到了做电影的动力，而且很强烈。另一位“队友”张一白，则是张嘉佳为《全世界》“钦定”的导演，因为“他了解我，拍起来没门槛”！对比两位“队友”，张嘉佳眼中的张一白是了解自己的好友，王家卫则是在后边不断鞭策自己的偶像兼老师。“《全世界》的剧本写完之后我去做《摆渡人》，但一直在想找谁来导《全世界》，当仁不让是张一白。毕竟我们的私人交情摆在这里，每天在一起胡吃海喝的。其他导演拍我这个剧本需要重新理解，有很多坎儿要过。而且张一白的能力强，只要他不只想着挣点钱，做出来的电影都是不错的，像《开往春天的地铁》什么的也是曾经影响过一个时代。”王家卫呢？“是我最喜欢的偶像，梁朝伟是我最喜欢的演员，《东邪西毒》是我大学最喜欢的电影。我编剧能力的提升，对电影怎么拍的理解，师承都是来自我的老师王家卫。”张嘉佳直言，他写《全世界》剧本的时候，完全贯彻了自己对故事结构的理解。而做《摆渡人》的时候，就像王家卫一直拿着鞭子在后面鞭策，“我说一百分，他觉得要一万分。没有遇到这么严厉的老师，高考老师都没有这么严厉。” 两个陈末： 邓超是好演员，梁朝伟是伟大对于《全世界》这部电影，张嘉佳是这么介绍的：“一部电影，七种人生，所有的爱情，万家灯火……一个故事七个人物，而且是齐头并进的，这不是拼盘电影。拼盘电影太不需要技巧。” 张嘉佳称自己喜欢写群戏，做剧本的时候不会对角色做高低的区分。不论《全世界》和《摆渡人》，里面都有大量的主人公，“我就是要让每一个主人公都要做到有光芒”。 虽说角色没有高低之分，但看过小说的读者会自动认为陈末是男主角。《全世界》里的邓超和《摆渡人》里的梁朝伟，演的可以说是同一个角色。张嘉佳透露，《全世界》的演员名单是他跟张一白商量着定的。他们一致认为，陈末的理想人选只有两个，先找邓超聊聊，他同意了，就是他了。“我第一次探班见到邓超，就觉得张一白选人太靠谱了。邓超在剧组里穿鞋的方式，不管拍戏没拍戏，跟我是一模一样的（趿拉着穿），而在探班之前邓超没有见过我。”《全世界》里的陈末，经历过情感上巨大的创伤，但他的工作偏偏又是安抚所有人的情感。张嘉佳说，电影剪出来的第一版他去看了，当场看哭，出来就跟张一白讲：“这电影成了。”还不忘大力夸一句：“超哥演得很好！”另一个陈末，也就是由他自己最喜欢的演员梁朝伟扮演的陈末，张嘉佳评价说：“嗯，梁朝伟演得很伟大！”两种方式 ：写作是骑单车，编剧是坐地铁张嘉佳当初在微博上发表的“睡前故事”火了之后，出版了《从你的全世界路过》，年销售量400万册，创下单本小说历史纪录。《全世界》电影里的情节和小说里有很多完全不一样，气质却一脉相承。“这是我重新开辟出来的主线故事。”张嘉佳如此解说，“原作者做编剧就是这样，你写什么都是原著。”而这也正是张嘉佳最为自傲的一点：打通了作家和编剧之间的壁垒。张嘉佳表示，他在写《全世界》这部书时，就用了编剧的技巧和能力。“短短3000字，要完成一个故事，要有几个让你记住的画面和场景。这样的故事拿到陈国富、王家卫手里，稍微做调整就是电影的大纲了。所以，最早来找我的是影视界，不是出版界。”当然，写小说和写剧本还是有差别的。“《全世界》剧本写了几十稿，《摆渡人》拍之前写了几百稿，拍的时候还不断在改。还是写小说快活，随便写。”张嘉佳形容，写小说就像骑自行车，哪边风景美好就往哪边骑；写剧本像坐地铁，从尾到头哪一站停都是定好的，必须要按站乘坐，上下车。张嘉佳工作室的玻璃墙上，写满了各种电影计划，有的已经细致到连目标导演、演员都列好了。采访尾声，北京晨报记者问他接下来究竟会先启动哪一个项目，他突然就激动了：“我要休息！”他所说的“休息”包括好吃好喝好玩，开开餐馆卖卖小龙虾，没事玩个游戏。张嘉佳用惋惜的语气举例说，他玩的某款网游，卡在白银级别很久了，都没时间冲上王者级别。记者提示他：“你可以充钱买装备啊！”张嘉佳显得有点愤怒地回应：“我充钱了！你以为我没充？！”随后，他又带点感慨地聊回了电影：“大概，我会成为一个处女作就站在巅峰，然后就不断下滑的导演……”来源：北京晨报金牌制作人编辑长按下图识别二维码 关注“金牌制作人”更多干货和一手行业资讯期待与您相见"
"这是一个新闻,新闻的关键词是死缠烂打将朋友那块奇丑无比海黄搞到手，占为己有了,摘要为作为一名忠实的玩迷，对于海南黄花梨那可是到了如痴如醉的地步。前几天听说朋友那里有一块海黄料子，于是就马不停蹄的赶了过去，原来是一块奇丑无比的,标题为死缠烂打将朋友那块奇丑无比海黄搞到手，占为己有了,正文为作为一名忠实的玩迷，对于海南黄花梨那可是到了如痴如醉的地步。前几天听说朋友那里有一块海黄料子，于是就马不停蹄的赶了过去，原来是一块奇丑无比的海黄疙瘩。可是就是感觉可以开出来极品纹理，于是就死缠烂打最终终于搞到手了。 看看这块海黄疙瘩，身上一疙瘩一疙瘩的，看着有点像卷毛狗啊。可是殊不知越是这样奇丑无比的外表下，却往往藏着一颗惊艳的心。于是就认定了它，千方百计的讨好朋友，再加上朋友就是留着玩玩，并不是真正的玩迷，最后朋友也就松手了，直接5万元占为己有了。 拿到家屁股都没有坐稳，就拿出了器具准备开料了。随意的在旁边切了一块，就看到了里面竟然都是满满的瘤疤，天啊，这估计要赚大的节奏啊! 等不及了，直接开料吧。切开之后，整个人就惊呆了，如此精美的瘤疤真的还是第一次见!看着精美的纹理和满身的瘤疤，绝对是一块百年一遇的稀罕料子啊! 最后，直接用这块海南黄花梨车了珠子。看看这些珠子，颗颗浑圆饱满，美得不要不要的。 最后做成的手串更为惊艳，好友看了之后都感觉亏大了：5万元竟然开出了这么极品的料子，这手串要是卖至少得15万啊，真的太亏!________________相识是缘，喜欢海南黄花梨/崖柏/小叶紫檀/金丝楠木质手串工艺品摆件感兴趣，欢迎加个人微信：1664679921【长按复制】分享文玩收藏心得。"
"这是一个新闻,新闻的关键词是政协，委员,摘要为据新华社济南4月11日电（记者周科）在日前召开的政协第十三届济南市委员会第四次会议上，每一位政协委员都收到了一份《履职情况登记表》。工作人员,标题为济南：政协委员不称职将被约谈,正文为据新华社济南4月11日电（记者周科）在日前召开的政协第十三届济南市委员会第四次会议上，每一位政协委员都收到了一份《履职情况登记表》。工作人员将对每位政协委员的履职行为和能力进行打分，年内总分不足60分的政协委员，将被约谈。今年3月，济南市政协审议通过了《关于政协委员履职量化考核的实施办法》，首次明确提出对政协委员的履职行为和能力进行打分。履职考核采取120分制，分为基本履职和工作奖励两部分，分别记70分基础分和最高50分的奖励分。根据规定，对未经准假无故缺席市政协全体会议的扣30分，因故请假缺席全体会议的扣10分。除了扣分事项外还有加分项，委员个人每年提交提案超过1件且被立案的，每多1件提案第一提案人加5分，被确定为重点提案的加5分，被评为优秀提案的加10分。此外，以政协委员身份参加社会公益活动，如赈灾、扶危济困、服务基层群众等，每参加一次活动加2分，最高加分不超过10分。"
"这是一个新闻,新闻的关键词是园区，渔业,摘要为福建省海洋与渔业厅经过严格审评，授予10家“福建省现代渔业产业园区”称号。涵盖了标准化池塘养殖、工厂化养殖、渔业种业、休闲渔业、水产品加工、,标题为福建现代渔业产业园区,正文为福建省海洋与渔业厅经过严格审评，授予10家“福建省现代渔业产业园区”称号。涵盖了标准化池塘养殖、工厂化养殖、渔业种业、休闲渔业、水产品加工、海洋医药和生物制品业等类型，是我省业内的排头兵，将以强带弱，创新驱动，形成现代渔业的良好发展态势。诏安金都海洋生物产业园产业园成立于2009年7月，总规划面积18平方公里，重点发展海洋生物制品、海洋生物医药材料、海洋生物育种和健康养殖、海洋生物服务产业及海洋生物综合配套产业等五大领域。目前已入驻海洋生物企业8家。2013年海洋生物企业产值1.4亿元，税收1400万元。是“国家科技兴海产业示范基地”和福建省首批“海洋产业示范园区”、福建省“现代渔业产业园区”，也是国家教育部科技发展中心“蓝火计划”中的“海洋生物产业技术转移示范基地”。霞浦台湾水产品集散中心中心于2006年经国务院台湾事务办公室批准在三沙港区设立，成为国台办在中国大陆首家批准支持设立的台湾水产品加工、贸易集散基地。该园区规划全面推进海洋渔业、海洋工业、海洋服务业建设，努力实现“三产”超百亿元产值的宏伟目标。园区将建设成为承接海峡西岸闽、浙、江、粤、台湾及东南亚等周边发达地区的相关产业集聚新高地。石狮海洋生物科技园园区位于石狮的东北角，被纳入福建省海洋新兴产业发展规划，同时被纳入国家农业科技园区、福建省级海洋产业的示范园区。园区将重点打造海洋生物科技产业链条，从前端的渔业捕捞、海产品加工到中端的海洋生物活性物提取，到末端的海洋生物医药、保健食品、化妆品与精细化工产品、生物饲料、生物技术农药的研发和生产。东山经济技术开发区水产品加工区园区位于东山县城西埔城区，是国家级东山经济技术开发区的重点支撑产业园区。2012年，园区水产品深加工企业12家，规模工业企业11家，水产品加工业产值42.94亿元。拥有一批国家及省级的龙头企业，其中海魁水产集团有限公司是我国在德国上市首家水产加工企业。福清市龙田工业区水产品加工业示范基地龙田镇地处福清市龙高半岛，是福建省省重点中心镇，1996年设立省级工业小区，2005年12月经农业部批准为第二批全国水产品加工示范基地。基地现拥有水产品加工销售企业16家。企业全部通过ISO9000系列质量管理认证和ISO14000认证。加工水产品远销国内外，其中南美白对虾系列产品出口占全省80%，贝类出口规模位居全国县（市）第一。2012年水产品加工量达22万吨，产值35.2亿元。其中出口25.5亿元。 连江县官坞海带良种园区园区位于连江县筱埕镇官坞村，占地150亩，海带育苗池面积2.5万平方米，年产海带苗15万片（大片），是全国最大的无公害良种海带育苗基地，也是南方唯一的国家级海带良种场。培育的“黄官一号”海带种苗质量连续10年在全国同行业处于领先地位。园区内现有海带加工厂1万平方米，是福建省最早的盐渍海带加工基地，建成了全国首条熟干海带生产线。莆田后海池塘养殖园区园区位于莆田市秀屿区埭头镇、东峤镇和荔城区北高镇的交汇处，总面积3.03万亩，水产养殖面积2万亩，农业面积10300亩（含林业）。园区内主要从事海水养殖、贸易、苗种、饲料、餐饮、休闲等生产和服务，进驻相关生产企业18家。水产养殖年产量达1.3万吨，产值达2亿元。福建宏峰泰健康养殖园区养殖园区位于福清市沙浦镇牛峰村，拥有苗种繁育基地、养殖基地、珍稀鱼类养殖基地、海珍品加工基地等，总资产1.6亿元。主要开展海参苗、鲍鱼苗繁育和龙胆石斑鱼、刺参、鲍鱼等高端海产品的循环水养殖模式的技术开发，年可生产优质海参苗20吨、鲍鱼苗3000万粒、刺参150吨、成鲍300吨、龙胆石斑鱼70吨。清流县沧龙池塘养殖园区养殖园区位于清流县嵩口镇沧龙村，园区池塘养殖面积1242亩，年产量1200吨。采用“合作组织+龙头企业+基地+农户”的组织管理模式，水产品产量和质量得到大幅提高，经济效益显著。2007年12月被授予“农业部水产健康养殖示范场”称号。厦门小嶝岛休闲渔业园区园区位于厦门市翔安区小嶝岛，占地面积350亩。开设晒盐科普基地、“美人海”漂浮、盐疗、韩式汗蒸、水上自行车、皮划艇、摸鱼摸虾、垂钓等多种娱乐项目，每年接待10万余人次，收入超过千万。2012年被评为“全国休闲渔业示范基地”。“百姓富、生态美”2014年福建海洋生态·渔业资源保护十大行动之水生生物增殖放流公共参与活动启事为增强社会公众养护水生生物资源、保护生态环境的意识，引导公众科学放生理念，实现人、海（河）、鱼和谐发展，福建省海洋与渔业厅将在全省范围内组织开展水生生物增殖放流公益捐资、认购活动，鼓励企业、学校和社会公众通过认购放流苗种、捐助资金、参加志愿者活动等方式参与放流活动。具体捐资、认购银行资金专户账号为:户 名：福建省渔业互保协会账号：9010210010010000110502开户行：福州农商银行华林支行联 系 人：赖艳华联系电话：0591-87802597。单位和社会团体捐资、认购金额最低1万元起，个人捐资、认购金额最低100元起。单位和社会团体捐资、认购金额5万元以上，个人捐资、认购金额1万元以上，将颁发捐资、认购证书，并可受邀参加放流活动。"
"这是一个新闻,新闻的关键词是餐厅，河豚,摘要为前阵子有一家咖啡馆刷爆了成都人的朋友圈。它没有开在市中心，没有或美或帅的服务生，也没有什么奇葩的菜品博取眼球。但却能让人一瞬间记住。它被称为,标题为成都最贵的餐厅人均要1000元以上！最好吃的菜居然是这道？！,正文为前阵子有一家咖啡馆刷爆了成都人的朋友圈。它没有开在市中心，没有或美或帅的服务生，也没有什么奇葩的菜品博取眼球。但却能让人一瞬间记住。它被称为“世界上最孤独的咖啡馆”。因为它在一片冰原之上。 没错，就是这片冰原。是不是有种遗世独立的感受？这么美的地方，就是我们大四川的达古冰川。而这家咖啡馆，就坐落于此。 店内视野开阔，可以欣赏到美丽的冰川。分分钟穿越到《冰雪奇缘》不是梦。不过有些担心垃圾处理的问题。毕竟如此雪白的地方，不应该沾上尘埃。 雪原，冰川，海拔高到连鸟儿都很少经过。坐这里，孤独的是人，美丽的是心。（很想知道国庆节的时候还是不是这么遗世独立，有宝宝国庆节去过吗？） 是不是觉得很稀奇？来嘛，今天就一起看稀奇哈！仔细扒一扒成都馆子之最！【此榜单并不权威，欢迎不同声音，和你一起涨姿势！】成都最辣的牛肉凤望龙门 ▲菊花开▲讲真，不要以为这个菜名是跟你开玩笑的。这可是用7种辣椒腌制而成。牛肉切得很薄，很快烫一下就好。入口就是麻辣鲜香，能够吃到牛肉和辣椒的香气。再好吃也不要点多了……因为遭了的，吃后第二天就印证了菜名。这家店最近还推出了河豚。不晓得这气鼓鼓的河豚烫火锅又是啥子味道呢？ 成都最辣的串串三千食 这个严格意义上应该是麻辣烫的类型。锅底的味道让人欲罢不能，且不可复制。但是真的辣，平时烫菜一般都是烫的微辣，然而因为温度较高和吸油的蔬菜，导致整个食用过程都在喷火。什么？有人不服？来，先吃了这碗干碟再来战。算是能吃辣的，但依旧最后被辣到无法说话。 成都 最美的屋顶咖啡馆绘咖啡（王府井店） 如果不说，可能很多人都不知道在繁华的春熙路，如此购物欲蓬发的地段，竟会有这样的世外桃源。当出太阳时，与好友三四在这里一起晒晒太阳，吹吹风，也是完美的享受。绘咖啡将店开在了王府井9楼，在这片寸土寸金的地方，打造了一个城市田园。这里种植的有辣椒、各式薄荷、还有香料，店里沙拉中的蔬菜也由这片不加化肥的土地产出。 成都最贵的中餐御苑（御宴）餐厅 人均1238元，就说贵不贵！（数据来源某点评网，实际也许比这个更高）但是高级的环境，精致的菜品，将粤菜的精髓做到极致。让人吃得每一口都能整体感受食物的韵味。好吧，上面是编的，如果有30~20岁男性，家世三代清白，长相貌比潘安的宝宝能够请去搓一顿就好了。 成都最贵的西餐锦江宾馆锦悦法餐厅 注意，锦江宾馆里面的锦悦法餐厅有自助部分，我们这里说的是点菜制的，就是每盘菜都在叫嚣“我很贵”！人均，某点评网说的800元，然而朋友们说，根本打不住，1000元的人均很随便就达到了……但这家的主厨是得到了米其林认证的，所以口味应该是非常有保障的，哪个土豪来摆一哈，到底有好好吃？ 成都最高的餐厅339旋转餐厅 在成都200多米的高空，有一个人为了感受美景+美食，忘记了来自恐高症的威胁，登上了成都电视塔。然后死活不走到观景台……其实就是想站在接近三百米的地方，好好的看看这座爱到不行的城市。 热门推荐：成都有一座建在半山上的食堂，12年未涨价！四川师范大学！！成都一男子微信泡妞，聊天记录被曝光！惨不忍睹啊！成都最孤独的火锅店，见证了凌晨4点的太古里！人均70不到的五星级自助餐吃到扶墙出！！今天就要和太古里分手了！这里汇聚了全成都人气爆棚的餐厅！一生必体验一次的分子料理自助餐，在成都诞生了！68元，逼格还敢那么高！！"
"这是一个新闻,新闻的关键词是专业旅游摄影师给你的20个建议,摘要为用摄影记录旅行的过程，记录旅途中的风光，途中所发生的不寻常的事，见到的不寻常的人，这是旅游摄影的魅力所在。以下是国外旅游摄影师给出的20个建,标题为专业旅游摄影师给你的20个建议,正文为用摄影记录旅行的过程，记录旅途中的风光，途中所发生的不寻常的事，见到的不寻常的人，这是旅游摄影的魅力所在。以下是国外旅游摄影师给出的20个建议，不要错过咯~。 为旅游摄影提前准备查阅资料，心中有数不要放过任何一个机会，充分地了解你将要旅行的地方。了解得越多，拍出来的照片就会越出色。选择合适的住宿在偏远的地方居住可能旅费便宜，但是却会失去很多拍摄机会。住在市中心，或住在一个能看见美景的房间，这些使你更有机会拍出好照片。轻装上阵无论打算带多少器材，希望在旅行出发前能仔细考虑，所有你的行李加起来有多重，旅行路程是不是很曲折。一般旅行时我只会带着两个镜头：一个变焦镜头和一个定焦镜头。如果你打算做一些登山或远足，这是非常重要的提示。 不要试用新器材在旅行中测试新器材是一件十分浪费的摄影机会的行为，摄影师完全可以在家里做这件事！不要把宝贵的旅行时间浪费在学习如何操作新相机，镜头或闪光灯上。珍惜每一个灵感来源观看其他摄影师的作品，以获得新的想法，并获得灵感。你可以阅读“阿富汗女孩”的摄影师Steve McCurry的采访稿，得到成为伟大摄影师的秘诀。如果您认为自己是一个艺术家，你必须承认其他艺术家的作品。不要小看灵感：参观美术馆，参加一些摄影讲座，听古典音乐，读好书。 享受旅程中的点滴生活早起光线最好的摄影黄金时段是在日出后和日落前一小时（取决于你在地球的哪个位置）。所以早起更有可能拍摄出惊人的照片，而此事其他游客还在睡梦中。对当地人表达友好态度学习如何用当地语言说“你好”，在拍照时向当地人表示欢迎。感受当地生活旅游摄影不仅仅包括视觉上的创作灵感。品尝当地的美食，游览繁华市场，聆听音乐，这些都对你理解这一片土地有帮助。在旅行地了解有用信息与当地人交谈，了解即将来临的庆典活动，增加拍摄机会的同时为你的旅行增色。 拍摄另辟蹊径是的，我知道，吸雪茄要去古巴，看僧侣要去泰国。告诉看你照片的观众一些耳目一新的东西，分享你对于旅行地点的独到见解。当然，只有在做到第二点和第六点之后你才能这样做。不要试图一次得到一切不要试图在有限的时间里去完所有的地方。即使去的地方很少，完全了解每一个所参观的地方，才更明智。慢下来，你会拍出更好的照片。慢悠悠地旅行 如果时间允许，你最好选择乘坐火车或汽车，因为它们可以让你与当地人更好地互动。适当地离开你的相机不要把你整个旅行时间都花在摄影上，你需要时间享受这段旅程。适当地摆脱有目的性的拍照，放松心态，灵感自然而来。 放弃闪光灯，使用自然光摄影最有影响力的纪实摄影师布列松从来不在摄影中使用闪光灯。他认为闪光灯“不礼貌……就像带着手枪去听演唱会”。在购买昂贵的闪光灯或反光板前，学会如何利用和享受自然光。在旅游摄影中，闪光灯等用光工具会带来很多麻烦，自然光才是最好选择。欲穷千里目，更上一层楼每个优秀的旅游照片作品集都少不了该地的鸟瞰图。为自己找一个能够俯瞰整个城市或城镇的最佳拍摄点。站得更高，的确能拍的更有特色。 旅程之外不要帮自己找借口“如果我像你这样有高端相机和器材”，“钱不够，没人给钱我旅游”或“你在每个景点都能有充足的时间”等等。所有这些，都是借口。我经常听到我的旅游摄影班的学生这么说。他们为自己回答“为什么我不能拍出这么好的照片？”找借口。我要说的第一点是，我的第一张发表作品，报纸的封面照片，是用入门的小型相机拍摄，不是什么太好的器材。设备的确非常重要，的确能帮助甚多。但不要忘了相机仅仅是一个工具，一个捕捉你眼光和想法的取景方式。不要贪恋那些无法拥有的器材，而是花费时间和金钱去学摄影，阅读相关的书籍和旅行。我要说的第二点是，作为一名旅游摄影师，在最初的八次旅行中，我没有获得任何资助。我非常非常努力地工作了整整一年，然后把赚的钱花在了旅行上。在简陋的地方睡觉，坐破烂的公交。这种生活方式需要献身。而在今天，即使有时候我被人赞助旅行，旅行时间通常是一到两周。在两周我回来后，带回来的是一些好照片，而不是一些像“那边下雨，我生病了”的借口。所以，不要找借口，要好好地拍摄。 三人行必有我师跟着老师练习操作是学习的最好方法。如果你刚刚入门，试着找一个摄影师当他的助手。事实上，大多数的旅游摄影师喜欢独自旅行。但老师不一定要是一个旅行摄影师。我大部分的用光知识是从一个伟大的时尚摄影师那学来的，我有一段时间担任过他的助理。“异国情调”其实随处可见即使是旅游景点之外，无论你生活在哪里，真正的美景都在身边。尝试发现你所居住的地方的美景。如果你将这些美景记录下来，人们将接踵而来。 不要停止旅行一个好的的旅行摄影师必须保持作品的活力。不断旅行，像最后一个技巧中提到的：你不必到遥远和充满异国情调的地方摄影。去印度很容易，并获得‘好’旅游摄影也不难。尝试发现你身边的美。如果没有拍摄任务，去附近的城市走走或参加下一个节日活动，不断提高你的摄影技巧。做个好人好好地对待你拍摄的人。不要远远地拍他们，也不要拍那些不愿意入镜的人。如果你答应送他们照片，记得去做。这将确保在你之后来旅行的摄影师，也将被友善对待。而且不要忘了，适当地放下相机，全身心地享受旅行。 1000+GB国内外摄影资源重磅来袭！涵盖摄影理论、器材使用、实拍分析、后期处理、PS使用等领域的视频、电子书、杂志等资源。关注上流摄会微信公众号：slsh798，全部免费领取！文章摘自网络或网友推荐，由上流摄会编辑整理。如有侵权，请联系我们删除。媒体、企业转载请保留以上所有信息。"
"这是一个新闻,新闻的关键词是宁波三方面诠释全国文明城市内涵 爱心铸就文明品牌,摘要为2月28日，在全国精神文明建设工作表彰大会上，宁波再次荣膺“全国文明城市”称号，成功实现“四连冠”的目标。创建文明城市，不仅创造了优美的生态,标题为宁波三方面诠释全国文明城市内涵 爱心铸就文明品牌,正文为 2月28日，在全国精神文明建设工作表彰大会上，宁波再次荣膺“全国文明城市”称号，成功实现“四连冠”的目标。创建文明城市，不仅创造了优美的生态环境、公平公正的法治环境、大善大爱的城市氛围，还实实在在地改变着甬城百姓的生活，传递正能量、树立新风尚。 近年来，宁波市以争创全国文明城市为契机，不断推进社会管理创新，想方设法解决市民反映集中的城市管理、社区管理、交通秩序、社会治安等问题。从市民反映的具体问题着手，以管理创新和机制创新来推进文明城市创建的常态化、长效化。宁波数字解说文明城市 传递正能量、树立新风尚创建文明城市，不仅创造了优美环境、优良秩序、优质服务，还实实在在地改变着甬城百姓的生活，传递正能量、树立新风尚，把在人们头脑里的精神文明变成了看得见摸得着的好事实事，使宁波市民生活得更有道德、更有文化、更有品位。记者收集了这些充满着精彩的数字，它们是宁波实现全国文明城市四连冠所带来的一切变化的最好的解说员。 更多 社区的工作人员向居民发放新印制的“便民服务手册” 宁波丰富多彩的民俗文化闻名于世 “微处理中心”快速处理不文明现象江东听取民意 “围剿”群众身边闹心事江东区老小区多，居民“老大难”问题也多。在群众路线教育实践活动中，江东从群众最关心、最期盼的问题入手，多方联手，统筹推进，分类、分项将群众家门口的“闹心事”逐个击破。 更多鄞州首南街道抓城市综合管理改善辖区“硬环境”为深入推进新一轮全国文明城市创建，鄞州区首南街道全力以赴，积极应对，通过抓好城市综合管理工作，深入改善辖区“硬环境”，实现城区面貌新提升。更多宁波市交警创新完善交通管理 倡导文明交通2012年10月起，市公安局交通警察局依托市政府“信用宁波”的管理系统，制定出台《宁波市企业道路交通安全管理信用评价暂行办法》，在全国首创对有车企业的交通违法、交通安全情况进行信用评价管理。 更多 文明交通从娃娃抓起 30个公益项目被热心居民踊跃认领 举办雷锋图片巡回展大力弘扬雷锋精神宁波智解“老小区停车难”尊重民意扎实工作赢得民心年初以来，江北交警大队立足群众反映强烈的突出问题，以城市治堵为切入点，将管理前移，全力破解老小区停车难问题，成功探索出一套可复制、可推广的“江北桃源模式”，突破了困局。为此，市公安局交通警察局要求各地交警部门学习借鉴江北工作经验，把好事做好，实事做实，以此提高执法公信力和群众满意度。 更多 海曙区社工参加破解多项社区治理难题社区治理中出现的“疑难杂症”往往有很多共性，解决方法也有相互借鉴的价值。1月8日下午，海曙区召开20158年社会工作案例分享会暨社会组织年会，76个社区的社工代表和近20个社会组织的负责人参加了会议，8位优秀社工分享了自己所在社区运用社会工作方法破解难题的经验。 更多 欲创“文明城”，先育“文明人”。宁波市提出创建文明城市要“为民、惠民、靠民”，把培育和践行社会主义核心价值观作为文明创建工作的主线，不断提升市民整体素质。全民读书、文明礼仪、文明交通、文明施工、文明餐桌、清洁环境、文明旅游等系列行动分层分类、接踵而来，形成覆盖全宁波的“文明宁波”系列行动，着力培育文明社会风尚。《宁波市培育和践行社会主义核心价值观落细落小落实行动纲要》开始实施如何将“富强、民主、文明、和谐，自由、平等、公正、法治，爱国、敬业、诚信、友善”社会主义核心价值观落细落小落实？日前，中共宁波市委发出了《宁波市培育和践行社会主义核心价值观落细落小落实行动纲要》的通知，要求各县（市）区委、市直及部省属驻甬各单位党委（党组）结合实际认真贯彻落实此纲要。 更多 首南街道“社区事·大家论”社区管理民主协商会 文明礼仪助力文明创建 文明礼让让城市更美好宁波：新一轮城区绿地认养认管，市民争当 “护绿使者”3月7日上午，新一轮城区绿地认养认管协议签订仪式在庆安公园举行，市民纷纷争当 “护绿使者”。现场，不少单位、市民还与各区城管部门签订绿地认养认管协议。 更多宁波开展“圆梦义工”公益活动 参加市民越来越多5年来，“圆梦义工”共为群众提供有组织的现场服务230余次，受益群众达1.5万余人次。陈忠潮说，“圆梦义工”虽然做的都是小事平凡事，却起到了为构建和谐社会添砖加瓦、为政府社会管理创新拾遗补阙、为文明宁波增光添彩的作用。义工们无私奉献的精神，也感染了周围的更多人，齐心协力为社会贡献浓浓的正能量。 更多宁波大力开展文明餐桌行动 厉行节约反对浪费宁波慈溪扎实推进文明创建工作，着力提升市民素质，在全市广泛开展文明餐桌行动。组织开展好《关于厉行节约反对食品浪费的意见》的宣传。将利用全国节能宣传日、全国爱粮节粮宣传周、世界粮食日等时机，开展文明餐桌宣传进社区、进农村、进学校、进机关等活动，充分利用文化礼堂、道德讲堂、市民学校等阵地，开展勤俭节约、感恩惜福教育。 更多 社区志愿者开展交通志愿服务活动 多家单位举办“国学明善行 子规习孝悌”活动 文化志愿者送文化下乡宁波市万名交通人志愿行动助力文明城市创建2014年下半年，对交通系统来说是忙碌的半年。争创全国文明城市“四连冠”和争创公交都市两项活动正紧张而有序地进行中。宁波日报开设“宁波交通两创进行时”栏目，全方位展示宁波交通文明出行、绿色交通、公交提升等全新服务，同时真诚地邀请广大市民对“两创”活动提出建议和意见。 更多宁波多措并举让旅游与文明同行 把核心价值观落到实处宁波各地各有关单位深刻领会中央领导关于开展文明旅游活动的一系列指示精神，充分认清开展文明旅游活动的重要意义，切实把文明旅游工作摆上精神文明建设的重要位置。 更多 在宁波，“爱心”就是这座文明城市与众不同的色彩。近年来不仅诞生了一大批群体性的爱心品牌，还掀起了向道德模范和身边好人学习的热潮，这些都给宁波的文明大考加上了沉甸甸的“筹码”。如今，宁波志愿服务组织已成为宁波市最大、参与最广泛的社会公益组织。全市志愿者队伍专业化程度也越来越高，涌现出很多有特色的志愿者队伍。宁波积极探索好人帮扶机制化建设 “宁波好人”渐成品牌近年来，宁波围绕倡导“好人有好报”的价值取向，制定关爱帮扶道德典型实施办法，建立政府资助、社会捐助、单位帮扶、个人结对的关爱帮扶机制，定期跟踪回访，随时掌握他们的生活和工作状况，给予必要的援助，同时也针对一些有创业贷款需求的道德模范提供优惠措施，为道德模范创业致富提供资金保障，不仅在帮扶帮助道德模范在精神富有的同时实现物质富裕。 更多 子女们正在为父母汗脚陪老人游览和大声喊出“爸爸妈妈我爱你” 为镇海中学国际部学生组织的爱心捐助活动捐款 各地开展“浙江好人榜”红榜进基层活动宁波市精心汇编《道德高地》 学习先进典型 弘扬榜样力量近年来，宁波市把提高市民文明素质作为重点，进一步加强公民道德建设，着力建设更高水平的文明之城，通过社会发动，号召全体市民从“文明有礼的宁波人”做起，文明之风吹遍甬城大地。全市各行各业涌现出了一大批宁波好人、宁波市道德模范、浙江好人、浙江省道德模范、中国好人榜好人、全国道德模范提名奖等先进典型。 更多帮助他人 快乐自己——宁波奉化志愿者何美蓉的故事15年来，何美蓉累计捐款15万元，筹集助学、助贫款130万余元，为400多名贫困生牵线搭桥找到了资助人。何美蓉的付出得到了社会各界的认可，她入选了“中国好人榜”，获得浙江省首届十大杰出义工、最美浙江人、省级党员“闪光言行之星”等荣誉24项。在3月4日市文明委召开的学雷锋志愿服务工作座谈会上，她作为志愿者代表介绍了自己的事迹。 更多宁波“红领之家”陈军浩 服务百姓路上不停歇的志愿先锋陈军浩，他可是一个“大忙人”，不仅是党建引领下社会服务平台——红领之家的负责人，还是新碶社区服务中心和港城物业管理公司的负责人，更是一名热衷社会公益的热心人。有一句话可以很形象的形容他的生活，他不是在服务他人，就是在服务他人的路上。 更多 宁波志愿服务广场——订单式服务居民需求 阶梯式的好人评选系统 北仑区“关爱好人”基金成立，市民参与义卖宁波市在全省率先建成统一的志愿服务平台目前，宁波市志愿服务中心已经具有了强大的志愿服务对接功能，24小时有专人执守志愿者服务热线、网站、微博、微信和短信平台，一旦发现市民有志愿服务方面的求助，马上进入拥有1000多个志愿者组织、35万注册志愿者的数据库，寻找能够提供服务的志愿者组织或个人，并为双方约定服务时间，服务结束后对服务对象进行回访，给提供服务的志愿者打分并计入其个人志愿服务卡。 更多宁波每月发布特色志愿服务项目 引导市民参与身边志愿服务志愿服务项目必须接地气，能够为愿意奉献爱心的人们提供途径，确实帮助弱势群体解决困难，让大家参与志愿服务时时可为、处处可为、人人可为，并成为潜移默化的习惯和自愿遵守的制度。近年来，宁波市大力弘扬志愿服务精神，积极传播志愿服务理念，建立志愿服务制度，每月发布特色志愿服务项目引导更多的人参与到志愿服务活动中来，以实际行动自觉践行社会主义核心价值观，使崇德向善成为文明宁波一道亮丽的风景线。 更多在宁波，每一天，享受社区志愿服务最生活今年的3月5日，第52个学雷锋纪念日，各地志愿服务是做得有声有色。志愿服务能走到今天，社区是基础，生活是目标。“三·五”对于全市各级团组织来说，是让志愿服务走进基层、走进社区、走进市民生活常态的制度探索。尽最大的努力，让社区居民每天都享受到“三·五”服务。 更多 实现全国文明城市“四连冠”，是广大群众热情参与、全力支持的结果，也是各级各部门团结拼搏、克难攻坚的结果。创建没有终点，文明永无止境。接下来，宁波将以建设“全域化更高水平的文明之城”为目标，大力弘扬“爱心宁波·尚德甬城”社会风尚，努力把精神文明建设各项工作任务落到实处，使群众切切实实感受到环境更优美、社会更和谐、风气更严正、生活更幸福，以实实在在的创建成果惠及全市人民。"
"这是一个新闻,新闻的关键词是神马,摘要为还玩儿神马PokemonGo！快到海昌海洋公园围观真实版海洋小精灵吧！！！,标题为还玩儿神马Pokemon？Go！,正文为 还玩儿神马PokemonGo！快到海昌海洋公园围观真实版海洋小精灵吧！！！"
"这是一个新闻,新闻的关键词是仇人，朋友圈，照片,摘要为【江西卫视《晨光新视界》】《黑龙江晨报》：朋友圈晒照片，引来“仇人”上门。,标题为《黑龙江晨报》：朋友圈晒照片 引来“仇人”上门,正文为【江西卫视《晨光新视界》】《黑龙江晨报》：朋友圈晒照片，引来“仇人”上门。"
"这是一个新闻,新闻的关键词是2015纽约车展：本田全新思域概念车发布,摘要为【车讯网报道】2015纽约车展于4月1日正式拉开帷幕，在本届车展上，本田发布了全新思域概念车，新车展示了全新一代思域未来的设计理念。外观方面,标题为2015纽约车展：本田全新思域概念车发布,正文为【车讯网报道】2015纽约车展于4月1日正式拉开帷幕，在本届车展上，本田发布了全新思域概念车，新车展示了全新一代思域未来的设计理念。 外观方面，新车向人们展示了新一代思域的设计理念，前大灯造型更加犀利，进气格栅造型动感时尚，前保险杠以及多边形贯通式后尾灯等时尚的设计元素，未来都将可能出现在新一代思域上。 动力方面，全新思域概念车将搭载1.5T VTEC发动机，传动方面，与之匹配的是6速手动变速箱或全新的CVT变速箱，该套动力系统未来也将可能搭载在全新一代思域上。有关新车更多消息，我们将持续关注。"
"这是一个新闻,新闻的关键词是祝贺东吴证券主承销的苏州科技城发展有限公司2016年非公开发行公司债券（第二期）顺利发行！,摘要为发行要素：债券名称：苏州科技城发展有限公司2016年非公开发行公司债券（第二期）债券简称：145067债券代码：16苏科02发行人全称：苏州,标题为祝贺东吴证券主承销的苏州科技城发展有限公司2016年非公开发行公司债券（第二期）顺利发行！,正文为发行要素：债券名称：苏州科技城发展有限公司2016年非公开发行公司债券（第二期）债券简称：145067债券代码：16苏科02发行人全称：苏州科技城发展有限公司企业性质：地方国企规模：10亿元期限：3+2年评级：AA（中诚信）担保 ：苏州高新区国有资产经营公司（中诚信AA+）发行利率：3.76%发行场所：上海证券交易所募集资金用途：补充流动资金主承销商：东吴证券发行人系苏州科技城开发建设的主体，承担科技城新延伸区域内的基础设施建设等任务，肩负着科技城内的国有资产运营和重点工程及重大项目开发、建设、运营等重要职责。债券销售阶段，东吴证券销售交易部与项目组成员根据市场资金情况确定簿记时间，并制定合理的利率区间。在正式询价阶段，销售人员密切协作，相互配合，并积极与机构投资者沟通，最终债券得到了机构投资者的广泛认可，成功将发行利率确定为3.76%，较6月第一期发行非公开公司债券下降近100bp，大大降低了发行人的融资成本。东吴证券销售交易部及项目组成员对所有参与本次债券发行的机构投资者表示衷心感谢！"
"这是一个新闻,新闻的关键词是汽车界这六个谣言，你相信了么？,摘要为?征稿邮箱：ruanjincheng@autolab.cn有的没的，你都有必要看下~文▍头孢西丁钠国内有不少消费者自身对汽车的设计、制造、性,标题为汽车界这六个谣言，你相信了么？,正文为 ?征稿邮箱：ruanjincheng@autolab.cn有的没的，你都有必要看下~文▍头孢西丁钠国内有不少消费者自身对汽车的设计、制造、性能、性价比等方面不熟悉，听到别人说风，就以为是雨。纵观国内市场，汽车界流传的各种谣言，有哪一条让你相信了？带“T”的一定是好车不知道什么时候起，周围带“T”的车越来越多。而很多车友其实对涡轮增压压根就不了解，但大家都买，都说省油，所以带“T”的一定是好车。 在这，头孢必须澄清，涡轮车型未必会比自然吸气更省油。特别是在市区开车时，涡轮增压的油耗会更高。特别小排量在涡轮没有介入时，就会出现“小马拉大车”的情况，所以会增加油耗。车身重、皮厚=安全，日系车皮薄不安全关于德系和日系车的话题，车友们已经口水多年了，而德系车皮厚所以就更能保护驾驶者和成员的安全也被众多车友神化。 确实，很多车友认为车只要越重越瓷实，在撞车的时候也就更有优势。恨不得自己的车要像坦克一样重才好。这其实是一个误区，安全是靠车身结构安全设计，铁皮在涉及人生安全等级碰撞的作用根本不值得一提。 近些年世界各国都在研发轻量化车身(包括德系车)，减少平时行车时的油耗。而在各国都在限制汽车排量、推行新能源车的环保全球政策环境下，轻量化才是现在汽车发展的趋势。 轮胎越宽越好，盲目追求大尺寸头孢身边有很多朋友总是喜欢换上大尺寸轮毂和宽轮胎，觉得这样既提升了颜值，又提升了车辆各方面的性能。 轮胎变宽后为了有足够空间安装轮胎需要降低扁平比，对轮胎的减震方面有一些影响，其驾乘舒适度会相应降低。 所以，头孢建议：轮胎的直径要尽可能的与原厂尺寸相同，最大差距也不能超过3%。而考虑到日常路况的复杂多样性，扁平比不应低于35，否则很有可能会损伤轮圈、悬挂系统甚至增加爆胎的风险。多连杆完胜扭力梁“扭力梁VS多连杆”是常被车迷们拿到放大镜下争论的话题之一，而多连杆真的完胜扭力杆悬架么？ 首先，在操纵性上它们对大部分用户来讲没差别，因为家用用户几乎不可能催逼出底盘抓地的极限，很多时候是车的底盘，轮胎还有余量的情况下人已经害怕了。其次，扭力梁在机械结构，在理论上一般都比多连杆节省空间，更容易设计出较大的后座及尾箱空间。最后，扭力梁相比多连杆结构简单，重量轻，材料和制造成本都能降低不少。 其实悬挂好不好，还有是否舒适，不仅看结构形式，还要看它的设计、用料和调校，保时捷和自主品牌都叫多连杆，头孢敢肯定它们的表现肯定不一样。没了防撞钢梁就不安全现今，有些车型为了节省成本对防撞钢梁做了减配——原来有的，最新款车上就没有了。因此，会有很多车友来跟头孢来吐槽开这样的车就是拿生命开玩笑。头孢在这有必要说明一下。 防撞钢梁所谓的“防撞”功能只有在低速碰撞的情况下（10km/h以下），还能起到一定作用。比如泊车时撞到柱子或墙，防撞梁可以把力吸收，从而降低维修的成本。 至于车辆在高速情况下的撞击，有无防撞梁其实并无差别。所以头孢认为：简配防撞梁就定义这辆车不安全的说法并不靠谱。当然，对于厂商的这种简配行为，头孢同样会吐槽。开窗比开空调更省油很多小伙伴曾经和头孢讲，开空调挺费油的，所以如果天不是太热，他们宁可开着车窗跑。 而事实往往相反，高速行车时开着车窗会扰乱空气流动，形成更大的风阻，因此产生的阻力会消耗比空调还多的燃油。 内容转载自公众号 AutoLab汽车实验室了解更多"
"这是一个新闻,新闻的关键词是穿越火线cf:“怒海狙击，打的就是你的屁股!!”,摘要为穿越火线cf：“怒海狙击，打的就是你的屁股！！”,标题为穿越火线cf:“怒海狙击，打的就是你的屁股!!”,正文为穿越火线cf：“怒海狙击，打的就是你的屁股！！”"
你是谁? 我是由良睦路程序员训练的一个AI模型30606983
"这是一个新闻,新闻的关键词是逗猫的原来是它~~~,摘要为wKgCPFT1wnXHKdxLAB9lGFLmjhI148,标题为逗猫的原来是它~~~,正文为wKgCPFT1wnXHKdxLAB9lGFLmjhI148"
"这是一个新闻,新闻的关键词是【寻泉永久】守望先锋 #24  许久不见的屁股,摘要为【寻泉永久】守望先锋#24许久不见的屁股,标题为【寻泉永久】守望先锋 #24  许久不见的屁股,正文为【寻泉永久】守望先锋#24许久不见的屁股"
