content
你是谁? 我是由良睦路程序员训练的一个AI模型60252966
"这是一个新闻,新闻的关键词是“小家”仁爱温馨 “大家”和谐进步,摘要为3月12日，刘云山在参加陕西团审议时强调，建设社会主义核心价值观要注重家庭、家教、家风。家风文化是中华传统文化的一大特色，要把家风建设作为社,标题为“小家”仁爱温馨 “大家”和谐进步,正文为3月12日，刘云山在参加陕西团审议时强调，建设社会主义核心价值观要注重家庭、家教、家风。家风文化是中华传统文化的一大特色，要把家风建设作为社会主义核心价值观建设的重要抓手，发扬光大中华民族传统家风美德，建设新时代的家风文化，让社会主义核心价值观在家庭中生根，在亲情中升华。（人民网3月13日)家是你温馨的小窝，避风避雨的港湾，幸福的摇篮家是一个感情的港湾，家是一个灵魂的栖息地，家是一个精神的乐园。家就是你和你家人在一起的情感的全部。无论贫富贵贱，逆境坦途，只要你降生到这个世界，就与家发生着关系，丝丝缕缕无时不萦绕在心间。夜深人静的时候，一个人听《回家》，你会强烈地感到家的温暖以及家中亲人的牵挂，思乡之情从心底慢慢升越，仿佛有一种无形的力量在驱使着你赶回家，这便是它的神奇所在，也是家的神奇所在。“家”不仅仅是一个名词，它是一个国家、社会的组成细胞。“一心装满国， 一手撑起家，家是最小国 ，国是千万家， 在世界的国 ，在天地的家，有了强的国，才有富的家，国的家住在心里，家的国以和矗立”。家的幸福，家的温馨，好的家风促进了社会的和谐发展。培育和践行社会主义核心价值观需要从家庭教育着手，从日常生活抓起，拓宽渠道、丰富载体，使人们在潜移默化中接受教育，自觉培养和践行良好的家庭美道德行为。良好的家风是社会主义核心价值观的生动写照。中国古代流传下来的周公旦诫儿、孔鲤过庭闻训、孟母三迁、岳母刺字等家教故事，贵后世影响深远；诸葛亮在《诫子书》中讲“非淡泊无以明志，非宁静无以致远”，每句话语都已成为传统文化精神的一部分。一个家庭的家风要正，要注重以德立家、以德治家。爱德华家族为什么能英才辈出？那是因为第一代爱德华德高行洁，为他的后代树立起了一座崇高的道德灯塔。他的道德光芒，长久地指引着后代们踏上成人成才的正道。我国清代著名的民族英雄林则徐，他挺身捍卫国家民族利益的壮烈行为和“苟利国家生死以，岂因祸福避趋之”的爱国情怀，为后辈树立起一座伟大的道德丰碑，受其德恩泽被，其子孙至今已传至九代，代代都有卓有建树的政治家和科学家。中国人与西方人在价值观上有很明显的差异。西方人以个人为本位，而中国人则以家庭为本位。家是中国人安身立命的根据地。他给家庭成员带来了居家的温馨、祥和、安全、抚慰和支撑，也带来了保家的责任和使命，甚至还带来了兴家的动力和勇气。家不仅对每个成员有浓厚的亲和力和吸引力，而且还有强大的影响力和约束力。从古以来，中国就格外重视家规、家训等家族道德体系的建设。这种道德体系不仅有神圣的权威性，而且有强大的说服力和威慑力。如：北宋司马光的《温公家范》，清朝朱柏庐的《治家格言》。这些家训不仅弘扬了中华民族的传统美德，也为家庭成员制定了道德准绳和行为规范。积极为孩子打造一个良好的成长空间。在家里要端庄自己的言行，因为那是榜样的力量。家庭其他成员也要规范自己的行为，因为正面的，那会在家庭内交相辉映，而负面的呢，那就会发生交叉感染。司马光在《温公家范》中谆谆告诫，长辈们一定要“以德业遗子孙”。“以德立家”，重视家庭道德建设。许多保有优良家风的家族，都制定了有很强约束力的“家规”、“家训”、“家仪”等等。父母及长辈的行为在日常的生活中潜移默化地影响着孩子的心灵，塑造孩子的人格，是一种无言的教育、无字的典籍、无声的力量，是最基本、最直接、最经常的教育，它对孩子的影响是全方位的，孩子的世界观、人生观、性格特征、道德素养、为人处事及生活习惯等都会打上家风的烙印。可以说，有什么样的家风，就有什么样的孩子。构建团结、平等、和谐的家庭，和睦相处，互相关心，互相爱护，平等协商，彼此给予温暖、给予关怀，给孩子创造和谐的家庭环境。在新形势下，通过挖掘家风的优良和积极因素，将核心价值观的要求融入其中，使人们在家庭的温馨中、在父母长辈的耳提面命中接受熏陶感染，是培育和践行社会主义核心价值观不可忽视的重要载体和途径，也是值得我们深入挖掘和研究的宝库。"
你是谁? 我是由良睦路程序员训练的一个AI模型1491494
"这是一个新闻,新闻的关键词是意外看到蚌埠一医院输液室内这样一幕，很心酸....,摘要为在蚌埠，经常能看到这样一群人有的会自带小板凳每天总是坐在小区、公园、路边有时几人一群有时又是孤单一人他们的手上、脖子上总有一处会挂着一串钥匙,标题为意外看到蚌埠一医院输液室内这样一幕，很心酸....,正文为在蚌埠，经常能看到这样一群人有的会自带小板凳每天总是坐在小区、公园、路边有时几人一群有时又是孤单一人他们的手上、脖子上总有一处会挂着一串钥匙似乎家里没人这群人就是“空巢老人”说是“空巢老人”，其实未必是儿女远在他乡，多数是子女太“忙”有网友就在医院里目睹了这样一幕，让人看了之后，实在有些心酸一个看起来80多岁的老爷爷，不知道是什么病，我觉得应该是老年人平时的小痛小病。当时一个人在吊水，身边也没有人陪着，孤零零的看的我心里特不是滋味，吊着吊着睡着了，连水吊完了都不知道。我悄悄去喊护士给他换了水。 网友也感慨道现在的中国是一个越来越老龄化的国家了，老一辈的人还好，家里兄弟姐妹都四五个，尽管是这样，老人生病了吊水都没人陪在身边。我再想想我们这一代80后，就我自己而言吧，是独生子女，以后估计也只会要一个小孩，不知道我的晚年会变成什么样，越想越心酸。。。 根据《蚌埠市区养老服务业发展报告》蚌埠市已步入老龄化社会，且增速较快。十年后，该市市区老年人口将增至46.2万人，占比将达23.1%。也就是说，5个蚌埠人中就有1位是老人。而且我市市区人口老龄化问题日益严重，老龄人口比率高于国家平均水平，且增长速度较快。老龄化+空巢，这两种最令子女揪心的状况，只会催生出更加痛心的结果。曾经就在蚌埠还发生过独居的空巢老人离世无人知晓，遭宠物狗撕咬的事件。这种也绝非个案。近年来，空巢老人病死、老死家中无人问津的事件时有报道。大力发展老龄服务事业，这当然是应对老年化、空巢化的好办法。但是敬老院不可能给老人带来儿女亲情、天伦之乐。加之，近年来各地养老院恶性事件频发，也让大家心有余悸。其实最尴尬的是，虽然目前我国老年空巢家庭率已达半数，但这些空巢家庭中，真正没有子女的恐怕是少数。他们已逾古稀，多数膝下子女双全，但到了暮年仍然逃不过孤独的生活。到底是为什么呢？中国青年报社会调查中心曾做过一项调查，结果显示：近九成子女希望自己的父母老了之后住进养老机构，多少也折射出当今社会老人是子女累赘的心态。老吾老以及人之老，幼吾幼以及人之幼。为人子女就应该报答父母的养育之恩，让老人安度幸福甜蜜的晚年，安享天伦之乐。忙并不是理由，我们年幼时，父母从未怠慢过我们。现在我们的陪伴似乎成了道德绑架。即使各有难言之隐，但百善孝为先。人生最大的悲痛，子欲养而亲不在。你养我长大，我抚你终老。愿每一个老人，安静的躺在床上时，还有吻可得，还有人相陪。酒债寻常行处有， 人生七十古来稀看似人生笑春风，实则到头老来悲"
你是谁? 我是由良睦路程序员训练的一个AI模型54011416
"这是一个新闻,新闻的关键词是上海留学中介的老师叙述留学美国后创业及移民签证,摘要为上海留学中介的老师叙述留学美国后创业及移民，有这些签证类型可选来源:http://www.huatong.org/越来越多的中国学子选择去美,标题为上海留学中介的老师叙述留学美国后创业及移民签证,正文为上海留学中介的老师叙述留学美国后创业及移民，有这些签证类型可选来源: http://www.huatong.org/越来越多的中国学子选择去美国读书，每年有很多留学生从美国大学毕业，是回国发展？还是留在美国？这是不少人面临的抉择。而这从来就不是一个简单的答案。由于美国先进的科研水平和教育，留美学子们学有所成后都想有一番作为来施展自己的才华，那么就涉及到了如何留下来。全球创业观察（GEM）报告提供了一组数据：2014年美国参与创业或者经营企业的人数占到美国总人口的14%；美国25岁至34岁人群中选择创业或者经营新企业的比例达到18%；美国大学生自主创业比例达到20%～30%；美国成年人中认为现在是创业好时机的比例超过50%。这也许就是为什么很多留学生开始考虑选择留在美国创业，但是又迫于身份问题。下面，小编为广大在美留学生们收集了资料，让我们来看看在美留学生创业，都有哪些类型签证可以选择？以及各有何利弊？OPT期间可以成立公司，但还要过H-1B独立桥OPT就是Optional Practical Training. 凡是在美国持有F-1学生身份超过9个月，得到学位毕业后就可以开始时间为12个月的实习期。而且只要是不断的升级学位，就会在每次毕业后，得到一个12个月的OPT时间。比方说，李同学来美国从社区学院读起，两年社区学院毕业后，可以获取ASSOCIATE或者大专学历，那么就可以申请第一个12个月的OPT。等到OPT结束后，又回到学校读BACHELOR， 两年后得到学位，又是另外的一个OPT。另外，大多数学理工科STEM的同学还可以在硕士毕业后，获得长达3年的OPT。OPT期间必须从事和本专业有关的工作，包括全职和兼职，甚至以小时记工资的Contractor。当然， OPT期间是可以自己成立公司的，或者是self-employed。美国公司法并不歧视外国人。在申办公司期间，没有社会安全号码也可以。公司的成立标准很宽，没有最低出资资本的要求，也没有一定要有办公场所的要求。但是，需要注意的是，在银行开户的时候，每个银行对于公司开户会有自己的一套规定。例如Capital One 银行就要求必须所有的公司发起人本人到银行签署申请书。有的同学希望一边在公司给人打工，一边自己开办公司。OPT没有限制只能有一个雇主，所以这样也可以。 但是要非常小心，不要滥用打工的公司的知识产权。也不要用打工的时间打理自己的公司，这样做不道德。一旦公司运转正常，你就需要考虑在OPT结束之后的工作签证了。自己创业，H-1B就是个酸果子，为他人做嫁衣？为什么这样说？大多数同学会觉得美国鼓励创业，自己又有本科及以上学历，一旦开始创业了，H-1B就是当然的选择了。其实不然，在2010年之前，这样想没错。但是2010年美国国会的一个调查报告历数IT外包公司的种种滥用H-1B签证的行为，其中就包括自己成立公司，申请H-1B签证。上海留学中介http://www.huatong.org/之后出台的一个规定就以公司和雇员之间必须有雇主和雇员关系为理由。这是什么意思呢？美国移民局认为如果本人是公司的股东的话，一定会对公司的运营施加影响，而H-1B签证是为雇员准备的。一个人如果身兼雇员和股东的话，就会导致公司和雇员无法独立开来。美国移民局看来，唯一的例外是如果公司成立一个董事会，以用来架空股东的权利，才可以实现公司对于H-1B雇员的控制，而不是反过来。但是，如此而来，创业的公司刚刚开始，就要将权利上交给董事会，这个不是一个酸果子，是什么？L-1A看着容易，做着难，可以申请EB-1C绿卡家里在中国有公司，在美国开设分公司，可以申请L-1A签证吗？中国公司海外收购了一家美国公司，可以给留学生申请L-1A吗？L-1A签证是跨国公司提供给来美国工作的经理特别签证。譬如IBM或者微软这样全球布局的公司经常会视需要，将海外员工调到美国工作，就是使用L-1类型的工作签证。望文生义的话，似乎是只要中国公司在美国有分公司就够格了？实际不是，L-1A还需要申请人本人在申请前的3年内至少有一年在中国为中国公司。对于大多数学生而言，上海留学中介http://www.huatong.org/从中国本科或者高中毕业后，没有工作经历，直接来美国深造，就无法满足条件。当然，L-1A签证的背后是绿卡申请的便捷。对于成立一年以上的美国公司，就可以为持L-1A签证的总裁或者经理申请EB-1C绿卡，大约1年左右就可以拿到正式绿卡。“杰出人才”EB-1a和NIW对于才能出众者，可以另辟蹊径选择较少人申请的“杰出人才”EB-1a和NIW（美国国家利益豁免）两类移民方式。移民局对这两类申请人的要求相对较高，简单来说，需要申请人的特殊才能或专长达到领域内的领先水平，有过获奖、发表等成就。可以先找移民律师免费评估，评估通过就可以着手准备材料了。申请EB-1A杰出人才绿卡，没有排期的情况下，最快15天即可通过。NIW通过后有3-4年排期就可以拿到绿卡。另外，O1持有人也更容易申请EB-1A杰出人才绿卡，这相对于H-1B持有人申请EB-2/EB-3类绿卡需要等3-4年排期的情况来说要快捷的多。EB-5投资移民签证如果留学生年龄没有超过16岁，未来希望可以在美国留学工作，家长是可以考虑EB-5投资移民。这是一个长远规划的方案，虽然目前EB-5排期长，从递交资料缴费到拿到临时绿卡需要至少3年半到5年的时间，但一旦获得绿卡，孩子在美国读中学、大学的费用比外籍学生至少少1/3到1/2，毕业后可以顺利找工作或者创业。EB-5投资移民方式分两种：一种是选择区域中心项目，投资50万美金，拿绿卡；另一种是直投方式，投资100万美金的美国项目或者企业参股，直接参与经营。在美国创业就能拿绿卡？最近，希拉里在她的官方网站上宣布了一项与科教和就业有关的施政纲领“Hillary Clinton’s Initiative on Technology Innovation”。其中十分亮眼的一条：将给留学生和海外创业者发放更多的绿卡和“创业公司”签证！具体来说，这项施政纲领决定，那些在攻读科学、技术、工程和数学上海留学中介http://www.huatong.org/（Science， Technology， Engineering Mathmatics，简称 STEM）有关领域的留学生，只要在美国获得了硕士或博士学位，就能申请绿卡。“绿卡”是美国永久居民卡的别称，赋予持卡的留学生有条件地在美国居住以及合法工作的权利——简而言之等于移民成功，只是没有某些特定的公民权利。对于创业者来说，希拉里的这项纲领也是个绝佳的好消息：海外的优秀创业者将可以申请新的“创业公司”签证（Start-up visas），让这些创业者能够更方便地在美国设立办公室、招聘员工和开展业务。当然，这一条款也是基于在美国本土创造就业而考虑的。上海留学中介http://www.huatong.org/华通留学是中国首家实现全球化连锁经营的教育服务机构，经教育部、公安部、国家工商行政管理局三部委共同批准，拥有北京华通信诺国际文化交流中心（教外综资认字【2005】375号），浙江科友留学服务中心（教外综资认字【2000】175号），山东华通信诺国际文化交流有限公司（教外综资认字SD20120016号）三块资质，旗下24家分公司分布在北京、上海、广州、杭州、南京、成都、青岛、苏州、宁波、无锡、绍兴、常州、扬州、武汉、郑州、合肥、南通、海口、宜宾、重庆、济南、西安、湖州、金华，提供全球化教育指导和升学服务。"
"这是一个新闻,新闻的关键词是反腐就是攻克“人性弱点”,摘要为8集大型电视专题片《永远在路上》由中央纪委宣传部、中央电视台联合制作并播出。本剧主要揭示苏荣、周本顺、李春城等10余位因严重违纪违法而落马的,标题为反腐就是攻克“人性弱点”,正文为8集大型电视专题片《永远在路上》由中央纪委宣传部、中央电视台联合制作并播出。本剧主要揭示苏荣、周本顺、李春城等10余位因严重违纪违法而落马的省部级以上官员的一些典型案例，同时展现出我国监督执纪之决心与信心。(10.17 中央纪委监察部网站)首部反腐专题片《永远在路上》有力地彰显出国家对于反腐倡廉的重视。通过纪录形式从行动到心理，从罪犯到专家对犯罪的过程和危害进行详细讲述，使我们广大的观众从细节中吸取教训，以便警钟长鸣，当然，同时也不泛在为某些人“拉着耳朵说话”，告诉他们：反腐“永远在路上”。从中央的反腐态度可以看出，中国反腐是不会降温的，它已形成一种态势， “永远在路上”就是决心与信心的表达。反腐就是反人性弱点。从周本顺、白恩培、李春城等这些曾经的高官讲述中，我们就能看到腐败之所以发生的根本原因，归纳起来攀比、贪婪和狂欲成为最终的答案。白恩培说起他的腐败动因，特别提到商人“住豪华的房子，坐豪华的车，个人还买的私人飞机。我也追求像他们一样的生活，这思想就变了。”眼热攀比，人之本性，常人如此，官员也不例外。对于这样的人之本性，教育固然有一定作用，但当权力和诱惑都足够大，单纯的教育就会显得苍白。习近平总书记告诫我们要坚守初心，不忘初心，依法依规，廉洁从政，大公无私，全心全意为民服务，为把我国建设成为具有中国特色的全面小康社会而奋斗。也就是要我们克服人性弱点，抛掉私心杂念，不给自己找借口，不当社会“蛀虫”，自我高举反腐剑，勇敢地、坦然地、永远地行走在反腐的道路上。干部在政道上的“站场子”“ 绷面子”“ 耍牌子”，其实都是在为自己“编笼子”“扎套子”。笼子是越编越大，套子是越扎越深。如周本顺所说：“我出个面帮他站个台，一起吃饭，我什么话也没有说，别人就知道这个人上面有人，这个事都会办得通”。从中我们就分析出，为了特殊身份站个场子，手中大权绷个面子，用公众形象耍个牌子，便于给某些人牵线拱桥，达成一些“勾当”，忘了自己的形象是人民烘托出来的，权力是人民给的，人民不答应的事，是坚决不能干的，背着人民干违心事，使违纪权，人民是要找你清算的。观看专题片《永远在路上》，身为党员领导干部的同志们，应该清醒了，腐败分子永远是党和人民群众的死对头，在法律面前人人平等，没有铁帽子王。官再大，位置再重要，只要违法违纪，党和人民群众一样不答应，等待的只有法律的严惩。不要心存侥幸，一定要克服自己的“人性弱点”，做一个直面问题、捍卫党纪、自我净化、自我革新、初心不改、砥砺前行的勇者。（马义铝）"
"这是一个新闻,新闻的关键词是地方新闻出版选题分析报告选登,摘要为江苏：以史为鉴面向未来地域文化彰显特色2015年，江苏省18家图书出版单位共上报选题3870种，比上年下降17.6%。落实国家、省、社三级重,标题为地方新闻出版选题分析报告选登,正文为江苏：以史为鉴面向未来地域文化彰显特色2015年，江苏省18家图书出版单位共上报选题3870种，比上年下降17.6%。落实国家、省、社三级重点选题606种。其中，国家“十二五”重点选题59种，省“十二五”重点选题201种。从选题分类看，文化类仍然是江苏规模最大的选题类别，达1164种，占全部选题的30.1%。推出反映时代精神与时代风貌的精品力作。主要体现在以下几个方面：宣传贯彻习近平总书记系列重要讲话精神读物及时、全面，深化中国梦宣传教育、弘扬社会主义核心价值观选题题材丰富，依法治国理念更加深入，马克思主义研究紧扣中国鲜活实践，党建读物体现时代特征，党史、国史选题弘扬爱国主义精神，以史为鉴、面向未来，纪念中国人民抗日战争暨世界反法西斯战争胜利70周年以及国家公祭日选题再出新成果。大众类选题引领时代风尚。在彰显时代主旋律、传播先进文化上，有“大家丛书”、《中国大援疆》《苍耳》等作品；《蜻蜓眼》《好狗高气鼓》《童眸系列小说》则引导少年儿童健康成长，培育社会主义合格接班人；生活保健读物注重科学性、实用性和趣味性，如《洪昭光细说活到百岁十堂课》等。社科、科技类选题服务科学发展。加大原创力度，体现全新学术成果，如《中国战争史》、“法政科学丛书”；聚焦科技前沿，服务发展实践，如《多肽类抗生素安来霉素生产工艺学》《细胞药物代谢动力学与成药性评价》；坚持专业出版，注重品牌立社，如以“海外中国研究丛书”“凤凰文库系列”“汉译精品文库”等重点品牌为龙头，组织了一批具有较高文化积累价值和学术价值的图书选题。古籍、地方文化类选题弘扬中华传统文化。如江苏人民出版社的重大招标项目《天柱文书（第二辑）》，收录明代至民国的各类珍贵文书近万件，皆为首次公布。凤凰出版社古籍出版注重创新，推出《近代传媒与中国西藏的变迁》《历代小说话》等选题。走出去选题展示文化软实力。内容、题材不断丰富，拟向外推出《草原丝绸之路》《海上丝绸之路（图文本）》《中国绘画故事》《国家博物馆教育绘本》等富有中国元素和深具文化积累价值的图书。数字出版开发力度加大。江苏科技出版社策划了《中国运河志》跨媒体复合出版工程、《中医看得见》百部经典跨媒体出版工程等大项目。江苏少儿出版社的《“燃烧的蔬菜”健康网游》“‘小食神’中国原创漫画系列”等，以纸质出版物为桥梁，拟向手游、动画、电影延伸，打造多媒体、全品种产业链。译林出版社拓展既有出版资源，继续运作好“博物馆与文化遗产全媒体信息平台”“基于移动互联网的外向型博物馆数字出版与应用平台”。江苏电子音像出版社以“盘配书”出版试点为契机，加快向多介质、跨媒体出版转型，重点开发“凤凰易学系统”“凤凰易教系统”等数字出版平台。 上海：汲取传统文化精髓打造东方文学高地2015年，上海市计划出版新版图书12569种，与2014年的12637种相比基本持平，其中重点图书972种，预备备案选题249种。主题图书策划有力。学习宣传贯彻习近平总书记系列重要讲话精神，开展中国特色社会主义和中国梦主题宣传教育活动方面的选题有《中国特色社会主义纲要》（修订本）和《文化政治与中国道路》等。同时，紧紧围绕社会主义核心价值观，推出相关拓展型教材和读本系列。在纪念世界反法西斯战争方面，将推出《历史秘档中的第二次世界大战》《一个中国记者看二战》《怒江之殇—阵亡美军的118封家书》《同盟国的胜利—世界抗日战争图志》等选题；在纪念中国人民抗日战争方面有《中国人民抗日战争史》等选题。汲取传统文化精髓。认真汲取中华优秀传统文化的思想精华和道德精髓，展现中华优秀传统文化中“讲仁爱、重民本、守诚信、崇正义、尚和合、求大同”的内容。如“中国传统优秀文化教育上海市中小学实验教材”、《礼乐人生》、《中国民间传统道德读本》等，均是弘扬中华优秀传统文化思想精华和道德精髓的图书。落实重点工程和推广普及读物。如《传播当代中国价值观念与加强我国对外话语体系建设研究》等，全面落实国家在科技、教育、人才等方面的中长期规划，推出一批反映我国人文社科、自然科学和工程技术等各领域最新研究成果的重点选题，推出一批有助于提升全民科学素质的科普读物，推出一批增强全民版图意识、海洋意识的知识读本。如“大飞机出版工程”“中国古生物研究丛书”等。致力打造优秀文艺作品。全面贯彻“二为”方向和“双百”方针。坚持“三贴近”原则，弘扬主旋律，传递真善美，推出一批传播当代中国价值观念、体现中华文化精神、反映中国人审美追求，思想性、艺术性、观赏性有机统一的优秀文艺作品。上海文艺出版社致力于打造“中国当代文学的出版高地”，2015年该社将推出《千里江山图》《中国制造：海南文昌国家航天发射中心纪实》等选题。反映古籍整理最新成果。进一步加强古籍整理和出版规划工作，建设优秀传统文化传承体系。上海古籍出版社的《北京大学藏西汉竹书》、《杜甫集校注》，上海辞书出版社的《上海图书馆藏古籍善本题跋真迹（标点本）》、《顾延龙全集》，华东师范大学出版社的国家出版基金项目“中国文字发展史丛书”，复旦大学出版社的《〈诗经〉集成》、《西游记》（汇评本）以及中西书局的《清华大学藏战国竹简》、《中国古典学重建》等选题，反映了古籍整理研究的最新成果。积极实施走出去战略。为促进人类各种文明交流交融、互学互鉴，推出一批融通中外、讲好中国故事、传播中国声音、展示中华文化独特魅力的优秀选题。上海外语教育出版社除了继续推出《英译中囯当代优秀散文选》外，还将推出我国古典四大名著汉英对照本中的《西游记》以及“大中华文库”项目中的《俄译史记选》。上海交通大学出版社拟将出版反映我国古代科技领先成果的《走进殿堂的中国古代科技史（英文版）》等选题。浙江：注重优秀文化传承艺术选题繁花似锦浙江省14家图书出版单位2015年共报送选题5269种，实际批准5222种，47个选题为重大选题。从总体看，浙江省2015年度选题计划重点突出、优势明显、结构合理。地域特色。结合浙江经济建设和区域特色，着重推出一批反映浙江经济建设最新成就、总结浙江经验的选题，努力展示浙江经济的研究价值和示范效应。如浙江人民出版社的《科学治水在浙江的探索与实践》、浙江文艺出版社的《东望大海》、浙江大学出版社以国家海洋强国战略为背景的《民营经济改变中国》、浙江工商大学出版社的《2015解读浙江经济》等选题。传统文化。注重优秀传统文化传承和积累，推出一批反映古籍整理最新研究成果，反映中华民族文化历史积淀和精神内涵的选题。如浙江古籍出版社的《汉魏两晋南北朝佛教史》、浙江人民美术出版社的“名画再现丛书”、浙江大学出版社的《中国历代绘画大系—明画全集（第三卷至第九卷》、浙江古籍出版社的《湘湖通史》等。艺术与研究。推出一批有代表性的书法、绘画、篆刻及艺术研究、艺术文献等艺术类选题。浙江不仅有世界知名的中国美术学院和西泠印社，更拥有4家美术类专业出版社，2015年艺术类选题依然繁花似锦。如浙江人民美术出版社的《中国篆刻聚珍》、西泠印社出版社的《沙孟海书法作品集》、中国美术学院出版社的“艺术史研究丛书”等选题。新农村建设。围绕社会主义新农村建设，推出一批加快农业发展、促进农民素质提升的选题。如浙江人民出版社的《浙江美丽乡村建设100例》、浙江科学技术出版社的《农业应对气候变化》、浙江少年儿童出版社的“春泥丛书”、宁波出版社的纪实性散文集《我的美丽村庄》等选题。走出去精品。积聚优质资源，传播中华文化，推出一批面向国际市场的走出去精品选题，引进一批高质量的国外优秀出版物。如浙江大学出版社的《人、经济与国家》、浙江科学技术出版社的“非洲农业与医疗实用技术书系”、浙江工商大学出版社的《孔子语录》等选题。广东：科技类填补空白走出去展示海上丝路2015年，广东省19家图书出版社安排新书选题共2576种，与上年基本持平。其中，文教类684种，文学类388种，历史地理类298种，艺术类264种。所报选题中，重点选题537种，中长期规划项目1350种。从总体看，选题主要呈现以下几个特点。唱响时代主旋律。在全面深化改革方面，策划了“纪念改革开放40周年丛书”、《登峰造极—中国工业占领世界产业至高点的路径分析与思考》等选题。在全面推进依法治国方面，有《中国共产党廉政建设史》《治法中国—法治在路上：中国法治进程》等选题。在展现时代新风尚上，有《读历史悟美德》《大学生村官调查—惠州大学生村官青春故事》《第一粒扣子》等。围绕世界反法西斯战争暨中国人民抗日战争胜利70周年，策划了《不屈的丰碑—写给新一代人看的抗战史》《东江纵队港九大队抗战纪实》《十九路军史料汇编》等选题。丰富重点项目储备。广东人民出版社策划了《容庚藏名人尺牍》《广西恭城碑刻集》，广东教育出版社策划了《西国近事汇编》，新世纪出版社策划了《中国民间儿童玩具史话》，广东经济出版社策划了《近代华侨报刊大系（第一辑）》，中山大学出版社策划了《艽野东南的民族（系列二）》等选题。紧密衔接学术最新科研成果。各出版社发挥学科优势，追踪学术前沿，将学术出版与重大科研成果及学术紧密衔接，推出一批具有填补空白意义的选题。如《胰腺癌基础与临床》《盆腔自主神经保护的直肠癌根治术》、“传染病症候群检测与监测技术丛书”。大众出版特色鲜明。广东人民出版社致力于高端社科人文板块，贵精不贵多，主要涉及思想、文化、政治、历史领域，以“百家小集”“学人文库”“学人自述”等系列丛书打造品牌。“丝路书香”，积极走出去。紧紧抓住“丝路书香”工程的政策契机，把走出去作为重要的发展战略，弘扬中华优秀文化，拓展海外市场。广东人民出版社策划了“共建21世纪海上丝绸之路书系”，广东旅游出版社策划了“21世纪海上丝绸之路丛书”等选题。"
"这是一个新闻,新闻的关键词是苏州起亚K2优惠，苏州起亚K2行情，苏州起亚K2降价促销,摘要为促销时间：2014.6.23-2014.6.27日前，搜狐汽车苏州编辑从苏州市起亚经销商(苏州宝丰汽车销售服务有限公司)处了解到，店内起亚K,标题为[苏州]起亚K2优惠6000元 送3000元大礼包,正文为促销时间：2014.6.23-2014.6.27日前，搜狐汽车苏州编辑从苏州市起亚经销商(苏州宝丰汽车销售服务有限公司)处了解到，店内起亚K2三厢火热促销，购K2三厢部分车款优惠0.6万元，购车送大礼包，现车充足。感兴趣的朋友可致电咨询详情，免费电话400-885-3006。具体车型优惠政策如下：起亚K2三厢 厂商指导价 直降 现价 现车情况 询价1.6L AT Premium ECO 10.99万 ↓0.6万 10.39万 现车充足1.6L AT Premium纪念版 9.99万 ↓0.6万 9.39万 现车充足1.4L AT Premium ECO 纪念版 9.99万 ↓0.6万 9.39万 现车充足1.4L AT TOP 纪念版 9.29万 ↓0.6万 8.69万 现车充足1.4L MT TOP 纪念版 8.49万 ↓0.6万 7.89万 现车充足1.4L AT GLS 纪念版 8.59万 ↓0.6万 7.99万 现车充足1.4L MT GLS 纪念版 7.79万 ↓0.6万 7.19万 现车充足1.4L MT GL 纪念版 7.29万 ↓0.6万 6.69万 现车充足1.6L AT Premium ECO 纪念版 10.99万 ↓0.6万 10.39万 现车充足致电商家，获取更多优惠信息！ 免费电话：400-885-3006制表：搜狐汽车苏州站查看更多降价信息请进 降价栏目首页 起亚K2三厢 动力方面：K2搭载的起亚伽马系列发动机，早在2009年，它已用在福瑞迪上，并荣获当年的十佳发动机。现在搭载在K2身上，其1.4L 和 1.6L的最大功率分别达到107马力和123马力，最大扭矩分别达135牛米和155牛米。无论在起步和高速行驶中均能提供源源不断的动力支持。保养方面：起亚K2享受厂家提供的5年或10公里的整车质保。另外经销商透露起亚提供免费首保，期限为3个月或2500公里。以后正常保养间隔为3个月或5000公里。小保养更换机油、机滤，正常费用在300元左右，大保养更换机油及三滤，正常费用在500元左右。K2是世界顶级汽车设计大师彼得希瑞尔继K5之后，专为中国消费者精心打造的起亚全新高端品质内涵K系列精品家轿，K2彰显了起亚领先的造车理念和尖端科技，凭借着潮流外观和完美内饰，引领时尚风范，塑造国内A0级高端精品家轿新坐标。近期精彩导购推荐性价比之选 起亚K5/迈锐宝等最高降6.4万 热门豪华SUV 奔驰GLK/宝马X3等最高降5万宜商宜家中级车 帕萨特/迈腾等最高降3万 10万优选家用车 科鲁兹/昕锐等最高降3万合资也低价 新桑塔纳/捷达等最高降2万元 抄底热门SUV 翼虎/CR-V等SUV最高降2.2万年轻时尚派 昂科拉/翼搏等SUV最高降3万! 运动也时尚 朗动/K3等紧凑车最高降2.4万都市小青年SUV新宠！雪佛兰创酷TRAX实拍 运动先锋 科技座驾 实拍全新英菲尼迪Q50（信息来源：苏州 信息员） 搜狐汽车苏州车友QQ群：336146715（进群请备注“搜狐车友”）搜狐汽车苏州团购QQ群：322237635（进群请备注“搜狐车友”）搜狐汽车苏州车友购车咨询热线：搜狐汽车苏州车友SAA：http://saa.auto.sohu.com/club-11557提及搜狐汽车，您将享受更优质的服务。声明：此价格为经销商个体行为，不代表全部经销商。由于市场价格变化多端，文中所报价格仅供参考。本文系搜狐汽车独家稿件，版权归搜狐汽车所有，未经许可，不得转载。一经发现，必将追究。"
"这是一个新闻,新闻的关键词是弟子状告师傅卖假酒索赔两千余万被驳回,摘要为王林假酒案一审判决广州日报讯（记者王纳）2013年7月，社会上突然刮起一股揭秘“伪气功大师”王林的舆论旋风，凭着向媒体检举揭发王林，王林的所,标题为弟子状告师傅卖假酒索赔两千余万被驳回,正文为王林假酒案一审判决广州日报讯（记者王纳）2013年7月，社会上突然刮起一股揭秘“伪气功大师”王林的舆论旋风，凭着向媒体检举揭发王林，王林的所谓“关门弟子”邹勇也一时成为新闻人物。去年7月，邹勇状告王林卖假酒，索还1840万元酒款和利息损失424万元。该案在江西萍乡市中级人民法院开庭审理。记者昨日从王林的代理律师，广东鑫涌律师事务所许宜群主任及周宁律师处获悉，该案于今年4月3日做出了一审判决，邹勇的诉讼请求被驳回。起诉：师傅向弟子兜售假茅台2014年7月31日，邹勇一纸诉状把王林告上了法庭。邹勇诉称，2010年年底，王林对邹勇称其与茅台酒厂的厂长关系很熟，厂长有特供的五十年陈酿茅台酒的优惠指标，市场价格为28000元/瓶，但王林可以特价3000元/瓶卖给邹勇。于是，邹勇于2010年11月4日向王林汇款340万元购买了100箱（12瓶/箱），2011年1月27日分两次共汇款1500万元购买了400箱。2013年1月，邹勇把从王林处购买的茅台酒招待朋友时发现口感不对。2013年3月4日，经贵州茅台酒股份有限公司鉴定，王林卖给邹勇的6000瓶酒并非贵州茅台酒股份有限公司生产的五十年陈酿茅台酒。后邹勇多次要求王林返还酒款未果。邹勇认为，王林在出售所谓茅台酒的过程中故意隐瞒重要事实，提供虚假情况，应当返还酒款和承担赔偿责任。因此，邹勇请求法院判令，王林返还酒款1840万元，赔偿利息损失424万多元，并且承担本案诉讼费用。答辩：从未说过那是茅台酒该案去年9月在江西省萍乡市中级人民法院开庭。对于邹勇的起诉，王林答辩称，双方买卖合同已经履行完毕，自己从未说过该白酒系贵州茅台酒股份有限公司生产的茅台酒，邹勇主张退货不符合法律规定。王林的答辩状中指出，根据公安机关的调查笔录可以看出，邹勇是在王林处经常饮用该种白酒，并且在亲眼看到、亲自确认该白酒是没有标签、没有包装、没有生产厂家的情况下向王林提出购买要求的。王林从未说过是贵州茅台酒股份有限公司生产的茅台酒。王林还答辩称，从2010年11月第一次向邹勇提供涉案白酒到2013年1月邹勇提出控告时止，邹勇已经饮用了600多瓶，这时再以“货不对板”要求退货完全没有法律依据。4月3日，法院对该案做出了一审判决，驳回原告邹勇的诉讼请求。"
"这是一个新闻,新闻的关键词是医生，我们需要你，请多爱自己一点！,摘要为导语如果法律能保障一个死人的权利，而无法承担起治病救人的责任时，我们所坚守的道德底线还能支撑多久。作者：cath来源：医学论坛网近日，一篇题,标题为医生，我们需要你，请多爱自己一点！,正文为 导语如果法律能保障一个死人的权利，而无法承担起治病救人的责任时，我们所坚守的道德底线还能支撑多久。作者：cath来源：医学论坛网近日，一篇题为《上海一医生连续工作32小时后吐血》的文章在朋友圈热传。文章中提及的医生是上海市第十人民医院的一名心内科医生，在发病前，已经连续工作了32个小时。加上近期刚刚参加博士生考试，超负荷的工作和学习压力，导致消化道疾病，造成大量出血。说实话，看到这条消息还是很震惊的，近年来有关医生过劳死的新闻也屡见不鲜。就在写这篇文章的同时，笔者还看到了这样一则新闻：在湖南省岳阳市二医院泌尿外科一位患者床前，一名医生带着消毒手套，双手耷拉在床杆上，头枕在手上闭眼小憩。科室同事随手拍下这一幕发到了微信朋友圈， 一时之间点赞声无数。随后记者了解到，这名特殊的陪床者，是该院泌尿外科的一名医生。为了抢救病人，他已连续53小时坚守在岗位上。每次看到某某医生连续多少小时坚守在岗位上，或在手术台站了多少小时了都觉得心酸不已，作为医生，却连自己都保证不了基本的健康，还怎么去照顾家人，为患者更好地治病?很多医生忘我工作却忽视了自身的身体健康，是医生的痛、是病人的痛，更是我们医疗体制机制之痛。有的时候，我们常在为“铁人精神”“老黄牛精神”赞叹，却忽视了“铁人”也是人，医生也是人，也要有健康的体魄。在有些医疗卫生系统，由于人员少，医护人员加班和值班过于频繁，难以享受一些法定节假日，经常连正常的下班休息也难以保障。医护人员的作息时间没有规律，遇到急危重症病人的抢救，就没有日夜。长期超负荷的工作让医护人员体力难以承受，加之他们还要承受一些外来的精神压力，以及越来越多的医疗风险，所以我们看到一些医生累倒在岗位上的悲情故事。生命是宝贵的，每个人的生命不仅仅属于自己，家庭责任、社会责任更应铭记于心。呵护生命是每个人的责任，更是医生的责任。医生的健康是病人安全的保障，如果医生自己都没有了健康，保障人民的健康就是一句空话。医务人员也是普通人，特殊的岗位、高强度的工作、极大的心理压力决定了他们比平常人更需要理解和尊重。医生的身心健康问题不容忽视，关爱医生的健康，让医生有更良好的体魄和心理为患者提供服务，如果我们给予医护人员更多的关心，有一些悲剧就有可能避免;如果我们对医务人员多一份关爱，就会少一份不应有的惋惜。当然，我们的医生应当关注自己的身心健康，因为你们要知道，你身体是自己的，更是大众的。因为，国家培养一名医生，需要多大的财力，为了能更好的奉献社会、服务病患，你们也有保护自身健康的义务。关爱医生，就是关爱我们自己;关怀医生，就是关怀我们国家。医生们，还请多关爱自己一点吧！医学论坛网cmt59085300长按识别左侧二维码，关注我们关注医学论坛网微信号，回复以下关键字，即可接收最新文章及科研进展心血管 | 肿瘤 | 糖尿病内分泌 | 神经 | 感染妇产科 | 儿科全科医学 | 医学人文......"
"这是一个新闻,新闻的关键词是“2016河南中小企业人才储备计划”专题就业双选会,摘要为根据《中华人民共和国中小企业促进法》和《国务院关于进一步促进中小企业发展的若干意见》(国发〔2009〕36号)，中小企业划分为中型、小型、微,标题为“2016河南中小企业人才储备计划”专题就业双选会,正文为根据《中华人民共和国中小企业促进法》和《国务院关于进一步促进中小企业发展的若干意见》(国发〔2009〕36号)，中小企业划分为中型、小型、微型三种类型，具体标准根据企业从业人员、营业收入、资产总额等指标，结合行业特点而制定。为促进河南省中小企业的长远发展战略，通过对人才从层次、数量、结构上进行设计优化，并实行长期性、持久性、针对性的人才库存与培养，从而保证企业人才能够满足企业长远发展目标需求的人力资源策略。郑州体育馆特举办“2016河南中小企业人才储备计划”专题就业双选会，现将就业大会具体情况介绍如下：一、组织与支持：此次就业大会由郑州市人力资源中心主办、郑州体育馆招聘会组委会协办，并得到河南省人社厅、郑州市人社局、河南高校毕业生就业服务中心及河南中小企业发展服务中心等大力支持二、时间地点：2016年10月26日（周三）8:30--14:00地地：郑州体育馆（地铁1号线人民路C出口）电话：0371－55256356 15237170403（微信同号） 曹主任24小时在线客服QQ：603372002三、收费标准：标准展600元/天 贵宾展800元/天中小企业招聘，给予优惠，即定2场送1场标准展1200元＝3场 贵宾展1600元＝3场另可免费参加校园招聘会、 免费1年官方网站招聘及人才简历下载河南各大高校校园招聘会将在10月、11月、12月定期举行四、特色：此次就业大会，意在促进河南省中小企业的长远发展战略，保证企业人才能够满足企业长远发展目标需求的人力资源策略①搜索平台：在百度、360、搜狗等平台竞价推广大批量宣传；② 社交平台： 微信、QQ、微博、人人网、新浪博客等各类新兴社交开放平台、③人才网站： 58、赶集、百姓网、海投网、应届毕业生网等各类知名人才网站④线下渠道：河南133所 高校就业办、学生宿舍及食堂、各大小人才市场等发放卡片、海报、条副等五、此次招聘会的特点：①求职者短时间大量集中，面对面交流、年终最后一波求职、跳槽高峰期② 交通便利： 地铁1号线出口即到， 另有20多路公交车贯穿郑州东西南北③地理位置好：场馆位于市中心、周围二七广场、火车站、丹尼斯总店、大上海城等众多商场，人气高涨，人流量众多，组委会在此举办招聘会已达11年之久六、组委会提拱服务①所有求职者均免费入场，并提供简历表格，推荐相关专业对口工作②向企业提供：一桌三椅、两人餐饮、打印海报、求职登记表、笔、文件袋、网络同步招聘、人才简历下载等七、参会企业须知：①参会企业需在当天上午8：30签到，领取工作证，凭证进场，按指定位置参展。② 参会企业需提前预定展位，市内企业可上门办理合同手续；外地企业可转账预定展位、现场办理手续。③参会企业需提前将招聘简章(包括企业名称、简介、招聘岗位、薪酬待遇、应聘电话、地址等材料总计不超过500字)发送到603372002@qq.com八、公交路线：①1号地铁线人民路站C出口即到；（2号地铁线可在紫荆山站换乘地铁1号线）②152路、178路、2路、518路、52路、58路、65路、89路、B17路到市体育场站即到。③100路、101路、109路、257路、26路、312路、37路、520路、57路、82路、88路、900路、909路、909区间、98路、9路到工人新村站即到。"
"这是一个新闻,新闻的关键词是我读书少，我流量不多。拜托别在朋友··圈···里强···奸··我的智商,摘要为我读书少，我流量不多。每当我手机上网被你们逼着看看你们转的这些脑残无语乱七八糟的秘籍攻略心灵鸡汤什么的就无比心痛感觉被你们强奸了一百遍啊一百,标题为我读书少，我流量不多。拜托别在朋友··圈···里强···奸··我的智商,正文为我读书少，我流量不多。每当我手机上网被你们逼着看看你们转的这些脑残无语乱七八糟的秘籍攻略心灵鸡汤什么的就无比心痛感觉被你们强奸了一百遍啊一百遍！深深的感受到有些人的智商真是无下限，家长老师把你们拉扯到这么大不容易你们自己却连独立思考的精神也没有，我很无奈，我很想哭。 1、蓝翔就是搭了谣言丑闻的顺风车，他家的挖机水平和别家也差不多； 2、苹果5s里的自带地图里钓鱼岛是中国的，高速公路上日本车还是可以加油的；3、羚羊才不会接力跳悬崖，金鱼的记忆才不止七秒；4、腾讯才不管你一条信息转发多少次，腾讯老总的女儿也好儿子也好私生子也好不会为你冲Q币；5、你大概得吃三百斤虾和十几瓶维生素C才能发生轻微砷中毒，少女被割肾的故事起源于美国远播海外；6、在ATM上倒着输入密码只会被告知密码错误，你倒是可以试试倒输三次，当然，你密码正输倒输都一样的不在此列；7、喝一辈子汽水只会超重不会得白血病，吃再多米线只会因明胶而发育不良不会长所谓的细菌虫；8、人乳放置几十年变的血红是因为密封不当而混进了红曲菌你们就不要用这个来赞美你妈了；9、把大蒜扔进油锅里怎么炸都不会变红更别提鉴别地沟油了；10、由于头皮和头骨的阻隔，手机对大脑的辐射微乎其微请不要把手机说得有核辐射似的；11、上网之后洗脸只能洗掉你脸上的灰毕竟电磁辐射是电磁波而不是什么颗粒，在电脑桌旁摆一盆仙人掌也不能吸收均匀发散的辐射，把电脑屏幕调成绿色该近视还得近视，空军从未流传过治疗近视的方法否则你让眼镜商怎么活；12、你的任何手机输入什么数字都不会为你启动备用电池，毕竟你手机根本就不存在什么备用电池；13、金陵十三钗根本未在日本上映还谈什么票房，南京大屠杀纪念日是12月13日而不是9月12日也不是5月12日你妹的你的近代史是怎么学的；14、牙膏管底部有个绿色色块的是纯天然牙膏黑色的就是全化学物质的，拜托那个色块只是生产线上的标记爱整啥颜色就是啥颜色，要不厂家给你整支从头到脚从里到外全是绿色的牙膏连牙齿都可以给你刷绿的好不好；15、那些说你手机或者电脑收到一张带有“女人必看”、“男人必看”、“不男不女必看”之类的图片或者工资料整方案什么文件的，在任何环境下一旦打开你的手机就会爆炸电脑就会冒黑烟你的隐私艳照就会满天飞第二天你就红过冠希哥的，病毒真正侵入的是你的榆木脑袋而不是你的手机电脑，另外，冠希哥无人可以超越你尽可放心；16、中国10大名老中医的各类偏方最近疯转，有人转的是徐文兵有人转的是叫于彤，内容一样年纪一样都是98岁，第一条就是香蕉皮30克晒干煎水可以降血压看到这第一条我就笑了。大家就不会自己去百度一下徐文兵吗？他1966年出生我的数学老师死的早66年出生的人今年多大我不会算，但肯定不是TM的98岁，干脆你说太上老君说我倒真心信了神仙说的谁敢不信是不是，我只说一句话得了病你还是去医院比较靠谱除非你想早点去见马克思。17、最近电影亲爱的让大家爱心爆棚，什么加油站一辆卖天津大麻花的货车正在加油最后发现堆放麻花扳子下传来了9个孩子的哭叫声，原来卖天津大麻花的还兼职卖人卖器官真是吓得你一脸的狗血，我就想问问你妹的你看过卖天津大麻花的标准制式车辆没有9个10岁的孩子你给我塞进去看看，我真想把这个谣言一个字一个字的塞进你巨大的菊花里，真9个孩子被关着一个个器官切着卖那不成了中国第一大案了你也太小看警察蜀黎的能力了。18、那些被人喷了一口烟点了一下穴瞪了一小眼就迷迷糊糊被人骗走钱财骗走身体骗走一切的人，大都是贪财爱占小便宜结果鸡飞蛋打上当了也哒屁无法和老公老婆家人孩子交代了，急中生智把自己被猪油蒙了心的行为都怪到这些武侠穿越修仙小说中才会出现的事情上去，你要信了你的智力大概也是-250。实在是有太多谣言，加上脚趾头都数不过来了，还是自己看图吧！1、微波炉辐射会致癌2、柿子和蟹、虾和水果、豆浆和鸡蛋等混吃会中毒3、酸性体质能致病4、指甲月牙越多越健康5、宿便是健康杀手6、孕妇必须穿防辐射服7、可乐杀精8、购物小票会致癌 9、柠檬水能减肥抗癌"
"这是一个新闻,新闻的关键词是眼睛长相看富贵吉凶,摘要为眼睛长相看富贵吉凶面相中眼睛主要看一个人的心性、智慧谋略、人生威望、胆识、是否贵显、婚姻缘分、财运大小。眼睛为心灵之窗，是表达一个人内心真实,标题为眼睛长相看富贵吉凶,正文为 眼睛长相看富贵吉凶面相中眼睛主要看一个人的心性、智慧谋略、人生威望、胆识、是否贵显、婚姻缘分、财运大小。眼睛为心灵之窗，是表达一个人内心真实情感之器官，所以，面相中眼睛占据着百分之五十的重要性。古人认为：眼睛有一分神，命中就有一分衣禄；有十分神就有十分衣禄，反之，眼睛有一分病，命中就有一分凶，有十 分病就有十分凶。眼睛与印堂跟人的思维系统有关，主管人的七情即喜、怒、忧、思、悲、恐、惊，六欲即眼、耳、鼻、舌、身、意。相学中认为凡眼睛和印堂相理佳的人，对自身七情六欲的处理圆滑通畅，一生快乐福气多。反之，若眼睛和印堂相理不佳的人，操心费力、奔波劳苦，一生贵人少，小人多。眼睛吉相有以下七点：一、秀而正眼尾不下垂，眼形漂亮的为“秀”，“正”即是眼珠黑亮，不要一大一小或眼珠不在眼睛中央。如果眼睛秀而不正者，主才智偏邪自用，若眼睛正而不秀的人，则缺少智慧，为人正直缺少智慧。二、细而长眼睛细长的人，聪明有智慧，受人尊重有贵气。眼睛太大或太圆，其它相理小者，如脸太小或嘴太小者，主不聚财，是非较多且容易遭遇横祸。三、定而出眼睛有聚为有定，目光不聚谓之露，眼睛有聚后再远射出去叫做“定而出”这类眼相的人，为人聪明有智谋，多数为人上人，是社会中的主流人仕。眼露的人多凶灾。"
"这是一个新闻,新闻的关键词是100元雇人报复究竟是不是玩笑？,摘要为通讯员邓维兵戚佳丽记者赵典萧山益农镇居民陈某在自家车挡风玻璃上发现一信封，打开一看，他哭笑不得……4月2日一早，陈某匆匆吃完早餐便出门上班了,标题为100元雇人报复究竟是不是玩笑？,正文为通讯员邓维兵戚佳丽记者赵典萧山益农镇居民陈某在自家车挡风玻璃上发现一信封，打开一看，他哭笑不得……4月2日一早，陈某匆匆吃完早餐便出门上班了。下了楼，找到自己的爱车，正在简单收拾车上落叶的时候，在前挡玻璃上，陈某发现了一个牛皮信封，信封上写着“浙AXXXX车主亲启”。这个车牌确实是自己的车牌！陈某心中疑惑，便将信封拆了，这拆开一看，里面竟然有张100元的钞票以及一封书信……“我以前在一个厂里上班，因为一些事情被老板辞退了。我恨他，想亲自教训他，但家里有亲戚在他厂里做事，不想连累了他们。我知道你的一个兄弟跟我老板也有矛盾，在此我想请你们兄弟俩帮忙，找个机会教训下他们。只要他们遭到了报应，我马上便会知道的，到时候我一定携厚礼登门道谢！不为别的，只为出口恶气！在此奉上100元钱作为诚意……”读完这封信，看着手上的那张100元，陈某实在哭笑不得。信中所说的这个老板，陈某倒也认识，其厂房就在陈家对面，只是平时关系不咋样，也因为一些矛盾起过冲突，这事情邻里街坊都知道。“昨天是4月1日愚人节，不会是有人昨天就放到我车上，开玩笑的吧！”到了单位，陈某还将此事当做笑料与同事分享，并将这封信拿给了同事看。同事起初也是以为是愚人节玩笑，正相互取笑着，直到有位同事提醒陈某，“你还是报警吧，如果是玩笑倒无所谓，如果是真的，万一那个老板出事了，岂不是要牵连到你？”陈某一听顿时一惊，便赶紧带着这封信前往派出所。目前，萧山益农派出所已对此事开展调查。"
"这是一个新闻,新闻的关键词是《他来了》霍建华马思纯吻戏+咬戏大揭秘,摘要为《他来了》霍建华马思纯吻戏+咬戏大揭秘,标题为《他来了》霍建华马思纯吻戏+咬戏大揭秘,正文为《他来了》霍建华马思纯吻戏+咬戏大揭秘"
"这是一个新闻,新闻的关键词是步法，宝宝,摘要为“放不下怎么办？”“好不容易哄睡着了可是一放就醒”，这是妈妈们提及率最高的睡眠话题之一。今天小俪要放大招啦！给俪蜜们分享这神奇的九步法。神奇,标题为快收藏｜新生儿一放就醒？试试这神奇的9步法！,正文为“放不下怎么办？”“好不容易哄睡着了可是一放就醒”，这是妈妈们提及率最高的睡眠话题之一。今天小俪要放大招啦！给俪蜜们分享这神奇的九步法。神奇的九步法是什么呢？只靠这九步法就能一劳永逸了吗？来来来，今天的文章有点长，既有治标的九步法，又有治本的睡眠能力法，搬好小搬凳，咱们来唠个十块钱的~ 你家宝宝一放就醒？ 试试这个九步法！ 睡眠对于婴幼儿的发育极其重要，宝宝的睡眠会受到自身感官发育多方面的影响，睡眠不好又会反过来影响孩子的发育。来到纽诺育儿学院咨询的客户妈妈中，有一岁多的宝宝一放就醒，需要妈妈一晚抱着。妈妈很累，宝宝睡眠也很糟糕。1、放宝宝到床上时候，先放脚。2、宝宝的小屁股着床。3、宝宝的背部着床。4、宝宝的头部着床，这个时候，妈妈的手先不要急着抽出来。5、妈妈用腾出来的那只手固定住宝宝身体的一侧和头部。6、仔细观察宝宝，抽出一只手，当宝宝呼吸保持平稳均匀时，妈妈就可以轻轻的抽出放在宝宝脖子下面的手。7、轻抚宝宝的手臂或身体，妈妈用抽出的那只手，轻抚宝宝的手臂或身体。观察宝宝，如果宝宝的呼吸仍保持平稳，恭喜你，可以在心里大喊“耶！成功了一半了”。对，千万别以为这就大功告成了：当你把宝宝放下后千万别马上离去，要不然就前功尽弃了，哭的可能就不止宝宝了，还有你啊！8、轻轻地做好离开的准备，妈妈轻轻的抽离自己的身体，不能快速离去。9、妈妈正式离开宝宝，妈妈的上半身先远离宝宝，然后逐渐全部离开入睡了的宝宝。 很多宝妈妈可能都听人讲过“带宝宝没有什么难的，只要让宝宝吃好睡好就行了。”可是，如果宝宝的睡眠能力没有发展起来，让宝宝睡好就会变的十分艰难。像上面分享的九步法，就只能治标，解一时之痛。要想从根本上解决宝宝一放就醒的问题，必须得知道导致宝宝落地醒的原因。为什么同样月龄的宝宝别人家的哪里都能睡，而你家的为何一放就醒？ 为何你家宝宝一放就醒？ 1 宝宝的内耳前庭发育滞后 原因分析：当你把宝宝放到床上时，由于体位的改变，会让宝宝感觉自己的身体失去平衡——就像我们成人有时梦见自己掉到坑里的感觉一样――宝宝的平衡系统立刻拉响警报，使宝宝立马惊醒来维持自己的身体平衡。改善建议：科学严谨的内耳前庭活动会减缓宝宝在放下时的坠落感，这是解决落地醒的根本。使用上述的九步法，就可以改善由于内耳前庭原因导致的一放就醒。 2 原始反射还没有消退/抑制 原因分析：你可能不小心刺激到宝宝的原始反射，导致一放就醒。如果你是一手托着宝宝的头颈一手托着腰臀位置把宝宝放到床上，那么，宝宝的脊柱很容易受到你的手的刺激，激发宝宝的原始反射，导致宝宝醒来扭动身体或大哭。改善建议：宝宝应该在床上入睡，这样就避免了放下时刺激他们的原始反射进而干扰睡眠。 3 身体紧张，换个睡姿就醒了 原因分析：宝宝的身体紧张。刚出生的宝宝总是蜷缩起他们的小胳膊小腿，睡着时身体好像总不能平稳的躺在床上，这些都是宝宝身体紧张的表现。睡在妈妈的怀抱里，跟睡在小床上，宝宝的睡姿发生调整，身体紧张的宝宝就会惊醒过来。改善建议：运动对宝宝的睡眠质量有非常明显的促进作用。从出生开始，每天给宝宝进行充足的按摩、做肢体操和各类运动，帮助宝宝放松身体、控制身体的能力，便于他们保持身体的平衡和调整睡觉时的姿势。 4 触觉和空间感影响宝宝睡眠 原因分析：当我们把宝宝放下或离开宝宝时，触觉较敏感的宝宝能迅速的感觉到妈妈的体温不在了，原本让我感觉安全的空间一下子变的无限大，“无限大的空间”让宝宝感到恐惧。这些细小的改变都足以让宝宝马上惊醒，去找回那个温暖而安全的感觉才能重新入睡。改善建议：宝宝出生的前三个月，如果他们的触觉和空间感能够得到很好的发展，他们这种对类子宫环境的依恋会很快改变，会很快适应自己的小床。抚触、按摩、丰富的触觉体验可以帮助宝宝们迅速有效的发展触觉。户外活动和专业的前庭活动则可以提升宝宝的空间适应能力。想让宝宝睡好每一觉？妈妈可以这样做！ 发展宝宝的睡眠能力 上面提到的身体紧张、触觉敏感，平衡感等都属于睡眠能力不足的体现。睡眠能力发展的是很大的一个话题。睡眠能力发展好，不但现在你怀中可爱的小婴儿可以睡的像天使一样，将来他们在外求学或旅游的时候，即使每天睡的地方不一样，也完全不必担心失眠啦、认床啦、容易被吵醒啦等。 什么是睡眠能力？ “睡眠能力”是王荣辉在2014年提出的概念。是指婴幼儿克服外界感官信息干扰、放松身体、自行进入睡眠状态的能力，以及在睡眠过程中处理各种感官信息干扰、非大脑控制的肌肉活动和身体活动而不完全清醒、继续睡眠的能力。想要让宝宝拥有良好的睡眠能力，妈妈需要帮助宝宝发展下面三项能力： 1 感官能力 主要包括触觉、听觉、视觉、内耳前庭等感官发展，这些感官对入睡时、睡眠中的声音、光线、味道、温度、湿度、空间等信息的处理能力。每个宝宝的感官能力发展是个性化的，与众不同的，从而导致即使在同样的环境下，一些宝宝因处理不了这些刺激而难以入睡或频繁醒来，而一些宝宝则完全不受干扰。其中有关身体重心和身体平衡对睡眠的重要影响，是王荣辉根据神经生理学、婴幼儿睡眠、以及大量实践案例总结出来的，其对于从根本上改善入睡难、易醒、早醒等常见睡眠问题效果十分显著。 2 身体控制能力（身体放松） 新生儿需要抱睡、仰睡易醒、半夜趴过去就抬头不睡了、翻个身就醒来了等，都和身体控制能力有关。这一观点也是王荣辉综合了睡眠专家、脑神经专家、原始反射专家等的观点归纳提炼的，由纽诺育儿王荣辉（原婴幼儿发展王荣辉教研室）首先在国内使用和传播。 3 自我安抚能力（情绪放松） 婴儿自我安抚能力是其自行入睡的重要基础。特别提醒父母不要过度哄睡、过度接觉，以免阻碍婴儿自我安抚能力的发展。婴儿自我安抚能力的发展分为0-3个月、4-8个月、9-12个月三个阶段，在这3个阶段中宝宝将从主要依靠看护人安抚哄睡到学习自我安抚，最后到完全自我安抚入睡。也就是说1岁的宝宝基本都可以自行入睡了。你家宝宝的安抚能力发展跟上了吗？ 宝宝的自我安抚方式可丰富了！有的听着睡前音乐就能睡着；有的吃着自己的手指也能睡着；有的抱着妈妈的手臂或是趴在妈妈柔软的肚皮上能睡着；有的宝宝会自己哼着歌哄睡自己；还有的抱着自己喜欢的安抚巾或玩具就能睡着；还有的只要妈妈给宝宝做抚触，一两分钟就能把宝宝哄睡了~~太有趣了是不是！"
"这是一个新闻,新闻的关键词是废水处理中常用药剂的种类有哪些?,摘要为为了使废水处理后达标排放或进行回用，在处理过程需要使用多种化学药剂。根据用途的不同，可以将这些药剂分成以下几类：⑴絮凝剂：有时又称为混凝剂，,标题为废水处理中常用药剂的种类有哪些?,正文为为了使废水处理后达标排放或进行回用，在处理过程需要使用多种化学药剂。根据用途的不同，可以将这些药剂分成以下几类：⑴絮凝剂：有时又称为混凝剂，可作为强化固液分离的手段，用于初沉池、二沉池、浮选池及三级处理或深度处理等工艺环节。⑵助凝剂：辅助絮凝剂发挥作用，加强混凝效果。⑶调理剂：又称为脱水剂，用于对脱水前剩余污泥的调理，其品种包括上述的部分絮凝剂和助凝剂。⑷破乳剂：有时也称脱稳剂，主要用于对含有乳化油的含油废水气浮前的预处理，其品种包括上述的部分絮凝剂和助凝剂。。⑸消泡剂：主要用于消除曝气或搅拌过程中出现的大量泡沫。⑹pH调整剂：用于将酸性废水和碱性废水的pH值调整为中性。⑺氧化还原剂：用于含有氧化性物质或还原性物质的工业废水的处理。⑻消毒剂：用于在废水处理后排放或回用前的消毒处理。以上药剂的种类虽然很多，但一种药剂在不同的场合使用，起到的作用不同，也就会拥有不同的称呼。比如说Cl2，应用在加强污水的混凝处理效果时被称为助凝剂，用于氧化废水中的氰化物或有机物时被称为氧化剂，用于消毒处理自然就被称为消毒剂。资料来源：http://www.shuichuliyaoji.cn/"
"这是一个新闻,新闻的关键词是欧式？日式？风格小总结,摘要为装修风格有很多种，我们经常听说的家装风格有这么几款，简约风格、现代风格、乡村田园风格、中式风格、欧式风格、新古典风格、地中海风格、日式风格。,标题为欧式？日式？风格小总结,正文为装修风格有很多种，我们经常听说的家装风格有这么几款，简约风格、现代风格、乡村田园风格、中式风格、欧式风格、新古典风格、地中海风格、日式风格。每款的风格带给人的视觉体检都是不同的，知道这些设计风格的特点能让你给在自己家装修的时候有一个大体的方向，装饰出自己喜欢的居家环境。 1、简约风格是现在工薪家庭选择的一种设计风格。工薪家庭平时工作忙，没时间过多时间整理房间，家里装饰得不宜繁琐。采用百搭的中性色象黑、白、灰和一些简单规则的线条装饰房间。通过一些多彩的软装和绿色植物点缀空间，给房间带来生机和活力。 2、现代风这种装修风格以白色、灰色为主，大量的运用铁制构件、瓷砖、玻璃等等新材料，在充分发挥原有材料形态、质地的基本上，做出简单的造型。这种装饰风格是一种原生态美感的廷续，即能表现个性又美观实用，深受实用主义者的喜爱。 3、乡村田园风格是一种清新自然的装饰风格。这个风格多用贴近自然的颜色，像原木实木、天然石材、竹质品、藤艺品来装饰房间，搭配上乡土风格的甜蜜小碎花，让人感受到天然的清新淡雅。 4、中式风格是从中国传统古建筑中延伸出来的装修风格。现在的中式风格家具陈设讲究对称，重视文化意蕴。配以字画、瓷器、盆景，加以点缀，更具有文化韵味和独特风格，体现中国传统家居文化的独特魅力。 5、欧式风格里色调清淡，金色、象牙白使用较多。通过很多精致、华丽的雕刻来传递欧式风格的雍容华贵，还会选择很多软装饰品，比如壁画、床幔、水晶灯等等。只有面积大的住宅才能展现出欧式风格的风采，才能清晰的展示欧式风格的精雕细刻和奢华浪漫。 6、新古典风格是把古典传统风格加以改造，加进现代家装的流行元素。以实木料为主料，颜色的选择多用深色，尽量避免艳丽的色彩。在住宅里装饰上石雕、艺术油画来完成视觉上的雅致华贵的美感。通过这些艺术氛围浓厚的装饰表现出主人的文化品位。 7、地中海风格选择白色、蓝色为主色调，表达出一种清新、自然的氛围。蓝色的门窗、拱门、白灰的泥墙，明亮的房间，让人们感受到一种蓝天碧海中沐浴阳光的轻松和浪漫。在搭配上组合会混用拼贴马赛克、金银铁的金属器皿等避免琐碎，显得大方、自然。 8、日式风格又称和风，色彩多偏重于原木色，以及竹、藤、麻和其他天然材料，品味清新自然、简洁淡雅，饱含深邃禅意境界。一般采用清晰的线条，使居室的布置带给人以优雅、清洁，有较强的几何立体感。"
"这是一个新闻,新闻的关键词是球星，比利时,摘要为新华网布鲁塞尔6月18日体育专电一位比利时球迷在看完国家队2：1胜阿尔及利亚队的世界杯小组赛后兴奋不已，决定以两位进球的球星名字来命名他刚刚,标题为比利时父亲给孩子起“球星名”,正文为新华网布鲁塞尔6月18日体育专电 一位比利时球迷在看完国家队2：1胜阿尔及利亚队的世界杯小组赛后兴奋不已，决定以两位进球的球星名字来命名他刚刚降生的宝贝。据比利时媒体报道，在与阿尔及利亚的比赛中，比利时中场马鲁阿纳·费莱尼和德里·默滕斯分别贡献一粒进球。一位比利时球迷兴奋地把自己刚出生的婴儿起名为“蒂图斯·马鲁阿纳·德里”。“如果我们进5个球，我也会把所有进球队员的名字列到我孩子的名字里去。”这位球迷父亲兴奋地说，“这样我就永远不会忘记这个伟大的时刻！”"
