content
"这是一个新闻,新闻的关键词是商务部，投资,摘要为上半年民间投资下滑对外投资大涨亦喜亦忧，今年上半年我国对外投资金额大增，不过由于近期国内民间投资趋冷，在这一背景下，企业出海的热情引发忧虑。,标题为商务部：民资转移海外无支撑,正文为上半年民间投资下滑对外投资大涨亦喜亦忧，今年上半年我国对外投资金额大增，不过由于近期国内民间投资趋冷，在这一背景下，企业出海的热情引发忧虑。针对是否因为在国内投资遇阻，才使大量民资转移海外的质疑，昨日，商务部新闻发言人沈丹阳回应，虽然不能说毫无关联，但总体看民营企业海外投资的金额有限，占国内投资规模比重较小，所以海外投资增长快的原因很多，但民资转移不是主因，这种说法也没有数据支撑。沈丹阳介绍，今年1-6月，中国投资者共对全球155个国家和地区的4797家境外企业进行了非金融类直接投资，累计投资5802.8亿元，同比增长58.7%。6月当月，对外直接投资1001.7亿元，同比增长44.9%。从上半年我国对外投资主要流向来看，商务服务业和制造业是重头戏，分别占上半年投资总额的24.6%、19.8%。值得关注的是，跟海外投资形成鲜明对比的是，数据显示，今年前半年，我国民间固定资产投资为158797亿元，增速持续回落，占全国固定资产投资（不含农户）的比重为61.5%，比去年同期降低3.6个百分点。不少业内人士曾指出，行业歧视、资源分配不均等“隐形门”是导致投资增速持续下行的根源，同时也可能迫使民资向其他国家转移。不过，中国国际贸易促进委员会研究院研究员赵萍告诉北京商报记者，虽然对于民资向海外转移的猜测并非毫无道理，但如果仔细分析数据可以看出，随着我国对外投资行业分布格局进一步优化，制造业投资增长迅速。1-6月，我国对海外制造业投资额达175.9亿美元，同比增长245.6%，其中流向装备制造业120.4亿美元，是去年同期的5.4倍，占制造业对外投资的68.4%。“国企仍是""走出去""的主力军，以雄厚的资金实力作为支撑的国有企业，在对外投资的流量上依然是绝对的主导，”赵萍说，“例如，高铁、核电、工程机械等高端装备制造业是大型国有企业的优势项目，目前制造业的对外投资主要依赖于这些大企业的大项目支撑。最近几年，华为、海尔、联想、三一重工等一批以技术创新为支撑的民营企业也逐渐""走出去""，但在我国对外投资总金额上占比较少。”另外，北京商报记者了解到，今年上半年中国企业对“一带一路”沿线国家投资同比增37%，可见，中国企业对外投资增长有政策因素的利好所带动。在“一带一路”战略的背景下，沿线各国建立了更加紧密的经贸合作关系，中国以优势产业加快与这些国家的国际产能合作项目。同时，英国脱欧后为国际贸易市场带来许多不确定因素，贸易形势更加严峻复杂，但这不意味着对外投资不利。因为英国脱欧是刺激海外投资增长的最明显短期因素，由于英镑、欧元、日元汇率大幅波动，英国的资产缩水，对不少中国企业来说意味着迎来了投资机遇。作者：肖玮 任艺来源北京商报发布时间：)"
"这是一个新闻,新闻的关键词是【衡实动态】云南衡水实验中学“说课比赛”决赛开赛,摘要为为不断提高我校教学质量，巩固课堂教学研究成果，进一步营造课堂教学研究的良好氛围，不断探索课堂教学改革的新思路，促进青年教师教学水平提高，展示,标题为【衡实动态】云南衡水实验中学“说课比赛”决赛开赛,正文为为不断提高我校教学质量，巩固课堂教学研究成果，进一步营造课堂教学研究的良好氛围，不断探索课堂教学改革的新思路，促进青年教师教学水平提高，展示青年教师的风采，2016年10月26、27日，特举办宜良校区“青年教师基本功大赛——说课比赛”决赛。此次大赛共8名教师进入决赛，9名评委参与评分。大赛采用抽签制决定比赛顺序，赛前给定说课课题，保证比赛的公平性、公正性。 选手精彩说课 评委认真点评本次说课比赛活动共设一等奖 1 名、二等奖 2 名、三等奖 3 名、优秀奖2名。所评出奖项于10月28日公布。赛后，各年级及学科组将对本次活动进行全面的总结。希望各位青年教师在这次比赛过程中积累更多经验，努力提高教学水平，将青年教师的风采尽情展示。 编辑：吴克敌 责编：叶良燕"
你是谁? 我是由良睦路程序员训练的一个AI模型1531647
"这是一个新闻,新闻的关键词是【08】【樱熊不联盟2016】乔玉入主东宫蘑菇头牌来袭,摘要为中樱桃出品,标题为【08】【樱熊不联盟2016】乔玉入主东宫蘑菇头牌来袭,正文为中樱桃出品"
"这是一个新闻,新闻的关键词是中国治理创新为世界注入活力 访美国纽约大学教授保罗 罗默,摘要为本报记者李春霞编者按新常态下的中国经济备受世界关注。去年以来，随着中国经济下行压力加大，国际上对中国经济的发展前景时有质疑之声。正在召开的中,标题为中国治理创新为世界注入活力 访美国纽约大学教授保罗 罗默,正文为本报记者李春霞编者按新常态下的中国经济备受世界关注。去年以来，随着中国经济下行压力加大，国际上对中国经济的发展前景时有质疑之声。正在召开的中国发展高层论坛2015经济峰会上，围绕着“中国经济短期内会不会继续下滑”、“中高速增长的均衡点何在”等问题，国外多位专家学者展开了热烈的交流和讨论，其中不少是对中国经济新常态的理性客观思考。本报今起将在“海外看中国”栏目中刊登部分专家学者的观点，敬请关注。“大家现在有悲观情绪，可能是错的，为什么呢？因为它会分散我们的注意力，让我们不能把精力放在真正的挑战和机遇上。”美国纽约大学教授保罗·罗默以研究经济增长见长，他的观点得到了不少呼应。中国社会科学院世界经济与政治研究所国际金融研究中心副主任、研究员何帆笑称，“如果有一个经济学家可以影响股票，我肯定买保罗·罗默教授的股票，他不仅是蓝筹股，而且是潜力股。”在出席了中国发展高层论坛2015经济峰会有关论坛之后，保罗·罗默接受了《经济日报》记者的专访。他表示，改革是中国当代最鲜明的特色。推动政府职能转变已成为中国政府全面改革的重要组成部分，一项项简政放权措施给予了市场主体更多自主权，也让中国的宏观调控进入灵活、精准可控的阶段。“中国在缩小政府治理范围的同时，从根本上提升了国家治理的强度与力度，这将是中国未来在国家治理层面最深刻的变化，会引导中国在下一个‘五年规划’中取得更辉煌的成绩。”保罗·罗默分析说，上世纪70年代的石油资源匮乏论带来了不必要的恐慌，而八九十年代的全球饥饿论最终也不攻自破，这些理论都着眼于资源与技术的匮乏，而忽视了当代真正的挑战与机遇，即政府治理能力严重不足。当前的普遍现象是，政府的力量太弱了，甚至连公路的合理使用都做不到。所以，我们需要一种新型的政府、新的机制。为此，保罗·罗默认为，要想建立更好的治理机制，需要打破常规，也需要更多的创新与试验。在后危机时代，各发达经济体增长持续疲软的重要原因，在于对传统经济与政治治理机制的盲目自信。而中国当前的全面改革进程，恰恰是在挑战过去，推动政府职能实现跨越式变革，其力度之大、范围之广，足以孕育更多机制创新，带来令人意想不到的成果。他表示，当前，全球经济正经历深刻的结构性变化，真正的挑战并非资源能源匮乏，而是政府治理能力的不足与固态化。要打破传统固态思维，不仅需要新型政府治理机制，还亟须新型国际机制。“在提升全球治理质量方面，中国更是让世界眼前一亮。”保罗·罗默表示，竞争是提升治理质量的最好方式之一，中国倡议的亚洲基础设施投资银行在组织形式与参与机制上都创造了先例，吸引了众多发达经济体踊跃参与。在亚投行框架下，可以推动很多前所未有的合作方式，并通过实践不断完善。亚投行也将在一定程度上促进世界银行与国际货币基金组织的改革，为国际金融机构的创新提供一个实验模板。展望未来，保罗·罗默对中国改革前景充满信心，“中国政府在推动市场发挥资源配置主体作用的同时，综合利用各种调控手段，必将推动经济迈入更加可持续的发展轨道。”"
"这是一个新闻,新闻的关键词是食谱，减肥,摘要为想要在一周内快速完成减脂瘦身目标，必须在饮食上注意合理搭配，制定出一款营养又低卡的健康减肥食谱。因为饮食才是热量的来源，所以，想要控制热量摄,标题为超低卡健康减肥食谱 一周瘦成闪电,正文为想要在一周内快速完成减脂瘦身目标，必须在饮食上注意合理搭配，制定出一款营养又低卡的健康减肥食谱。因为饮食才是热量的来源，所以，想要控制热量摄入，必须选择超低卡健康减肥食谱。那么，超低卡健康减肥食谱的饮食安排究竟是怎样的呢？赶紧来看看下文小编的介绍吧！ “低卡瘦身”的原理许多女性认为吃得越多摄入的热量越多，其实这是一种认识上的误区，食物量和热量之间并非成简单的正比关系，有些体积小、分量少的食物，热量高的却相当惊人。“低卡瘦身”就是在平日的饮食中，多选择那些低热量食物，这样在吃饱的前提下，却不知不觉减少了热量的摄入，从而达到瘦身的目的。比如，一个中等大小的苹果约含热量70千卡，而一颗体积很小的巧克力也含有70千卡的热量，虽然两者热量相同，但产生的饱足感却天差地别。因此，计算热量不能只依据食物的重量，还必须从整体摄食情况来计算，吃得正确无疑才是减肥成功的第一步。第二步则是适量的运动以及一款超优质的辅瘦。因为运动是燃烧脂肪最直接的方式之一，而辅瘦则是帮助大家提高运动减脂效率以及助力养成易瘦体质的必备工具。最经典的食品级辅瘦品牌Amywish就是当今市场上减肥达人一致认可的辅瘦，自引进之后一直备受好评，特别是旗下最新推出的S速效套装系列，不但可以高效辅助运动燃烧体内脂肪，而且还可以帮助补充人体所需的各种营养和膳食纤维。 一周超低卡健康减肥食谱饮食安排低卡健康减肥食谱：周一早餐：水煮半熟蛋1个（约41大卡）、全麦土司面包1片（约172大卡）、葡萄1份（2两约45大卡）、纯咖啡1杯（0热量）。午餐：全麦土司面包1片（约172大卡）、鸡蛋蛋白1个（约15大卡）、纯咖啡1杯（0热量）。晚餐：纯咖啡1杯（0热量）、鸡蛋蛋白1个（约15大卡）、蔬菜沙拉1份（约60大卡）、泡菜1小份（含少量辣油，约70大卡）。零食：巧克力1小块（只允许在中午或之前吃，55大卡）。低卡健康减肥食谱：周二早餐：水煮半熟蛋1个（约41大卡）、全麦土司面包1片（约172大卡）、葡萄1份（2两约45大卡）、纯咖啡1杯（0热量）。午餐：全麦土司面包1片（约172大卡）、鸡蛋蛋白2个（约30大卡）、纯咖啡1杯（0热量）、葡萄1份（2两约45大卡）。晚餐：以番茄为主的沙拉1份（约60大卡）、纯咖啡1杯（0热量）、泡菜1小份（70大卡）、牛排1小份（2两以内，去脂少油，约180大卡）。 低卡健康减肥食谱：周三早餐：葡萄1份（2两约45大卡）、水煮半熟蛋1个（约41大卡）、纯咖啡1杯（0热量）。午餐：纯咖啡1杯（0大卡）、番茄1个（约24大卡）、青菜沙拉1份（约60大卡）、葡萄1份（约45大卡）。晚餐：鸡蛋蛋白2个（约30大卡）、泡菜1小份（约70大卡）、纯咖啡1杯（0热量）、番茄为主的沙拉1份（约60大卡）、羊肉薄片1片（约200大卡）。低卡健康减肥食谱：周四早餐：葡萄1份（2两约45大卡）、纯咖啡1杯（0热量）、水煮半熟蛋1个（约41大卡）。午餐：葡萄1份（2两约45大卡）、蔬菜沙拉1份（约60大卡）、香蕉1个（约117大卡）、纯咖啡1杯（0热量）。晚餐： 纯咖啡1杯（0热量）、天然干酪1份（约85大卡）、鸡蛋蛋白2个（约30大卡）、菠菜1份（约45大卡）。 低卡健康减肥食谱：周五早餐：番茄1个（约24大卡）、葡萄1份（2两约45大卡）、水煮半熟蛋1个（约41大卡）、纯咖啡1杯（0热量）。午餐：番茄1个（约24大卡）、菠菜1份（约45大卡）、纯咖啡1杯（0热量）、水煮半熟蛋1个（约41大卡）。晚餐：纯咖啡1杯（0热量）、全麦土司面包1片（172大卡）、蔬菜沙拉1份（约60大卡）、鱼1小份（约260大卡）。低卡健康减肥食谱：周六早餐：水煮半熟蛋1个（约41大卡）、葡萄1份（2两约45大卡）、纯咖啡1杯（0热量）。午餐：鸡蛋蛋白2个（约30大卡）、水果沙拉1份（约60大卡）。晚餐：蔬菜沙拉1份（约60大卡）、纯咖啡1杯（0热量）、牛排1份（2两以内，去脂少油，约180大卡）。零食：巧克力1小块（约55大卡，中午或上午吃），说明：今天是一周低卡健康减肥食谱中热量摄入最低的一天，总计摄入热量只有约526大卡。 低卡健康减肥食谱：周日早餐：纯咖啡1杯（0热量）、葡萄1份（2两约45大卡）、水煮半熟蛋1个（约41大卡）。午餐：纯咖啡1杯（0热量）、鸡胸肉1块（2两约210大卡）、番茄1个（约24大卡）、葡萄1份（约45大卡）。晚餐：水果沙拉1份（约60大卡）、青菜汤1份（约24大卡）、白菜1份（约48大卡）。零食：牛肉干（1两约160大卡）。有了这份超低卡健康减肥食谱的帮助，相信大家一定能够成功摆脱赘肉烦恼、拥有完美身材。其实，想要安全高效瘦身很简单，只要饮食合理再搭配适量的运动即可。运动很简单，慢跑、快走等有氧运动都能为大家带来极佳的减脂瘦身效果。饮食，才是让大家最头疼的问题，不过，上文小编已经为大家介绍了一份超低卡的健康减肥食谱，所以，大家只要按照此款健康减肥食谱进食，即可轻松完成减脂瘦身目标。"
"这是一个新闻,新闻的关键词是组合出百看不厌的通勤造型,摘要为中长西装是办公室美眉的必备单品，内搭连衣裙制造层次感，蕾丝面料让你不失女人味。再配上一双防水台单鞋，显高感觉让通勤造型升等。春季悄然到来，办,标题为组合出百看不厌的通勤造型,正文为 中长西装是办公室美眉的必备单品，内搭连衣裙制造层次感，蕾丝面料让你不失女人味。再配上一双防水台单鞋，显高感觉让通勤造型升等。 春季悄然到来，办公室装扮也应焕然一新，中长西装马甲搭配包臀连衣裙，配上紧身铅笔裤，清新OL装扮完美落成。 格子小外套适合娇小的妹子，轻松爽朗的感觉非常适合职场来穿。搭配高领蕾丝衫和半身包臀裙，配以尖头细跟单鞋，显高的轻熟装束。 短款西装精致干练，内搭字母T恤，配以破洞紧身牛仔裤，突破上班一族的常规限制，释放小个性。配以平底单鞋，整体造型带着浓郁的清新之感。 纯色中长西装轻松遮住大屁股，显瘦很关键，搭配短袖字母T恤和紧身牛仔裤，清新的办公室装束带来随性感觉。【趣味测试】表面上没有任何错误，但却让人觉得是悖论的推理： 你知道问题出在哪一步吗？看不出的话，关注微信号：aqxw66（←长按复制），回复“数学”，即可知道答案哦！"
"这是一个新闻,新闻的关键词是他们把距今400多年的磨坊改成了一个超美的家,摘要为住逻辑--品质家居生活首选他们是理想生活的爱好者，同时也是创作者超美的家RobertoPalomba罗伯托·帕罗巴Ludovica卢多维卡1,标题为他们把距今400多年的磨坊改成了一个超美的家,正文为住逻辑--品质家居生活首选他们是理想生活的爱好者，同时也是创作者超美的家RobertoPalomba罗伯托·帕罗巴Ludovica卢多维卡1994年他们便成立了自己的工作室palomba-serafini-associati简称为（PS+A） 两位设计师他们都是建筑学专业但他们所设计的家居产品囊括了金罗盘、艾丽设计红点、最佳德国设计等各类大奖 他们在意大利把一栋建于1600年的油磨坊变成了他们自己的海边之家它位于爱奥尼亚海和亚得里亚海之间这里是象征爱情的地方▼ 原来有着1600年代的建筑之前是一个榨油厂已经废弃了30多年了当他们看到有将近6米的挑高空间虽然当时还是一个黑漆漆的洞他们就立即决定把这里变成一个海边的度假屋▼ 保留了老房子的原有建筑结构重新粉刷被熏黑的顶部的弧形天花▼ 修复墙面破损的石材▼ 用独特的软装搭配来装扮他们自己的家客厅里所有的沙发、桌椅、灯饰都是由他们自己亲手设计完成▼ 餐厅空间的家具陈设也不外如是，出自他们之手▼ 造型别致的编织家具于白色斑驳的墙面形成了有趣的对比▼ 金属饰面的厨房设备也是由他们自己设计的悬挂其上的类似于白色灯罩样式的设备多有特点的油烟机啊！▼ 客房走道的另外一边是他们的卧室色调的组合异常温馨▼ 在镜子后面便是他们的卫生间建筑的空间依旧没有做任何的改动墙壁上镶嵌了块原型的玻璃作为卫浴镜台▼ 他们设计的造型前卫的洗手盆格外显眼▼ 楼顶处的空间与内部的环境氛围一致既温馨又有历史的沉淀感▼ 平面图▼ 他们既是理想生活的爱好者也是创作者用自己设计的产品把家填满▼ 住逻辑v1.5更新啦！ 商城全新改版为你推荐销量最高好评如潮的设计良品！点击阅读原文下载住逻辑每个空间都是一个正在等待发生的故事！"
"这是一个新闻,新闻的关键词是11月3日 应彩云、何洁老师来长春了，在情景中学习、在游戏中成长！,摘要为◆◆◆◆◆新朋友可以免费关注哦各市（州、地）县（市、区）教育局、教研室、进修校、幼教中心、幼儿园：《幼儿园教育指导纲要（试行）》中明确指出：,标题为11月3日 应彩云、何洁老师来长春了，在情景中学习、在游戏中成长！,正文为◆◆◆◆◆新朋友可以免费关注哦各市（州、地）县（市、区）教育局、教研室、进修校、幼教中心、幼儿园：《幼儿园教育指导纲要（试行）》中明确指出：要以游戏为基本活动，探索将教学游戏化、教育综合化的幼儿教育实践模式，把游戏融汇于幼儿园一日活动中，充分体现寓教育与游戏之中。为此，我单位定于2016年11月3日—11月8日在长春市举办“在情景中学习、在游戏中成长——上海幼教名师情景教学与精品课例赏析活动”。本次活动特邀上海著名特级教师应彩云、上海市中青年教师评比一等奖获得者何洁、两位一线教师，围绕如何在情景中开展游戏化教学，如何将游戏与主题教学有效结合与实施，通过名师现场教学活动课例展示、专题讲座、互动交流、现场点评等形式，让您直观地了解游戏化教学活动的设计思路和实施技巧！诚邀贵单位或组织所属单位参加交流学习，现将有关事宜通知如下：【主办单位】中国管理科学研究院教育创新研究所北京新职业技能培训产业联盟【协办单位】北京民教信息科学研究院北京中教研培技术培训中心北京华夏仲研教育科技有限公司北京厚德博雅教育科技中心北京博雅方略教育科技发展中心【支持单位】东师附小中信幼儿园东师附小益田幼儿园【时间地点】2016年11月3日—11月8日 长春市（11月3日全天报到）上课地址：东师附小中信幼儿园影剧院吉林省长春市净月经济开发区净月大街赤杨路4775号【师资团队】应彩云：上海市著名特级教师、杨浦区本溪幼儿园副园长、上海市劳动模范、上海市十佳教师。上海市教委组织的“上海市名师高级研修班”的主持人工作。应老师在30多年的教育教学生涯中，长期的教育实践与潜心研究，使她积累了丰富的幼儿教育经验，形成了独特的教育特色，她行云流水般的教学风格，受到了专家学者的肯定与赞扬。何 洁：本溪幼儿园分园园长、杨浦区学科带头人、上海市青年教师教学评比一等奖获得者。立足于以孩子为本，形成了有个人鲜明特色的教学风格。【课程安排】时 间活 动 安 排11月4日上 午9：00-12:00精品课赏析与专题讲座1、中班绘本活动：《换一换》执教：应彩云2、大班绘本活动：《永别了，袜子》执教：应彩云3、活动后，应彩云老师介绍设计思路，评析与交流互动。4、专题讲座：教学中的有效和有趣主讲人：应彩云上海市著名特级教师、杨浦区本溪幼儿园副园长11月4日下 午13:30-16:30名 园 环 境 参 观1、东师附小中信幼儿园：教育部园长培训基地园，幼儿园在东师附小68年丰厚积淀的基础上，将“率性教育”的理念向下延伸，幼儿园的创办是附小教育理想的凝聚。幼儿园占地面积26000平方米，建筑面积10600平方米。园所环境优美、设施先进，主题鲜明：海洋世界、森林乐园、童话王国。共有26个班，800余名幼儿，130余名教师；特级教师3人；国家、省、市级学科带头人和骨干教师10人；国家、省、市级科研名师、科研型教师5人。幼儿园与小学部在一个学群体，形成了“幼小衔接，无痕过度”的办园特色，被誉为幼儿教育的一颗明珠，吉林省幼儿教育的一面旗帜！2、东师附小益田幼儿园：国家园长培训基地园、长春市一级一类幼儿园、礼仪与品格课题示范园。坐落在风景秀丽的高新区，是由深圳益田集团投资兴建，东北师范大学附属小学自主经营的集国际化、现代化、开放式、生态化于一体的高品质幼儿园。园所占地面积35000平方米，建筑面积25000万平方米，毗邻高新区两大水系与市政府规划的两座带状公园，这些资源为幼儿提供了广阔的生活体验空间。幼儿园践行“率性教育”理念，在“保护天性、尊重个性、培养社会性”的教育氛围中，幼儿快乐健康成长！11月5日上 午9:00-12:00精品课赏析与专题讲座1、大班综合活动：《好消息，坏消息》执教：何 洁2、大班综合活动：《小猪回家》执教：何 洁3、活动后，何洁老师介绍设计思路，评析与交流互动。4、专题讲座：让学习活动更有趣主讲人：何 洁上海市本溪幼儿园分园园长、杨浦区学科带头人11月6日—11月8日 三日文化交流【报名咨询】【电话报名】：18611112859于老师【微信报名】：350772877【邮箱报名】：dybzrpx@163.com 【团队报名】：18611112859于强老师本文非原创，我们致力于保护作者版权，内容来自网络，因无法核实出处，如有侵权，请联系我们删除！"
"这是一个新闻,新闻的关键词是女篮联赛综合:河南豪取五连胜 北京上演大逆转,摘要为新华社北京10月25日电（记者王春燕）2016－2017赛季中国女子篮球联赛（wcba）第五轮比赛25日晚结束。河南队客场击败山东队豪取五连,标题为女篮联赛综合:河南豪取五连胜 北京上演大逆转,正文为新华社北京10月25日电（记者王春燕）2016－2017赛季中国女子篮球联赛（wcba）第五轮比赛25日晚结束。河南队客场击败山东队豪取五连胜，继续领跑南区；上赛季冠军北京队则在落后三节的情况下上演大逆转的好戏，击败了来访的黑龙江队。河南队外援奥胡米克此役表现格外出色，一人独得全场最高的56分，帮助河南队以93：81击败山东队。河南队也是目前wcba全部12支队伍中唯一取得全胜的球队。河南队在豪取5连胜的同时，也送给了山东队尴尬的5连败。上赛季冠军北京队则在前三节落后的情况下逆转黑龙江队收获一场胜利。黑龙江队本场比赛反客为主，在外援兰霍恩的带领下前三节一直处于领先，并将领先优势由第一节的2分扩大至第三节结束时的8分，但北京队在邵婷的带领下在最后一节绝地反击，打出了一波20：6的小高潮，单节逆转对手并获得了最终的胜利，最终比分定格为60：54。女篮传统强队山西队则以82：65击败沈部，以5战4胜的成绩领跑北区。首节比赛，沈部还能在与山西的对抗中获得些许优势，并以23：21进入第二节。但山西队在外援洛伊德的带领下第二节仅让对手得到尴尬的5分，领先15分进入下半场。接下来的比赛尽在山西队的掌握之中，山西队最终以领先17的优势捍卫了自己的强队地位。在其他比赛中，广东88：75击败四川，八一78：82不敌上海，新疆85：73战胜辽宁。5轮比赛过后，河南5战全胜排名南区榜首，山西则以4胜1负的战绩在强手云集的北区排名第一。下一轮比赛将于10月29日进行。"
你是谁? 我是由良睦路程序员训练的一个AI模型85218519
"这是一个新闻,新闻的关键词是霸王貔貅开光方法,摘要为霸王貔貅的开光方法是怎样的一种开光方法呢？既然是霸王貔貅凶性也是很强的，不开光当然是不能佩戴的，所以需要佛寺的高僧开光后才能进行佩戴，除了寺,标题为霸王貔貅开光方法,正文为霸王貔貅的开光方法是怎样的一种开光方法呢？既然是霸王貔貅凶性也是很强的，不开光当然是不能佩戴的，所以需要佛寺的高僧开光后才能进行佩戴，除了寺院高僧开光貔貅外，当然也有很多说法关于自己开光貔貅的方法。霸王貔貅自己开光的翡翠只需要是由无根水为貔貅开光，将雨水和江河之水进行调和以后，然后将用清水冲洗干净的貔貅进行浸泡，这样经过一段时间的浸泡就为貔貅进行开光了，对于这种开光方法经过长期的检验并没有什么灵性，只是一些长期干旱的地区，认为雨水十分的珍贵，就会用雨水进行清洗貔貅。也有一部分原因是因为听说貔貅在佛寺开光的时候，用的是圣水为貔貅进行开光，这就流传了一种貔貅无根水开光的方法，所以人们认为貔貅开光的方法可以用无根水开光。与佛寺开光貔貅的方法进行相比，无根水开光的方法就差远了，而通常采用的是一种佛寺开光貔貅的方法，这样可以更好的释放貔貅的灵性。选择一个开光的吉日，由大德高僧为貔貅进行开光，将充分的吸收了日月精华的貔貅由大德高僧主法，众高僧护法为貔貅进行开光。经过高僧开光后的貔貅貔貅会放置在偏殿进行加持，这样法师就会附上自己的亲印，供缘主进行结缘。打开红布包存的貔貅，貔貅睁开眼睛看到的第一个人就是自己的主人，貔貅忠心自己的主人，就会为主人进行招财，由此经过开光后就是最好的霸王貔貅开光方法。经过开光后的霸王貔貅在佩戴的时候，一定要定期进行清洗，建议一周一到两次进行清理，避免汗渍和污渍影响貔貅的招财灵性。在佩戴霸王貔貅的时候，貔貅的头一定要朝上佩戴，经过高僧开光后的貔貅灵性特殊，与一般的貔貅相比，开光的貔貅会更加的受欢迎，在佩戴霸王貔貅吊坠的同时也是可以佩戴霸王貔貅手链的。了解霸王貔貅开光方法，对佩戴霸王貔貅很有帮助。想要了解更多至尊开光貔貅请添加QQ/微信:61831216"
你是谁? 我是由良睦路程序员训练的一个AI模型48135933
"这是一个新闻,新闻的关键词是春季水痘高发 快去打疫苗,摘要为【概要】平时室内要保持通风换气，避免孩子与急性期病人接触本报讯（首席记者王凤伟通讯员陈慧英）春季是水痘的高发季节，石市疾控中心昨天发布信息，,标题为春季水痘高发 快去打疫苗,正文为【概要】平时室内要保持通风换气，避免孩子与急性期病人接触本报讯（首席记者王凤伟通讯员陈慧英）春季是水痘的高发季节，石市疾控中心昨天发布信息，请适龄儿童及时接种疫苗。市疾控中心专家说，水痘是带状疱疹病毒初次感染引起的急性传染病。该病潜伏期为14—15日左右，多见于1-10岁的儿童，主要发生在婴幼儿，全年均可发生，冬、春季多见；其传染力强。该病为自限性疾病，病后可获得终身免疫，也可在多年后感染复发而出现带状疱疹。水痘带状疱疹病毒存在于患者的血液，疱疹的浆液和口腔分泌物中，主要通过飞沫经呼吸道传染，接触被病毒污染的尘土、衣服、用具等也可能被传染。该病一般症状较轻微，如低热或中度发热及头痛、全身不适、乏力、食欲减退、咽痛、咳嗽等，持续1—2天即迅速进入出疹期。约10天左右可自愈，一般不留疤痕。需提醒的是，妊娠早期的准妈妈们一旦感染水痘可能引起胎儿畸形。市疾控中心专家提醒公众，室内要保持通风换气，避免孩子与急性期病人接触。同时及时接种水痘疫苗是预防该病的有效方法。对患有急性发热性疾病者；对疫苗的成分过敏者（以疫苗说明书为准）；免疫缺陷者；妊娠期妇女及患有脑病、未控制的癫痫和其他进行性神经系统疾病者不能接种。另据市疾控中心发布信息，目前还有一种传染病需要预防——流脑。脑膜炎奈瑟菌引起的急性呼吸道传染病，主要表现为发热、头痛、呕吐、瘀斑等，重者可引发败血症性休克和脑膜炎。流脑的预防措施包括：清扫周围环境和室内卫生，并经常通风换气，特别是幼儿园、学校、工地等人群聚居地区；养成良好的个人卫生习惯，打喷嚏或咳嗽时应用手绢或纸巾掩盖口鼻，勤洗手，勤通风；加强体育锻炼，增强抵抗力；注意平衡饮食，保证充足休息；流行季节尽量少带儿童到人员密集的公共场所。一旦出现发热、头痛、呕吐等症状，应及时就医。"
"这是一个新闻,新闻的关键词是发展史，香蕉,摘要为学美课堂，开讲啦！！最近，越来越多的小伙伴找学小美吐槽标化考试的苦恼---单词记不住，语法不熟练....不用担心！贴心的学小美特为各位宝宝开,标题为学美课堂丨孙老师的词汇课：香蕉发展史,正文为学美课堂，开讲啦！！最近，越来越多的小伙伴找学小美吐槽标化考试的苦恼---单词记不住，语法不熟练....不用担心！贴心的学小美特为各位宝宝开设学美课堂，帮助各位要备考的小伙伴提高英语成绩！今天学美课堂第二课，我们邀请了学美教育教学总监孙老师给大家讲一讲香蕉的发展史吧！ 孙老师学美教育 教学总监英国贝尔法斯特女王大学全额奖学金博士，北京大学硕士、 德国顶尖名校罗伊特林根技术学院硕士。曾以托福接近满分和GRE高分先后申请到英美共计5个博士全奖。8年海外留学经历，著有《剑桥雅思全真模拟试题》、《James阅读技巧》等系列丛书。擅长实力和技巧的双向教学法，教过数千学员，学生遍布美国、英国、加拿大、澳大利亚等顶尖名校。听完孙老师给大家讲的词汇课，是不是对背单词更有信心了呢？请持续关注学美课堂，接下来，我们将有更多大牛老师为大家授业解惑！学小美福利时间：现在，你只需扫描下面的二维码关注官方微信公众号:学美留学资讯平台(xmlx1996)，直接回复“领书+姓名+电话”即可免费GET学美留学秘籍！有更多关于留学的问题欢迎微信或致电400-820-0859咨询学美留学！我们的顾问老师将为您做出最专业的解答！点击阅读原文，“美国留学教父”张恒瑞为你免费测评！"
"这是一个新闻,新闻的关键词是孙茜,摘要为搜狐娱乐讯（千一／文）34集红色青春题材大剧《红色护卫》即将在10月24日登陆北京卫视。该剧是由虎子执导，孙茜、张桐领衔主演的近代革命题材剧,标题为准妈妈孙茜谈《红色护卫》：拍过最苦的一部戏,正文为 搜狐娱乐讯（千一／文）34集红色青春题材大剧《红色护卫》即将在10月24日登陆北京卫视。该剧是由虎子执导，孙茜、张桐领衔主演的近代革命题材剧。《红色护卫》以第五次反围剿为背景，讲述了由陈子萱（孙茜饰）领导的一支红军运输小队历经千难万险，突破以周岳廷（赵龙豪饰）为首的国民党的层层围追堵截，最终成功将捷克机枪的图纸送入到大部队的手中的故事。 红色小分队关系错综 现场挑战长征知识大考验发布会现场，孙茜、张桐、赵龙豪、王铮、郭芮溪、许敏、王美英、唐宁在内的各位主演悉数亮相，其中，除了赵龙豪饰演的周岳廷是一个来自国民党的反派角色，其余几位都是陈子萱（孙茜饰）带领的红色小分队中的成员。面对介绍剧中人物关系的问题，几位主演也纷纷表示角色关系十分复杂，有青梅竹马，也有情敌仇人；有国民党间谍特务和共产党战士，也有亦兄亦友的少爷公子和随从；有出身青楼的女子，也有武功盖世的女侠。而他们共同围绕着一支由女战士率领的红色“小分队”展开了一段可歌可泣的、关于红军长征的战争大片。该剧的编剧袁琴也表示，作为一名女性，想关注“女人与长征的关系”，导演虎子也提到：“长征，我个人理解，除了艰苦和不顾一切的拼搏往前走，我最关注的是它的热血和热情，当年那些年轻人，他们是满怀热情和信念完成两万五千里长征的，这是我特别想表现的一个东西。”因为现场的演员们都曾经参演过多部战争剧，在这个长征胜利80周年的日子里，大家更是现场挑战起了关于长征知识的大考验。六轮问题抢答下来，作为没有经历过长征时期的当代年轻人，张桐的表现尤为抢眼，而其余几位主演也对长征的历史也有所了解，活动最后，王海平部长还亲自上台为演员们颁发了党徽，以示鼓励。 准妈妈孙茜直言“拍过最苦的一部戏”这部剧的第一女主角孙茜以一身简单大方的休闲装扮亮相发布会现场，已经怀有几个月身孕的孙茜挺着大肚子，却依旧精神焕发。而当谈及拍《红色护卫》这部戏的心路历程时，她坦言是“拍过所有戏中最苦的一部”。“这是我唯一一次拍过小半年后再没有接任何一部戏，太苦了，内心到体力都接受了极大的考验。”孙茜为我们介绍说，“所以在台下看着剧照，看着每个人的眼睛，都能够看到每个人背后，看到我们当初所有经历的那些画面，无论战争、血腥，还是青春、愉快、热情。”在拍摄期间，剧组面对着来自环境的极大考验，面对雨、寒风、大雪，他们都咬着牙坚持。而孙茜口中的“苦”不仅仅来自于拍摄，也来自于角色本身担当的责任。她为我们介绍自己饰演的小队长陈子萱“其实从来没有战斗经验”，她与充满着革命的乐观主义精神的小分队中的其他人不同，她经常是严肃的，因为她的压力太大了。与剧中严肃的形象不同，准妈妈孙茜在现实生活中是一个富有爱心的人，她一直在关注着流浪猫、流浪狗等等小动物，加上即将做妈妈了，孙茜的爱心值更是爆棚。对此，北京电视台也特意为孙茜准备了一份“爱心大礼包”，心形的盒子里包括了给宝宝的鲁班锁，还有给狗狗的宠物玩具，都是一些培养小智力的小礼品。而为了不“冷落”同在台上的张桐，导演组送给他一只“惨叫鸡”，张桐欣然接受，还为了照顾孕妇十分绅士地替孙茜“接管”大礼盒，现场气氛顿时变得轻松愉快起来。 “浪荡公子”张桐自称“不着调” 浮夸的同时代表年轻人的朝气在剧中，张桐饰演的戴向韬作为“小队长”陈子萱的情人，是一个性格浪荡不羁的公子哥，同时还与其他人有着情感上的纠葛。张桐自己也说这个角色十分“不着调”、“不是一个正常路子的我们可以理解的人”。这和他以往拍过的所有角色都完全不同，这个人在表面上实在是太“浮夸”了。然而张桐又从另一个角度介绍，这个角色在“浮夸”的同时，可能也是代表了年轻人的一种朝气。马上就要有两部长征题材电视剧播出，所以张桐也在发布会现场发表了自己对于长征精神的一番感慨：“这是年轻人该有的一种热血，往往他们在该享受的时候，可以抛弃自己的家世，抛弃富家公子的这种背景，毅然决然选择走上了长征之路，我觉得这种精神才是我们当下应该推出的。”可以想象，这部剧所传达的精神也正是张桐所理解的、来自年轻一代人的长征精神，所以这既是一部“红色”的电视剧，又是一部“青春题材”的电视剧。"
"这是一个新闻,新闻的关键词是双色球14059期,摘要为14058期码红蓝球：020312131425+11一、历史成绩回顾：14058期：红球选号定三胆中一个杀三红球全对红球12码综合推荐对四个,标题为[彩宝贝]湛蓝双色球14059期预测：二区关注冷码,正文为14058期码红蓝球：020312131425+11一、历史成绩回顾：14058期：红球选号定三胆中一个杀三红球全对红球12码综合推荐对四个二、红蓝球2014059期：红球号码综合预测：1、首位及末位红球号预测：红球首位号码近期多落位于01 02数值，本期的首位可关注04-09数值区间。凤尾号码开出2字开头区间的25数值，从近30期第六位走势图观察，26 27 28均为大遗漏号码，本期可介入关注。2、平均值预测：058期均值再次落于10以上数值，近五期的均值开出顺序为13-16-18-15-12，小振幅表现，本期均值看好会向大数值发展，区间建议15-20。3、四分区号码上期出现空开，表现在四区；本期四分区具体分析如下：一分区在上期开出连号02 03，我们把一分区的05-08划分为一分区后区，从近期落球情况分析，一分区后区已经连续四期未得到表现，本期的一区重心应放在05-08区间数值上；红球二区上期开出三连码，号码为12 13 14，三连号上次开出是在14047期，本期并不看好三连号再落，二区应关注冷码的回暖；三区号码在上期仅开出一个号码25，为遗漏7期的冷码表现，新的一期三区建议关注隔码；四分区空开，本期的四分区应作为出号重点，落码建议2-3个。"
"这是一个新闻,新闻的关键词是于丹：请将你的家打扫干净,摘要为当你看到这篇文章时，请跟随我们先做一个有趣的测试：环顾一下你的居室;如果你不在家，请回想一下不久前你离开家时房间的样子：地板上有没有积满灰尘,标题为于丹：请将你的家打扫干净,正文为 当你看到这篇文章时，请跟随我们先做一个有趣的测试：环顾一下你的居室;如果你不在家，请回想一下不久前你离开家时房间的样子：地板上有没有积满灰尘；沙发上是否有堆积如山的过期杂志；衣柜里是否凌乱不堪；厨房灶台上是不是油渍斑驳……如果是这样，那么小心了，你的人生可能危机四伏。这绝非危言耸听，而是来源于席卷全球的生活哲学：扫除力。 你的房间就像你自己哈佛商学院经过多年的研究，发现一个现象：幸福感强的成功人士，往往居家环境十分干净整洁;而不幸的人们，通常生活在凌乱肮脏中。由小家及大家，一个成功的企业，往往窗明几净;反之一个濒临破产的企业，一定有肮脏的角落。于是摸索出这样一个结论：“你所居住的房间正是你自身的折射，你的人生其实就像你的房间。”此语一出，举世哗然，有不置可否的，有跌足顿悟的。但越来越多的人，从公司总裁到家庭主妇，纷纷成为“扫除力”的拥趸。一位天天以泪洗面的失恋女孩一边读着《扫除力》，一边把衣橱中的东西整理出14袋垃圾一口气丢掉，令她惊讶的是，随着密不透风的衣橱恢复整洁，她积郁的心情似乎明快许多;京瓷公司曾经一度经营不善，员工纷纷离职。总裁稻盛先生非常困惑，闲极无聊，于是每天在工厂里独自做清洁、刷厕所、割杂草，一段时间之后，他突然顿悟了企业存在的意义，并且改变了经营理念，从而令京瓷蓬勃发展起来。 扫除力真有这么大的魔力?的确，扫除看似一场简单的体力劳作，实则内蕴深沉的人生智慧。通过打扫，我们可以放下高傲，学会谦卑。在忘我的工作中发现自己。在中国，打扫的智慧源远流长。譬如“妇”字的繁体字，便是女人手持一把苕帚;而直到今天，在许多地方，端午节的风俗依然是为小孩子们缝荷包，扎彩线，并且把一把小苕帚，从小培养孩子们热爱劳动和有条理的心。推荐添加世界华人成功学教练陈安之老师微信：amd7366从此你的人生便多了一位成功教练“一屋不扫，何以扫天下?”一个小小的“扫”字，甚至可以成为打天下的寄托与期冀。 打扫的过程，就是处理、选择、扬弃的过程，是你与环境的互动。整洁的环境明显显示你的逻辑性和条理性。财神爷喜欢住干净明亮的家你去旅游：有2个朋友热情邀请你住她家。一个朋友的家干净、明亮、整洁。一个朋友的家脏、乱、臭，你选择住谁家?肯定是选干净、明亮、整洁的!而神和你一样的智慧，神也喜欢住在这样干净明亮的家，想财神常常光顾你家，行动起来打扫吧!无论是小家还是企业，一个成功的企业，往往窗明几净;反之一个濒临破产的企业，一定有一个肮脏的角落。 清理家就是增长智慧每当有烦的事和情绪时，请整理家吧!我们外在的环境是内在的投射!那些脏乱臭代表的是内在的负能量及情绪堆积。动手：一周一小清理、一月一大清理。让环境变清爽、人住里面自然舒适，幸福感自然增加，幸福感增加将带来成功;而那些不幸的人，通常生活在凌乱脏乱的环境中!“一屋不扫，何以扫天下”!家里的脏乱也带来思想的混乱。清理家就等同于清理大脑中的垃圾，智慧自然会增长!清理家就是丢掉病菌我们路过垃圾场，习惯掩住鼻子快走。长期呆在脏乱的家，如：垃圾场：“久入兰室不闻其香，久住脏屋不觉其乱”。在垃圾场般的家住久，外在的脏乱容易引发身体的疾病，清理家就等同于清理病病菌，身体自然更健康!我有一个学员有8年的过敏，我到她家去，她的衣柜放着18年前不穿的衣服，我只是让她把那些衣服丢掉，皮肤过敏一周后全部消失!清理家就是提升正能量电视剧中鬼屋都是长满蜘蛛网、灰暗，而天堂则是光亮、富丽堂皇，所以灰暗的家吸引不好的能量，能量不好，财运自然不好;而光亮的家吸引好的能量、正的能量，能量好，财运自然好!一个人走路会非常轻松，可是如果让你背上很多的东西，你一定走不动!家里的东西塞的太满，就会导致家里的能量非常笨重，无法正常的运作，更不可能带来美好的感觉，将那些多余的清理掉之后，所带来的是非常轻松轻爽的正能量！清理家就是清理心灵我们的家通常堆放很多闲置的物品、衣服，这些的能量非常负面。犹如古代皇帝三宫六院七十二嫔妃，真正被皇帝宠幸的只有几个妃子，其它的嫔妃们就在后宫抱怨、算计、怨恨、勾心斗角。而那些闲置的物品、衣服因长期没被主人使用，散发的能量也是怨、恨、负面。最好的方法就是将这些丢掉或者送人，让它们拥有新主人。当你不断清理家，你内在堵塞的地方，就会越来越通畅了，顺溜了，轻松了，爱和感恩就流进来了！ 人生如同一场旅程，有山穷水复的困顿，亦有柳暗花明的惊奇。从常常的一生看来，过程中的负面情绪只是对生命的浪费，中国人说，得意是淡然，失意时坦然，这不是中庸，却是扎扎实实的生活态度。所以，懂得及时清空心灵里的负面情绪，才能享受人生的每一处风景。让你的人生从此焕发出奇迹吧！"
你是谁? 我是由良睦路程序员训练的一个AI模型82582410
"这是一个新闻,新闻的关键词是秦皇岛开发区被认定省战略性新兴产业示范基地,摘要为近日，省发改委、省财政厅联合批复了2016年河北省战略性新兴产业示范基地实施方案，秦皇岛经济技术开发区被认定为河北省战略性新兴产业（智能制造,标题为秦皇岛开发区被认定省战略性新兴产业示范基地,正文为近日，省发改委、省财政厅联合批复了2016年河北省战略性新兴产业示范基地实施方案，秦皇岛经济技术开发区被认定为河北省战略性新兴产业（智能制造）示范基地。此次全省共认定14个战略性新兴产业示范基地，并按照产业分类对基地进行了细致划分，涵盖大数据产业、通用航空产业、生物医药产业、新型功能材料产业等10余个领域，秦皇岛经济技术开发区获批的示范基地类别为智能制造产业。按照批复的方案，到2020年，秦皇岛经济技术开发区主营业务收入年无增长15%，税收增长14%，研发投入占GDP比重达1.5%；培育国家级智能制造试点示范项目1个，省级智能制造试点示范项目5个。"
