content
"这是一个新闻,新闻的关键词是缉毒犬，卢瑟,摘要为昨日，缉毒犬开放日在广州海关展开。缉毒犬开放日市民与萌犬亲密接触文/记者李大林通讯员刘田力、朱立广图/记者王燕二十多个小朋友排排站，一名成年,标题为明星缉毒犬 5秒搜10箱(图),正文为 昨日，缉毒犬开放日在广州海关展开。 昨日，缉毒犬开放日在广州海关展开。缉毒犬开放日市民与萌犬亲密接触文/记者李大林通讯员刘田力、朱立广图/记者王燕二十多个小朋友排排站，一名成年人身背小挎包夹杂在队伍中间，明星缉毒犬“多诺”在驯犬员带领下逐一闻过后，突然坐在了挎包的成年人面前，海关关员随即从包中“搜出”了密封包装的大麻。国际禁毒日即将到来，昨日，广州海关在位于珠江新城的海关大楼广场举行了缉毒犬开放日活动，近千名市民前来观看了缉毒犬的精彩表演，数百名小朋友还与战功赫赫的海关缉毒犬来了一场亲密接触。昨日上午9：40，海关大楼前的广场已经聚集了数百名市民，其中一半左右都是四五岁的小朋友，他们都期待着一场明星缉毒犬的精彩表演。在广场中央，海关工作人员并排摆放了10只一模一样的黑色行李箱，其中只有一个箱子里有毒品。随后，在观众的注视下，缉毒犬“多诺”在驯犬员带领下隆重登场。搜毒开始，在驯犬员的带领下，“多诺”开始快速地逐一嗅着每个行李箱，当嗅到第三只时，“多诺”一下子从兴奋状态变得温顺，静静地坐在那只箱子旁边。坐定是缉毒犬发现有毒品的明确信号，驯犬员从这个箱子中取出了毒品—500克塑料袋密封包装的大麻。围观的群众掐表一看，从“多诺”出发到找到毒品，共搜查了三个箱子，一共用了不到5秒钟时间。行李箱搜毒表演完毕，接下来就是小朋友们喜爱的互动环节—人身搜查。人身搜查是“卢瑟”的拿手好戏，只见它在驯犬员带领下，从小朋友身边一个个嗅过，任凭害怕的小朋友尖叫、爱狗的小朋友抚摸，“卢瑟”都不为所动。当它嗅到挎包的海关关员旁边时，静静地坐了下来，关员从包中拿出了包装好的大麻，全场又是雷鸣般的掌声。“卢瑟”完美谢幕，两条搜爆犬—马里努阿犬登场。服从科目是它们的拿手好戏，简单的坐下、匍匐、随人行走、卧倒、站立行走过后，高难度表演开始：只见两只搜爆犬分别跟着驯犬员奔跑，驯犬员突然急刹车，双手向后张开，身体前倾90度，两条搜爆犬从驯犬员双手和脊背搭乘的“通道”中一跃而过，平稳落地。在观众的喝彩声中，驯犬员用卷起的毛巾与搜爆犬互动游戏。驯犬员告诉记者，毛巾是搜爆犬、缉毒犬一生中唯一的玩具，所以当它们完成任务时就用毛巾跟它们一起玩耍来表示奖励。"
"这是一个新闻,新闻的关键词是快乐小方脸，动画片快乐小方脸，快乐小方脸全集，快乐小方脸在线，快乐小方脸观看，快乐小方脸高清，快乐小方脸下载，快乐小方脸剧情，第145集,摘要为《快乐小方脸》动画片针对2-5岁的受众，以智商、情商、德商、心商等九种人生成功商数为幼教系统理论，以独特可爱的四方脸为形象设计基础，围绕幼儿,标题为《快乐小方脸》第145集,正文为《快乐小方脸》动画片针对2-5岁的受众，以智商、情商、德商、心商等九种人生成功商数为幼教系统理论，以独特可爱的四方脸为形象设计基础，围绕幼儿园的有趣生活来展开故事：剧中的小方脸们刚离开自己的父母，和其他幼儿园小朋友组成为一个大家庭，开始了人生的第一次接触。"
"这是一个新闻,新闻的关键词是早餐，红薯,摘要为无论哪个季节，早餐都是重中之重。早餐吃得好，精神一上午。但生活中最常见的早餐除了包子就是面包或者是面条之类。到底有没有既营养又好吃的早餐呢？,标题为要想精神好，营养早餐不能少！几款快手早餐做法，必知！,正文为无论哪个季节，早餐都是重中之重。早餐吃得好，精神一上午。但生活中最常见的早餐除了包子就是面包或者是面条之类。到底有没有既营养又好吃的早餐呢？秋天该吃什么早餐呢？一、泰式辣酱鸡蛋饼材料：鸡蛋、泰式辣酱、面粉、香葱。做法：1.鸡蛋磕入深点的碗中，打散，加入少许面粉。2.再加入泰式甜辣酱，搅拌成无颗粒的蛋糊。3.最后加入香葱末拌匀。4.平底锅开小火，稍稍预热，抹一层薄油。5.倒入一半的蛋糊，铺平锅底。6.煎至面包凝固，翻一面继续煎熟即可。注意事项：1.酱本身是咸的，所以盐要少放，如果酱加得多直接不用再加盐。2.也可做一次煎，那样饼会比较厚。依个人口味。二、披萨鸡蛋饼材料：鸡蛋2个、培根一片、洋葱1/4个、青椒1/2小个、红椒1/2小个、早餐奶酪1片、面粉少许、香葱一颗、盐1/5茶勺1.培根、洋葱、青红椒分别切成细丝，香葱切段。2.鸡蛋磕入碗中，加入几粒盐，搅拌均匀。3.加入少许面粉搅拌成无颗粒的蛋糊。4.不粘锅刷一层薄油，开小火，倒入全部蛋糊，铺平锅底。5.大概40秒以后，把火关掉，在蛋糊面上轻轻铺上培根丝。6.接着铺上青红椒丝、洋葱丝。7.最后铺上切好的奶酪丝。三、百合银耳粥材料：鲜百合50克，银耳10克，大米100克。做法：将百合洗净切碎，银耳用温水发开后，洗净切碎，与大米同煮为粥。功效：百合，味甘性微寒，有养阴润肺、清心安神的功效；银耳，味甘淡性平，有滋阴润肺、养胃生津的功效；大米益气健脾，三者同煮为粥，具有润阴润燥、补肺养心、健脾生津的作用，适用于在干燥的秋季食用。四、红薯小米粥材料：红薯50克，小米50克。做法：红薯洗净去皮，切成一寸长，五分厚的小块。小米淘净。小米、红薯放入锅内，加清水适量，用武火烧沸后，转用文火煮至米烂成粥。功效：红薯最大的功效是能够调节肠道，它含有可溶性纤维和大量的菌群，有通便排毒功效。因其脂肪和热量的含量低，因而对减肥、健美有一定的作用。在干燥的秋冬季，来碗红薯粥对身体的好处多多。在我国的古典中医文献中：红薯补虚乏，益气力，健脾胃，强肾阴的功效。（39健康网）吃货，赞一下嘛！ ↓↓↓↓↓↓"
"这是一个新闻,新闻的关键词是小儿遗尿症的因素有哪些 会影响孩子哪些方面,摘要为很多的孩子会出现遗尿症的症状，让他们在夜间出现了严重的尿床情况，各位家长应当多了解一些遗尿症的知识，而且还需要多了解一些诱发遗尿症发生的原因,标题为小儿遗尿症的因素有哪些 会影响孩子哪些方面,正文为很多的孩子会出现遗尿症的症状，让他们在夜间出现了严重的尿床情况，各位家长应当多了解一些遗尿症的知识，而且还需要多了解一些诱发遗尿症发生的原因才可以，接下来为什大家介绍一下引发遗尿症发生的因素是什么呢。引发小儿遗尿症的因素有哪些遗传因素，本病的家族发病率甚高。提示遗传与本病有一定关系。功能性膀胱容量减少。睡眠过深，本病患儿夜间睡眠很深，不易唤醒，唤醒之后，往往还是迷迷糊糊、半醒不醒，因此夜间唤醒排尿，在较长的一段时间内相对比较困难。其原因在于睡眠过深，不能接受来自膀胱的尿意而觉醒发生反射性排尿，遂成遗尿。心理因素，亲人的突然死伤，父母吵闹离异，母子长期隔离，黑夜恐惧受惊，均可导致孩子遗尿。有些孩子自幼没有养成控制小便的习惯和能力，一出现尿床，便受到家长的责备、打骂，长期处于过度紧张状态中，每天晚上睡前总要提心吊胆，生怕再次尿床，继而产生自卑心理，使遗尿经久不愈。生怕再次尿床，继而产生自卑心理，心理因素不但可促使以往已有控制小便能力的儿童重新发生遗尿，而且还可使少数患儿在发生遗尿后，逐渐形成习惯，有些甚至至成人仍无法改变。小儿遗尿有哪些危害1、胃肠系统挑食、厌食、面黄肌瘦或虚胖、乏力、易饭前腹痛或受凉腹痛、易晕车、大便溏稀或干燥，直接影响机体的营供应及吸收。2、大脑神经系统睡眠昏沉、难以叫醒为遗尿病的突出表现特点，记忆力减退、反应迟钝、烦燥易怒、多梦咬牙、睡觉乱蹬乱翻、注意力不集中、好动或不能久坐、精神萎糜等，直接影响大脑神经系统的功能及其发育，致使智商下降。据世界卫生组织调查显示：尿床孩子的智商比正常儿童低17%-23%。3、免疫系统易感冒发烧，易患各种传染病，直接危害机体。4、皮肤关节皮肤干燥、过敏、皮肤病、盗汗(夜间睡中出汗)、自汗(白天不自主出汗)、手脚易出汗、腰疼、腿软无力，甚或两腿的长短粗细有差异。5、心理方面羞愧、自卑、内疚、胆怯或胆小、恐惧、焦虑，久而久之，引起人格变态，表现性格内向、孤癖、不合群、神经质或有暴力倾向等。6、发育状况隐睾、隐裂、疝气、包茎、小阴茎、小子宫、囱门愈合晚、走路晚、说话晚、身高体重差，严重危及生长发育，若错过治疗时机，将遗恨终身，还将累及后代。日本厚生省儿童治疗中心5年观察1270例尿床儿童发现身高比正常儿童低2-5cm。7、生殖功能少精、早泄、阳痿、不育等;月经不调、闭经、排卵障碍、更年期提前、不孕等，直接影响生育及性功能。第三曲线(Third curves )作为专业整合营销策划公司，拥有八年网络营销经验，200余家成功案例，专注品牌策划、活动策划、网络营销等业务。 鉴于第三曲线在网络营销上的专业性，中源协和基因委托第三曲线承接公司基因产品在网络上的推广、销售工作，让更多顾客成为基因检测的受益者。详情请见网址 ：http://www.d3gene.com/"
"这是一个新闻,新闻的关键词是重庆丰都暴涨洪水致趸船失控 消防联合当地驰援,摘要为图为趸船被洪水冲击失控。中新网重庆7月20日电(余秦蓉钟旖)受强降雨影响，重庆多地河流涨水，记者从重庆市消防部门获悉，重庆丰都县龙河流域一艘,标题为重庆丰都暴涨洪水致趸船失控 消防联合当地驰援,正文为 图为趸船被洪水冲击失控。中新网重庆7月20日电(余秦蓉钟旖)受强降雨影响，重庆多地河流涨水，记者从重庆市消防部门获悉，重庆丰都县龙河流域一艘趸船被洪水冲击失控，船上8名工作人员安危系于一旦，消防官兵联合当地水域人员成功救援。19日19时19分，丰都消防大队接到报警，称龙河大桥有一艘趸船被洪水冲击失控，大队接到报警后，迅即出动1辆消防战车、7名官兵前往救援。消防官兵到达现场后看见，湍急的龙河和长江交汇处，有一艘船正被洪水冲击得左右摇晃，系船的缆绳也跟着剧烈晃荡，随时有可能断裂，现场十万火急。在此紧急情况下，消防员和当地水域工作人员迅速商议作出救援决定：让船上被困人员穿上救生衣以免发生意外，同时，消防人员和水域人员迅速上船，将系船的缆绳两端做了进一步的锚固，并向周边的船只下达指令，向失控趸船靠近，借助推力将趸船推至安全水域并进行了锚固。10分钟后趸船安全固定，船上人员也转危为安。据了解，趸船因其位置处于长江和龙河的三角交界处，当洪水从龙河涌来，猛烈地冲击趸船，趸船绳子一时被冲击力冲松，才导致趸船失控。"
"这是一个新闻,新闻的关键词是就业是大事儿，除了银行你还有其他选择,摘要为是的，除了考银行你还可以报考国考一起的银监会，加群：535724471，获知银行会考试的详情以及备考资料。银监会招聘考试已经发布了，部门名称,标题为就业是大事儿，除了银行你还有其他选择,正文为 是的，除了考银行你还可以报考国考一起的银监会，加群：535724471，获知银行会考试的详情以及备考资料。银监会招聘考试已经发布了，部门名称用人司局 职位名称 招考人数 专业 学历中国银行业监督管理委员会浙江监管局 浙江银监局机关 监管部门主任科员以下 3 金融学 研究生（硕士）及以上中国银行业监督管理委员会浙江监管局 浙江银监局机关 监管部门主任科员以下 2 金融、经济 研究生（硕士）及以上中国银行业监督管理委员会浙江监管局 浙江银监局机关 综合部门主任科员以下 1 统计学 研究生（硕士）及以上中国银行业监督管理委员会浙江监管局 浙江银监局机关 法律部门主任科员以下 3 法学 研究生（硕士）及以上中国银行业监督管理委员会浙江监管局 浙江银监局机关 综合部门主任科员以下 3 财务管理、会计学 研究生（硕士）及以上中国银行业监督管理委员会浙江监管局 温州银监分局机关 综合部门主任科员以下 1 金融、经济 研究生（仅限硕士）中国银行业监督管理委员会浙江监管局 嘉兴银监分局机关 监管部门主任科员以下 1 金融、经济 研究生（硕士）及以上中国银行业监督管理委员会浙江监管局 嘉兴银监分局机关 综合部门主任科员以下 1 财务管理、会计学 本科及以上中国银行业监督管理委员会浙江监管局 嘉兴银监分局机关 信息科技部门主任科员以下 2 计算机科学与技术 本科及以上中国银行业监督管理委员会浙江监管局 湖州银监分局机关 监管部门主任科员以下 2 金融、经济 研究生（仅限硕士）中国银行业监督管理委员会浙江监管局 绍兴银监分局机关 监管部门主任科员以下 2 金融、经济 本科及以上中国银行业监督管理委员会浙江监管局 绍兴银监分局机关 监管部门主任科员以下 1 财务管理、会计学 本科及以上 中国银行业监督管理委员会浙江监管局 金华银监分局机关 法律部门主任科员以下 1 法学 研究生（仅限硕士）中国银行业监督管理委员会浙江监管局 金华银监分局机关 信息科技部门主任科员以下 1 计算机科学与技术 研究生（仅限硕士）中国银行业监督管理委员会浙江监管局 衢州银监分局机关 法律部门主任科员以下 1 法学 本科及以上中国银行业监督管理委员会浙江监管局 衢州银监分局机关 综合部门主任科员以下 1 财务管理、会计学 本科及以上中国银行业监督管理委员会浙江监管局 台州银监分局机关 监管部门主任科员以下 3 金融、经济 研究生（仅限硕士）中国银行业监督管理委员会浙江监管局 台州银监分局机关 信息科技部门主任科员以下 1 计算机科学与技术 研究生（仅限硕士）中国银行业监督管理委员会浙江监管局 丽水银监分局机关 监管部门主任科员以下 2 金融、经济 本科及以上中国银行业监督管理委员会浙江监管局 丽水银监分局机关 综合部门主任科员以下 1 财务管理、会计学 本科及以上中国银行业监督管理委员会浙江监管局 温州银监分局辖内监管办事处 监管办事处主任科员以下 2 金融、经济 本科及以上中国银行业监督管理委员会浙江监管局 平湖监管办事处 监管办事处主任科员以下 1 金融、经济 本科及以上中国银行业监督管理委员会浙江监管局 义乌监管办事处 监管办事处主任科员以下 1 金融、经济 本科及以上中国银行业监督管理委员会浙江监管局 金华银监分局辖内监管办事处 监管办事处主任科员以下 2 金融、经济 本科及以上中国银行业监督管理委员会浙江监管局 龙游监管办事处 监管办事处主任科员以下 1 金融、经济 本科及以上中国银行业监督管理委员会浙江监管局 江山监管办事处 监管办事处主任科员以下 1 金融、经济 本科及以上中国银行业监督管理委员会浙江监管局 仙居监管办事处 监管办事处主任科员以下 1 会计学 本科(仅限本科)中国银行业监督管理委员会浙江监管局 普陀监管办事处 监管办事处主任科员以下 1 财务管理、会计学 本科及以上银监会招聘考试内容，科目以及考试试题全真模拟试题免费课程等，大家可以自己去网上找找，应该很多的，这里给大家推荐一个个人觉得还靠谱一点的群，里边考生都活跃，信息也很及时，齐全，大家有问题都给互相解答。群535724471。"
"这是一个新闻,新闻的关键词是太阳能飞机，阳光动力2号，环球之旅，抵达重庆,摘要为【辽宁卫视《第一时间》】全球最大太阳能飞机飞临中国，将抵达重庆。,标题为全球最大太阳能飞机飞临中国 将抵达重庆,正文为【辽宁卫视《第一时间》】全球最大太阳能飞机飞临中国，将抵达重庆。"
"这是一个新闻,新闻的关键词是出租车司机，连珠炮，乘客，辱骂,摘要为【CCTV2《第1时间》】上海：出租车司机2分钟“连珠炮”辱骂乘客。,标题为上海：出租车司机2分钟“连珠炮”辱骂乘客,正文为【CCTV2《第1时间》】上海：出租车司机2分钟“连珠炮”辱骂乘客。"
"这是一个新闻,新闻的关键词是澳洲上市-2015澳洲私募投资翻番 企业并购热将延续,摘要为价值100亿澳元的新州电网TransGrid租赁交易领跑澳大利亚第四季度企业并购交易。澳洲企业并购热潮将延续至明年。ACBNews报道，20,标题为澳洲上市-2015澳洲私募投资翻番 企业并购热将延续,正文为 价值100亿澳元的新州电网TransGrid租赁交易领跑澳大利亚第四季度企业并购交易。澳洲企业并购热潮将延续至明年。ACBNews报道，2015年澳洲企业并购交易势头强劲。据澳洲人报-汤森路透数据显示，过去12个月内澳洲已宣布的并购交易额增至1460亿美元（2030亿澳元），较上年增长了25%，为自2011年以来新高。另外，第四季度正在进行的企业并购交易额已达到480亿美元，较第三季度增长80%。交易额的激增主要源于新州电网公司TransGrid的100亿澳元租赁交易，以及澳洲港口与铁路运营公司Asciano的竞购战的爆发。德意志银行分析师Bruce MacDiarmid认为，从当前情况来看，澳洲企业并购交易在下一年可能更加激烈。澳大利亚一直是最适合并购投资的市场之一，随着几例并购案圆满达成交易，一些企业很可能会因为担心错过机遇而加入并购投资行列。大宗企业并购案激增今年澳大利亚有8宗企业并购交易额达到50亿美元以上，而去年仅有两宗。导致2015年平均交易额较去年上升59%，达到1.81亿美元。花旗投资银行部门主管Tony Osmond认为，2015年出现如此多大规模企业并购主要归功于机会主义投资潮兴起和形势所致。Osmond称：“投机者——尤其是资金充沛的买家（大多数是海外投资者）——主导着企业并购；而那些真正有需求的公司，特别是资源公司和受监管的金融机构，却经历着撤资和资本重组。”据悉，私募股权投资主导的并购交易额在今年急剧增长了191%，其中包含了几宗大规模并购案如私募基金财团对通用电气金融财务公司（GE Capital Finance）的收购。银行家乐于看到私募资金的活跃，因为他们希望释放大批资金，趁资产估值走低时大捞一笔。瑞银投资银行部门主管Anthony Sweetman表示，过去三年内许多活跃的基金售出了相当数量的资产组合，并募集了新的基金。可以预见未来买方在并购交易中的地位将会上升。各行业的并购趋势据悉，工业领域的企业和资产（包括基础设施）是今年最主要的并购目标。紧随其后的是能源和电力，以及房地产领域。矿业受大宗商品物价下滑影响，正处于十年以来行业发展的低谷，资产估值的持续走低可能会在明年吸引更多并购者关注。传媒领域并购存在诸多限制，但同样受投资者关注。另外据巴克莱银行并购部门主管Duncan Hogg，现在已有部分网络、电网、港口开始着手私有化。与之相关的资源和服务领域也将成为企业并购目标。企业并购的阻碍尽管银行分析师对下一年企业并购增长充满信心，政策的不确定性仍有可能限制投资者的并购计划推进。Osmond表示，投资监管方面的不确定性已经成为一个大问题。外国投资和反托拉斯监管呈现“泛政治化、激进和不可预测”的态势。铭德律师事务所也提醒投资人关注澳大利亚《外国收购与接管法》的内容变动，以及外商投资审查委员会和竞争监督机构的严苛标准。据Osmond，澳洲企业并购市场还面临两个更大的问题：许多公司需要离岸交易导致并购成本高昂；投资人依然局限于短期资本回报。“最大的障碍就是缺少股东支持长期投资。大部分投资人的关注点还在于短期内同行企业的相对趋势，而不是支持董事会进行企业并购。他们只在乎资金返还或者是立刻能赚到钱的交易。”另外，还有人认为宏观经济因素也对企业并购造成影响。国际利率环境不稳和大宗商品价格走低都可能使投资人（如矿业企业）对企业并购避而远之。但是私募基金则可能依然会努力收购优良资产。若要了解更多澳洲上市专业内容 请关注 专家微信：Leipeng-Xiong"
"这是一个新闻,新闻的关键词是火腿，无线电,摘要为19日，杨家坪正街小区，吴真通过无线电呼朋唤友。本组图片由记者张路桥摄吴真在楼顶上安装的各种天线吴真（左）在与爱好者讨论“业余无线电专用CQ,标题为重庆“火腿”族 追逐永不消逝的电波(组图),正文为 19日，杨家坪正街小区，吴真通过无线电呼朋唤友。本组图片由记者&nbsp;张路桥&nbsp;摄 19日，杨家坪正街小区，吴真通过无线电呼朋唤友。本组图片由记者张路桥摄 吴真在楼顶上安装的各种天线 吴真在楼顶上安装的各种天线 吴真（左）在与爱好者讨论“业余无线电专用CQ分区图” 吴真（左）在与爱好者讨论“业余无线电专用CQ分区图”商报记者 方芳“CQ，CQ，THIS IS BG8BP，BY OVER。”如你意外听到这句联络语，不必惊讶，重庆有这样一群被称为“火腿族”的业余无线电爱好者，他们通过无线电波，穿越时空与世界各地的朋友进行对话，一起谈世界杯，聊生活。甚至还有爱好者用电波传情，成就了一段佳话。6月19日晚，在杨家坪正街小区，就有几位业余无线电爱好者聚在一起，通过无线电侃世界杯。“火腿”隔空侃世界杯家住杨家坪正街的吴真，今年51岁，是重庆市为数不多的、通过国家业余无线电台最高等级操作资格考试的无线电爱好者。19日晚，记者走进这位“老火腿”的家，他正和三位好友坐在床边的无线电台旁说笑着。床头旁，一个正方形的功率放大器上，叠放着两台短波机，背后的窗帘上挂着“业余无线电专用CQ分区图”，图上方还有两个大钟，分别显示着北京时间和欧洲时间。窗帘后面的大阳台上，架置着大小不一、功能不同的5根无线电天线。转动频率按钮，短波机中不时传来声响，“CQ，CQ，THIS IS BG9BYO，BY OVER。”接收到对方传来的呼号后，吴真随即报出自己的呼号。他告诉记者，每一位通过国家业余无线电台操作资格考试的爱好者，都有一个全球通用的呼号，通过呼号便可判断出对方来自哪里。如这个呼号中BG代表中国，9指甘肃。转换频率后，吴真又偶遇一位日本朋友，还与对方聊起世界杯。爱好者吴轶众告诉记者，来自世界各地的火腿们，碰到一起便会聊天气、聊生活，“现在聊得最多的就是世界杯。”“我还特意去自学多国语言”，业余无线电爱好者张敏杰告诉商报记者，各国“火腿”们在线上交流时，都会遵守一定的准则，会用国际通用简语打招呼，但若想深入交流那就要攻破语言关。说到对无线电的喜爱，吴真告诉商报记者，自己从小就对家里的各种电器感兴趣，这甚至决定了他的事业。高中毕业后，他选择了南京电力学校的通讯专业，毕业后也一直从事电力通讯工作。“这不仅因为无线电本身有着神秘性，更因为它能在紧急关头发挥救援作用。”吴真告诉记者，去年雅安地震，重庆有5位“火腿”积极参加重庆志愿者救援队，在无通讯信号的救灾点，用无线短波电台与外地电台建立联系，帮助缓解因沟通不畅造成的车辆拥堵等。女“火腿”痴迷神秘电波 “在无线电波的频率里，我们永远不知道下一秒会碰到谁，充满了未知和神秘感。”傅焱家住沙坪坝土湾，是一位幼儿园老师，年近四十的她是重庆少有的爱好无线电短波的女“火腿”。她告诉商报记者，自己最初玩这个是受朋友影响，后来是被这种未知和刺激感吸引。通过无线电台，她还认识一位马来西亚华侨，傅焱说，对方会说中文，在无线电波上通联了一次后，他们便互留QQ，经常一起聊习俗、旅游、植物等，现在也会聊世界杯。傅焱告诉商报记者，在“火腿”圈有一个规矩，和陌生“火腿”第一次通过无线电交流后，就会相互邮寄自己的“火腿名片”作纪念。记者看到，名片上不仅有各地风景，还印有“火腿”的呼号、国际协调时间、通联频率和信号质量等多个信息。电波传情“火腿”收获爱情家住渝中区大坪的田伟是位80后，现在是南开中学的电教老师。他告诉记者，业余无线电爱好者还会自己DIY设备。田伟说，自己一直痴迷无线电，在西南师范大学读书时加入了无线电协会，自己还曾用无线电波传情，追到现在的妻子。大二结束，他用做家教挣来的两百多元钱买了两个无线固定频率小对话机，自己留一个，另一个送给现在的妻子。“我俩的宿舍楼是挨着的”，田伟说，毕业前，他们会在各自宿舍里用无线对话机聊天。背景重庆“火腿”族有1500多人“目前，重庆的业余无线电爱好者有1500多人”，昨日，重庆市无线电协会会长罗蜀权在接受商报记者采访时表示，业余无线电爱好者想要开通自己的电台，必须参加并通过业余无线电台的等级操作资格考试，并申请办理电台执照。罗蜀权介绍道，现有的业余无线电台操作资格考试，按从低到高分为ABC三个等级。此外，国家对业余无线电台的频率和功率都有一定的限制和要求，常用业余无线电频率会对应着所需操作技术能力类别。“如C类30MHz（频率）以下频段最大发射功率不大于1000瓦。”罗蜀权告诉记者，重庆的“火腿”们常常会聚在一起，集中训练通联速度和能力，以保证在灾难通讯中断时能发挥作用。最后，他也表示，若有业余无线电台爱好者，在使用无线电台时违法国家规定，将会受到相应的处罚。链接看看“火腿”的国际通用语言在业余无线电台通讯过程中，全世界“火腿”们都有自己的通用语言Q简语。由于电波传播的复杂因素经常会出现信号失真和衰落现象，再加上爱好者口音的不同，很容易发生误听差错，尤其是在26个英文字母中。为此，全世界的业余电台在语言通信中均采用约定成俗的“字母解释法”，如字母Q的英文解释法为“Quebec”，译音为“奎拜克”；字母R的英文解释法为“Romeo”，译音为“若密欧”；字母T的英文解释法为“Tango”，译音为“探高”。Q简语 问句含义 答句含义QRA你的电台名称是？我的电台名称是……QRB你台离我台多远？我们相距约为……QRZ谁在呼叫我？……KHz/MHz正在呼叫你QSA我的信号强度是多少？你的信号强度是……“火腿”族业余无线电爱好者的英文名称是Radio Amateur，在非正式场合他们经常自称为“HAM”，直译成中文就成了“火腿”，所以被称为“火腿族”。"
"这是一个新闻,新闻的关键词是陪妈相亲女儿当“发言人”：妈妈没有理由孤单应该有人爱,摘要为【概要】10余位男嘉宾前去了解情况多数老人表示子女支持自己再婚本报讯（华商晨报华商响网记者韩丽娜）“各位叔叔阿姨好，我今天来是陪我妈妈相亲的,标题为陪妈相亲女儿当“发言人”：妈妈没有理由孤单应该有人爱,正文为【概要】10余位男嘉宾前去了解情况多数老人表示子女支持自己再婚本报讯（华商晨报华商响网记者韩丽娜）“各位叔叔阿姨好，我今天来是陪我妈妈相亲的，她不好意思上来说话，我就替她说说！”在本报上周举办的阿阳鹊桥会上，32岁的女子小南介绍了妈妈的简单情况及择偶标准。为女儿妈妈一直没找伴儿在上周的鹊桥会上，在新嘉宾自我介绍阶段，一位女嘉宾不好意思上台自我介绍，女儿小南果断地站起来，大方地说：“各位叔叔阿姨好，我今天来是陪我妈妈相亲的，她是单身，不好意思上来说话，我就替她说说吧！”小南向大家介绍，妈妈今年57岁，离异10多年了，至今单身。“我的妈妈是为了我这些年才一直没找的。她一直照顾我，等我结婚之后2007年生孩子，她又开始帮我照顾孩子和我的家庭。现在孩子上学了，我希望她好好歇一歇，也为自己找个伴儿。”小南说：“妈妈现在年岁大了，我知道，她最需要的不是女儿的爱了，而是来自爱人的爱。她身边的同龄人都是老两口成双入对的，她没有理由孤单！”小南介绍完妈妈的情况后，现场马上响起了非常热烈的掌声，一些老人甚至站起身来竖起大拇指，纷纷为这个懂事的孩子叫好。最硬件的条件是能够爱妈妈小南的发言结束后，她的妈妈立刻成了众人瞩目的焦点。这位女嘉宾的外形条件好，长相也年轻，最主要的是，还有这样一个孝顺又懂事的女儿，纷纷赞叹，现场很多男嘉宾马上就开始打听她的择偶要求。一位65岁的男嘉宾举手要提问，小南马上伸手示意。男嘉宾说：“我感觉你妈妈条件不错，她对身高有要求没？”“我妈妈性格开朗，喜欢旅游做饭和收拾屋，她的择偶要求是沈阳本地人，诚实有责任心，条件相当，身高1.70米以上，有住房，没有什么不良嗜好。”小南像妈妈的新闻发言人似的耐心地对着男嘉宾们介绍情况，“我要求最硬件的条件是，能够爱她。”“现在我们的生活挺好的，去年我们一家三口还带着妈妈去泰国旅游了一圈，特别开心。”小南高兴地说，“妈妈年轻时结婚是骑自行车结的，如果她这次能找到知心的伴侣，我希望她能够去国外旅行结婚，趁着年轻拍摄一组漂亮的婚纱照！”在小南介绍妈妈情况的过程中，现场的掌声不断热烈的响起，与此同时，十几位男嘉宾已经抢着凑到母女身边，争先介绍起了自己的情况。■嘉宾反应就冲这好闺女，也要和你妈妈认识本报举办的阿阳鹊桥会面向中老年单身人士提供服务，在此之前，也曾出现儿子一个人来帮母亲报名、老母亲默默地陪着中年单身的女儿来相亲的情况，朋友陪伴而来的也不少见，而像女儿陪伴中年的妈妈到现场高调相亲的情况，还是首次出现。面对“女儿陪妈找对象”的场景，很多现场的男嘉宾先是一愣，然后迅速进入“竞选”状态，一部分人围住了女嘉宾，另一部分则开始不断涌过来向小南继续了解情况。男嘉宾甲：姑娘，我和你妈妈刚才聊了一会儿，谈得挺好，这儿人太多，我想下午邀请你们去我家看看，你看中不？小南：大爷，要不我把车钥匙给我妈，你们下楼就坐我车里唠！男嘉宾乙：你太给你妈加分了。就冲着这个好闺女，我也要和你妈妈认识一下。可是姑娘你妈都被一堆男嘉宾围着呢，我也挤不上去啊，我给你留个电话吧……我就住在附近，机关退休的，家里房子100多平，你看行不？小南：大爷，咱两家看来离得挺近，等我也把我的电话留给你，回头打电话联系。■数据显示子女对老人再婚持支持的多中老年再婚，子女的态度很重要，根据本报阿阳鹊桥会对500多名嘉宾的统计，现如今多数子女对老人再婚持支持的态度。“妈妈年岁大了，离婚10多年来一直在照顾我，看着我结婚，看着我生孩子，再帮我把孩子带大，她为我付出了那么多，她应该收获属于一个女人的幸福。”前来陪母亲参加鹊桥会的小南的一席话非常有代表性。而前来阿阳鹊桥会进行登记入会的中老年嘉宾也有超过一半的人表示，“儿女都很支持自己再婚”“如今孩子已独立或是结婚了，才决定为自己的幸福考虑一下”。"
你是谁? 我是由良睦路程序员训练的一个AI模型20971694
"这是一个新闻,新闻的关键词是甘肃省陇东南出现今年最强降水 6乡镇大暴雨,摘要为中国兰州网7月20日消息7月19日，来自省气象局的专题天气分析显示：7月18日白天到夜间，我省陇东南出现今年入汛以来最强降水，康县、泾川、宁,标题为甘肃省陇东南出现今年最强降水 6乡镇大暴雨,正文为中国兰州网7月20日消息7月19日，来自省气象局的专题天气分析显示：7月18日白天到夜间，我省陇东南出现今年入汛以来最强降水，康县、泾川、宁县3县6个乡镇出现大暴雨。截至19日16时，暴雨造成庆阳市庆城县、宁县的6乡镇部分农房受损、公路塌方、水渠损毁等，灾情还在进一步收集中。另外，预报显示，未来两天，陇东南的降水转向河西，兰州也将在今天晴天明天雨的天气中切换。兰州中心气象台预报显示，19日夜间到20日白天，酒泉、嘉峪关、张掖三市多云转阴有阵雨或小雨，部分地方有5-6级西北风；省内其余地方晴或多云。20日夜间到21日白天，河西五市阴有小雨，局部地方有中到大雨；兰州、白银、临夏、甘南、定西等州市多云转阴有阵雨或雷阵雨；省内其余地方晴或多云。21日夜间到22日白天，河西五市多云，祁连山区有阵雨；省内其余地方多云转阴有小到中雨，其中陇南、天水、平凉、庆阳等市局部地方有大雨。兰州的具体预报为：今天晴，气温16℃-33℃；明天晴转阵雨，气温18℃-29℃；后天小雨转多云，气温17℃-30℃。"
"这是一个新闻,新闻的关键词是想要健康亮丽的头皮与头发的关键是?,摘要为这几年来美发院的处理从头发慢慢包含到头皮或许这样的转变看起来好像没什么但实务上来说这样的改变背后的风险差异却是天差地远因为头发主要只是蛋白质,标题为想要健康亮丽的头皮与头发的关键是?,正文为 这几年来美发院的处理从头发慢慢包含到头皮或许这样的转变看起来好像没什么但实务上来说这样的改变背后的风险差异却是天差地远因为头发主要只是蛋白质结构其中并没有活细胞也没有神经或血管所以头发的处理无论是吹染整烫只限于头发本身其风险相较下是较低的即使最后造成发质变差、分叉断裂、打结难梳理也只要把发尾头发剪掉再等头发再长长就可以回复原状然而现在美发院已经不只局限于这样的处理藉由头皮护理的概念常会创造出很多稀奇古怪的方法但在这些方法的背后几乎都会影响到头皮而头皮跟其他皮肤一样是活的其中有很多的活细胞、有神经也有血管是会产生敏感、过敏反应严重的话也是会造成发炎伤害的像是我曾经看过以下的头皮护理方式一下子精油、一下子负离子、一下子超导仪又要活菌激活、又要奈米雾化还要动力光超音波老实说我都已经不知道到底这些处理是美发还是医疗而且使用的器材到底是美发器材还是医疗器材更是不清楚但看起来卫生单位对于这样的市场现状依然还是默默无言美发师的养成教育都主要只传授技术层次的处理几乎没有包含正确头皮生理养护概念的教育学程更没有教育美发师去了解每天使用的产品背后细节与风险很多的既有想法都是由产品销售人员所灌输而且其中有很多的讯息其实是错误的像是对于矽灵成分的误解、对于植萃、天然、有机、绿色宣称的盲点对于精油与清洁剂风险的不了解对于头皮与头发传染病的不认识以及对于洗染烫发操作时职业环境安全的忽视不但会让美发师慢性暴露在风险之中甚至也因而让很多民众的头发与头皮因而受伤像是头皮精油按摩...精油的来源、纯度、品质、成分稀释的方法、基底油的选择都是相当复杂的而且精油中含有相当多种的活性物质一但使用不当反而会造成皮肤受伤像是头皮去角质...头皮好好的根本是不需要去角质涂了一堆胶质或酸类的物质在头皮上搓揉不但容易让头皮受伤变敏感甚至会造成过敏像是头皮放大镜检测...很多时候不是光靠200倍放大检测就可以确认头皮问题看图说故事到底是真有其事还是随意诠释真的很难知道而且很多头皮的问题是疾病所造成并非美发师可以处理像是宣称植萃、天然、有机、绿色的产品这些都不是产品安全与否的保证很多时候只要把成分表看一下就可以知道这些宣称很多是虚的甚至是假的但老实说目前多数美发师并无法判断这问题对于头皮来说最好的护理保养就是不要把一堆复杂成分的产品与未知风险的处理往头皮上摆只要定时把头发与头皮洗干净也就是最简单最经济的照护方法头皮稳定健康头发才有办法长得美长得好皮肤的保养很简单而头皮的保养也是如此"
"这是一个新闻,新闻的关键词是应收款，会计,摘要为证券代码：002685证券简称：华东重机公告编号：2015-008无锡华东重型机械股份有限公司2014年年度报告摘要1、重要提示本年度报告摘,标题为无锡华东重型机械股份有限公司,正文为证券代码：002685证券简称：华东重机公告编号：2015-008无锡华东重型机械股份有限公司2014年年度报告摘要1、重要提示本年度报告摘要来自年度报告全文，投资者欲了解详细内容，应当仔细阅读同时刊载于深圳证券交易所网站等中国证监会指定网站上的年度报告全文。公司简介2、主要财务数据和股东变化（1）主要财务数据公司是否因会计政策变更及会计差错更正等追溯调整或重述以前年度会计数据是 √ 否（2）前10名普通股股东持股情况表（3）前10名优先股股东持股情况表适用 √ 不适用公司报告期无优先股股东持股情况。（4）以方框图形式披露公司与实际控制人之间的产权及控制关系3、管理层讨论与分析2014年，面对国内经济增长放缓、行业竞争激烈的复杂经济环境，公司围绕董事会制定的经营计划与工作目标，坚持以市场为导向，充分利用内外部资源，加强生产管理，提升生产工艺水平，在公司管理层及全体员工的努力下，积极应对挑战，克服市场诸多不利因素的影响，持续推进新产品研发，产品结构不断优化，加强国内和国际市场的开拓，使公司的经营保持稳定健康的发展。2014年末，公司资产总额109109万元，较2013年同比增加8.74%，主要原因为公司货币资金、存货、对外投资增加所致；公司负债总额27907.74万元，；较2013年同比增加28.73%，主要原因为公司开具银行承兑汇票向银行支付保证金增加所致；报告期内，公司实现营业收入49877.72万元，同比上升29.39 %；营业利润1374.79万元，同比上升34.41 %，归属于上市公司股东的净利润为1176.84万元，同比上升16.21 %。主要原因为公司为应对不利的经营局面，积极调整产品结构、不断推出新产品、开拓国际市场特别是东南亚市场的订单，加强内部管理控制成本等取得了良好的效果。4、涉及财务报告的相关事项（1）与上年度财务报告相比，会计政策、会计估计和核算方法发生变化的情况说明√ 适用 不适用会计估计变更：公司2014年第一次临时股东大会审议通过了《关于公司会计估计变更的议案》，对会计估计进行了变更。变更内容为：对于按组合计提坏账准备的应收款项的信用风险组合进行了细化，同时对于信用风险组合中采取账龄分析法的计提比例进行了变更。变更的原因如下：随着公司业务规模扩大，投标业务逐渐增多，导致其他应收款中投标保证金增加；因施工项目规模扩大，项目安装期间延长，导致其他应收款中员工因公借款增加；投标保证金和员工借款收回的不确定性风险较低，从而需增加保证金（不含质量保证金）、员工个人借款，备用金、其他性质的其他应收款组合。根据对公司近年来客户资质情况的了解、应收款项的实际回收情况及坏账的评估，在2011年至2013年期间，实际坏账核销金额为0.00元，占2013年底应收款项比重为0.00%。同时，本公司主营业务构成中岸桥的业务量逐年增加，其单个标的金额较大，合同执行期、账龄信用期较长，公司认为，现有1年以内（含1年）应收账款收回的不确定性风险较低，目前的账龄分析及计提比例不能真实反映公司财务状况和经营成果，因此，对于信用风险组合中采用账龄分析的计提比例进行适当变更，此变更事项可以更加客观、公正地反映公司财务状况和经营成果，使公司的应收债权更接近于公司回收情况和风险状况。对公司的影响：本次会计估计变更对公司业务的范围无影响。根据《企业会计准则第28 号—会计政策、会计估计变更和差错更正》的规定，变更应收款项的信用风险组合和坏账准备计提比例属会计估计变更，应采用未来适用法进行会计处理，不会对以往各年度财务状况和经营成果产生影响，无需追溯调整。 会计政策变更：自2014年1月26日起，财政部修订了《企业会计准则第2号-长期股权投资》、《企业会计准则第9号-职工薪酬》、《企业会计准则第30号-财务报表列报》、《企业会计准则第33号-合并财务报表》，以及颁布了《企业会计准则第39号-公允价值计量》、《企业会计准则第40号-合营安排》、《企业会计准则第41号-在其他主体中权益的披露》等具体准则，并要求自2014年7月1日起在所有执行企业会计准则的企业范围内施行； 2014年6月20日，财政部印发修订了《企业会计准则第37号-金融工具列报》，要求执行企业会计准则的企业应当在2014年年度及以后期间的财务报告中按照本准则要求对金融工具进行列报； 2014年7月23日，财政部公布了《财政部关于修改〈企业会计准则-基本准则〉的决定》，自公布之日起施行。因此，经第二届董事会第八次会议审议通过，对公司会计政策进行变更。变更后，公司会计政策按照财政部自2014年修订和新颁布的准则及定执行，其余未变更部分仍按照公司原会计政策执行。本次会计政策调整对公司财务状况、经营成果和现金流量无重大影响。（2）报告期内发生重大会计差错更正需追溯重述的情况说明适用 √ 不适用公司报告期无重大会计差错更正需追溯重述的情况。（3）与上年度财务报告相比，合并报表范围发生变化的情况说明√ 适用 不适用2014年9月10日，经第二届董事会第四次会议审议通过，公司以自有资金设立全资子公司无锡华东汇通商贸有限公司，并纳入公司合并财务报表范围。2014年11月14日，经第二届董事会第六次会议审议通过，公司以自有资金对诚栋不锈钢进行增资，增资完成后，公司持有诚栋不锈钢50.98%的股份，诚栋不锈钢纳入公司合并财务报表范围。（4）董事会、监事会对会计师事务所本报告期“非标准审计报告”"
"这是一个新闻,新闻的关键词是永城市，流动,摘要为自今年3月下旬永城市“群众家门口的信访局”活动开展以来，永城市信访干部接访真正深入基层接地气，为群众解难题、办实事，最大限度地把信访问题解决,标题为流动接访到家门(图),正文为 流动接访到家门 自今年3月下旬永城市“群众家门口的信访局”活动开展以来，永城市信访干部接访真正深入基层接地气，为群众解难题、办实事，最大限度地把信访问题解决在基层，彻底解决了服务群众“最后一公里”问题。截至目前，该市已在218个行政村设立流动接访点，接待群众4万多批次，处理群众诉求1400余件，密切了党群关系，赢得了群众好评。图为在演集镇陆楼村流动接访点，永城市委书记吴孟铎在接待信访群众。"
"这是一个新闻,新闻的关键词是百万投入做千万生意？ 大方租车加盟引爆全场,摘要为10月15日，大方租车第51轮加盟计划说明会在武汉隆重召开，会议吸引了全国17家投资商参与。此次会议主要围绕大方市场战略、大方租车加盟项目说,标题为百万投入做千万生意？ 大方租车加盟引爆全场,正文为10月15日，大方租车第51轮加盟计划说明会在武汉隆重召开，会议吸引了全国17家投资商参与。此次会议主要围绕大方市场战略、大方租车加盟项目说明、加盟支持及加盟政策等内容展开，最终多位投资商被大方的合作前景所深深吸引，现场成功签约。 大方抢占市场先机门店数量跃居全国前三2014年，大方租车顺应市场发展，以打造“中国互联网连锁租车领先品牌”为目标，开启了全国招商加盟计划，至今已成功吸引了近三百家加盟商，遍及全国一百多座城市，成为全国门店数量前三、国内连锁租车行业十强品牌。据大方租车董事长章少华介绍，大方之所以能成为走在行业前列，首先租车行业的巨大前景是大方得以发展的前提，目前传统产业都已相对饱和，而国内租车市场还处于一种供不应求的状态，随着国内私家车保有量与持驾照人数量之间的差距不断拉大、道路承载的压力日益增大以及人们出行观念的转变等，汽车租赁行业将拥有千亿财富商机。有机遇必然存在挑战，如今租车市场都存在着分布散、规模小、竞争乱等诸多不良现状，严重影响租车市场的发展，使大部分中小租车公司都处于一种在逆境中求生存的状态。为解决行业发展痛点，顺应市场发展，大方租车开放全国租车加盟，采用“共享+连锁”的“轻资产、重运营”模式，迅速布局全国市场，并通过精细化管理直营店，获得正确的盈利模式和租车管理经验，然后再将这些模式和经验“整店输出”复制给加盟店，让众多加盟店在大方品牌的标准化管理下规范发展，进而给客户提供经济、安全又靠谱的租车体验。 强势加盟支持百万投入可做千万生意针对租车行业层出不穷的风控问题，大方租车也在不断升级风控系统，据大方市场部吴经理介绍，大方租车斥巨资自主研发了业内功能最齐全、安全系数最高的租车云风控平台，用于事先防控骗租风险。不仅如此，大方租车还有事中专业的风控团队及先进的车辆追踪系统，和事后专业的法务团队及追车团队，用于处理车辆出租过程中及发生事故后的各项问题。在业务拓展方面，大方租车先后推出了自驾短租、自驾长租、企业租车、新车/二手车以租代购等多项业务，其中旗下品牌“享购车”更是刷新了国内汽车以租代购的消费新模式，在业内独创先河。为提升客户体验，大方租车开设了互联网全渠道预订平台，包括大方租车官网、手机APP、微信公众号、400电话。据了解，为做好更多方的客户导流，目前大方已对接携程、途牛等第三方平台。 为帮助加盟店更好地发展，大方租车在品牌、资源和方法上全程支持，与加盟店共享品牌、金融、采购、技术、推广管理服务、风控、管理、培训等十大优势，逐一分解、各个击破，最终实现大方与加盟商的“双赢”。值得一提的是，未来大方共享计划启动后，所有达标的加盟门店均将享受无成本扩大车队规模，100万的投入做1000万的生意，成为抢占千亿市场的又一掘金利器。优秀加盟商分享大方多重优势助门店发展更好得益于大方各方面优势的支持，不少加盟商发展得如火如荼。来自大方租车的优秀加盟商代表黄冈西湖一路店的王总与大家分享自己加盟大方的心得。王总是2014年5月加盟大方租车的，当时大学刚毕业，三人合伙一起经营门店。之所以选择加盟大方品牌，王总表示首先是非常看好租车市场，但当地的租车公司都参差不齐，自身也毫无经验可谈，所以想加盟一个强势的连锁品牌来弥补短板，使自己的门店在当地更具有竞争力。经过一番考察，大方租车正好符合他所有的条件，重要的是，对于像他们这样手头资金紧张的，大方的优惠购车渠道着实为他们省了不少钱。对于后期门店的运营，王总也深有体会，他说，租车行业的客户形态不同于其他行业，客户流动性较大，但大方的全渠道网络预订平台，能有效的保证客源，使自己的门店一直保持稳定的订单率。即使面对租车淡旺季，大方成熟的市场调整策略，都能指导他根据市场节点预判，灵活调整价格，使收入最大化。另外，因为自己的门店在各个方面都实行品牌标准化管理，所以租客到门店租车都非常满意和放心。重要的是，大方云风控系统确实非常强大，能够有效的鉴定和防止恶意租车行为，一键查询，详细又便捷。最后，王总还表示，门店车辆最多的时候有21台在运营，因为车辆更新换代，目前有17台车，计划着本年多加几台车型，扩大车队规模。 据了解，此次会议大方租车又再拓疆土，来自汕头、浠水、随州、崇阳的多位投资商成功签署了加盟协议。"
"这是一个新闻,新闻的关键词是陕西一对夫妻地下室转移货物时暴雨破墙涌入 两人被淹身亡,摘要为暴雨让油漆店后院的院墙倒塌，一拥而入的积水将店主夫妻俩困在两米多深的地下室里。华商网图华商报7月20日消息，7月18日晚，陕西武功县突降暴雨,标题为陕西一对夫妻地下室转移货物时暴雨破墙涌入 两人被淹身亡,正文为 暴雨让油漆店后院的院墙倒塌，一拥而入的积水将店主夫妻俩困在两米多深的地下室里。华商网图华商报7月20日消息，7月18日晚，陕西武功县突降暴雨，该县长宁镇一对油漆店夫妇在地下室转移物品时，暴雨瞬间破墙涌入，两人不幸遇难。“墙塌了，我爸妈上不来了”当晚9时许，崔捐库在对面家具店打麻将，不久妻子便打来电话说家里进水了，地下室的货物要转移。崔捐库挂了电话便匆匆回家，没成想，这次转身竟成了永别。5分钟后，崔捐库的女儿哭着打来电话：“墙塌了，我爸妈上不来了。”家具店老板刘光光和其他人赶紧赶过去，发现后院的砖墙已经整个塌下来了，涌入的积水将近3米深的地下室淹得满满的，无法营救，于是赶紧报警。消防员来了后也毫无办法，最后只能用水泵抽水。一直到凌晨3点多，水被抽光，崔捐库夫妻俩的遗体才被找到。“唉，一下子失去了两个顶梁柱，这个家可怎么办？”一位村民说，崔捐库夫妻俩今年40岁出头，平时特别勤劳，开油漆店的房子是他租别人的。家里有两个孩子，儿子当兵，女儿正在读高中。另外还有一个70多岁的老母亲，现在都不敢告诉她这个噩耗。地下室两万多元现金被淹 武功长宁镇一商户地下室的被积水淹没。 华商网 图李新的灯具店与崔捐库油漆店只隔了一家，这场暴雨也让他的地下室整个被水淹没。李新说，当晚他接电话从外面赶回来时，街道上的水有五六十厘米深，当时他本来要进家里，幸亏被邻居给拦住了，不然还不知道出什么事。李新的北边也是一家灯具店，店主叶英爱家的地下室也被水淹了，她的损失似乎要更大一些，除了货物，压在床底的两万多元进货款也被水淹了，现在还不知道在不在。现在，他们正在用一个水泵往外抽水。叶英爱说，抽光这些水至少还得5个多小时。长宁镇党委副书记胡春玲说，今年6月份开始，镇上就对这些商户的房子进行过排查，但根本没想到雨会这么大，“有村民说20多年第一次见这么大的雨”。7月18日晚上8时50分，武功县气象台发布暴雨黄色预警信号：预计未来6小时内，长宁镇降雨量将达到50毫米以上。对此，咸阳市气象局副总工程师李祥林介绍，此次降雨，武功县降水量最大的长宁镇达到了71.9毫米，达到暴雨级别。"
你是谁? 我是由良睦路程序员训练的一个AI模型85726012
"这是一个新闻,新闻的关键词是今日影响市场重要消息回顾（2015年3月31日）,摘要为07:45【发审委22年使命终结注册制框架已定】本届（第十六届）主板发审委将于5月25日到期，这将是中国证券市场最后一届发审委。至此，中国新,标题为今日影响市场重要消息回顾（2015年3月31日）,正文为07:45【发审委22年使命终结注册制框架已定】本届（第十六届）主板发审委将于5月25日到期，这将是中国证券市场最后一届发审委。至此，中国新股发行制度中最核心也最受争议的发审委制度，在经历了长达22的年运行之后，终于迎来“使命终结”的时刻。08:22 【铁矿石价格跌至10年低点】铁矿石价格周一跌至52.69美元/干吨。根据Metal Bulletin的数据和全球最大船舶经纪商Clarkson Plc汇编的年度基准数据，这是2004-2005年以来的最低水平。08:32 【西安一带一路规划出台 首批投资达1155亿】31日讯，日前，《西安建设丝绸之路经济带(新起点)战略规划》和《西安欧亚经济论坛综合园区发展规划》发布，启动了第一批60个丝绸之路经济带的重点项目，总投资达到1155亿元。09:40 【煤炭工业“十三五”科技发展规划编制启动】31日讯，煤炭工业“十三五”科技发展规划启动会日前在京召开。会议指出，到“十三五”末，煤炭行业科技贡献率将达到55%，比“十二五”末提高6个百分点，大中型企业科技投入将占到当前营业收入的3%。10:45 【水利投资将向重大工程建设倾斜】31日讯，水利部副部长矫勇今日表示，今年的水利投资规模还会进一步增长。水利建设的投资重点，首先是向重大水利工程建设倾斜。今年水利投资的重点可以分三大块，一是重大水利工程建设；二是农村饮水安全；三是面上水利工程。【今年水利投资强度将达4000多亿】31日讯，水利部副部长矫勇称，水利工程点多、面广、量大，一是用工多；二是设备多；三是原材料多，无论是钢筋混凝土还是其他原材料的需求都很大，所以这样一来，大家可以想像，4000多亿年度水利投资强度会对上下游产业的拉动作用是非常明显的。11:31 【水污染防治计划已基本成形 将适时发布】31日讯，水利部副部长矫勇表示，目前正在由环保部会同有关部门牵头搞水污染防治的治理计划。这个计划现在已基本成型，会在适当的时候由主管部门专门向社会发布。13:44 【我国首个大型产业互联创新创业平台正式上线】中航工业于3月31日在北京宣布，中航联创平台“爱创客”正式上线运行，标志着国家提出“互联网+”行动计划后，我国首个大型产业互联创新平台正式启动。14:33 【商务部谈“一带一路”规划落实】31日讯，商务部今日表示，接下来做好四个方面的工作：全面推进和沿线国家的经贸关系；扩大双向投资规模；深化各种形式的区域合作，并且探讨与中亚国家等建立新自由贸易区的可能性；和沿线国家加强沟通，共同推动实施一批重大的合作项目。 15:19 【文化部整治暴恐动漫 多家动漫网站被查处】文化部31日下发查处名单，土豆、优酷、爱奇艺、乐视、腾讯视频等，因涉嫌提供含有诱导未成年人违法犯罪和渲染暴力、色情、恐怖活动的网络动漫，被列入查处名单。部分动漫描述爆炸装置制作，有的画面血腥，有的靠色情吸引眼球。另外，如果你有个股趋势、主力、买卖点把握不住需要咨询的，请加我的官方扣柒5四零2拐玖①①。16:57 【重磅：存款保险条例公布】中国《存款保险条例》今日正式公布，将于5月1日起正式实施。中国人民银行负责存款保险制度实施，最高偿付限额为人民币50万元。【机构解读】鲁政委：存款保险制度将开启银行竞争新时代。存款保险制度最高赔付限额的初衷是，银行万一出现破产倒闭的情况时，通过存款保险制度能够保证大部分人的存款安全。原本有“政府隐性担保”的银行被迫失去了“背靠大树好乘凉”的先天优势，转而借助保险这种商业模式来分担经营风险。【机构解读】方正证券：银行存量客户的风险偏好会有所提升，看好未来大资产管理行业的发展，非银板块将因此受益。此外，银行存款分流是大势所趋，其中资金分流到股市将直接利好非银板块。由于股市目前具有财富效应，预计流入股市的资金量将会加速，更加利好券商板块。18:19 【上周167万股民杀入股市 A股新增开户数创历史新高】31日讯，中国结算发布最新周报显示，3月23日至27日当周，两市新增股票开户数为166.92万户，较前周大增46.52%，创历史新高。而上一次历史高点为2007年6月1日当周的162.47万户。欢迎关注微信公众号：wanliangfenxi“婉靓分析”每天将在早上9点前后推荐当天市场热点、重磅解读、以及个股板块推荐等信息。在此建议：如果你有个股趋势、主力、买卖咨询请按微信号搜索关注。扫一扫二维码订阅婉靓分析，每天为你推荐股市中最牛的操作方法和行情提示！"
