content
"这是一个新闻,新闻的关键词是沪指，井喷,摘要为中新网4月1日电(证券频道陈鸿燕)经历昨日洗盘后，4月首个交易日，A股重现“艳阳天”，盘面上权重、题材股共舞，市场做多力量井喷，沪指重回38,标题为五利好共振A股4月开门红 沪指涨1.69%创业板井喷(图),正文为 中新网4月1日电 &nbsp;(证券频道&nbsp;陈鸿燕)经历昨日洗盘后，4月首个交易日，A股重现“艳阳天”，盘面上权重、题材股共舞，市场做多力量井喷，沪指重回3800点上方，创业板指大涨近3%，站上2400点关口，再度刷新历史新高。 中新网4月1日电 (证券频道陈鸿燕)经历昨日洗盘后，4月首个交易日，A股重现“艳阳天”，盘面上权重、题材股共舞，市场做多力量井喷，沪指重回3800点上方，创业板指大涨近3%，站上2400点关口，再度刷新历史新高。截至收盘，沪指报收3811.06点，涨63.16点，涨幅为1.69%，成交5924亿元；深成指报收13393.4点，涨232.78点，涨幅为1.77%，成交5331亿元。有机构分析指出，当前主要有五大利好强化牛市格局。国家统计局周三发布数据，3月官方制造业PMI为50.1%，比上月小幅回升0.2个百分点，重回临界点上方，连续两月回升，超出此前预期的49.7%。宏观基本面的好转将令多方更有底气。多方力量井喷式爆发让牛市赚钱效应大扩散。根据中国证券登记结算公司公布的最新统计数据，上周两市新增股票开户数为166.92万户，较前一周新开户数113.92万户暴增近50%，逼近历史峰值。昨日，国务院正式发布《存款保险条例》，该条例自2015年5月1日起施行，这标志着中国酝酿了20多年的存款保险制度正式建立。根据条例，最高偿付限额为50万元，央行此前测算，这一标准可以覆盖99.63%的存款人的全部存款。市场普遍认为，存款保险制度的建立，有望使银行存款转流入股市，A股流动性依然充沛。据同花顺iFinD数据统计，今年一季度(截至3月31日)，A股成交量31489亿股，成交额410015亿元；B股成交量59.36亿股，成交额 246.93亿元；基金成交额5225.30亿元。按照2013年券商经纪业务平均佣金费率0.07%来计算，今年一季度，券商共揽入佣金581.68亿 元，环比增长近五成。券商股向来是牛市风向标，首季业绩大增强化牛市基础。人民日报再度发文称，从去年11月份起开始至今，只有半年时间，而牛市是一个较为长期的趋势。不会刚出现半年就戛然而止。目前，沪指距离4000点只有一步之遥，未来很有希望突破这一关口。盘面上，各板块全面开花，充电桩板块领涨升近8%，其中万马股份、国电南自等8股涨停；多晶硅、智能电网、智能家居、在线教育、智能医疗等板块均涨超4%。证券板块雄起大涨3.4%，银行，海上丝路、船舶、房地产板块表现垫后。个股涨声一片，澳柯玛、中国联通、江南高纤等近130只个股涨停；*ST博元、易世达、廊坊发展、中科云网、山水文化等跌幅居前。中金公司指出，资金继续汹涌入市，预计短期市场依然会有不错的机会，把握市场节奏和精选个股依然是近期参与市场的重点。"
"这是一个新闻,新闻的关键词是李安,摘要为搜狐娱乐讯（编译/菜头）安叔四年磨一剑的话题新作《比利-林恩的中场战事》终于要在年末与观众见面了。日前，影片在纽约电影节全球首映，这部以每秒,标题为《比利-林恩的中场战事》纽约首映 突破视效引争议,正文为 《比利-林恩的中场战事》在纽约电影节全球首映 李安导演用每秒120帧的超高帧频开创影史先河 搜狐娱乐讯（编译/菜头）安叔四年磨一剑的话题新作《比利-林恩的中场战事》终于要在年末与观众见面了。日前，影片在纽约电影节全球首映，这部以每秒120帧的超高帧频开创影史先河的伊战题材作品，自然引起了全球媒体和影迷的广泛关注。到底是令人叹为观止的技术革命还是华而不实的多余之举，几家知名电影媒体纷纷给出了不同观点。《综艺》影评人对本片给出了极高的评价：“120帧的效果极其逼真，银幕上的人物仿佛触手可及，锐度极高的画面让观众全情投入。《比利-林恩的中场战事》不仅仅是一次技术革新，它还有一个极富原创性、情真意切、引人入胜的故事。影片力量的部分来源就是这两者之间的有机结合。很多情况下，观众不需要如此清晰的画面，也大可以感受到故事的抓人之处，但《比利-林恩》呈现给观众的一切是如此鲜活，似乎给了李安极大的自由度来创作一部贴近观众、无比流畅的电影，它比绝大多数电影都要更为活在当下，并且能把观众拽入到这个现实中。事实上，现实主义才是影片的终极特效。李安在技术上迈出了革命性的一部，但其实他这么做只不过是引领我们回归了电影的本质。” 电影首批评论出炉，外媒褒贬不一 《综艺》还称影片兼具“无与伦比的技术、精良的剧本和出色的表演”，并评价其“不仅批判了媒体时代的不近人情，还尖锐地揭露了所谓‘支持军人’的美式豪言壮语的虚伪，李安对军民之间的脱节讽刺又悲伤的描绘，是任何其它伊拉克战争题材的影片都无法企及的。”《每日银幕》则认为，影片的视觉效果有得也有失：“让技术服务于剧情和叙事，一直都是电影创作者面对的一大挑战。对于一部旨在扮演电影艺术未来指路人的影片，《比利-林恩的中场战事》的力量源泉所在，却还是演员的表演和反战主题。李安与摄影师约翰-托尔向前跨出了一大步，而这一大步为他的故事带来的效果好坏不均，在影片的每一个震慑人心的特写画面背后，都有被清晰展现在镜头前的平庸。精彩的特写镜头细腻捕捉了主人公比利外表的脆弱和内心的坚强，但超现实主义的画风有时会让其呈现的动态显得过于乏味。它提醒观众，有时候，技术真的会过分超前于时代。”《好莱坞报道者》指出了能够播放120帧的影院全球屈指可数的事实，因此“《比利-林恩》的视觉体验究竟如何，其实并不那么重要。但就纽约电影节‘原片’放映的效果而言，好像是好几个超大的高清平板电视组合在一起，制造了超现实般的锐度，清晰的边缘和大量出现的特写镜头尤其具有冲击力。但在让人身临其境的同时，影片非凡的视觉效果有时又会让人分心。”著名独立电影网站《Indiewire》对李安的这部新片并不买账：“虽然技术和片名都很惊艳，《比利-林恩的中场战事》的故事格局非常之小，讲述的是一个与内心压抑挣扎的内向男子的故事。如果这些元素听起来很乱炖，那确实就是李安这部偶有亮点、整体水准飘忽不定的作品的精髓。野心勃勃的120帧技术产生的超现实画面与银幕所展现的平凡故事很不搭调。除了点燃主人公内心冲突的那场华丽丽的橄榄球中场表演，影片的画面并不比一台高端电视机更具震撼力。无论新型数字摄影机能带来什么革命性的元素，这次先锋尝试没有能够用最终的效果为自己正名。”除了超前的拍摄技术，李安的这部新作还大胆地使用了没有表演经验的乔-阿尔文担纲主演，而这位新人的表现还是获得了普遍肯定：《综艺》称其给人一种第一次看到年轻的小李子的感觉——“太多可能性，太多共鸣，太有故事的一张脸”，《Indiewire》认为他的表演“融温和与嚣张为一体，完美地诠释了人物变幻不定的情绪”，《好莱坞报道者》对阿尔文与饰演比利姐姐凯瑟琳的克里斯汀-斯图尔特之间的对手戏称赞有加，认为两人联袂奉献的内化表演，足以跻身影片最出色的片段之列。"
你是谁? 我是由良睦路程序员训练的一个AI模型8131261
"这是一个新闻,新闻的关键词是俄体育界感谢国际奥委会“放行”,摘要为当国际奥委会决定有条件地允许俄罗斯运动员参加即将举行的里约奥运会后，俄体育界部分知名人士昨日表示此举正确。全俄艺术体操联合会主席乌斯曼诺娃表,标题为俄体育界感谢国际奥委会“放行”,正文为当国际奥委会决定有条件地允许俄罗斯运动员参加即将举行的里约奥运会后，俄体育界部分知名人士昨日表示此举正确。全俄艺术体操联合会主席乌斯曼诺娃表示，国际奥委会主席巴赫和那些“真正的奥林匹克运动员们”做出了英明的决定，“我欢迎这一抉择，感谢他们！”但她认为，那些并未涉及违禁药物的俄田径运动员依然无法参加本届奥运会实在遗憾。曾4次赢得奥运会游泳冠军的波波夫说，国际奥委会做出了“合乎常规”的决定，既然国际奥委会的相关规定中明确写着兴奋剂检测呈阳性者不得参加奥运会，那就是不能参加，“我们得按规则行事，这些规定对任何人都是一样的。”俄体育部长穆特科则更加关注俄田径选手无法参加本届奥运会的命运。他表示，关于俄田径选手能否赴里约参赛的问题已经“画上了句号”，他们不能参赛让人痛心。穆特科还认为，国际体育界对俄方采用了非常严格的准则，但即便如此俄大多数运动员依然得到了认可，因为他们在相关的单项联合会中有专门的备案。(责编：刘阳阳、陈海燕)"
"这是一个新闻,新闻的关键词是汉克，短跑,摘要为黄佳敏译，硕士，CSCS研究方向：田径，体能/康复训练由于PPT翻译工作量较大，只能对标题以及部分重要内容进行简单的翻译，还望见谅！也欢迎感,标题为短跑训练计划设计指南（文末附现场视频）—2016田径创新培训汉克课件（连载2）,正文为黄佳敏译，硕士，CSCS研究方向：田径，体能/康复训练由于PPT翻译工作量较大，只能对标题以及部分重要内容进行简单的翻译，还望见谅！也欢迎感兴趣的人在后台联系协助翻译工作！ 过去关于训练负荷与运动成绩之间关系的模型 现在新的关于训练负荷和运动成绩的模型 什么是竞技状态巅峰？ 在大赛中获得年度最好成绩 百分百的发挥 与最好成绩的误差不超过1% 如：你能跑10秒整，那么10秒08是不错的（1%），但是10秒25就不是（2.5%） 所带运动员比赛成绩与个人最好成绩的百分比情况 1986年带训的周期负荷安排 备战1992年奥运会女子400米栏比赛的训练计划示例 课程总结（附现场视频） 讲师邮箱：info@vortx.nl 感谢观看！"
"这是一个新闻,新闻的关键词是东莞发布台风黄色预警信号 明天全市停课,摘要为预计今年第22号台风海马（强台风级）将对东莞有严重影响，东莞市气象台于10月20日16时40分将台风蓝色预警信号升级为台风黄色预警信号。根据,标题为东莞发布台风黄色预警信号 明天全市停课,正文为预计今年第22号台风海马（强台风级）将对东莞有严重影响，东莞市气象台于10月20日16时40分将台风蓝色预警信号升级为台风黄色预警信号。根据《广东省气象灾害防御条例》，台风黄色、橙色和红色或暴雨红色预警信号为停课信号。信号生效期间，托儿所、幼儿园，中小学及中等职业技术学校应当停课。未启动上学的学生不必到学校上课；在校学生应当服从学校安排，学校应当保障在校学生安全，上学、上学途中的学生应当就近到安全场所暂避。"
"这是一个新闻,新闻的关键词是奥赛罗，王希钟,摘要为旧事重温|新中国电影人留苏记新中国电影实习团团长汪洋等，与苏联电影《奥赛罗》的演职员合影。何季民|“新中国电影实习团”在苏联1954年，刚刚,标题为旧事重温| 新中国电影人留苏记,正文为 旧事重温|新中国电影人留苏记 新中国电影实习团团长汪洋等，与苏联电影《奥赛罗》的演职员合影。何季民|“新中国电影实习团”在苏联1954年，刚刚诞生四年的新中国，为了开展自己的电影事业，派了二十个人去苏联向老大哥学习。派去学习的人，首要条件是政治上绝对可靠；因为都是从各电影厂挑选的，大多拍过电影，有的已经是专家和明星，又主要是专业对口地“跟班实习”，所以就叫了个“中国电影实习团”。带队的是汪洋和成荫，此外还有东影的张尔瓒、何文今、吕宪昌和朱革，北影的王希钟、刘鸿文，上影的朱今明、钱江、朱德熊、池宁和王雄，北京电影洗印厂的周从初和夏惜芝，加上五名翻译郑国恩、关胜多、王兆麟、白燕茹和李甸秀。“新中国电影实习团”的二十个人，后来都成了新中国电影史上响当当的人物。郑国恩如今是北京电影学院著名教授、摄影系奠基人之一，当年调进“电影实习团”是当翻译。说起来真是有缘，他1948年参军分配到了松江三支队，想不到这个三支队实际上是东北电影厂的第三期训练班，于是一参军就上学，学完就到摄影科去跟着拍电影了；1951年他突然又被调到东北师范大学俄语系学俄语，目的是培养留苏生。1954年临毕业了接到通知，让他跟随中国电影实习团到苏联去当翻译。先是在北京中央电影局集训了几个月，学政治、学俄文、了解苏联的生活习惯，并且做业务上的准备。9 月底即踏上了开向苏联的火车，一头扎进了苏联的莫斯科电影制片厂。 新中国电影实习团与苏联电影《奥赛罗》剧组合影。 新中国电影实习团在苏联电影《奥赛罗》拍摄现场。 新中国电影实习团在苏联影片的拍摄现场。 新中国电影实习团在观摩苏联反特电影拍摄。一到苏联，汪洋就给翻译加了个任务，翻译哪个专业就学哪个专业，回国后就从事这个专业。郑国恩恰好分到了摄影组。第一个月在莫斯科电影学院集中上大课学理论，后来就跟着观摩著名导演尤特凯维奇拍摄电影《奥赛罗》，莫斯科电影厂厂长特别交待说：“这是我们中国的同志，是我们的最亲密的朋友，他们到这里来实习，不是到我们这儿简单的借鉴，他们是要学东西，回去以后发展他们中国电影，因此他们有权利。他们要学什么，我们有义务必须给他们学什么，所以他们是全部参加你们的创作过程。”于是，他们从《奥赛罗》剧本案头做起，每场戏的确定、排练、拍摄，一直到封镜，全部跟下来，真正是“理论联系实际”，受益匪浅。解放初期，新中国的电影事业提出了改造“旧电影”的任务。不仅是技术上装备上的改造，更重要的是思想上艺术上的改造，学习老大哥的电影艺术理论。郑国恩的“实习”，往往要走在其他团员前面，因为要想翻译得好，自己首先要搞懂。这样快马加鞭、扎扎实实学了一年零两个月，他就提前“毕业”了。汪洋说，要调他回国筹备成立电影学院，为苏联专家当翻译，然后就当老师教学生。他第一个跟的是著名的苏联作家西蒙诺夫，幸运地在国内当上了“留苏生”，寸步不离地跟着专家，耳濡目染，效果比起出国学习还要好……北影厂的王希钟，如今被誉为“国宝”级化妆大师，也是1948年进了东影的训练班，不过他进的是第四期，1950年到北影当了化妆员。1954年随实习团到莫斯科电影学院和莫斯科电影厂进修电影化妆。1956年回国担任北影化妆室主任，组建了北影厂化妆工作间。从电影《西安事变》获得金鸡最佳化妆奖起，王希钟成了重大历史角色化妆造型的“专业户”，指导了电影《建国大业》的化妆，为新中国六十周年献上了厚礼。苏联电影不仅影响了新中国电影事业的发展方向，更深深地影响了几代中国人的观念与生活，如同那一曲曲苏联老歌，并不随时代而消失，还经常在我们身边回荡……购买本辑《老照片》，请点击以下封面 以上图文选自《老照片》第七十二辑，作者何季民 ，山东画报出版社2010年8月第1版。版权所有，侵权必究。更多图书，请扫描山东画报出版社淘宝二维码微信号：山东画报出版社老照片 和友人交流，请点击右上角分享到朋友圈定格历史收藏记忆观照百年来人类的生存与发展"
"这是一个新闻,新闻的关键词是记录奥运梦想，是谁打响了奥运赛场上毫秒必争的战役,摘要为田径赛场上，100米竞速跑最是惊心动魄——所有人的心脏都会随着发令枪响而突然紧缩——在这个赛道上，毫厘之差便会失之千里，“百米飞人”的称号只,标题为记录奥运梦想，是谁打响了奥运赛场上毫秒必争的战役,正文为 田径赛场上，100米竞速跑最是惊心动魄——所有人的心脏都会随着发令枪响而突然紧缩——在这个赛道上，毫厘之差便会失之千里，“百米飞人”的称号只属于最快的那一位。 百米飞人“飞”得很快，但突破巅峰的进程却极其艰难缓慢。1968年吉姆·海恩斯以9秒95的成绩创造了世界纪录，时隔40年之后的2008奥运赛场上，博尔特以9秒69的成绩夺得冠军，刷新了当时奥运会纪录。近半个世纪的时光，人类的巅峰竞速成绩向前迈进了0.32秒。即便是博尔特这样的天才运动员，想要再次突破巅峰也只能拼尽全力一点一点地达到。2012年的博尔特再次打破奥运纪录，让成绩进击了0.06秒。当博尔特身披国旗在写有9秒63的欧米茄电子记分板前合影的时候，整个世界都为之沸腾——这0.06秒的时间微小至极，可能比手指扣动扳机触发声音的时间短，可能比枪响传达到运动员耳朵的时间短，甚至比运动员发力弹出起跑器的时间短——但却被强大的计时系统精准地记录下来、并被写进了历史。枪声传到运动员耳朵的时间差都不放过 ▲1948年的发令枪为了将毫厘之差尽可能公平公正地捕捉下来，奥运计时系统已经发展到了几乎天衣无缝的地步，甚至连发令枪声传到运动员耳朵的时间差都不放过。最初的发令枪设计中存在一个问题，那就是声音传播的速度比光慢。这意味着离发令枪最近的运动员会比其他参赛者更早听到枪声，从而具备几微秒的优势。同样地，离发令枪最远的参赛选手最晚才能听到枪声，处于最为不利的位置。这对毫秒必争的赛场来说是个大问题。 ▲电子发令枪正基于此，欧米茄研发了全新电子发令枪，并于2010年温哥华冬奥会上首次投入使用。这个红色的流线型装置由一个闪光电子枪和一个发声盒构成，并且同每一个运动员身后的扬声器相连接。这样一来，所有参赛者都能同时听到发令枪响。当发令员扣下扳机，三件事情将同时发生：出发声响起，闪光亮起，出发信号传递至计时装置。这个全新设备的优势还得以在机场和体育场馆里显现。由于安全检查变得越发严格，携带传统的发令枪很难通过安检，而这项全新极富未来感的设计将不会存在此类风险。精准捕捉枪响后的每一个细微动作 ▲1984年，欧米茄为洛杉矶夏季奥运会引入首台违规抢跑监测装置1984年洛杉矶夏季奥运会因见证了一系列令人难忘的竞技表现而闻名，其中包括美国名将卡尔?刘易斯 (Carl Lewis) 一人斩获四枚金牌的卓越成绩。而在这一年的田径场上，欧米茄也在计时方面取得了重大突破，为赛事引入了首台违规抢跑监测装置 (False Start Detection Device)。 当发令枪的扳机扣下，违规抢跑监测装置也同时开始了自己的使命。该设备异常敏感，其运行原理是测量运动员施加在起跑器上的压力来判断其是否抢跑。当运动员在启动过程中向起跑器施加的压力达到29千克 (女运动员27千克)时，设备将会开始记录他们的反应时间。在允许最短生理反应时间为100毫秒的情况下，欧米茄能够精准监测到最轻微的抢跑。 ▲1948年的伦敦奥运会上，欧米茄率先引入被人们称为“魔眼”的首台终点摄影机终点是最最关键的部分，事关最终成绩，裁判必须拿出具有绝对说服力的判断依据。早在1948年的伦敦夏季奥运会上，被称为“魔眼”的首台终点摄影机投入了使用。它可以拍摄连贯的画面，并可根据不同赛事的需要来调节记录速度。同时，这种摄影机也可以与欧米茄计时设备配合使用。四年之后，新一代欧米茄时间记录仪 (OMEGA Time Recorder) 使得计时的精确度达到1/100秒，从而避免了许多争议判决。 ▲全新光感应终点摄影机今天，欧米茄已将其终点摄影机的性能提升到了前所未有的新高度。2016年，欧米茄全新光感应终点摄影机将首次亮相于奥运会赛场。该设备由时间检测器和计时器构成，采用高科技影像设备以每秒10，000幅的速度捕捉影像。此外，2016年欧米茄将为田径运动推出具有非凡性能的新一代电子眼。之前，每条终点线上只装有两对电子眼，现在这一数量将增加至四对。这一改变意味着当一名运动员跨越终点线时，将有更多的身体图像被捕捉下来，从而提高了比赛冲刺阶段成绩记录的准确度。见证摘得奥运奖牌的时刻 ▲欧米茄超霸系列Mark II腕表""里约2016""限量版欧米茄超霸系列Mark II腕表""里约2016""限量版 ▲欧米茄超霸系列Mark II腕表""里约2016""限量版这款超霸系列Mark II腕表""里约2016""限量版腕表灵感源于1969年发布的首款超霸系列Mark II腕表，全球限量发行2，016枚。经磨砂及抛光打磨的精钢表壳呈酒桶形，带有抛光表冠和计时按钮。平凸形耐磨损蓝宝石表镜之下，哑光黑色表盘上带有三个小表盘：3时位置的30分钟计时小表盘、6时位置的12小时计时小表盘和9时位置的小秒针小表盘。三个小表盘分别饰以铜环，18K黄金环和925银环——象征着奥运会赛场上颁发给获胜者的金银铜牌。 ▲欧米茄超霸系列Mark II腕表""里约2016""限量版透明测速刻度印于蓝宝石表镜内侧，下方的铝环覆满夜光涂层，在暗光环境中夜光透过透明刻度显示出来，格外醒目——这在超霸系列腕表中实为首创。腕表旋入式表背浮雕有2016年里约奥运会徽章，并镌刻有”Si14” (硅材质) 及 “Column Wheel” (纵轮计时) 字样以及限量编号。 撰文：樊狩编辑：Janny设计：Somi"
"这是一个新闻,新闻的关键词是为何有些家长越“不管”，孩子成绩越好？,摘要为不知道诸位家长有没有注意过一个现象，有些父母看似不怎么“关心”孩子学习的，孩子的成绩反而很优秀，越是紧盯孩子学习的家长，其孩子的成绩倒是越学,标题为为何有些家长越“不管”，孩子成绩越好？,正文为不知道诸位家长有没有注意过一个现象，有些父母看似不怎么“关心”孩子学习的，孩子的成绩反而很优秀，越是紧盯孩子学习的家长，其孩子的成绩倒是越学越不理想。据美国幼儿教育专家莉莲凯茨研究发现，很多孩子在学习的过程中，会因为某些原因逐渐产生对学习的无能感，并因此而丧失自信心，给别人的感觉是，这些孩子什么补习班都上，却越学越不好。其实，孩子的学习成绩越来越差和父母的教育方式有密切的关系。你的过分干预正让孩子越学越差一天，孩子的老师接到电话，电话那头是家长焦急的声音：“我的孩子，都上五年级了，成绩老是上不去，把我和他妈可急得呀！我们每天晚上都睡不着觉，头发都要急白了！你说说，这究竟是怎么回事呀？孩子的成绩怎么就上不去了呢？”其实很多家长因为很害怕“输”，所以就特别紧张，因为紧张，大脑的弦就整天绷着，思维和眼睛的焦点就不停地落在孩子身上，不停地寻找孩子身上各种可能导致“输”的弱点和缺点。而正因为害怕和高度紧张，他们的判断和思考神经就很容易会出现偏差甚至盲从性，孩子学习上的每个细节都要干预，从而给我们的教育智慧蒙上阴影，让家庭教育陷入盲区甚至黑暗区。彻底摆脱八大错误的教育方式孩子成绩不好，作为家长你是否有以下这些行为：1、唠叨式很多孩子说，一听父母唠叨他就烦。做父母不妨自己想想，如果夫妻之间对方老唠叨，那你们烦不烦？作丈夫的唠叨，妻子烦，作妻子的唠叨，丈夫烦。因此，唠叨式是愚蠢的家教方式之一。2、数落式有的唠叨式同时就是数落式。总是数落孩子，你怎么不用功啊？你怎么样啊？总是在那儿数落。数落比唠叨更恶性，因为数落常常有谴责性质。数落式家教往往破坏孩子的学习状态，把孩子学习的积极性给压制住了。3、训斥、打骂式训斥打骂都可能使孩子产生逆反心理，其结果有仅不会使孩子成绩提高，而且会使孩子更加厌学，甚至逃学。父母因为几次考试失败，反复地揪着孩子的缺点不放，认为孩子的问题只要严厉点训斥，就能改变结果。结果却是孩子听得恐惧了，不但把耳朵关闭，也把房门关闭了。4、达标式规定孩子下次考试平均成绩必须达到多少分，各次要进入前几名，这叫达标式。达标式也是伤害孩子积极性的一种家教方式。先给孩子制定了一个标准，使孩子心理上特别紧张，而孩子往往是越担心越达不到标。5、疲劳式学校搞题海战术，家长再增加学习时间，学习题目，这就是疲劳式教育。孩子的精力是有限的，超负荷学习会给孩子的身心健康带来伤害，最终只能是欲速不达，从而导致孩子越来越学不好。 6、包办、陪读式对于孩子的学习，家长都替他操心，问长问短，没完没了地辅导，一天到晚陪着孩子学习。这样孩子的学习自主能力没有了，另一方面，很容易让孩子误会学习并不只是他个人的事，依赖性大。7、催促式""你该做作业了，你该复习了""，这样的催促很多妈妈喜欢反复地对孩子强调，如果孩子听烦了，他们可能会说：我本来想学，你一催我反而不想学了。孩子的逆反心理也越来越大了。8、愁眉苦脸式老为孩子操心，所以也叫操心式。父母的情绪对孩子是有很大的影响。当孩子回到家里时，如果面对的是一张数落自己的脸，一张训斥的脸，一张打骂的脸，一张愁眉苦脸的脸，孩子也许会从根本上失去在家庭中学习的乐趣。如何放开手，帮助孩子提高成绩1、唤醒孩子自主学习的意识父母都希望孩子能积极主动地求知，而不是在督促下学习，但是很多孩子都缺乏自主学习的意识，只是在老师和父母的督促下被动地学习，这就需要父母放弃监督，唤醒他们自主学习的意识。世界上任何一个取得成功的人都不是靠强制逼迫培养出来的，所以要教育孩子学习时不依赖他人，不受他人的控制和干涉，自己判断，自主学习。父母要重视培养孩子的主动性、自信心、自律性和责任感，这是自主学习能力所必需的。所以要学会让孩子懂得怎样自主支配自己的学习时间，自主完成预习、听课、作业、复习这四个完整的学习步骤。2、用赏识促进孩子主动学习孩子学会自主学习，既能使孩子走上成才的道路，又能减轻父母的负担，这是两全其美的事情。孩子在学习的过程中，成功的体验极其重要。孩子有了成功的体验，会把寻求这种愉悦感内化为自己的习惯，所以父母要创造机会给予孩子鼓励和肯定，让孩子体会到自主学习的乐趣。比如可以在孩子自主学习之后及时给予夸奖和鼓励，赏识孩子的每一点进步。孩子自己完成了家庭作业，自己完成了预习、复习后，都可以给予积极肯定，孩子会在家长的赞赏中更加主动地学习。3、相信孩子自己能够学好每位孩子都有巨大的潜能。父母的引导和启发能够使孩子自觉主动地学习和创造性地探索，主动地进行自我潜能的开发。想要真正把孩子强烈的求知欲激发出来，就要把学习的主动权还给孩子，首先要相信孩子有能力学好，接收到父母的这种心理暗示，孩子会受到鼓舞。在相信孩子的同时，也要和孩子建立民主平等的亲子关系，在日常生活中要经常鼓励孩子，让他们对自己有积极的评价，促进其自信心的建立，孩子对自己充满信心了，学习起来就会干劲十足。4、不要让孩子滋生依赖心理有些父母坐在孩子身边，看到孩子有不会做的题时急着把答案告诉他，这种做法是极其错误的，这样会使孩子养成不独立思考的坏毛病。在以后的日子里，当他一碰到稍微难点的题目时，就会不动脑子坐在那里等待着旁边的人给他帮助。这其实就是依赖心理的产生。5、给孩子自主学习的自由不少父母出于对孩子的溺爱，会为孩子包办很多事情，比如上兴趣班，上补习班，都不征求孩子的意见，无形中孩子的自主意识就被抹杀了，学习中也会缺乏自主意识，不敢面对学习中的困难和挫折，而是选择逃避或求助于他人。未来社会所需要的人才首先是独立的人，所以父母要大胆放手，鼓励孩子积极地去决定自己的生活和学习，把跟他学习和生活有关的事情交给他自己来选择，逐渐培养孩子独立自主的意识。独立自主的意识是自主学习所必须具备的素质，孩子具备了这种素质，会在以后的学习中有更多的帮助。总之，家长在孩子的学习中扮演着重要的角色，家长“不管”并不是一味地让孩子放任自由，相反，摒弃一切事无巨细的“管”，有目的、有成效地“管”，才是父母们科学的教育方式。让孩子在学习中学会吃苦，懂得坚持，帮助孩子建立学习目标，培养孩子的自主学习能力，掌握必要的学习技能，使孩子在家长的帮助下能够更自主学习，这才是众多父母心中神秘的成功教育秘诀！来源 | 网络"
"这是一个新闻,新闻的关键词是浙C车主赶紧看：这条信息很重要！,摘要为小明我听说，温州的驾驶员们很在意自己车里的违章数，还有驾驶证里剩的分数。温州交警小美对，这是我的本事。小明交通违法要去交警队，在过去是常识。,标题为浙C车主赶紧看：这条信息很重要！,正文为小明我听说，温州的驾驶员们很在意自己车里的违章数，还有驾驶证里剩的分数。 温州交警小美对，这是我的本事。 小明交通违法要去交警队，在过去是常识。 温州交警小美这招我也会哟！ 小明我发现有好多车牌登记时留的联系号码总是联系不到车主，还有些车主常常弄丢驾驶证…… 温州交警小美那是当然。 小明当路上堵车的时候…… 温州交警小美我也可以帮帮大家。 小明开车上路，总避不了小的追尾、刮擦事故。 温州交警小美的确是这么简单。 温州交警小美我还有一项厉害的技能。 温州交警小美一年两次微信在线考试，送你4分，请叫我“活雷锋” 温州交警微信二维码"
你是谁? 我是由良睦路程序员训练的一个AI模型35606630
"这是一个新闻,新闻的关键词是为什么都在车里挂珠子?大揭秘车内的风水摆设,摘要为车，现在是太常见了，一般有点小钱的家庭，都会选择一辆小车做自己的代步工具，可是，车多了，出入平安的问题也就多了，一点生肖、风水与车的利与弊，,标题为为什么都在车里挂珠子?大揭秘车内的风水摆设,正文为车，现在是太常见了，一般有点小钱的家庭，都会选择一辆小车做自己的代步工具，可是，车多了，出入平安的问题也就多了，一点生肖、风水与车的利与弊，多学一点，多看一点，总不会错的。 汽车里""避凶""的风水摆设方法在命理上，汽车属金水，大多数的交通意外，都是在命运上出现有金木交战的情况。若本命是金而流年是木，则自己撞人；若本命是木而流年是金，则人撞自己。无论谁撞谁都不是一件好事，因此，所有驾驶者应注意以下之避忌：哪种人交通意外多？通常属虎、属猴的人，出生月份是正月和七月的人，出生时是凌晨三时至五时和下午三时至五时的人，交通意外会比普通人多。哪种人交通意外少？属猪、属鼠的人，生出月份是十月和十一月的人，出生时是晚上九时至凌晨一时的人，交通意外会比普通人少。调整车内摆设 减少交通意外因交通意外是金木交战所引起，所以在车箱内不可放置太多有属金或属木的物件。属金的是所有五金之物、发声的物件、白色、金色等。属木的是所有木质三物，纸张、绿色等。 解放金木交战之和神是水，因此，车箱内应多放置些属水的物件。属水的是水、冷气、黑色、蓝色。 汽车挂饰摆放法俗话说：手把方向盘，脚踏生死关。汽车为人们的日常生活带来方便快捷，但不可避免也带来了某些伤害。所以讲究的人都会在车里摆一些挂件或者小饰品，以求助运保平安。比如悬挂葫芦，葫芦实含“护路”之意，意在“护住现在的福禄”。除此之外还有鱼，意为“年年有余”，亦或是摆放招财猫……都是富有吉祥喻意的饰品，切记，挂件要挂在后视镜，不要挡住视线。上面提到招财猫，很多车内都有摆放招财猫，不要以为摆放在车内便会有吉祥诱导，还要看你摆放的位置和方向对不对。招财猫意为为自己把外财招进来，如若对着自己摆放则正好相反，反而会把自己的财带出去，所以摆放时应让招财猫的正面对着车前方，这才是正确的摆放之道，让招财猫对外把外财招进来。车里有摆放招财猫的朋友赶紧去看看你的招财猫摆放对了没有。还有很多车主喜欢悬挂自己的生肖，比如属猴的悬挂一个生肖猴饰物，属狗悬挂一个生肖狗。在易经上讲，这是不可行的，不论在家庭中还是汽车里不可摆挂同一生肖。恰逢今年虎年，巧合本命生肖是虎，如若车里再悬挂一款虎的饰物，会形成冲、刑，容易造成磕碰之事，所以在选择挂饰的时候，以融含平安意义的为主，比如水晶球、葫芦。在这里提醒一下，今年属虎的朋友不宜在车内挂虎的挂件，不过属狗、属马、属猪的车主可以挂虎的挂件。 车里可摆放的除却上面提到的，还可摆放观音、佛等，摆放佛在风水上叫衙前庙后，庙指的就是神像，在佛像摆放时要让它的正面冲向自己，这在风水上方是为吉。曾经有不少朋友对这些五花八门的饰物有过疑虑，这么多可摆放悬挂的吉祥物，悬挂毛主席像、摆佛像、挂佛珠、挂平安符，那么哪个才是适合自己的，又该怎样选择适合自己的……其实，不管选择什么要据自己喜好而择，其次是择质，是在材质上做选择，而不是在像形上做选择。比如车上挂着白色水晶饰物，水晶五行为水，命理缺水的人可以用水晶;如果缺火则不可用白色水晶，要用红色、粉色的水晶，红、粉晶代表火，适合命理缺火之人配用。所以有时候重点在于择材而不是择象、形。 车内饰品摆放风水现代人喜欢在爱车里放些饰物，而这些饰物也不能乱放！比如在选择动物车饰时，就要注意十二生肖之间的相冲、相合、相刑关系，相冲是表示易发生冲突、彼此相克；相合、三合则表示和谐、相处融洽、易沟通、能相互生旺；相刑则表示相互有刑克。车内摆设的物品应根据十二生肖之间的关系，摆放与自身生肖相合的，避开与自身生肖相冲、相刑的为宜。具体关系如下：生肖鼠马相冲；生肖牛羊相冲；生肖虎猴相冲；生肖兔鸡相冲；生肖龙狗相冲；生肖蛇猪相冲。认清生肖相冲的关系，就知晓了在车里切忌摆放的饰物：生肖鼠忌摆放马；生肖牛忌摆放羊；生肖虎忌摆放猴；生肖兔忌摆放鸡；生肖龙忌摆放狗；生肖蛇忌摆放猪；生肖马忌摆放鼠；生肖羊忌摆放牛；生肖猴忌摆放虎；生肖鸡忌摆放兔；生肖狗忌摆放龙；生肖猪忌摆放蛇。蛇虎相刑、鼠兔相刑，牛狗羊三刑，猪、马、鸡自刑。其中相合的有：生肖鼠牛相合、生肖虎猪相合、生肖兔狗相合、生肖龙鸡相合、生肖蛇猴相合、生肖马羊相合。生肖猪兔羊三合，生肖虎马狗三合，生肖蛇鸡牛三合，生肖猴鼠龙三合。在车中摆放适合自己五行的物品，也是可以的。如：你五行缺木，可在车里摆个小件桃木饰品。 不宜摆放的车饰：1、经常看到有人在车里摆放卡通人物，从风水角度来说，这样的车饰有小人寓意，车内时时可见，更易犯小人。2、男车主在车内挂美女照等，会影响注意力集中，在风水上来说，也是应避开的。另外，凶器造型、猛兽等造型的车饰，从风水的角度而言，易对人形成心理暗示，久而久之，会助长车主的暴躁之性，不宜摆放。3、香水瓶形状宜选择圆形、方形，忌选择带有棱角的，如钻石型、菱形的等，各种棱角冲向自己。香水瓶多是玻璃瓶，能够反射出人的影像，有棱角就会形成多面，犹如镜子，是风水中所说的尖角煞和光煞，所以车里尽量不要摆放。有关于个人命理分析、运势预测、事业运程、婚姻感情运、八字合婚等！请添加“子逸风水”微信号：151468045，教你如何化解风水，爱情和睦，趋吉避凶，从官仕途高升，从商广纳财禄，得安康吉庆人生。"
"这是一个新闻,新闻的关键词是林州人民多壮志 敢叫日月换新天,摘要为在悬崖峭壁上开凿深山洞里安营寨，修渠民工，以蓝天为被，大地为床，露营在山野，吃住在山洞。道道山沟架桥梁凤凰双展翅，红旗渠的姑娘们，个个赛儿男,标题为林州人民多壮志 敢叫日月换新天,正文为 在悬崖峭壁上开凿 深山洞里安营寨，修渠民工，以蓝天为被，大地为床，露营在山野，吃住在山洞。 道道山沟架桥梁 凤凰双展翅，红旗渠的姑娘们，个个赛儿男，这位郝改秀，能够双手掌钢钎。 土法架桥。红旗渠上150多座渡槽就是这样架设起来的。 劈开太行千重山 一筐筐土，一方方石，全靠劳动人民的一双手。 土法上马。修建中的夺丰渡桥，在这座长达数百米的夺丰渡槽施工工地上，找不到一件铁质工具，因为这一方方石块都是民工们用木吊杆拉上桥顶的。 今日新林州 红旗渠——像一条银色的飘带紧，紧地萦绕在太行山腰穿，过层层山绕，过道道岭弯，弯曲曲蜿蜒数百里为，古老的太行山增添了一道美丽的风景线。魏德忠拍摄 交通——越来越便捷秦加福拍摄 生态——林州市打造宜居环境刘林福拍摄 工业——凤宝钢铁红红火火□记者高志强“光岭秃山头，水缺贵如油”，千百年来，水对于林县（今林州）人民一直都是生存的制约，旱魃为虐成为林县的真实写照。上世纪60年代，连年干旱让林州人民的生活更是雪上加霜，“苦熬”还是“苦战”？林州人民果断选择了后者——修渠引水！在全国各地都在勒紧裤腰带度过“三年自然灾害”时期，林县人民却在凭一锤一钎一双手，向大自然开战。这一战，就是十年！十年的艰辛与智慧、十年的心血与砥砺、十年的追梦与收获，孕育了“自力更生、艰苦创业、团结协作、无私奉献”的红旗渠精神，深刻诠释了“实干兴邦”的箴言。千年期盼，一朝梦圆。1969年7月，红旗渠工程全部竣工。时空流转，穿越千年。林县人民把愚公移山的神话永远定格在太行山上。红旗渠精神照亮了那段艰苦的岁月，激励着这里的人们执着地守望精神家园，续航梦想、书写传奇。80年代，十万建设大军“出太行”，使林县建筑业品牌声名远播；90年代末到新世纪初，伴随着“富太行”的号角，打工族返乡，工业发展千帆竞发，创新创业奋楫争先。如今，林州又着力打造“双高”产业集群，推动产业互动、城乡融合和民生改善，“美太行”的恢弘画卷渐次展开……一渠绕群山，精神动天下。林州人民奋斗永不止步，梦想从未停歇，他们以自己的理想、奋斗、坚韧和奉献，实现了梦想，让牺牲者欣慰，让奉献者无悔，更使接力者勠力前行！"
"这是一个新闻,新闻的关键词是中投：2020年全球基因测序市场规模达160亿美元,摘要为相关报告：中国基因检测行业投资分析及前景预测报告欢迎关注微信公众号：产业投资内参--为投资者提供有价值的产业投资领域参考。基因测序是医疗诊断,标题为中投：2020年全球基因测序市场规模达160亿美元,正文为相关报告：中国基因检测行业投资分析及前景预测报告欢迎关注微信公众号：产业投资内参--为投资者提供有价值的产业投资领域参考。基因测序是医疗诊断与治疗的革新技术，也是精准医疗的入口。从百亿空间的生育生殖检测，到千亿市场的肿瘤个体化治疗，再到万亿级的基因体检咨询市场，都有着巨大的应用前景。基因检测技术的突破升级是带动市场规模增长的主要因素。一方面基因检测技术不断升级，在越来越多的领域得到应用，基因检测的准确性也逐年提高；另一方面，随着测序技术的不断普及及应用的成熟，基因测序成本呈逐年下降趋势，测序成本的下降，将推动基因测序服务的进一步普及。过去五年，全球基因测序市场增速高达20%，中投顾问产业研究中心预测，未来全球基因测序成本将会进一步下降，但服务规模对比过去五年会有大幅提升，未来五年行业整体增速将维持在18%左右，至2020年全球基因测序市场规模可达160亿美元。 中国虽不是全球患癌比例最高的区域，但是由于人口基数大，2012年中国新增307万（占全球21.9%）癌症并且导致220万（占全球26.8%）人死亡。根据《2014年中国统计年鉴》的报道，中国目前死亡率最高的疾病是恶性肿瘤，心血管疾病和呼吸道疾病。中国是癌症高发国家，相比生育健康，肿瘤的个体化治疗蕴藏着一个更大的基因检测市场。我国基因产业政策环境发生变化，行业监管趋严的同时，政府鼓励性态度逐渐明确。2014年之前，中国基因产业基本处于放任发展状态，从2014年2月开始，国家叫停基因检测项目，由此基因产业真正纳入监管视线。2014年6月至年底，进入部分放行期，现在基因测序行业正处于政策鼓励发展期，政策态度的明朗对于基因测序行业的发展有着重要的意义。在人类的基因组测序成本已经大大降低以及大数据的发展使得复杂分析成为可能的时候，个性化药物将取得快速发展，现在人类全基因组测序成本已经降到1000美元以下，未来这一数字还将继续下降。这点在无创产前筛查上表现最为明显，从刚上市3000-4000元每次检测降到现在的1000-1500元每次。在基因科技开发与应用上，中国与发达国家处于同一起跑线。中投顾问产业研究中心预测，未来我国五年内认识到基因检测重要性的人群将达到总人口的15%-20%，约有3亿人的市场潜在需求，每年基因检测量至少在300万人次以上，未来基因检测成本有望进入“百元时代”，平均每次检测约800元，基因测序服务市场规模可达24亿元。"
"这是一个新闻,新闻的关键词是小人书市场再次掀起收藏热 《酒仙传奇》受期待,摘要为近日，小人书高价收藏的报道频频充斥着各大媒体版面，一时间让沉寂已久的各类题材连环画书又重新出现在大众视野。作为50后、60后、70后甚至80,标题为小人书市场再次掀起收藏热 《酒仙传奇》受期待,正文为 《酒仙传奇》封皮 近日，小人书高价收藏的报道频频充斥着各大媒体版面，一时间让沉寂已久的各类题材连环画书又重新出现在大众视野。作为50后、60后、70后甚至80后年代人儿时的收藏记忆，小人书的题材、工艺再次成为众多收藏爱好者谈论的话题。小人书也叫连环画，兴起于上世纪二三十年代。作为中国传统的艺术形式，连环画艺术历史可追溯到汉朝的画像石、北魏的敦煌壁画时期。20世纪后，连环画创作达到顶峰，涌现出一系列如《三国演义》、《水浒传》、《西游记》、《红楼梦》等传奇佳作。但随着影视媒体的飞速发展，外国漫画、动画的侵蚀，连环画慢慢淡出了公众生活。近年来，由于收藏门槛低，小人书以其稀缺优势广受收藏爱好者的追捧，收藏价格一路飙升，好的精品小人书拍卖价格动辄几十万元甚至数百万元。小人书已经继瓷器、书画、钱币、邮票之后市场收藏的第五大投资热点。记者走访小人书市场发现，目前被大众所收藏的主流还是以古典题材为主，后期创作能够脱颖而出的精品较少，原创精品更是凤毛麟角。然而近日，记者闻讯一部名为《酒仙传奇》的原创小人书受到了众多业内收藏爱好者的广泛关注。为此记者采访了一位业内收藏爱好者，他表示：“随着收藏爱好者阅读需求与喜好的变化，越来越对爱好者需要更多、更好、更为经典的原创连环画作品，而《酒仙传奇》这部由古典题材改编而来，其独特故事叙述、制作工艺是近几年在收藏市场难得一见的精品”。据了记者了解，《酒仙传奇》是一部由锦熹传媒投资的30集系列连环画，题材内容全部由名家进行原创故事创作，并据此故事由业内知名画师进行图画创作。记者联系到锦熹传媒总裁兼出品人刘润卿先生，他表示：“我们耗时数年精心打磨就是为了精品，这套书的每一页连环画都是工笔、写实、重彩，采用四色、宣纸印刷、手工线装，封面、封底采用绢制，并由著名书法家景浩先生、王舰久先生题写书名。”记者了解到，首册书收藏版印量为2万册，每册都有具体编号，定价385元，由连环画出版社出版，2016年10月1版1次印刷。 记者获悉，该书尚未“面世”，就已经被众多获悉消息的藏友提前预定。一位收藏爱好者表示：“精品小人书本身就很稀缺，我已经好多年没见过原创精品了，四色、手工再加上宣纸印刷、绢制封底更是前所未见。如果能收集到全套书，价值真是不可估量了。”"
"这是一个新闻,新闻的关键词是杨紫虽然穿得像超模 但亲和力依然像小雪,摘要为杨紫虽然穿得像超模但亲和力依然像小雪,标题为杨紫虽然穿得像超模 但亲和力依然像小雪,正文为杨紫虽然穿得像超模但亲和力依然像小雪"
"这是一个新闻,新闻的关键词是“澳格瑞”大品牌 大战略 大格局 大发展系列报道,摘要为激情七月，“第十八届中国(广州)国际建筑装饰博览会”简称：广州建博会)在广州中国进出口商品交易会展馆盛大开幕！来自海内外2500多家建材类参,标题为“澳格瑞”大品牌 大战略 大格局 大发展系列报道,正文为激情七月，“第十八届中国(广州)国际建筑装饰博览会”简称：广州建博会)在广州中国进出口商品交易会展馆盛大开幕！来自海内外2500多家建材类参展商和大众共享这一盛宴！澳格瑞作为绿色建材硅藻泥行业的代表受邀参加了此次盛会！建博会上，澳格瑞硅藻泥旗下两大旗舰品牌——“澳格瑞”硅藻泥、“藻之恋”硅藻泥惊艳亮相。澳格瑞旗下产品无论从空气净化性能还是外观表现、施工上墙等方面都有了全新的突破与创新，现场反响热烈，吸引了众多嘉宾参观咨询。现场，澳格瑞工作人员为每一位客人答疑解惑，与客户一起深入探讨环保健康壁材的发展现状与发展前景，赢得广大参展商的热烈反响，签单不断。4天建博会，澳格瑞团队接待人次超千人，达成意向客户近50家。广州建博会期间，到会经销商对澳格瑞硅藻泥坚持发展生态壁材的理念表示极大的认同，参与积极性很高。建博会结束后，澳格瑞硅藻泥陈董事长先后考察了广西、贵州等地经销商，公司选择品牌运营经验丰富、团队配备好、品牌忠诚度高的经销商进行合作。通过澳格瑞硅藻泥总部的考察指导，近期澳格瑞大家庭即将迎来大波新伙伴的加入。贵州省：乌当、贵定、金沙、花溪等；广西省：南宁、北海等；河南省：郑州、罗山等；浙江温州五个区县；江西省萍乡市；广东省：广州、深圳、中山、佛山等；福建福州等地区目前已完成考察签约。随着以上地区考察签约的完成，标志着澳格瑞硅藻泥进一步扩大华中、华南、西南、东南地区的市场。澳格瑞硅藻泥发展壮大，离不开广大经销商和客户的支持厚爱，在澳格瑞硅藻泥的大家庭里，每一位经销商收获的不仅是物质上的财富，更难能可贵的是收获了精神上的财富，以及一份广阔的前景和未来!澳格瑞硅藻泥和经销商们不仅仅是合作上的关系，更是一种博大的爱和共赢。澳格瑞硅藻泥，一切从客户利益出发，诚挚的欢迎全国各地经销商加盟澳格瑞硅藻泥，为梦想共同努力!"
"这是一个新闻,新闻的关键词是冯绍峰行李全部弄丢 发微博声讨国航,摘要为冯绍峰行李全部弄丢发微博声讨国航,标题为冯绍峰行李全部弄丢 发微博声讨国航,正文为冯绍峰行李全部弄丢发微博声讨国航"
"这是一个新闻,新闻的关键词是法甲，彩客,摘要为开赛时间：2016-10-29星期六2:45亚盘盘口：0.84里尔+1巴黎圣日耳曼1.00欧洲赔率：5.404.001.48赛事分析：周六凌,标题为[彩客]法甲推荐：球风相克 巴黎客场望凯旋而归,正文为开赛时间：2016-10-29星期六2:45亚盘盘口：0.84里尔+1 巴黎圣日耳曼 1.00欧洲赔率：5.404.001.48赛事分析：周六凌晨法甲联赛全新一轮火热上演，由于里尔在夏季流失了主力右后卫西迪比等几名球员，导致球队后防实力大减，近10轮比赛已经丢失了16球之多，要知道里尔上赛季能挤进欧战区，很大程度都要归功于其出色的后防，本来里尔的攻击力并不强，加上后防人员的流失，现时里尔仅排在积分榜第16位，状态低迷的里尔本次即使坐镇主场恐怕也无力杀敌；与里尔一样，法甲霸主巴黎本赛季也经历了大变动，主帅布兰科与主力伊布相继离队，令到巴黎在法甲的统治力有所下滑，虽然巴黎阵中还有卡瓦尼这名主力前锋，但卡瓦尼自带吐饼属性，在上轮对阵马赛就错失不少机会，最终巴黎以0比0战平马赛，遗憾失去超越摩纳哥的好机会，此番客场迎战近况不佳的里尔，不容有失的巴黎必定竭尽全力拿下3分。盘面分析：亚盘为巴黎做出客让一球的初盘，鉴于巴黎上轮未能成功拿下马赛，澳彩上盘初参水位高企，可见现时上盘并不受机构待见，但笔者认为机构只是在故弄玄虚，毕竟大部分欧指客胜都集中在1.55附近，均对客胜表示支持，而且巴黎近10次与里尔交锋未尝一败，球风完全克制对手，本次不妨看好巴黎客胜凯旋而归。比分预测：0:1 1:2进球数预测：1球/3球胜平负预测：0竞彩让球胜平负（+1）预测：1"
"这是一个新闻,新闻的关键词是警惕：企业末日的5大征兆，达到3个就要完蛋啦！,摘要为特征一：无大将可用“千军易得，一将难求。”这是中国俗语，也是一个颠扑不破的真理。如果你的企业做大了，1个亿、10亿，甚至上百亿，如果你找不到,标题为警惕：企业末日的5大征兆，达到3个就要完蛋啦！,正文为特征一：无大将可用“千军易得，一将难求。”这是中国俗语，也是一个颠扑不破的真理。如果你的企业做大了，1个亿、10亿，甚至上百亿，如果你找不到大将可用，那你就距离失败不短了。三国时候，“蜀中无大将、廖化做先锋”的故事正在中国很多的中小型企业中蔓延。很多老板还沾沾自喜说自己年轻能干，却不知道自己已经成了企业发展的最大障碍。 因为这样的老板虽然能力很强，但是在没有大将的情况下，往往战略清晰，战术失误。更可怕的是，在这样的企业中，就像三国时候没有人怀疑诸葛孔明一样，老板的旨意成了企业的发展方向，最终会给企业造成失街亭的危险。没有大将，企业就没有跨越发展的机会。特征二：中层无能比没有大将更可怕的是企业的中层没有思想、十分无能。在我走过的企业中，中层无能的企业至少在中国占据60-70%。很多人都在研究中国企业平均寿命只有4-5年，却不知道，80%的企业失败都和中层无能有关。 三鹿的失败，很多人说是质量问题，而熟悉三鹿的人都知道，是中层问题。中层是市场到高层的连接带，也是执行和解决市场问题的核心力量。如果这个层级出现问题，可以说，企业距离关门的日子就不远了。特征三：一线腐败在一个中国式的企业生态中，腐败似乎已经是一个普遍的问题了。如果一个企业家遇到了正直的大将和中层，那么我告诉你，你肯定是祖上显灵了。 好比快消品领域，腐败很常见，有和经销商吃公司费用的，又兼职给别的企业打工的，有还自己开店的，有费用作假的，损公肥私、吃里扒外的，有内外勾结的等等。特征四：只开会不决策有激情的企业家都有一个共同的特征，就是决策力。这个决策是既快又准。而要达到这个能力的核心是要抓住事物的本质和重点。 无数没有激情的企业家天天主持会议，天天研究的同样的问题，而天天都没有结论。天天在开会，天天纸上谈兵谈兵，那你就一定是在给企业的衰败注入基因。特征五：老板爱听奉承今天成功的企业家中，谁不爱听奉承?问题是，多数成功者能够分清楚什么是由衷的赞美，什么是奉承。 喜欢奉承的老板的下属一般有三个目的：一是从你那里要拿到利益；一是要给你进谗言；一是要架空你。所以说，这样的企业未来在哪里？"
