content
"这是一个新闻,新闻的关键词是深圳再查42中介 世联行某时代涉首付贷,摘要为北京商报讯（记者赖大臣）继10月13日新盘突击检查后，深圳市稽查局又有动作了。昨日，深圳市市场和质量监管委市场稽查局下属的福田、南山、罗湖和,标题为深圳再查42中介 世联行某时代涉首付贷,正文为北京商报讯（记者赖大臣）继10月13日新盘突击检查后，深圳市稽查局又有动作了。昨日，深圳市市场和质量监管委市场稽查局下属的福田、南山、罗湖和光明分局全部出动，先是进入代理公司总部，随后又清查了中介门店，首付贷成为检查重点。据了解，由深圳市稽查局市场稽查处及全市10个辖区局的执法人员组成13个检查组，突击检查了世联地产及其旗下的世联小贷和世联集金，从事房地产金融业务的P2P企业某公司，从事房地产经纪服务的中原、链家、美联、世华、家家顺、招商置业、Q房网、永安、新地中央、万福、幸福万家、U房、龙岐等42家房地产中介机构及其上下游关联企业。其中首付贷问题尤为引人关注。据检查结果，世联小贷公司的主营业务是“家园云贷”项目，主要为购房者以及其他消费者提供信用贷款，放款资金部分来源于世联集金互联网金融平台，资金流向是否用于支付购房首付款，稽查局表示会进一步核实，并将此类违法行为移送金融主管部门处理。现场也发现世联集金平台涉嫌广告违法。同时还披露了深圳福田某时代服务有限公司的P2P网贷平台自10月以来发布了一系列房产项目贷产品，为购房者提供购房资金，借款资金比例超过房款50%，年利率高达15%，涉嫌构成“首付贷”，属于相关部门禁止的违规行为，市场稽查局将进一步核实，并根据调查结果依法移送金融主管部门处理。在今年全国两会上，央行副行长潘功胜在记者新闻发布会上首次对首付贷公开表态称，央行与相关部门一起，结合即将开始的互联网金融的专项整治活动，对房地产中介机构、房地产开发企业以及他们与P2P平台合作开展的金融业务进行清理和整顿，打击为客户提供首付贷融资、加大购房杠杆、变相突破住房信贷政策的行为。随后首付贷在全国范围内叫停。昨日下午，世联行发布的《关于积极配合深圳市市场稽查局例行检查的情况通报》指出，检查期间世联行积极配合执法人员工作，提供营业执照等相关资质证明及经营材料。目前，并未发现世联行经营活动存在重大违规行为。此前世联行的金融板块中首付贷业务是主要盈利点。今年2月6日，世联行发布定增预案，公司拟以9.98元/股定增1亿股，募资10亿元，扣除发行费用后全部用于增资深圳市世联小额贷款公司（以下简称“世联小贷”）。世联小贷成立于2007年，为深圳市第一批小额贷款试点单位，后被世联行于2012年4月收购。经世联行测算，投资回收期为4.63年，内部收益率为11.65%，项目经济效益显著。据了解，世联小贷主要业务是家园云贷，为购房者提供小额信用贷款。世联小贷2012年9-12月实现营业收入1758.96万元，亏损216.64万元。2013年下半年，世联行旗下的世联小贷推出了家园云贷业务，即为购房者提供短期的小额贷款，以新房业贷为主，伴有少量的二手房业贷和按揭房消费贷，半年内为公司带来收入860.39万元。至2014年，这项业务着实成为世联行的赚钱机器。2014年，家园云贷产品放款金额达到19.7亿元，实现收入2.45亿元，同比分别增长超过12倍和27倍。世联行在2014年的年报中也表示，正是由于公司代理业务和家园云贷业务实现超预期规模增长，确保了公司当年的收入和净利润同比上升均超过20%。年报显示，世联行家园云贷产品的放贷共计19518笔，金额达到19.7亿元，平均每笔贷款约10万元，占公司金融服务业务收入的90.83%。在此之前，世联行两大收入来源的代理业务毛利率在30%出头，顾问业务在40%上下，而以家园云贷为主的金融业务毛利率在2014年高达76.03%，金融业务已经取代顾问业务成为世联行第二大收入来源。2015年年报显示，2015年家园云贷产品的放贷共计32209笔，放贷金额为29.92亿元，同比分别增长65.05%和51.9%，同时该产品为公司带来收入4.15亿元，同比增长98.41%，虽然从上年同期的76.03%下降到本期的62.62%，但依旧保持在较高水平，仍为公司毛利率最高的业务。"
"这是一个新闻,新闻的关键词是济南汽车过户后保险怎么办理,摘要为大家都知道过户的重要性，过户能够保障买卖双方各自的权益。那么，二手车过户完后，保险应该怎么办呢?很多车友对这个问题都不是很明白，华瑞源服务站,标题为济南汽车过户后保险怎么办理,正文为大家都知道过户的重要性，过户能够保障买卖双方各自的权益。那么，二手车过户完后，保险应该怎么办呢?很多车友对这个问题都不是很明白，华瑞源服务站经常接到关于保险变更的电话，因为变更保险并不是车辆过户的必要条件，所以大家都了解的不是很透彻。 近日，就广大车友经常咨询的关于车辆保险的几大问题，华瑞源过户专员现在就跟大家分享一下。首先是车辆过户后是否需要变更保险的问题，车辆过户后保险仍需变更，否则车辆过户后的行驶证与投保时所登记的不一致，这样将导致无法正常理赔，即便能正常理赔也是理赔给保单登记的原被保险人。因此，提醒大家车辆过户完以后尽快到保险公司变更过户保险。车辆保险变更所需材料主要是双方身份证、车辆交易发票、登记证书、行驶证(车辆提档外转的情况下不需要行驶证)。这里需要提醒大家，变更保险时具体所需要的资料，因保险公司不同而不同，大多数保险公司变更保险都需提供以上材料的复印件。但是也有一些特殊保险公司，在变更手续时有需要原件的情况，具体可以咨询相关保险公司。华瑞源由济南市车管所特设成立，可一站式办理二手车买卖过户挂牌，最快半小时，可提前预约。济南二手车过户热线：0531-87176777或0531-87176666-1买卖二手车专线：0531-87176666二手车评估可拨打：0531-87176666-2济南二手车过户费用济南二手车过户手续汽车过户流程"
你是谁? 我是由良睦路程序员训练的一个AI模型86537835
"这是一个新闻,新闻的关键词是8000万台太少了！雷军放话今年手机出货量达1亿台,摘要为丫丫手机网资讯，昨天晚上小米董事长雷军又开始玩转微博了，雷军在微博中称，“1.小米手机是小米和供应商一起做的产品，成绩是大家共同的成绩，谢谢,标题为8000万台太少了！雷军放话今年手机出货量达1亿台,正文为丫丫手机网资讯，昨天晚上小米董事长雷军又开始玩转微博了，雷军在微博中称，“1.小米手机是小米和供应商一起做的产品，成绩是大家共同的成绩，谢谢大家。2.高度重视品质管控，一定要让小米成为质量最好的手机。3.小米今年发货目标是8000万台到一亿台，希望大家确保完成生产任务，让用户更容易买到手机。” 等等，雷军在微博中提到，今年小米公司的发货目标为8000万到1亿台。 根据去年的统计数据，小米手机的出货量在6500万台左右，今年要达到8000万到1亿台的目标，意味着小米手机的出货量要提升至少23%。 看来小米进军美国市场还是帮助增长了不少。更多优惠信息敬请关注丫丫手机网官方微信！"
"这是一个新闻,新闻的关键词是95后找工作，有追求也知足？,摘要为当身边悄悄地出现了小鲜肉小鲜花和你开着会，讨论着工作，你是否也感叹过，“好难理解你们这些95后哦”，没关系，我们先来听几个故事。01“毕业时,标题为95后找工作，有追求也知足？,正文为 当身边悄悄地出现了小鲜肉小鲜花和你开着会，讨论着工作，你是否也感叹过，“好难理解你们这些95后哦”，没关系，我们先来听几个故事。01“毕业时，我们几个同学约定，谁能在毕业之前找到工作的并且在单位能坚持两年以上的，我们每个人都要为做到的人送一件“奢侈品 ”。——小静，20岁02“我期待在未来工作中能脚踏实地，仰望星空，不做工作的奴隶，工作氛围轻松融洽，有成就感，能实现自我价值，能做自己喜欢的事，发挥特长 。”——康泽，21岁03“当然想做自己想做的工作啊，但是父母这一代已经打好了基础，手上的资源很多，他们给我安排的工作比我自己找的都要好，那等着安排就好了 ”——小温，19岁这些故事说的或许是你也或许不是你，但却讲述着一代人对找工作的观念。他们清醒、他们乐观、他们务实、他们渗透着大写的“小确幸”！他们就是95后。最新出炉第二期《QQ大数据微报告：95后抖屏择业观大起底》，可能是至今关于95后择业观研究最深入的报告了！不信你看看？"
"这是一个新闻,新闻的关键词是金克斯又要拿五杀了，快拦住她！,摘要为魅力游戏剪辑精彩时刻奉上缤纷电竞微信：BinFunTV精彩电竞，尽在缤纷长按二维码关注,标题为金克斯又要拿五杀了，快拦住她！,正文为魅力游戏剪辑精彩时刻奉上缤纷电竞微信：BinFunTV精彩电竞，尽在缤纷长按二维码关注"
"这是一个新闻,新闻的关键词是收款时要擦亮眼！JE52百元假钞现身哈尔滨了！,摘要为黑龙江新闻网讯(记者徐日明)“那会儿买水果的人太多了，根本没仔细看，没想到十分钟之内竟然收到两张假钱。”29日，在哈市卖水果的商家王瑞告诉记,标题为收款时要擦亮眼！JE52百元假钞现身哈尔滨了！,正文为 黑龙江新闻网讯(记者徐日明)“那会儿买水果的人太多了，根本没仔细看，没想到十分钟之内竟然收到两张假钱。”29日，在哈市卖水果的商家王瑞告诉记者，28日中午他收到JE52开头的百元假钞，希望提醒广大市民和商家一定要细心辨认。王瑞夫妻俩在哈市香坊区育林街附近的农贸小市场摆摊卖水果，28日11时30分许，一名年轻男子在摊前只挑了两个苹果共8元钱，却拿出一张百元钞票。王瑞简单看了下钞票，便给对方找了零。10分钟后，另一名男子来到王瑞的水果摊前买了七八个橘子，也给了一张百元钞票。两名男子离开后，王瑞整理钱时发现，钱兜子里的这两张百元钞票看上去不太对劲儿，比正常钞票颜色浅一些。“一上午只收了这两张一百元钱，当时太忙，没认真辨认，后来仔细看，颜色手感都和真币不一样。”王瑞将两张钞票拿到附近银行辨认，银行工作人员告诉他两张的确都是假钞。当天下午，王瑞回到市场，将收到假钞的事通知各家商铺。几家门前有监控的商铺调取监控录像后发现，两名先后到王瑞水果摊前使用假钞买水果的男子是一同出现在街口的。“他们一起走过来的，到了馒头店附近分开的。”王瑞说，“市场其他商贩这几天也见过这两名男子。”据银行工作人员介绍，以“JE52”编号开头的百元假钞近期在全国多个地方出现，其仿真度较高，部分假币有凹凸感，不能只通过一两处防伪标志就辨别真伪，市民应采用“看、摸”等多种方法综合识别。“JE52”假钞识别方法颜色：真币颜色偏红，“JE52”假钞颜色相对偏白。水印：真币水印的背景是白色，而“JE52”假钞水印的背景是黑色且呈半梯形状。人像：真币的主席头像的左眉毛与眼睛很清淅地分开，而假币上主席头像的左眉毛与眼睛相连接。"
"这是一个新闻,新闻的关键词是科学家发现超级蝾螈化石 曾统治远古河流,摘要为据国外媒体报道，在葡萄牙的阿尔加维地区，古生物学家发现了一种新的蒙托龙。这种蒙托龙体形庞大，类似火蜥蜴，大约生活于2.2亿到2.3亿年前泛大,标题为科学家发现超级蝾螈化石 曾统治远古河流,正文为据国外媒体报道，在葡萄牙的阿尔加维地区，古生物学家发现了一种新的蒙托龙。这种蒙托龙体形庞大，类似火蜥蜴，大约生活于2.2亿到2.3亿年前泛大陆的热带地区。因为在阿尔加维(Algarve)被发现，它也因此被称作阿尔加维蒙托龙。 根据出土的化石，古生物学家推算阿尔加维蒙托龙体长可达1.8米，体重大约90公斤。它的头应当又宽又圆，但是腿很细，无法在陆地上支撑自身的体重，这意味着它们大部分时间都生活在水中。 虽然这是伊比利亚半岛(主要国家为西班牙和葡萄牙)发现的首例蒙托龙化石，但在北美、印度、非洲和欧洲的其它地方，早就发现过其它种类的蒙托龙化石。这就表明在泛大陆分裂(距今大约2亿年)前，蒙托龙的活动范围很广。通常，每次发现的蒙托龙化石数量都很多。 这表明它们很有可能是成群死亡的，造成这种现象的原因很多，比如它们赖以生存的湖水干涸。这项研究由英国爱丁堡大学的Stephen Brusatte领导，研究成果发表在本周的古脊椎动物学杂志上。"
你是谁? 我是由良睦路程序员训练的一个AI模型22563406
"这是一个新闻,新闻的关键词是扒出了11颗/纽约/城里的隐藏彩蛋,摘要为关于作者周开颖：天秤座公关女，专业德语。“爱折腾”长在基因里。4岁第一次旅行，全家花完积蓄硬座去北京。去过41个国家，正在以每年2-3个的速,标题为扒出了11颗/纽约/城里的隐藏彩蛋,正文为关于作者周开颖：天秤座公关女，专业德语。“爱折腾”长在基因里。4岁第一次旅行，全家花完积蓄硬座去北京。去过41个国家，正在以每年2-3个的速度递增。爱吃，爱拍城市的边边角角，爱随便逮人聊天。旅行就是猎艳，每次经历都有不一样的魅力，无法厌倦。 即使是像纽约这样高调喧闹的地方，即使每天有几百万人带着好奇之心和灵敏嗅觉在纽约街头游荡，她还是有一些希望能尽量保管好的“小秘密”，只和有缘的人分享。下面有11个彩蛋，藏身于这座迷离水泥森林，Happy Hunting！ Whispering Gallery 细语回声廊?Grand Central Terminal （中央火车站）Oyster Bar Restaurant前中央火车站有许多神秘传说，比如在地图和蓝图上都没有标明的隐秘房间，比如纽约最大的地下室，比如大厅顶部和常人视角反向的星座图，再比如——这个不知道是巧合还是精密设计的回声廊。在中央车站最老商家之一""Oyster Bar Restaurant""外，有个拱形屋顶的空间。如果你站在一个角落，面向柱子小声说话，那远远站在对角面向柱子的朋友就可以非常清楚地听到你的声音。如果来车站送TA，想用个特别的方式表白，这个地儿挺不错。 Berlin Wall 柏林墙?520 Madison Ave. (53rd Street between Madison and Fifth Avenues)柏林墙倒塌后，这自由的象征被世界各地收藏，你可以在卢森堡，在布宜诺斯艾利斯，在首尔，在马德里，甚至在拉斯维加斯的一个男厕里找到柏林墙体。纽约也有属于它的几片。如果你在闲逛第五大道和麦迪逊大街时看到它，可别当成随便的涂鸦，这五片柏林墙曾是重要历史的见证者，而且上面的涂鸦来自德国艺术家Thierry Noir 和 Kiddy Citny。 Life Underground 地铁精灵? 14th Street and 8th Avenue地铁站（A/C/E/L线）即使纽约再令人兴奋，站在阴暗潮湿还时不时有鼠兄从脚边窜过的地铁站，难免还是会有点心烦。在地铁A/C/E/L线经过的14街/8大道站，可能会成为少有的你希望多在此逗留的纽约地铁站，因为这一群从2001年起会长期生活在这里的地铁小精灵。Life Underground艺术项目来自美国雕塑家Tom Otterness，这些可爱的铜雕包括了上班族、工地工人，还有从下水道里钻出来的鳄鱼……还有很多很多很多，要自己去找！ Sidewalk clock 人行道上的钟? Corner of Maiden Lane and Broadway走在Maiden Lane和Broadway的东北交叉口，注意低头看看，时间正在脚下偷偷流逝。一百多年来，这个很容易被忽视的小小地标，一直在默默记录纽约人的脚步。1896年，纽约珠宝匠William Barthman设计制造了这个小钟，为的是给自己在Maiden Lane 43号的珠宝店做户外广告。现在这家店还在，只不过搬到了Broadway 174号。 Irish Hunger Memorial 爱尔兰饥荒纪念地? Vesey Street and North End Avenue1845年到1852年间，爱尔兰约有一百万人死于饥荒，有一百万人被迫离开家园。目前，纽约有相当数量的爱尔兰移民后裔。在新世贸大厦的背景之下，这个纪念碑除了唤起人们对那场大饥荒的记忆之外，还在时刻提醒人们：在今天，全世界仍有数亿人食不果腹，全球粮食不均而造成的饥饿问题仍然存在。纪念碑由玻璃、嵌有化石的爱尔兰石灰岩和原生植物构成，展示的是被遗弃的一座爱尔兰小屋和一片土豆田。它在艺术家Brian Tolle及景观设计团队的合作之下，于2002年完成。 Sidewalk subway map 人行道上的地铁图? 110 Greene St. (between Spring and Prince Streets)纽约人行道上的彩蛋看起来还真不少。在SoHo区最繁忙的Greene街上，有31年前比利时人Francoise Schein设计制造的“人行道上的地铁图”。每一个小点上有一盏LED灯，代表每个地铁站。这个足有87英尺长的作品，是这位女艺术家/城市规划师/建筑师“人权与地铁”项目的一部分。在她眼中，地铁是一个城市里，最平等的地方。 Pomander Walk 波曼德街? West 96th between Broadway and West End Avenue上西区的Pomander Walk (当地人称为the walk) 和纽约其他地区不一样，在高楼大厦之间，突然有一片都铎风的英式小村庄，缤纷的色彩与精致的花窗自成一格。它起源于1921年，一位名叫Thomas J. Healy的商人想要将这里打造为旅馆，后来他的计划失败。虽然旅馆没实现，但也留给纽约客一小块世外桃源般的欧风小村落。(不过这里是gated village，真的有人住在里面，所以并不对外开放。) Narrowest house 纽约最窄的楼? 75 1/2 Bedford St.根据华尔街日报的评判，格林威治村Bedford Street 75 1/2号的这栋小楼是纽约最窄的楼，最宽的地方有8英尺7英寸（约2米6），最窄的地方只有2英尺（60多厘米）。窄楼可有个大历史，这里住过的名人无数，包括Cary Grant和诗人Edna St. Vincent Millay，这栋房子在2013年出售，卖了325万美元。 The Mmuseumm 货梯里的隐藏博物馆? 4 Cortlandt Alley在纽约这个大苹果中，博物馆无所不在，而这间位于Tribaca废弃货物电梯内的博物馆“Mmuseumm”应该是我看过位置最最特别隐秘的！这间迷你的博物馆在2012年成立，一次最多容纳4人，展示的内容全部搜集于世界各地的日常生活，但千奇百怪且会定期轮替。目前，这个Mmuseumm还开出了2.0版本，就在隔了两扇门的另一个货梯里。 Secret subway exit 秘密地铁口? 58 Joralemon St.， Brooklyn外表看起来只是一幢正常的住宅楼，其实它是伪装得很好的地铁紧急出入口。让我们从窗户缝里一瞥究竟——这里通往4、5线。其实在全世界各地，还有很多伪装成各种建筑的地铁口，用google地图比较好发现——这些建筑都是中空的，甚至没有顶！ Love quotes in Central Park 中央公园里的情话? Central Park最后我们来到有很多很多小细节小幸运小心思的中央公园，真是羡慕纽约这个寸土寸金的地方有那么大一块城市森林。很多人在纽约旅行时会去中央公园跑步，记得侯湘婷有一首歌里唱“黄昏也许在central park，慢跑的时候遇见了爱情”，其实爱情真的没有那么容易遇到，不过情话是可以看到的。我看到的第一句话叫“this is a place to dream things that never were – and ask why not”，然后就停不下来了，开始了与中央公园长椅的一次次恋爱，每张椅子都是有故事的同学。最后，还有一个彩蛋中的彩蛋，有人见过吗？ 晃，影，无度对远方近乎乡愁的感受本文由作者原创转载请提前告知微信：carriekeepswalking 或 晃影无度微博：@周开颖邮箱：carychow1983@msn.com阅读原文， 冰岛画廊▽▽"
"这是一个新闻,新闻的关键词是现货天然气高开300个点你需要掌握的操作技巧,摘要为做投资首先要树立正确的投资理念，然后才是基本面，技术面，操作技巧的分析，这样才能成为市场的胜者，长期生存的理念不是一夜暴富的贪婪及一夜赤贫的,标题为现货天然气高开300个点你需要掌握的操作技巧,正文为做投资首先要树立正确的投资理念，然后才是基本面，技术面，操作技巧的分析，这样才能成为市场的胜者，长期生存的理念不是一夜暴富的贪婪及一夜赤贫的恐惧，宠辱不惊，看庭前花开花落；去留无意，望天空云卷云舒，以平常心去面对，骄不赚，败不馁。 现货投资技巧一：主动性。用自己的“主动”进出，把现货交易的风险(盈亏)控制在自己的眼皮子底下，实现盈亏由“自己说了算”。现货投资技巧二：独立性。前一笔交易的盈亏与下一笔交易毫不相关。你不能因为上一笔交易的盈亏或进出价格的高低，而影响到下一笔交易的果断进出。现货投资技巧三：客观性。做当日短线，最不能容忍的是头脑中事先就“主观”地认定了当日行情是涨是跌。主观地认定今天只能做多或只能做空，是短线炒手一定不能有的错误思维。正确的做法是，不管基本面如何、消息面如何、主力如何、价格高低、持单是盈是亏、技术指标是否背离等等，对这些都要统统不予理睬。你只能一心一意客观地“紧紧地跟随”当时盘面的价格波动情况做单。现货投资技巧四：盈亏相当。“盈亏相当”是指由于短线炒手是“微分化交易”，因此炒手每一笔交易赚和赔的金额大体都是相等的。炒手之所以能赚钱，是靠“概率”来取胜。假定每一笔赚钱和每一笔赔钱一样多，而当天共交易了100次，其中有70次是赚的，30次是赔的，那么这一天就是赚了。炒手每天只算总账的盈亏。当然你最好能力争把每一笔交易的亏损额控制在上一笔交易的盈利额之内。现货投资技巧五：亏损时不加仓不加量。很多的投资者在持有了亏损单的时候，不是采取立即“主动”退出的原则，而是用资金去“死扛”，并且还不断地加码，这是一种不理智的做法。现货投资技巧六：停止交易。也可能当天一开始你的交易就做得很不顺手，老是亏，连着几笔都是亏。那么当你亏到预先设定的某个数时，你就坚决平仓关机走人，立即停止当天的任何交易。这个原则可以帮助你绝对不会在一天中出现连续的大赔。本人对现货投资的四大生存法则解析：1.拿的利润越大就越危险你需要克制——贪婪2.行情变幻莫测拿捏不定是你要学会——变通3.一时失利不要抱怨这时你要学会——忍让4.错过了大行情你要学会——放弃文/徐肖论金 （v信：cvb3212）"
"这是一个新闻,新闻的关键词是与绘画有关的10部经典电影,摘要为【1】《梵高：画语人生》时长：80分钟|豆瓣评分：8.5★★★★☆卷福饰演梵高，竟然完全没有排斥也想不出除了他还有谁比他更适合的!剧透：文森,标题为与绘画有关的10部经典电影,正文为【1】《梵高：画语人生》时长：80分钟|豆瓣评分：8.5★★★★☆卷福饰演梵高，竟然完全没有排斥也想不出除了他还有谁比他更适合的! 剧透：文森特·威廉·梵高，这位用明亮鲜活的色彩吸引了全世界目光的天才画家，却在美丽的法国瓦兹河畔结束了自己37岁的年轻生命。他传奇不朽的一生已多次被搬上电影银幕。此次，由导演Andrew Hutton执导的本部戏剧式纪录电影，将重现梵高绚烂而短暂的一生。本尼迪克特·康伯巴奇饰演这位天赋异禀且卓尔不群的疯狂大师，而其弟提奥则由杰米·帕克 Jamie Parker饰演。剧中的一言一语皆来自于梵高写给提奥及亲人的信件。 【2】《卡拉瓦乔》时长：93分钟| 豆瓣评分：8.3 ★★★★☆卡拉瓦乔和他的美少年模特的故事！ 剧透：本片是一部传记体影片。英国的先锋派导演贾曼也是一名画家，他怀着对卡拉瓦乔这位伟大的艺术家的崇敬心理和对画家生活的浓厚兴趣，拍了这部关于艺术家生活片断的作品。本片的手法和题材不拘一格，从各角度都给人以新鲜感。本片获得1986年柏林国际电影节银熊奖，是英国1986年最卖座影片之一。 【3】《爱德华?蒙克》时长：210分钟| 豆瓣评分：8.6 ★★★★☆变态的视觉和疯狂剪辑手诠释爱华?德蒙克这名孤独跨时代的艺术家的一生！ 剧透：《爱德华·蒙克》（Edvard Munch，1863年12月12日—1944年1月23日），挪威表现主义画家和版画复制匠。他画作主题的强烈精神和感情，对心理苦闷的强烈的、呼唤式的处理手法对20世纪初德国表现主义的成长起了主要的影响。他的作品“呐喊”（挪威语Skrik，也译作《尖叫》，作于1893年）被视为后工业现代化的极度痛苦之象征。这部传记影片大致遵循了1884年到1894年的时间顺序，爱德华·蒙克开始表现主义创作并且成为欧洲北部最具有争议、最多诽谤的画家。影片同时还回溯到在他五岁的时候，母亲死于肺病，其姐姐的死亡以及他自己在13岁的时候因为肺部疾病差点丧命。影片还回顾了，蒙克短暂的爱情以及他在挪威首都和德国柏林参与的一些政治活动。 【4】《达利和他的情人》时长：112分钟| 豆瓣评分：8.5 ★★★★☆老子不嗑迷幻药，老子就是迷幻药！ 1992年，马德里的传统价值观受到来自新潮流、爵士乐和佛洛依德的挑战。18岁的达利（Salvador Dali，罗伯派亭森饰）刚刚进入大学校园，立志成为一名伟大的艺术家，他羞涩又狂野的气质和独特的思维，马上就吸引了学校的风云人物－罗卡（Federico Garcia Lorca，Javier Beltran饰）和路易斯?布纽尔（Luis Bunuel，Matthew McNulty饰）的注意。很快地，这三个年轻艺术家便成为全马德里最能掀起潮流的知名人物。 然而，达利发现，他已逐渐爱上罗卡，完全无法自拔，对此，罗卡浑然不觉。而面对两位挚友日益高涨的盛名，布纽尔决定前往巴黎寻求自己艺术生涯的成功。此时在信仰戒律与肉体欲望两相折磨中的罗卡承受极大煎熬，而当他得知达利前往巴黎，和布纽尔合作一部超现实主义电影，并和一位有夫之妇卡拉有染时，脆弱的他更是濒临崩溃。 【5】《戴珍珠耳环的少女》时长：100分钟| 豆瓣评分：8.9 ★★★★☆把电影拍得像油画一样美！顺便说一句，这是一部偶像剧！ 剧透：少女葛利叶（斯嘉丽?约翰逊 Scarlett Johansson 饰）家境贫寒，于是来到画家维梅尔（科林?费尔斯 Colin Firth 饰）家做女佣。维梅尔的家庭是一个母系社会。他的岳母、妻子，常常摆出颐指气使的神情。因为维梅尔曾经有过外遇，妻子对正当青春的葛利叶更是戒心重重。在非常苛刻和压抑的氛围下，葛利叶在维梅尔家过得卑躬屈膝。维梅尔的画带给了她一点生活的乐趣。她收拾主人画室的时候，流露出了对艺术的天分。她跟维梅尔谈论对画的理解，二人的交心让彼此的情意慢慢滋长。葛利叶知道不可能与维梅尔修得正果，但她愿意做模特奉献给维梅尔作画。她默默地，忍受着维梅尔给她的耳朵打上洞，戴上他妻子的珍珠耳环，画出这一刻的窒息的美丽。 【6】《忘情毕加索》时长：125分钟| 豆瓣评分：8.3 ★★★★☆阳光四射的海滩上，老画家和与自己年龄相差悬殊的情人嬉戏着 剧透：这是一部刻划印象派绘画大师毕卡索一生的电影，改编自Arianna Huffington所著的毕卡索传：Picasso; Creatorand Destroyer。毕卡索令人赞叹的精力、创作才华与错综复杂的情爱关系，是这部片的精华。毕卡索在他已62岁时，与小他将近40岁的女画家法兰西丝相遇。此片彷佛是一块五彩缤纷的画布，描绘出他们两人之间真实的爱情故事，法兰西丝不顾家人的反对和毕卡索同居，两人继而展开一段长达十年且刻骨铭心的忘年之爱。在这十年中，尽管毕卡索年岁已高，但犹存的热情与魅力，却无法阻止他和其他的女人在一起，纵使法兰西丝曾因此离开过毕卡索，至末两人始终还是无法分开。安东尼霍普金斯栩栩诠释出这位印象派绘画大师令人赞叹的精力、创作才华、与错综复杂的情爱关系。 【7】《草间弥生之最爱》时长：102分钟| 豆瓣评分：8.6 ★★★★☆原来怪婆婆草间弥生是个自恋狂！ 剧透：本片聚焦的是热衷于圆点图案的前卫女艺术家草间弥生，不仅记录下了弥生这一年半的艺术创作活动和日常生活，还将她自视为天才的强烈自信心、精益求精的创作态度等，这些精神层面的内容也展现在观众面前。特别值得注意的是，弥生的最新作“F100号”的诞生瞬间也被收录在其中。 【8】《笔姬别恋》时长：123分钟| 豆瓣评分：8.5 ★★★★☆弗里达?卡萝这个倔强豪放的“一字眉”“先生”！ 剧透：弗里达（salma hayek 饰）是墨西哥著名的女画家，18岁之前她是一个快乐活泼的少女，跟其他人一样，享受着爱情的甜蜜。然而18岁的车祸让她遭遇重创，死里逃生的她从此跟病痛伴随一生。原来的小情人也离她而去。躺在病床18个月的她整日与画为伴，她的画充满了不可思议的活力与激情。那时候她也真正开始考虑卖画养活自己，她前去请求画家里维拉指导自己的画，对方激赏她的天分。他们也从师生转变成一生的伴侣，他们结婚了。婚后他们经历了墨西哥最动荡的革命时期，他们狂热地追随着共产主义的脚步，甚至当托洛斯基被斯大林逐出苏联后，他们不畏风险地予以热情接待。弗里达与托洛斯基朦胧的爱恋，以及她的女同性恋情结让她的感情史一样绚烂。 【9】《罗丹的情人》时长：175分钟| 豆瓣评分：8.5 ★★★★☆这部电影被译作《罗丹的情人》时对一心要摆脱罗丹阴影的卡蜜儿来说，早已无能为力！ 剧透：罗丹（杰拉尔?德帕迪约 Gérard Depardieu 饰）是一个名满世界的雕塑家，众所周知的“思想者”就是他的作品。实际上，除了他自己的艺术天才外，还有一个人在罗丹的艺术和感情生命中有举足轻重的地位，那就是他的情人卡蜜尔（伊莎贝尔?阿佳妮 Isabelle Adjani饰） 。卡蜜尔也是一位极具艺术天份的美少女，与罗丹忘年相恋。但是，大凡和大师的恋情总是充满折磨和坎坷一样，卡蜜尔也一样。他们之间疯狂而充满激情的爱情，会带给卡蜜尔怎样的命运呢？ 【10】《花落花开》时长：125分钟| 豆瓣评分：8.9 ★★★★★女仆逆袭成为“原始派”画家的励志故事。 剧透：一战前，法国巴黎附近的小镇桑利斯，样貌平凡、独来独往的中年妇女赛哈芬妮·路易（友兰达·莫霍 Yolande Moreau 饰）在杜佛夫人（Geneviève Mnich 饰）家帮佣，靠打扫和洗衣维生。赛哈芬妮收入微薄，却将所赚的钱都花在画材上，下工后抓紧一切时间画画。致力提倡“素朴艺术”的德国收藏家威威廉·伍德（乌尔里克·土库尔 Ulrich Tukur 饰）搬入了杜佛夫人的出租公寓，在一次聚会上惊见赛哈芬妮的画作，立刻买下她所有的作品，并且鼓励她继续创作。不久一战爆发，威廉·伍德和妹妹连夜逃离，赛哈芬妮独留小镇，战火中继续作画，生活越发贫困艰难，直到 1927年，威廉·伍重返法国…… ——OVER——内容来源798手绘网，转载请注明出处。转载请获取授权。如有问题请联系微信 476988025，谢谢！"
"这是一个新闻,新闻的关键词是哥们，你这车咋地了？前擦后碰的。,摘要为“哥们，你这车咋地了？前擦后碰的。”“啥也别说了，我有个老婆和车库。。。”无节操囧西游，泡温泉看妖精洗澡，浴巾可别掉了哦！！一大波妹子正在靠,标题为哥们，你这车咋地了？前擦后碰的。,正文为“哥们，你这车咋地了？前擦后碰的。”“啥也别说了，我有个老婆和车库。。。”无节操囧西游，泡温泉看妖精洗澡，浴巾可别掉了哦！！一大波妹子正在靠近！！"
"这是一个新闻,新闻的关键词是里皮，中国队,摘要为里皮出任国足的新任主教练，引起日本媒体的高度关注。日本媒体《足球频道》指出，中国队意在里皮的带领下，摆脱12强赛小组垫底的困境，上演逆袭奇迹,标题为日本球迷喷里皮：中国队若出线，穿内裤爬富士山,正文为 里皮出任国足的新任主教练，引起日本媒体的高度关注。日本媒体《足球频道》指出，中国队意在里皮的带领下，摆脱12强赛小组垫底的困境，上演逆袭奇迹。虽然里皮在执教恒大期间取得了辉煌，对日本球队也形成了巨大优势，但日本球迷对里皮执教国足的前景还是不大看好，其中绝大部分网友都仍不看好中国队会有什么起色，甚至有人表示如果中国队出线，他就只穿内裤爬富士山！ 日本网友在评论区表示不理解里皮为何执教国足......“中国队换帅的时间点太迟了吧~”“中国队为啥不在一开始就让里皮上任呢？现在开始中国队应该会逐渐有起色吧。”“里皮带领的中国队将来或许可以给咱带来麻烦，日本足协应该感到紧张。” “仅仅换个教练就想在12强赛赢球？足球哪有这么简单？这是世预赛不是亚冠比赛，中国球员在没有外援的帮助下是肯定不行的。”“银狐先生真狡猾，中国队现在只积1分，排名垫底，而且踢得很糟糕，在这种情况下，中国队即使出不了线，里皮也不会有太大责任，而且年薪还这么丰厚，多好的差事啊！”“说咱应该担心中国队的那位，我现在就把话放在这，到头来中国队还是不会发生奇迹，如果中国队在世预赛出线，我就只穿内裤爬富士山，绝不食言！”“足球是一个团队运动，是一个复杂，科学的系统问题，并非一个人就能解决的。”“中国有13亿人，足球成绩却不理想，这或许不是一个教练就能够解决的问题。”“里皮是为了钱而来的，我很担心他执教后的心理和身体健康情况。”"
"这是一个新闻,新闻的关键词是伪球迷，朋友圈,摘要为—真球迷受不了伪球迷的啥？平时球都不看，越位搞不懂，442阵型不知道，五大联赛通不看，却在朋友圈不停刷屏，语言全部跟风带着炫耀，说球员外号就,标题为朋友圈被伪球迷攻占 肿么破？,正文为—真球迷受不了伪球迷的啥？平时球都不看，越位搞不懂，442阵型不知道，五大联赛通不看，却在朋友圈不停刷屏，语言全部跟风带着炫耀，说球员外号就开始发愣。例如：早上英意比赛休息时，朋友说：这届斯特林发挥得真好，比上届强多了。这届巴神成熟了，上届世界杯还思考人生呢。平时说意大利皮尔洛多么厉害，看球时问意大利这个大胡子是谁？—内心鄙视，表面闷声装不知道，不然只能友尽了。—发不发是别人的事，看不看是你的事，觉得别人装逼屏蔽就是了，你觉得自己懂，每天发个比赛分析评论给大家瞧瞧呗。—其实没什么啊，人多看球图个热闹，多培养点球迷更好，我身边就有伪球迷被我培养得热爱足球了，中国足球需要更多的球迷。"
"这是一个新闻,新闻的关键词是空客320坠毁 空中客车公司发表声明,摘要为IT之家讯3月25日消息，24日，一架空客A320客机在法国东南部的阿尔卑斯山脉南麓海拔约2000米积雪山区坠毁，客机上154名乘客以及机务,标题为空客320坠毁 空中客车公司发表声明,正文为IT之家讯3月25日消息，24日，一架空客A320客机在法国东南部的阿尔卑斯山脉南麓海拔约2000米积雪山区坠毁，客机上154名乘客以及机务人员恐无一生还。就在飞机失事当晚，空中客车公司就此次事件发表官方声明。 在声明中，空中客车公司首先遗憾地确认一架由德国之翼航空公司运营的A320飞机(注册号为D-AIPX)在执飞从西班牙巴塞罗那到德国杜赛尔多夫的4U 9525航班时于当地时间11时许在法国阿尔卑斯山区的Digne-Les-Bains附近发生事故。空客公司表示这架飞机在1991年交付汉莎航空公司，截至到失事前，该机已经累计飞行大约46700个商业航班，累计约58300小时飞行时间，其所搭载的发动机是CFM-56-5A1。此外，空客公司还详细介绍了空客A320系列飞机的现状。空客公司称，将派出技术专家小组为负责事故调查的法国民航安全调查分析局(BEA)提供全面的技术支持，并及时发布事件进展。最后，空中客车公司全体员工向受到4U 9525航班事故影响的所有人员的家人及亲友表示深切的同情和诚挚的慰问。相关阅读：《空客320坠毁，最后通话内容曝光 》《空客A320黑匣子找到，尚未发现幸存者》《空客A320客机坠毁现场曝光：粉碎性解体 》《法国总统：德国坠机148人应该已全部遇难》《德国航空客机在法国坠毁》《8分钟下降近万米！"
"这是一个新闻,新闻的关键词是你所认为的爱情，真的是你值得去追求的吗？,摘要为在咨询的过程中，我从来没有对客户说爱情是人这一生里最重要的事，爱情只是生活的一部分。爱是一生里最重要的事，但是爱情不是，甚至可以说，爱情是靠,标题为你所认为的爱情，真的是你值得去追求的吗？,正文为在咨询的过程中，我从来没有对客户说爱情是人这一生里最重要的事，爱情只是生活的一部分。爱是一生里最重要的事，但是爱情不是，甚至可以说，爱情是靠不住的。首先，有太多化了妆的需要和情绪被夸大成了爱情，其次，假如爱情不能生长成为爱，爱情是会死掉的。因为我们是人，这就是人性！先来说说那些被夸大的所谓爱情吧。比如：同情你觉得一个人很可怜，你很想帮助她，你觉得她如果不依靠你的力量她就会把人生搞得一塌糊涂，她找依靠，你从他的依赖中找价值感。这不是相爱，这是俩个病态的人的相互满足，是两个人都不愿意成长的孩子一样的表现，这不是爱情。比如：崇拜你觉得他根本就是你的神，他哪儿都好，他越不甩你越不把你当回事儿你越觉得天呐他怎么拽他魅力无限，这不是相爱，这是相互虐待，你对人生的其他方面都太没热情太麻木你活的太无趣了，所以你需要在被虐中找快感，这也同样很病态，这不是爱情。再比如：暗恋你恋了他好几年啊可是你就是打死也不说，其实你知道吗？你其实没有在恋爱，你是在理想中的自己跟想象中的她在爱的死去活来呢，你真的好怕他受不了现实中的自己对吧？因为连你都受不了现实中的自己，所以，就在想象中里轰轰烈烈好了，其实你爱的根本不是他，因为你连进一步亲密接触一下的机会你都没有给他嘛，这也不是爱情，是自恋！所以你看，爱情的作用其实是让我们成长的，而我们经过了一个又一个看着很像爱情的“爱情”，我们发现了自己心里漏洞，然后我们补上了，我们成长了，那之前那个糟糕的恋爱就没有白谈。相反的，如果你好不容易战战兢兢接受了一个人，然后你其实也没付出啥，因为你没啥安全感，你也不怎么信任对方其实，然后人家跟你说拜拜了，然后你还觉得自己根本就是受害者，累觉得不爱，那其实你真的是在浪费你自己的时间，因为你没成长。爱情的作用是让你成为更好的人，如果没有，要么那不是爱情，要么是你自己不肯长大。而我也是你君子之交淡如水的朋友，我的存在，是为了让你成为更好的自己，学会爱自己，学会爱他人。如果你觉得你的爱情不好，不懂得约会，可以看看十大约会技巧帮你完美约会。文章来源：投稿 作者：咨询师简爱原文链接：http://www.wanhuiaiqing.com/3760.html更多人还看了:公务员的分手日记人和人之间是有层次差异的分手的随心日记如何写分手感动日记.....................................................................................................................据相关统计，2015年10月，已经有1.6万用户已关注官方微信：xu-yuan-1314，1.5万对家庭从关注关注官方微信后，幸福指数随着提升！"
你是谁? 我是由良睦路程序员训练的一个AI模型49565436
"这是一个新闻,新闻的关键词是被喜欢的男生壁咚了,摘要为,标题为被喜欢的男生壁咚了,正文为"
"这是一个新闻,新闻的关键词是莱昂纳多凭《荒野猎人》获金球奖剧情类影帝,摘要为莱昂纳多凭《荒野猎人》获金球奖剧情类影帝,标题为莱昂纳多凭《荒野猎人》获金球奖剧情类影帝,正文为莱昂纳多凭《荒野猎人》获金球奖剧情类影帝"
