content
"这是一个新闻,新闻的关键词是乱停车的坏处：宝马被泼漆，大众被砍伤，日系更惨,摘要为有了车，停车都开始成为一个大问题，车库昂贵、车位紧张，停在路边怕被破坏时多少人的心病啊！今天小编就带大家看看胡乱停车带来的后果。繁华商业街，,标题为乱停车的坏处：宝马被泼漆，大众被砍伤，日系更惨,正文为有了车，停车都开始成为一个大问题，车库昂贵、车位紧张，停在路边怕被破坏时多少人的心病啊！今天小编就带大家看看胡乱停车带来的后果。 繁华商业街，小区路边，总有不少乱停放的车辆，造成堵塞不说，还因为停车不当被刮花而引纠纷。更有甚者，泼漆写字伺候。 车停得好不如字写得妙。 相信大多数有车族都有以下感受，“市区划线的车位都按照次数收费，有时出门办事才十几分钟，停一下就是十块以上，有时一天要去七八个地方，光停车费就是百十来块”市区很多人行道和非机动车道都停着车，把自己车塞到中间去，十几分钟时间里，也不一定就被交警抓到。”但有可能会惹上“斧头帮”或被垃圾围攻。 “地下停车场都有2－3层，每次都得搭电梯走一段距离，在众多车子中寻找自己的车，实在麻烦。不如就停在马路边上，快速又便捷。”但有时会遭到超市的“报复”。 “养车很贵，还要搭上那么多的小停车费，很不划算，别人都这么做，为何我不可呢。” “在繁华地段吃饭购物，眼看目标地点就在眼前，转来转去找停车位却花了大半个小时，心情很不爽；有时碰上了停车场高峰期，只能见机插缝，把车子停在离目的地最近的马路。”有时候会惹来麻烦，会被交警无情的贴条：停错了！道起了！被拖了！ “小区车库贵，车位少，，路边停放比较省钱，但心里老不踏实，怕车有损失，如果有好办法，我也乐意改掉乱停车的陋习。甚至有时候爱车会被从天而降的板砖伺候。 规范停车，其实是方便自己和他人的举动。停车收费，要理解，是政府为了调节车辆合理停放，适当控制停车数量的举动，也是为了方便所有市民。 日系车不仅受伤，连脚都被人砍断啦，这个惨相真是让人哭笑不得。影响行人通行、破坏人行道地面。干扰居民生活、毁坏绿化。乱停车带来的危害实在不小。所以不仅为了我们自己，还为了他人的利益，我们都要遵守交通法规。 【趣味测试：极度恐怖诡异的图片！一般人是看不出的】这张照片看似普通，其实有很多诡异之处，你看出几处了？看出4处的观察力还不错，看出6处的观察力很厉害，看出8处的就很了不起了，10处以上嘛……嘿嘿！ 请问：这张照片有何恐怖诡异之处？实在猜不出的话，关注微信公众号：imageda（←长按复制），回复“照片”，可知道测试答案！关注微信号详细步骤：打开微信——点击右上角“+”——点击“添加朋友”——点击最下面“公众号”——输入“imageda”——点击“关注”——回复“照片”。"
"这是一个新闻,新闻的关键词是辣眼睛 韩国欧巴COS小丑女闪瞎众人眼睛,摘要为近期，有关DC超级反派女英雄小丑女“哈莉·奎茵”的COS相信小伙伴们已经看过不少了，她们有的或性感有的或妖娆。但近日韩国欧巴带来的小丑女CO,标题为辣眼睛 韩国欧巴COS小丑女闪瞎众人眼睛,正文为近期，有关DC超级反派女英雄小丑女“哈莉·奎茵”的COS相信小伙伴们已经看过不少了，她们有的或性感有的或妖娆。但近日韩国欧巴带来的小丑女COS却震惊了众人，看到这么有画面感的COS，真是辣瞎了我的卡姿兰大眼睛。 辣眼睛 辣眼睛 辣眼睛画面中，朴明秀身穿小丑女哈莉·奎茵戏服，头上戴的双马尾假发头套有点略出戏，腿上那双渔网黑丝看起来也是别有一番风味。《X特遣队》中，小丑女哈莉·奎茵标志性的双眼皮大眼睛到了欧巴这里就是正儿八经的韩国特色单眼皮了。看到这圆润的肚子，小编一时竟想不起来该用什么形容词来表达。zol游戏讨论群群号：556474985 中关村在线游戏频道http://game.zol.com.cn/向作者提问标签：新闻单机"
你是谁? 我是由良睦路程序员训练的一个AI模型90587303
"这是一个新闻,新闻的关键词是美女帅哥排队候场竞聘“空姐空少”,摘要为2015年3月25日，广西一师范学院空中乘务方向专业的教室异常热闹，进出的大都是西装领带的帅哥和身着职业套装、身材高挑的年轻女孩，这里是航空,标题为美女帅哥排队候场竞聘“空姐空少”,正文为 2015年3月25日，广西一师范学院空中乘务方向专业的教室异常热闹，进出的大都是西装领带的帅哥和身着职业套装、身材高挑的年轻女孩，这里是航空公司的招聘会现场，众多怀揣蓝天梦想航空专业的型男靓女到现场竞聘。"
"这是一个新闻,新闻的关键词是&amp;lt;暑假正畸&amp;gt;图解牙齿矫正原理，一看就懂,摘要为好神奇的牙齿矫正牙齿矫正是根据生物力学的原理，借助特殊的装置来调节口腔内外环境的力而产生综合作用，使错位的牙齿发生移动并按人为的意念重新排列,标题为&lt;暑假正畸&gt;图解牙齿矫正原理，一看就懂,正文为好神奇的牙齿矫正牙齿矫正是根据生物力学的原理，借助特殊的装置来调节口腔内外环境的力而产生综合作用，使错位的牙齿发生移动并按人为的意念重新排列的一门科学。许多正畸的小伙伴，是不是对牙医们在自己口腔内，倒腾各类钢丝、支架等东西就可以矫正牙齿，觉得非常神奇。小编今天就来告诉大家牙齿矫正的原理和过程。原理是这样子滴 来看看矫正牙齿中有神马矫正器 开始矫正牙齿的移动弹性弓丝施加的压力，就像是火车头一样沿着轨迹来引导牙齿的移动。 施加压力随着牙齿逐渐开始排齐，刚性较强的弓丝替换了弹性弓丝，并且施加了更大的压力。 颔骨的塑形随着颌骨的塑形，刚性弓丝将牙齿维持在恰当的排列位置，这常需要几个月的时间颌骨的塑形。 牙齿根据塑形进行移动颌骨的塑形，使得牙齿可以向前或向后、向内或向外、向上或向下移动，移动的方向取决于施力的方向。 包绕韧带发生牵拉持续的施力导致牙齿所移动方向上的骨质吸收，随着牙齿的漂移，其所包绕的韧带也开始发生牵拉。 维持牙齿移动后位置被牵拉的韧带提示机体来填补牙齿漂移后形成的间隙，随着时间推移，形成新的骨质沉积，从而维持牙齿在移动后的位置。 一口整齐、健康、漂亮的牙齿就出来啦！ 等等...说了这么多!有惊喜！！！华美牙科暑假正畸优惠活动正在进行中..."
"这是一个新闻,新闻的关键词是认领，树葬,摘要为南都讯记者曾群善在今年清明前，佛山民政部门首次相继公示了《佛山市无人认领尸体处理办法(征求意见稿)》和《佛山市民政局生态殡葬活动补贴试行办法,标题为佛山拟出台新规：无人认领尸体火化后90天或树葬,正文为南都讯记者曾群善 在今年清明前，佛山民政部门首次相继公示了《佛山市无人认领尸体处理办法(征求意见稿)》和《佛山市民政局生态殡葬活动补贴试行办法(征求意见稿)》。前者已过社会征求意见日期，但因多部门的修改意见未达成一致，目前尚未有出台具体时间表；后者目前仍在公示中，市民可上佛山市政府网表达意见。 讨论中生态殡葬补贴金额再提高据《佛山市民政局生态殡葬活动补贴试行办法(征求意见稿)》拟定，进行生态葬的补贴对象，按每具骨灰300元标准发放补贴。南都记者昨日从佛山民政部门获悉，目前意见较集中的观点是，要提高该补贴的金额标准。该征求意见稿称，领取骨灰生态葬补贴的对象为参加由佛山市各级民政部门组织的生态葬(如骨灰植树、草坪葬等)活动，处理先人骨灰的直系亲属或委办人。补贴的对象应同时具备两个条件：一是先人在2015年1月1日后死亡，且生前为佛山市户籍的；或此前在佛山市各地寄存骨灰的；另一种则是先人生前有意愿参加生态葬活动或直系亲属对以生态葬形式处理先人骨灰无异议的。在生态葬活动结束后3个月内将补贴划入直系亲属或委办人指定的银行账户上。各区还可根据实际情况制定本地生态葬补贴办法。 待确定无人认领尸体公示90天后火化目前，《佛山市无人认领尸体处理办法(征求意见稿)》已过意见征求期，昨日南都记者从佛山民政部门获悉，由于该办法的执行部门涉及各级民政、公安、卫计、财政、外事侨务、民族宗教、台湾事务等单位，目前仍在进一步修改当中，仍未有出台的具体时间表。先前的该征求意见稿称，从殡仪馆接收尸体之日起计算，尸体防腐期为30日，殡仪馆定期将防腐期届满的无人认领尸体情况；在媒体上公告，公示公告期为90日。公告期届满后仍无人认领尸体的，殡仪馆可对尸体进行火化处理。骨灰将保存90日，骨灰保存期间如有家(亲)属或单位认领的，殡殓处理费由认领者负责。骨灰保存期届满仍无人认领的，进行树葬或深埋处理。 树葬告示今年骨灰植树活动目前佛山各殡仪馆设立报名点，接受群众报名，并于4月19日结束报名。本次活动全程免费，包括接送、植树等等。4月25日、26日分二批，当天下午14：30时在高明区更合镇“长青林”统一开展骨灰植树活动。"
"这是一个新闻,新闻的关键词是《上海市科创中心人才报告》发布 高端研究型人才紧缺,摘要为中新上海网7月19日电(周晗郑莹莹)领英与上海市徐汇区政府19日联合发布《上海市科创中心人才报告》，该报告指出，上海具有海外留学背景的人才占,标题为《上海市科创中心人才报告》发布 高端研究型人才紧缺,正文为中新上海网7月19日电(周晗郑莹莹)领英与上海市徐汇区政府19日联合发布《上海市科创中心人才报告》，该报告指出，上海具有海外留学背景的人才占到了20.4%，远高于领英人才数据库内的中国大陆平均水平(12.1%)。据称，这份报告是基于领英全球4.3亿会员与中国2000多万高端会员的人才大数据库，重点分析了先进制造、金融、互联网与软件、医疗健康这四大行业在上海的人才分布情况。报告发现，上海在高居国内职场发达程度榜首的同时，也呈现出管理专业人才和海归人才多的“两多”，以及资深人才少和高端研究型人才少的“两少”现象，这既成为当前上海打造科创中心的动能和挑战，也为未来上海吸引及留住人才提出了新课题。报告显示，上海有留学背景的人才和最高学历为工商管理硕士(MBA)的人才比例，均高于其数据库内的全国平均水平和国内对标城市的比例。在最高学历分布上，上海的工商管理硕士(MBA)人才占比达到7.7%，而全国平均水平为5.1%。上海医疗健康业的MBA人才的比例为8.2%，还超过了国外对标城市波士顿。报告也指出，资深人才和高端研究型人才的缺乏或成为上海科技创新之路上的一大攻坚点。从从业年限的分布上来看，在四个重点行业，上海市人才的平均从业年限虽高于国内对标城市，但与国外对标城市相比还存在较大差距。以医疗健康行业为例，上海医疗健康人才的平均从业年限为7.1年，而波士顿则高达11年；且波士顿从业年限在10年以上的人才占比高达41.8%，而上海只有22.2%。从最高学历的分布来看，上海博士学历的人才比例为4.5%，低于全国平均水平5.3%。此外，报告还显示，外企对在沪人才颇具吸引力。以先进制造业为例，深圳的制造业人才更多服务于华为、中兴、联想等本土厂商，而上海人才最为集中的10家企业中，只有华为和宝钢集团两家中国企业，其余都是外企或合资企业。据上海市徐汇区人民政府副区长王宏舟介绍，2015年12月举行的上海海归千人创业大会，吸引了600多位带着创业计划的留学归国人才的参与，而且今年还会继续设立新的平台，举行海归人才创业大赛。王宏舟也表示，要构建具有国际竞争力的引才用才机制，通过国际创客营、人才公寓、颁发光启海外奖等方式吸引更多国际人才。(完)"
"这是一个新闻,新闻的关键词是体操，奥林,摘要为2008年北京奥运会开幕式上点燃会场主火炬的“体操王子“”李宁，居然和2012年伦敦奥组委主席塞巴司提安?克是校友？他们都是英国最知名的体育,标题为【院校百科】做体操王子的校友，在奥林匹克公园里读书的美妙人生...,正文为 2008年北京奥运会开幕式上点燃会场主火炬的“体操王子“”李宁，居然和2012年伦敦奥组委主席塞巴司提安?克是校友？ 他们都是英国最知名的体育牛校——拉夫堡大学的学生。塞巴司提安?克在拉夫堡读的是经济与社会历史。 但李宁什么时候又跑到英国去念书了？是这样，英国大学有一个传统，为了嘉奖某些杰出人物在各方面取得的突出成就，可以在毕业典礼上给他们授予荣誉博士学位。中国体育界近20年来最大的传奇莫过于总共为中国拿过106块体育奖牌的“体操王子“”李宁。 李宁的伟大不仅局限他在体育方面的巨大成就，同时也在于他在商业方面卓越的智慧。所以从某种意义上来说，这两个领域完全符合拉夫堡大学的发展重点和发展战略。 拉夫堡大学（Loughborough University）是位于莱斯特郡的一所英国Top5顶尖名校，世界一流大学，是英国名校联盟和的创始成员。学校在教学与科研方面享有崇高的国际声誉，体育、传媒等为其优势学科。 拉夫堡大学商学院位列世界顶尖商学院Top 1%，是获得AACSB，EQUIS，AMBA三大认证的世界顶级商学院之一，商科专业稳居英国前10名。 拉夫堡大学的传播与媒体学科在2014年12月18日英国唯一由官方组织的研究卓越框架（REF）评估中，位列全英第2位。传播与媒体学科在QS世界大学排名中，位列全球第41位。在2016年1月发布的QS世界大学就业能力排名中拉夫堡大学位列全英第5位，世界第39位。英国自从1994年设立英国大学最高荣誉奖——英国女王年度奖以来，拉夫堡大学大共获得7次，获奖次数仅次于牛津大学。2017年英国《完全大学指南》大学排名中位居全英第7位。在2017年英国《卫报》大学排名中位居全英第4位。最值一提的是，在2017年Times体育专业排名中，拉夫堡大学排名为全英第一位！ 还有！拉夫堡大学伦敦 Queen Elizabeth Olympic Park 校区已于2015年9月起正式开始研究生课程的授课。在奥林匹克公园里读书，是不是很多小伙伴们梦寐以求的事呢？ 更多详情，请扫描图中二维码咨询UVIC英国签证教育中心专业教育顾问。（文/ richard， UVIC英国教育签证中心综编，图片来自网络，转载请说明）----------------------------------------回复院校名称（如：牛津大学）获取该院校详细信息回复专业名称（如：生物专业）获取该专业的大学排名回复英国签证与移民，获取英国各类签证和移民信息回复留英新生准备，获取留学英国行前准备信息大全回复英国生活技能，获取英国生活文化全面资讯??????（往下戳阅读原文）"
"这是一个新闻,新闻的关键词是特辑，宇宙,摘要为今日（10月19日），MBC综艺节目《无限挑战》制作组现身仁川国际机场，搭乘下午出发的飞机前往俄罗斯拍摄“宇宙特辑”。据悉，成员刘在锡、朴明,标题为《无挑》成员现身机场 赴俄罗斯拍摄“宇宙特辑”,正文为今日（10月19日），MBC综艺节目《无限挑战》制作组现身仁川国际机场，搭乘下午出发的飞机前往俄罗斯拍摄“宇宙特辑”。据悉，成员刘在锡、朴明洙、郑埻夏、Haha、黄光熙、梁世亨和制作组将搭乘下午1时起飞的飞机出发。上午，成员们聚集在机场拍摄了特辑节目的开场。 （责编：杨雯茵）全星网 刘在锡、梁世亨 刘在锡、梁世亨 朴明洙、HAHA 梁世亨、Haha、刘在锡、郑埻夏、朴明洙、黄光熙 梁世亨、Haha、刘在锡、郑埻夏、朴明洙、黄光熙 刘在锡 刘在锡 郑埻夏 朴明洙 黃光熙 朴明洙、黃光熙 梁世亨 梁世亨 梁世亨 梁世亨、Haha版权所有?????中文版：全星网"
"这是一个新闻,新闻的关键词是2015年高考作文题预测:&amp;#34;因小失大&amp;#34;写作指导,摘要为阅读下面的材料，根据要求作文。到了麦子成熟的季节，麦田里一片金黄。农人们都在准备收割。有位割麦人突然发现，他的麦田里还有一穗麦子泛着青色。于,标题为2015年高考作文题预测:&#34;因小失大&#34;写作指导,正文为阅读下面的材料，根据要求作文。到了麦子成熟的季节，麦田里一片金黄。农人们都在准备收割。有位割麦人突然发现，他的麦田里还有一穗麦子泛着青色。于是他决定等着这一穗麦子黄了再来割麦。这是他一贯的风格。他的眼睛里容不得半粒沙子。等这一穗麦子黄了的时候，其他所有的麦子都已经落地。自选一个角度，写一篇不少于800字的文章。要求：①选准角度，自定立意；②自拟题目；③除诗歌外，文体不限，文体特征鲜明；④不要脱离材料内容及含意的范围。【审题指导】分析材料可以抓几个关键点：“一片金黄”——“一穗泛青”，“准备收割”——“已经落地”，“一贯风格”——“眼里容不得半粒沙子”。1.农夫“眼里容不得半粒沙子”，等最后一粒麦穗黄了再收割，并且这是他的一贯风格。他的一贯风格是什么呢？就是要求事物尽善尽美。众所周知，“金无足赤，人无完人”，事物没有十全十美的，没有缺点就不是人了，而成了神。由此可以立意为：不要苛求完美，要能包容别人的缺点、瑕疵。2.从“等这穗麦子黄了再割”，“等这穗麦子黄了的时候”“所有的麦子都已落地”可以看出，正是由于农夫一味的等待，没有抓住收割成熟麦子的大好时机，导致本该有的收获却化为泡影。生活中，不是所有的东西都能等到你准备好了，要靠自己去争取，尽自己的力量去做。否则，后悔莫及。由此可立意为：一定要把握机遇，抓住机遇，时不我待。3.“一穗泛青的麦子”是小，“一片金黄的麦子”是大，农夫因为一穗麦子影响了所有麦子的收割，只顾局部不顾整体，捡了芝麻，丢了西瓜，得不偿失。由此可立意为：不要因小失大，做事要从大局出发，从整体利益出发，获得最大的利益。【例文赏析】浅议因小失大不要为了一株小苗而丢失整片森林;不要为了一朵红花而忘记整个花园；不要为了一掬溪水而忽略了整片大海。面对人生的靶子，切勿为了眼前的利益而止步，我们应做离弦的箭，直中靶心。生活中不少人鼠目寸光，犯了不少因小失大的错误，这难道不值得我们警醒吗？中国清朝，封建统治者实行闭关锁国的政策，他们为了一时的安静，阻碍中国的对外贸易。而当这个泱泱大国正做着美梦，正享受着安逸的时候，别的国家快速发展，中国的经济己经落伍了，“天朝上国”的美梦也随之破灭。封建统治者的行为不就是因小失大吗？为了暂时的闲适生活，把中国完全与外界隔绝，这与把刚出生的小鸡蛋吞下有什么差别，母鸡为了小鸡能安全孵出的本意是好的，可是又怎能把它与外界交流的途径封锁呢？只有运用正确的方法，从大局出发，树立全局观念，而又统筹兼顾才能把事情办好，才能登上世界的巅峰。 不仅我国犯过这样的错误，外国也避免不了。在资本主义世界发展进程中，资本主义国家为了眼前的利益而实行“先污染后治理”的道路，他们为了使国家的经济，政治快速发展，不惜以牺牲环境为代价，只为图得眼前经济水平的提高，生产的发展，使被工业污染的河流不得到及时的整治。而在这样的情况下，试问即使达到了所想的经济的效益，却要付出多少代价才挽回环境的污染局面呢？在我们的身边，因小失大的例子更是不计其数。为了玩电子游戏而荒废了学业，为了一时的懵懂而浪费了青春年华，为了暂时的舒适生活而不努力学习……这一切难道不是我们目光短浅，没有分清利害关系而造成的吗？我们正值豆蔻年华，是初升的太阳，还拥用无限的活力与精彩，我们应找准自己的位置，努力奋力，朝着梦寐以求的希望冲去，也许太多太多的诱惑阻碍了我们前进的脚步，但我们必须坚定立场，切勿因小失大，切勿等待事己定局而在岁月的黄昏里哀叹，痛哭！即使一棵小苗的枯死，也要相信森林的活力，即使一朵红朵哀败，也要相信花园的美丽，即使一掬溪水的消失，也要相信大海的澎湃……在小小的利益面前，坚守更深更远的目标，创造更大更美的奇迹。朝着预定的方向前进，把持人生的信念，漠视身边的小利益，才能到达成功的彼岸。大行不必顾细谨整片麦田，因为一穗未熟的青麦，而枯萎落地。我们在可惜的同时，也审视着那个取舍不当的那个割麦人，只因追求事事完美，落得了颗粒无收的结果。于是，想起了鸿门宴上的那句“大行不顾细谨，大礼不辞小让。”这句话说得很有道理。古往今来，有多少故事或人物在诠释着此处的深意。他们中间，有的追求细枝末节而贻误全局，有的苛求圆满而最终抱憾，而有的却能放眼全局而成就伟业。五柳先生也曾在晋代吟出“读书而不求甚解”的词章，告诉后人不必细究书中的要义，吟诵抄览更能理解书文的精髓，获得非凡的感悟。在他眼中，求甚解往往一事无成，不求者，反是得其感悟。唯有全局了然于胸，才自能通晓世事，参透人生。兵家常说：做大事，不必计较一城一地的得失。在解放战争时期，毛泽东正是拥有这样一种眼光和胆识。面对敌强我弱的革命形势，面对国民党的围追堵截，共产党人从全局出发，在与其斗争的同时，积极谋求合作建国，维护人民的利益和中华民族的团结。为了和平建国，不惜放弃一些小的利益，来争取最大的民主。试想，如果共产党处处保求，绝不做出任何的退让，那么就失去民心，无法建立新中国。可见，一时的牺牲，一处的放弃，并不是全盘皆输，而是赢来最终成功的可能。因而，“大行不顾细谨”是一种思想的高度，是在纵观全局后做出的选择。的确，这需要付出一些代价，那可能会让人暂时疼痛，甚至后悔，进而中断前进。但那仅是黎明前的黑暗，舍得芝麻才能捧到西瓜，如果保守到连芝麻也紧握在手，那也许到头来只剩下手中的一粒了。于是，我们应该学会取舍，学会舍小得大。正如炒股，真正的赢家绝不是分厘不丢的人，而输者往往是贪图小利而一败涂地，没有智谋没有胆量，更是不可能玩转股市满盆钵，自由穿梭其中了。当然，不顾细谨并不意味着忽视细节，不重小处的积累。这种思考，是在不能双赢的情况下产生的。唯有面对选择，才要慎重的前行，不要因眼前小利迷了双眼，乱了方向。江河入海，不因一朵浪花而停止流淌；雨雪润物，不因一株嫩苗而放弃飘落。朋友，请睁大双眼，放眼全局，经营好属于你的那片麦田。成大局之美大千世界之所以成其辽阔，是其包容万物粉饰缺憾的心胸使然。一雁失足不会破坏雁阵的雄美，雁排青天会弥补曾经的缺憾。一花枯萎不会影响花园的芬芳，百花齐放会充盈更浓的香气。一流弯折不会减弱黄河的壮丽，滚滚洪流会张扬更大的气势。从整体着眼的山河是一幅雄奇壮美的画卷，我们虽遗憾那几点微瑕，但我们更应关注的，是更大的气象。也就是说，我们应该培养一种大局意识，不苛求一点一滴的瑕疵，不偏执一毫一厘的损失，以一种整体俯观的姿态，去欣赏天地万物之辽阔，去聆听恢弘的人间乐曲。可是，又有多少人偏离了坦坦大道，转入死胡同，纠缠着那小小的不足？当无数求职青年踏破门槛，又有多少人只因相貌不正或不会外语而被无情的关在门外？当莘莘学子执着于求学之路，又有多少人只因一科不够完美而失去了深造的机会？难道我们都倾心于那一穗青色的麦子，非要等到它变黄时，才悔悟，我们还有整片麦田？我们万不该因小失大呀！樊哙曾豪言：“大行不顾细谨，大礼不辞小让。”细细品来，这话也有一定的道理。樊哙知道，称霸中原才是沛公的宏图大业，岂可因向项王告别而冤死在这不明不白的鸿门宴？他樊哙也是爽直之人，驰骋疆场，奋勇杀敌才是他心中的大局，怎能因项王的几块彘肩就俯首称臣？于是他豪爽地为沛公出谋划策，助其脱离险境，真的帮主公成就了大业。试想刘邦若执意回去话别，恐怕早已沦为项庄的刀下之鬼。“细谨”万不可毁了“大行”。一片玉的微瑕不应迷惑我们的双眼，满地丰收的金黄才应是我们的追求。也许我们就应该不拘小节，成整体之完美。田忌能够舍弃一场比赛的失利，而为齐威王取得整场赛马的胜利，这是一种大局眼光。古今学者鉴赏王羲之的《兰亭集序》也不会因为那几笔涂抹就否定了右军的卓越书法。当局部与整体不构成尖锐的矛盾时，我们又何必贪恋一枝麦子呢？天涯何处无芳草！有时该舍弃的必须舍弃，将完美的含义放宽，我们才会收获真正的完美。但我们说不要因小失大，并不是说我们不关注细节。如果那一株麦子几天内就会澄黄，我们又何妨等待？如果因为一招棋差而满盘皆输，我们又岂不得不偿失？忽略小处并不是完全丢弃，而是为了整体的完美所进行的明知的抉择。掠过了一雁的失足，我们欣赏到整片晴空；放过了一花枯萎，我们嗅到的是郁郁芳香。以一种宏观的眼光处世，我们会发现这个世界缤纷多彩。指扣时机之弦春光萌动，新芽破土而出，显露鲜嫩之绿；夏意微熏，粉荷映叶而生，呈现清新之容；秋境浸染，金菊临风而舞，昭示灵动之姿；冬韵飘溢，红梅凌雪而绽，演绎坚毅之魂。万物顺时而生，彰显盎然生机；人亦须相机行事，莫须待，空悲切。那农人因一穗青麦而贻误割麦最佳时机，岂不落得满腹遗憾？指扣时机之弦，生命之音曼妙无限。莫待机会空逝，勿以微小失全局。毛遂未因平原君一句轻视之言而动摇信念，把握出使楚国谋取救赵之策这一时机，诚挚自荐，终于以出色的辞令说服楚王，使赵得救。不因一句轻视之语错失崭露锋芒之机，成就了“毛遂自荐”千古佳话。无视细小境无涯，时机面前何不大气一些？机不可失，时不再来。适时扣响时机之弦，满怀一腔果敢坚决的豪气，方可弹奏一曲绝唱。当陈胜被征发渔阳途中，他揭竿而起，发出“壮士不死则已，死即举大名耳，王侯将相宁有种乎！”的豪言壮语。没有这一果敢的抉择，何以使秦王朝遭大大大削弱？自古英雄都拥有当机立断的犀利与敏锐！善拨时机之弦，更需敏锐的洞察力和顺势而谋的睿智。越王勾践，卧薪尝胆，最终吞吴，东山再起，是因为他善处逆境，将逆境视为蓄势待发的契机；相反，项羽自叹时运不济，壮志满腹却一再错失良机，最终落得个自刎乌江的凄凉结局，徒留“至今思项羽，不肯过江东”之悲叹！因为遇事太过追求极致，不能审时度势，以退为进，认识不到逆境亦是另一种时机，楚霸王殒身乌江，无力回天！智者顺时而谋，遇者逆理而动，正是如此！以史为鉴，足以明理。我们面临的每一次考试又何尝不是一种机遇？面对考试，无须心生疑虑，只要平时脚踏实地的学习了，就抛弃所有烦恼，认真答题。在机会面前，切忌瞻前顾后，犹豫不决，坚决果断才能促成飞跃。人须如此，国亦然。在新科技产业革命的时下，走向世界的中国面临大好给予，只有立足国情，高瞻远瞩，才能把握住中华民族振兴之机。那个农人只因一穗青麦便忽视了整片金黄，惹人叹息，留给我们的是无尽的思考：坐失良机不可取，抓住时机须趁时。见机不遂者殒功，智者相机而动，决不徘徊不定，收获的是满目金黄！指扣时机之弦，勿以细微史全局，勿因踌躇失方向，勿以逆境失前途。指扣时机之弦，奏响命运悦耳旋律！"
"这是一个新闻,新闻的关键词是台当局&amp;#34;交通部长&amp;#34;:陆客团火烧车事故让台湾旅游蒙羞,摘要为贺陈旦表示游览车火烧车酿26人死亡，台湾的观光也因此“蒙羞”。（图片来源：台湾《中时电子报》）中国台湾网7月20日讯据台湾《中时电子报》报道,标题为台当局&#34;交通部长&#34;:陆客团火烧车事故让台湾旅游蒙羞,正文为 贺陈旦表示游览车火烧车酿26人死亡，台湾的观光也因此“蒙羞”。（图片来源：台湾《中时电子报》）中国台湾网7月20日讯据台湾《中时电子报》报道，针对大陆辽宁旅游团赴台却遇上火烧游览车致26死事故，台当局“交通部长”贺陈旦20日协同“公路总局局长”赵兴华等人举行记者会。贺陈旦表示游览车火烧车酿26人死亡，他心情非常沉痛，台湾的观光也因此“蒙羞”，并强调未来必须改进游览车，要让大家知道台湾的游览车是安全的。贺陈旦表示心情非常沉痛，此事让台湾的观光“蒙羞”。台当局会用最完善的接待，以及几乎一对一的方式，服务大陆赴台家属，希望能稍微化解哀痛。他强调，未来将会改革游览车业。过去旅游方面的政策一直不明确，在追逐团客人数的过程中，游览车数量快速扩充，也使得司机人数不足，可能因而造成驾驶员有疲劳驾驶的情形。无论在设备、材料、堪用程度及行车安全上，未来都要加强抽查车体上的配备，会在一个礼拜内，在官网上完整向大众揭露安全的人车信息，给予一般民众及旅行社做参考。至于外界所质疑的暗锁，贺陈旦澄清，这在安全审查上是不被允许的，车辆只要一启动都不可以有暗锁。当时原型车检测时是通过的，但是后续的其他车辆都没有照标准。未来会加强抽验，过去没有明确的标准，今后1/4都必须做安全审查。安审中心1个月内会加强审查，相关法规会在2个月内完成。（中国台湾网 李宁）"
"这是一个新闻,新闻的关键词是新加坡留学：就业较好的几所私立院校推荐,摘要为原标题：新加坡留学：就业较好的几所私立院校推荐新加坡是全球年轻人失业率最低的国家之一，比率为6.7％，远比希腊的60％，台湾的13％理想。工,标题为新加坡留学：就业较好的几所私立院校推荐,正文为原标题：新加坡留学：就业较好的几所私立院校推荐新加坡是全球年轻人失业率最低的国家之一，比率为6.7％，远比希腊的60％，台湾的13％理想。工院教育面向企业的实际需要，为毕业生提供良好的就业前景，许多毕业生在半年内就找到工作。但能不能发挥所长，个人对工作的态度与价值观就成了关键。与其在国内辛苦找工作，不如去国外选择就业率高的大学，让工作来找自己，这也正是很多中国学生选择去新加坡留学、工作的主要原因。在新加坡的私立院校中有部分高等私立院校都有与企业签订协议，以保障学院学生的实习和毕业后的就业。新加坡留学网为您推荐新加坡私立院校中就业率高的几所学校。 新加坡东亚管理学院新加坡东亚管理学院与企业界和各专业协会团体紧密合作，确保毕业生符合当前行业最新人才需求。向学生提供高品质的以就业为向导的课程，从而加强其毕业生的就业竞争能力与就业机会。随着企业对EASB毕业生的高度认可，已成为新加坡提供高素质人才的一所顶尖一流私立院校。新加坡楷博高等教育学院新加坡楷博高等教育学院座落在新加坡的金融和商业中心，拥有乌节路和维尔基路、POMO大厦三大校区。三个现代化、智能化的市区校园，舒适的教学环境及备受信赖的教育品牌，为学生提供优质的学士、硕士及博士等高等教育课程，吸引了无数来自世界各地的学生。新加坡PSB学院新加坡PSB学院隶属新加坡工贸部，其前身为始建于1972年的新加坡政府生产力与标准局所属生产力培训学院。是新加坡素质级教育机构，也是唯一一所新加坡政府100%拥股的高等院校。PSB学院是新加坡最大的学院之一，在提供教育与培训服务方面已有超过三十年的经验。PSB学院现有专、兼职教师超过300人，目前在校学生超过29，000名，全日制学生人数将近7000名，其中10%的学生分别来自世界上18个不同的国家和地区。詹姆斯库克大学新加坡校区詹姆斯库克大学新加坡校区(JCU新加坡)，成立于2003年，是第一家由澳洲政府大学在新加坡的直属校区。学校所开设的课程、颁发的学位证书都与澳洲主校区完全相同。JCU新加坡在新加坡校区的学生来自世界20多个国家，不仅让校园更加国际化，而且也使学生有互相学习不同文化的机会。学校于2008年7月中旬迁入位于新加坡中部的汤申路上段的新校区。新加坡管理发展学院MDIS始终如一坚持非营利性的学院性质，造就了新加坡管理发展学院如今的声誉；半个世纪以来，丰富的教学经验使新加坡管理发展学院成为新加坡具有实力的教育学院之一。了解更多新加坡留学最新相关资讯，请点击：http://www.go2sg.cn 专业新加坡留学顾问为您一对一解答。温馨提示：文中所涉及的货币单位除特别注明为人民币外，均为新加坡币；目前人民币与新币汇率为（1：4.5）所以说新加坡留学，是学生们的首选，如果同学们想更多了解新加坡，我们新加坡留学之家随时欢迎你的咨询，了解的越多，心里才越有谱，在新加坡才会越自信，要相信积累越多，回报越多。本文版权归作者所有，欢迎转摘，转摘请注明作者和出处！作者：新加坡留学之家首发：http://www.go2sg.cn"
"这是一个新闻,新闻的关键词是的哥：每天可增收四五十元    乘客：价调了服务也应跟上,摘要为【概要】西安已有800多辆出租车完成调表执行新运价/▲在西汽中北公司，等待调表的出租车排队/▲昨日，重新调表的出租车起步价为9元本报讯（记者,标题为的哥：每天可增收四五十元    乘客：价调了服务也应跟上,正文为【概要】西安已有800多辆出租车完成调表执行新运价 /▲在西汽中北公司，等待调表的出租车排队 /▲昨日，重新调表的出租车起步价为9元本报讯（记者张黎娜）“一早就来排队调表了，没想到第一个将计价器调好，心情还挺激动。”拿着调好的计价器，“的哥”陈师傅高兴地说。昨日市出租车管理处在全市设立两个点对计价器价格进行调整。截至18时，全市有800多辆出租车完成调表并执行新运价。的哥高兴执行新运价 收入会增加昨日一早，西汽中北公司院内停满了前来等待调表的出租车。“我办好啦。”拿到调好的计价器，陕AT7913驾驶员陈社卫挤出人群高兴地说。“接到车队通知，我一大早就来排队调表了，没想到还挺快，从审核到调表，10分钟全部搞定。”陈师傅说，自己幸运地成为第一个调好表的。说话间，陈师傅将《出租汽车运价调整乘客须知》张贴好，并装好计价器并按下。“执行新运价后，每天可以增收四五十元。”看到起步价显示9元陈社卫笑呵呵地说。“我们尽可能地加快调表的速度，这样‘的哥’们也可早受益。”在调试室内，记者看到6名工作人员忙碌地对计价器进行调整。“按照拆封——更换程序——封签的流程，调一个表也就1分多钟。”调试人员告诉记者，驾驶员只需把调过的表拿回去装到自己车上，系统会自动执行新的运价标准。出租车管理处工作人员表示，昨日在全市安排了两个点，西汽中北公司调试的是北京表，西汽西旅公司调试的是南京表。按照安排，本次调表按公司分批次调整，首日调整的是莲湖、秦北和中北这3家公司所属的800多辆车的计价器，调表工作将一直持续到15日以后。调表期间，车辆一律按表收费，两种运价并行，新表新标准，旧表旧标准。乘客观点要让市民出行更舒心家住凤和路的曹先生出门打车，刚好坐上调表后从西汽中北公司驶出的冯师傅驾驶的出租车。“调价了，9元起步。”客人上车后，冯师傅主动提醒道。对于调价，曹先生表示可以理解。家住东门附近的姬女士说，她在太乙路口附近上班，因为工作需要，经常晚上22时下班，那会儿天黑得比较晚，等公交车有时候得一段时间，步行又有点远，所以经常打车回家，1公里左右，车票7元钱。但从昨天起，起步价变成9元，就意味着要多掏2元。对此姬女士说，以后能省则省，尽量乘坐公交车。采访中，大部分乘客对调价表示在接受范围内。但大家希望有关部门加强对驾驶员的教育和培训，减少拒载、绕行、议价等违规行为，让市民出行更舒心更顺畅。"
"这是一个新闻,新闻的关键词是扬森，卢卡斯,摘要为第75分钟，卢卡斯禁区内踢倒替补登场的拉梅拉，裁判判罚点球，扬森操刀主罚命中，热刺1-2利物浦。,标题为GIF-卢卡斯犯错送点，扬森笑纳点球,正文为第75分钟，卢卡斯禁区内踢倒替补登场的拉梅拉，裁判判罚点球，扬森操刀主罚命中，热刺1-2利物浦。"
"这是一个新闻,新闻的关键词是女子被拐17年 求救信5年后才被寄出【晨早新闻】2016.10.19 星期三 农历九月十九,摘要为置顶：点击上方蓝字公众号，点“置顶公众号”键，每天早晨6：48快速知晓最新全球热点资讯。每日晨语人生在世，应该在芬芳别人的同时美丽自己。湖南,标题为女子被拐17年 求救信5年后才被寄出【晨早新闻】2016.10.19 星期三 农历九月十九,正文为置顶：点击上方蓝字公众号，点“置顶公众号”键，每天早晨6：48快速知晓最新全球热点资讯。 每日晨语 人生在世，应该在芬芳别人的同时美丽自己。 湖南都市职业学院4天死3学生：2人坠楼身亡，1人斗殴去世。《晨早新闻》今日头条 今天凌晨，天宫二号和神舟十一号成功进行空间交会对接，“神舟”与“天宫”上演惊天之“吻”。这是天宫二号自9月15日发射入轨以来，与神舟飞船开展的首次交会对接。按照任务实施计划，两名航天员随后将从神舟十一号飞船进入天宫二号，开展空间科学实验。 两名航天员在完成对接后竖起大拇指相互祝贺 胡润研究院今日发布《2016胡润IT富豪榜》，马云以1950亿元的资产第三次成为“IT首富”，马化腾，丁磊则以1340亿元、960亿元的资产分列二，三位。报告称，这是丁磊首次进入排行榜前三名，而在此之前排名第三的李彦宏今年则滑落至排行榜第四位，资产为900亿元。胡润表示：“有趣的是，前十名中 马云 的年纪最大，为52岁，而前十名的平均年龄才45岁(其中马化腾、丁磊与平均年龄相同)。” 国内CHINA1）昨晚，菲律宾总统杜特尔特抵达北京，开始对我国进行国事访问。中国是杜特尔特上任后除东盟国家外，第一个访问的国家；2）外交部长王毅表示，中菲隔海相望，两国人民之间有着长久友好交往。前两年，两国关系的倒退损害了菲律宾人民的利益，也影响了地区形势稳定。杜特尔特总统就任后，做出了与中国重建友好的选择，愿意回到对话合作的轨道，体现了菲律宾人民的愿望，符合菲律宾国家民族利益，顺应历史发展潮流，任何人、任何势力都不可能阻挡；3）18日，江苏常州中级人民法院公开审理山西省政协原副主席令政策案。检察院指控：令政策利用职务上的便利，非法收受财物，共计折合人民币1607.2374万元。令政策当庭表示认罪悔罪，该案将择期宣判；4）今年第21号台风“莎莉嘉”昨日9时50分在海南万宁和乐镇登陆，登陆时中心附近最大风力14级。 受其影响，海南岛中东部、三沙市永兴岛及周边岛屿出现大暴雨或特大暴雨，，琼州海峡全线封航，粤海铁路客运停开，环岛动车停运，岛内海汽班线车全线停运。中央气象台继续发布台风红色预警，预计19日，“莎莉嘉”还会给海南、广东、广西等地带来强风雨天气。此外，今年第22号台风“海马”也在逐渐靠近我国，有可能于21日下午到夜间，以台风级强度登陆广东东部到福建南部一带沿海； 5）公安部近日公布：今年1—9月，全国共破获电信网络诈骗案件7.7万起，查处违法犯罪人员4.3万名，同比上升2.3倍，为群众避免损失47.5亿元；6）19日24时，我国成品油调价窗口将开启。业内普遍预测，此轮国内油价调整将迎来年内最大涨幅；【反腐】检察机关依法对最高人民法院原副院长奚晓明涉嫌受贿案，吉林省原副省长谷春立涉嫌受贿案提起公诉；宁夏伊斯兰教经学院原院长王明亮被立案侦查；呼和浩特市公安局原副局长冯志明一审被判有期徒刑18年；【军事】海军陆战队联合登陆演习 野牛突击上岸；美将装备反舰导弹濒海舰部署亚太，火力接近中国056舰；【港澳】港立法会五候任议员宣誓被裁无效，两人言辞辱国；香港发生走私快艇撞水警船事件，3人弃220万货逃走；【台湾】台统计部门：大陆游客少1成，经济成长率跌0.1%；失礼！蔡英文悼念泰王拼错泰国国名；台茶农摆“习马会”人形立牌招揽陆客；国际WORLD1）联合国粮农组织17日发布一份最新报告说，世界约有五分之一的温室气体来自农业，包括林业、渔业和畜牧生产；2）一首名叫“遇见劫匪”的歌曲在社交媒体公然鼓动针对华裔的抢劫、盗窃等犯罪行为，在美国华人圈引起强烈愤慨。当地时间10月15日，2000名华人在费城举行维权大游行，呼吁以合法方式争取自身利益与安全不受侵害； 费城华人维权大游行现场3）联合国安理会发表声明，强烈谴责朝鲜日前试射弹道导弹，敦促朝鲜停止此类行动。据报道，朝鲜15日试射一枚疑似“舞水端”中程弹道导弹，但发射失败；4）英镑贬值致中国游客在英国疯狂购物，数据显示，国庆黄金周期间，中国游客在伦敦的消费飙涨了300%； 5）“维基揭秘”网站17日爆料，该网站创始人朱利安·阿桑奇的互联网连接被掐断，是某个“当事国”干的，不过未对此详述，称应急计划已经启动； “维基揭秘”网站创始人朱利安·阿桑奇6）大连万达将以约10亿美元收购Dick Clark Productions，该公司成为万达收购的第二家好莱坞公司。今年1月，万达以25亿美元收购电影制片公司传奇娱乐；7）日本政府相关人士透露，政府设想在2018年实现天皇生前退位，日本国内相关立法预计将在2017年完成；8）奥地利内政部17日宣布，希特勒出生的楼房将被拆除，以避免它成为新纳粹朝拜圣地。这栋三层公寓楼坐落于萨尔茨堡州因河畔布劳瑙镇，邻近奥德边界。尽管希特勒出生后只在这里住了几周，它却成为世界各地纳粹支持者的“朝圣地”，一些新纳粹分子在楼前行纳粹举手礼拍照。奥地利内政部长表示，“会保留地基，建起一栋新楼供慈善团体或地方政府使用”，与希特勒“再也无关”； 9）欧俄航天局火星探测器太空旅行7个月，将登陆火星，探测车将寻找过去及现有的生命迹象。财经FINANCE1）2016年我国经济发展所面临的内、外部环境依然复杂，世界经济虽已呈现出回暖迹象，但步履维艰。国民经济处于潜在增长率下移、结构调整和深层次改革的叠加阶段，结构性矛盾突出，经济运行存在着特有的复杂性和不确定性，四季度中国经济景气指数仍然存在较大的下行压力；2）李克强在国务院振兴东北地区等老工业基地推进会议上强调，积极改革创新，主动破困前行，奋力开创东北全面振兴新局面，建立东南沿海与东北对口合作机制；3）多地发布楼市限购政策后，全国主要54个城市最近两周的签约数为116892套，而上两周为177206套，环比降34%。有业内人士称，此次限购或将使楼市回归良性发展轨道； 4）报告称，我国商业保理自2012年试点至今发展迅猛，新注册商业保理企业数量、业务量、融资量余额连续三年成倍增长。与此同时，商业保理仍面临政策法规问题，“重准入轻监管”现象依旧存在；5）今年8月，受土地市场活跃及谣言影响，上海房地产市场捂盘惜售、擅自提价销售、虚签合同、虚假交易等违法违规现象有所抬头。昨天，上海住建委宣布处理了涉事的8家房地产企业、7家房地产中介；6）本田将在中国内地的武汉市建设乘用车新工厂，最早将于年内动工，计划在2019年春季之前投产。总投资额为数百亿日元，本田的在华产能将提高20%。科技/互联网SCIIT1）昨天，中国泰尔实验室公布了中国首例由消费者送检的三星国行版Note7燃损手机的检测报告，显示广州消费者回先生的手机燃损原因是“电池自燃所致”，不是外部加热； 2）支付宝在香港受到消协质疑：留存用户数据违规。文化体娱CULTURE1）昨日，圆明园迎来罹难156周年纪念日，圆明园遗址公园在当天向公众免费开放，并将举办《圆明园四十景图》展、纪念圆明园罹劫156周年学术报告会、“勿忘国耻 勿忘历史 强国强军”爱国主义教育等一系列纪念活动。1860年10月18日，被誉为“万园之园”的圆明园惨遭英法联军大火焚毁，只留下一片沧桑遗址；2）中国足协接受高洪波辞职，同时重启选帅，10月20日将公布新主教练人选。目前消息显示，希丁克有意入主国足，中超一线的某教练也有意接手，但足协最心仪的主帅依然是里皮。不过，据《南方都市报》报道，里皮已经明确拒绝了足协；3）辽宁省质监局近日发布学生校服产品质量监督抽查情况通报，抽查发现的主要质量问题是产品纤维含量与标识不符，以及pH值项目不合格； 4）因为经费问题，东京都政改革总部提议东京奥运水上运动搬迁至既有设施。日本国内大会相关人士18日称，如果不建设目前计划的“海之森水上竞技场”，国际奥委会就考虑将韩国作为替代举办地；5）北京时间10月13日，瑞典文学院宣布，75岁的美国民谣诗人、艺术家和作家鲍勃·迪伦获得2016诺贝尔文学奖。但从那天起，瑞典皇家学院就一直没有联系上迪伦本人。据英国卫报17日报道，多次联系未果之后，瑞典皇家学院表示放弃联系迪伦。学院的常务秘书Sara Danius表示，他们坚信迪伦在今年12月10日举行的颁奖晚宴上一定会出现；6）李晨被曝出身军人家庭，身家10亿拥有多辆豪车；7）上个月刚刚加盟土耳其瓦基弗银行队的朱婷，代表球队征战在世界女排俱乐部锦标赛，昨天迎战小组赛首个对手日本久光制药队，经过四局对战，最终3-1胜；8）王宝强和马蓉的离婚诉讼案与马蓉诉王宝强名誉侵权案昨日在北京朝阳法院首次开庭审理，当天王宝强亲自出庭，马蓉未出庭。律师称岳母没劝和，王宝强收到马蓉威胁信息：“你要敢发声明，我会让你身败名裂一无所有，不信走着看。”昨晚，王宝强发微博就出庭作出回应，透露案件进展顺利，感谢大家关心。据悉，下次开庭时间将在11月上旬。社会百态SOCIETY1）2017年国考报名继续进行。在17日的报名中，报名人数单日增8.6万人，累计报名人数超16.5万人。目前，考生竞争最激烈的职位来自中国民用航空浙江安全监督管理局，竞争比接近400：1；2）征信报告、账户明细、余额等，本是个人的隐私。但是，湖南一银行支行行长，却出售自己的查询账号给中间商，再由中间商将账号卖给有银行关系的“出单渠道”团伙，再由另外一家银行的员工进入内网系统，大肆窃取个人信息；3）福建晋江32岁女子阿华17年前被人拐到贵州，被逼嫁给当地人。2011年，她趁人不注意，偷偷写了一封信，托朋友寄给父母。直到最近，这个朋友才将信寄出。10月5日，阿华的父亲才接到信…13日，阿华终于回到家中，与家人团聚； 4）一名职校女生，在QQ上认识了一名网友，对方向她宣传极端主义、恐怖主义思想，这名女生对这种思想产生兴趣，10月11日，她涉嫌非法持有宣扬恐怖主义、极端主义物品罪在安徽省合肥市中级法院受审。在庭审现场，小娟表示认罪，称之前不知道“阿卜杜拉”是干啥的，后来才知道；5）八达岭老虎伤人事件伤者近日称，自己下车不对，但园方要负七成责任，还延误了母亲的救援时间；园方回应，成年人不能总说“我以为”，需第三方裁决；6）由荷兰设计师设计的雾霾净化塔已抵京。雾霾净化塔能捕捉并收集空气中至少75%的PM2.5和PM10雾霾颗粒，每小时能净化3万立方米的空气，在塔周围制造出一个环状清新空气区域； 7）浙江乐清国际大酒店近日出现了一条重达715斤、长约2.5米的蓝鳍金枪鱼，酒店董事长卢启旺说，这条蓝鳍金枪鱼市场价在300万元左右，最贵的一块腮帮子肉每两售价3800元。据悉，迄今为止，在国内也罕见如此大的蓝鳍金枪鱼。 健康生活温馨提醒 【秋日人困乏，试试冰糖薄荷茶】选用薄荷叶5到10片，加入热水200毫升，盖上15~20分钟加入冰糖、蜂蜜或者果汁即可饮用。此外，女性还可在薄荷茶中加入4~5朵玫瑰花，这样能起到降火气、调血气等作用。 【洋葱可以降低胆固醇和血压】作用和药物阿司匹林类似。但洋葱生吃效果较好，烹调越久降胆固醇效果就越差。每天只要吃半个生洋葱，持续8星期，就能使“好胆固醇”浓度增加20%。 【熏肉、腊肉吃太多，早亡风险高】因为这种肉含有大量的胆固醇和饱和脂肪酸，容易阻塞血管，引发冠心病。为此，建议人们应将加工肉制品的摄入量限制在每天30克以内。 历史上的今天 1936年10月19日 鲁迅在上海病逝； 1943年10月19日 《解放日报》发表《在延安文艺座谈会上的讲话》； 1996年10月19日 我国第一艘热气飞艇首飞成功。 今日温馨提示：遭遇电信诈骗别慌，牢记这三步！近年来，电信网络诈骗持续高发，从2011年至2015年，全国电信诈骗案件数量从10万件飙升至约60万件，仅2016年1月至7月，因电信诈骗造成的经济损失就高达114.2亿元。虽然我国打击治理电信网络新型违法犯罪专项行动取得了阶段性战果，但是，各级公安机关当前在打击电信网络诈骗犯罪中仍存在一些短板。 六部委联手打击电信诈骗放大招遭遇电信诈骗了怎么办？为进一步提高接警止付效率，尽最大可能挽回受害人损失，公安部前日发布了电信网络诈骗案件报案注意事项，这三点一定要牢记： 一、准确记录骗子的账号、账户姓名； 二、尽快拨打110或者到最近的公安机关报案； 三、及时准确将骗子的账号和账户姓名提供给民警，由公安机关进行紧急止付。 天气早知道 18日20时至19日20时，江南西南部、贵州东南部、华南中西部、海南岛等地有中到大雨，其中，广东西南部、海南岛西部、广西中南部等地有暴雨，海南岛西部、广西南部等地的部分地区有大暴雨。另外，新疆沿天山地区和西北部、内蒙古东北部、黑龙江中北部、青海南部、西藏东北部等地有小到中雪或雨夹雪，其中，新疆阿勒泰地区和天山西部、内蒙古东北部的局地有大雪或暴雪。 长沙空气污染指数(Pm2)，133，轻度污染，老人、小孩和敏感人群限制外出活动，一般人群不适合早晨锻炼身体。小雨，实时温度20度，全天20~21，空气湿度93％，日出6:32日落 17:55。 今日话题 长沙一网友近日在某论坛吐槽称，一位关系很好的大学同学结婚，她送了600元，可她结婚时同学只回了200；同学生娃时，她又送1000元，可她生娃时，朋友只送包水果。“还值得往来吗？”该网友纠结地问：“送礼该不该拿来做对比？”对此，你怎么看？在下方留言，跟我们分享你的观点吧~ 推荐阅读 明日成品油价迎年内最大涨幅【晨早新闻】2016.10.18 星期二 农历九月十八 湖南一大桥建成6年桥墩变“蜂窝”【晨早新闻】2016.10.17 星期一 农历九月十七 44城自来水检出消毒副产物 或致消化道癌【晨早新闻】2016.10.15 星期六 农历九月十五 谨慎使用含阿司匹林的中成药【晨早新闻】2016.10.13 星期四 农历九月十三 公安部通缉2名特大网络诈骗人员【晨早新闻】2016.10.7 星期五 农历九月初七 来源：人民网、新华网、央视网、中新网、凤凰网、新浪网等主编：央木；编辑：李萍 朱虹 陈煜 刘卓更多全球最新热点新闻资讯，请长按下方框内二维码、扫一扫二维码或文字输入关注""楼宇报道"" (微信号ddsblybd) 官方微信。欢迎提供各方面新闻线索，如是投诉维权，请注明姓名、电话和事情缘由，以便快捷联络。我们将竭诚为您服务！喜欢请点赞，有用请分享，您的转发分享是对我们最大的鼓励！"
"这是一个新闻,新闻的关键词是舒淇，林心如,摘要为舒淇、林心如、林熙蕾是娱乐圈出了名的好闺蜜，这几天，她们又一起出去玩了，这次的旅行地是日本：如果舒淇之前晒这张照片还会被吐槽单身狗的话，那现,标题为舒淇林心如同游日本，俩人这肚子都有情况啊？,正文为舒淇、林心如、林熙蕾是娱乐圈出了名的好闺蜜，这几天，她们又一起出去玩了，这次的旅行地是日本： 如果舒淇之前晒这张照片还会被吐槽单身狗的话，那现在的配字就应该改成：“三个把老公丢在家里的女人”.....林熙蕾2011年结婚，现在已经有两个孩子 林心如今年7月底办的婚礼，目前待产中 至于舒淇，被催了这么多年的她也终于找到真爱 所以她们这趟日本之旅完全就是人妻大聚会，感觉玩的老开心了 三个人里，只有林如心是确定怀孕的，虽然每次晒照都小心翼翼地避免肚子出镜 不过还是有人偶遇了她们，从这位网友的照片看，准妈妈的肚子已经相当明显了 不过等下，旁边的舒淇为啥也.......难道是穿衣风格和拍照角度的问题？ 记得在刚公布婚讯的时候，舒淇就说自己“目前尚未怀孕” 然而1个月之后，她就晒出了戴着“好孕勋章”的照片： 看来即使现在没啥情况，舒淇内心对小宝宝还是非常期待的.......人生最幸福的瞬间之一就是和闺蜜一起享受幸福吧，如今这三人都已经名花有主，家庭美满，下次聚会就应该带着孩子了吧？ 最后一句曾经被当做“剩女挡箭牌”的舒淇都告别单身了，橘子君是该加把劲儿了......."
"这是一个新闻,新闻的关键词是二维码，医生,摘要为来源：医学界内分泌频道明天就是周末了，站友们都做点啥？是不是这样度过的：在门诊看病在病房看病在手术室做手术吃这个这样睡觉总之，医生把大部分时,标题为医生们的周末，是这样过的,正文为 来源：医学界内分泌频道明天就是周末了，站友们都做点啥？是不是这样度过的： 在门诊看病 在病房看病 在手术室做手术 吃这个 这样睡觉总之，医生把大部分时间都贡献给了病人，连休息的时间都很少，更鲜有时间陪伴家人。然而，不管怎么忙，有件事是医生每天都会做的，那就是学习！医生那么忙、累，为什么还要拼命学习？一位来自基层医院的医生说，作为一个县医院的医生，外出学习的机会很少，小医院资源又有限。如果不想一辈子做一个水平不行的医生，不学习能行吗？那么，三甲大医院的医生是不是就不需要那么拼命学习了呢？一位三甲医院的医生是这样说的：“不学习？呵呵，那你就别当医生了。干了医生这个行当，你就要做好一辈子学习的准备。医学知识更新那么快，只有通过不断的学习才能提高自己的能力。”还有一位科主任说，很多人可能觉得，到了我这个年龄、位置，是不用再学习了。也许其他职业可以，而作为医生却并非如此。作为一个科主任，带领着一个科室，首先自己必须不断学习，了解行业动态、学术进展，才能督促科里的年轻医生去学习和进步。临床上很多疑难问题，下面的医生遇到了都指着你，你不学习，你能指望谁？医生为什么那么爱学习？其实，说到底是为了更好的治病救人！而在网络和智能手机相当普及的今天，为了更高效的学习。很多医生都借助“医生站”app这样的医生学习平台，充分利用“碎片”时间学习。如何观看医生站网页版？直接输入网址：http://web.yishengzhan.cn，即可进入医生站网页版。大屏讲座，等你来听！如何下载医生站？按住图中二维码3秒钟，识别二维码后，按提示步骤下载并安装。如何微信观看讲座？长按识别下面的二维码点击关注即可。"
"这是一个新闻,新闻的关键词是雨露滋润禾苗壮,摘要为雨露滋润禾苗壮,标题为雨露滋润禾苗壮,正文为雨露滋润禾苗壮"
"这是一个新闻,新闻的关键词是毛新宇和妻子刘滨在一起的14年，为何常去这些地方?,摘要为近日，毛泽东嫡孙、毛新宇少将，携妻子刘滨、儿子毛东东、女儿毛甜懿到延安参观学习。期间，毛新宇一家四人还专程到西安看望了正生病住院的毛泽东的秘,标题为毛新宇和妻子刘滨在一起的14年，为何常去这些地方?,正文为近日，毛泽东嫡孙、毛新宇少将，携妻子刘滨、儿子毛东东、女儿毛甜懿到延安参观学习。 期间，毛新宇一家四人还专程到西安看望了正生病住院的毛泽东的秘书高智。毛新宇现任解放军军事科学院军事战略研究部副部长，少将军衔，是全国政协委员。妻子刘滨也是一位军人，还兼任全国妇联执委。据毛新宇《母亲邵华》一书披露，毛新宇与刘滨于2003年喜结连理。毛新宇儿子毛东东于2003年12月26日出生，这一天也是毛泽东诞辰110周年，毛新宇曾表示，“我很爱他，他与曾祖父是同一天生日。”其女儿毛甜懿则出生于2008年。“政事儿”(微信ID：gcxxjgzh)梳理发现，除了革命老区延安，毛新宇一家，一般还会集体出现在毛主席纪念堂、故乡湖南韶山等地。革命老区延安作为革命圣地的延安，是毛新宇一家经常来的地方，而其他毛泽东后人，也会经常在延安露面。近日，毛新宇与妻子刘滨、儿子毛东东、女儿毛甜懿，到延安参观学习。一家四人到当年的大生产基地南泥湾、毛岸英务农旧居等地参观学习、合影留念。7月23日，毛新宇还与刘滨一起到黄帝陵祭拜。在延安期间，毛新宇与刘滨还参加了一场活动。7月22日上午，毛新宇和刘滨出席了由中央电视台与陕西省委宣传部等单位共同举办的百集大型人物传记纪录片《百年巨匠——舒同》的开机仪式。在开机仪式上，毛新宇致辞，并对舒同及其书法成就评价到：“舒同的书法独树一帜，舒同革命的一生深受毛泽东思想的熏陶和影响，他们的书法是对中国优秀传统文化和传统哲学思想的继承，是中国革命和中国社会主义建设光辉历史的真实写照，对社会主义文化事业建设作出了卓越的贡献。”此外，毛新宇一家四人还专程从延安到西安，看望了正生病住院的毛泽东秘书高智。高智今年88岁，曾在1952年至1962年担任毛泽东机要秘书。据现场照片显示，高智躺在病床上，毛新宇、刘滨、毛东东、毛甜懿站在旁边亲切慰问。 2013年9月，电视剧《毛泽东三兄弟》在延安举行杀青发布会，毛新宇和刘滨也出席。担任该剧总顾问的毛新宇，在现场与主创一起合唱《东方红》，并激动地流下了泪水。毛主席纪念堂“政事儿”(微信ID：gcxxjgzh)注意到，毛新宇一家四口另一个会共同出现的地方，是毛主席纪念堂。近年来，每逢毛泽东逝世周年纪念日和诞辰纪念日时，毛新宇都会与刘滨带着儿子毛东东、女儿毛甜懿到毛主席纪念堂纪念。 2015年9月9日，是毛泽东逝世39周年。毛泽东之女李讷、女婿王景清，毛泽东外孙王效芝、侄女毛小青，毛新宇、刘滨携子女毛东东、毛甜懿到毛主席纪念堂瞻仰纪念。毛新宇一家送了花篮，并在毛泽东雕像前合影留念。三个月后的12月26日，是毛泽东诞辰122周年。这一天，毛新宇又带着刘滨、毛东东、毛甜懿到毛主席纪念堂，瞻仰毛泽东遗容并敬献花篮。 在现场，毛新宇还被同来瞻仰的人群围住，为大家签名。“政事儿”(微信ID：gcxxjgzh)注意到，2009年12月26日，毛新宇带领一家到毛主席纪念堂纪念毛泽东诞辰116周年时，毛东东6岁，而毛甜懿仅1岁4个月。2010年9月9日，在参加完毛泽东逝世34周年纪念活动后，毛新宇做客人民网时曾公开谈到了妻子刘滨：”她是一位合格而又优秀的女军人。她已经在部队工作16年，她在我的学习和生活当中给予我很多的帮助，应该是我的一个好助手。同时她本人现在工作负担很重，还要替我承担和管理很多家庭事务。对此，我对妻子表示感谢。”每当在媒体上说起爷爷毛泽东，毛新宇总是面露敬仰之色，他说：“我无限崇拜爷爷。”毛新宇曾在2013年这样评价毛泽东：“爷爷他老人家已逝世37年，世界也发生了天翻地覆的变化，但是，人民甚至敌人都没有忘记他。”“毛泽东最提倡清正廉洁，毛泽东时代也几乎没有贪污腐败现象。百姓很是怀念当年干部的廉洁作风和社会正气。腐败问题是关系到党的生死存亡的大问题。所以，应该认真抓廉洁，反腐败，这样才能得到百姓的拥护，把党的事业建设得更好。”湖南韶山作为毛泽东的故乡，湖南韶山一直是毛泽东后代经常去参观纪念的地方。毛新宇曾对媒体表示，自己每年都要带家人回韶山，看望家乡的亲人，表达自己对爷爷的缅怀之情。“政事儿”(微信ID：gcxxjgzh)注意到，今年4月，是毛泽东后人聚的最齐的一次。4月3日，湖南省委宣传部、韶山市委等单位举办毛泽东大弟毛泽民诞辰120周年纪念活动。毛泽民的儿子毛远新、儿媳全秀凤、孙女李莉、孙女婿于庆蔚;毛泽东女儿李敏、李讷，李讷的丈夫王景清，李敏的儿子孔继宁、女儿孔东梅、女婿陈东升，李讷的儿子王效芝、儿媳王伟;毛泽东嫡孙毛新宇，毛新宇的妻子刘滨、毛新宇儿子毛东东、女儿毛甜懿等，几十位亲属参加了活动。 2015年4月5日，毛新宇与刘滨、毛东东、毛甜懿一起回到湖南长沙县板仓杨开慧纪念地，祭扫奶奶杨开慧和父母毛岸青、邵华的墓地。随后，毛新宇一家来到韶山，当晚冒雨观看了全球最大红色经典实景演出《中国出了个毛泽东》。据当地媒体报道，在观看过程中，毛新宇几度用纸擦拭眼睛。他说，“今天是清明节，在这个特殊的日子，我们全家来看这个演出，我们的心灵感触很深。”第二天上午，毛新宇一家赴毛泽东广场向毛泽东铜像敬献花篮，毛新宇说，“爷爷，清明节我回家乡了，我带着后辈们来缅怀您!”当天下午，在毛泽东故居内，毛新宇和刘滨还向毛东东、毛甜懿作革命传统教育。2010年4月，毛新宇一家回韶山纪念完毛泽东后，特地绕道宁乡县花明楼镇来到刘少奇纪念馆，纪念刘少奇。在整理花篮绶带时，他特意叫上了儿子毛东东，花篮绶带上写着：“献给敬爱的刘少奇爷爷!毛新宇、刘滨、毛东东、毛甜懿敬”。对母亲邵华的几次特殊纪念2008年6月24日，毛泽东之子毛岸青妻子、毛新宇母亲邵华因病逝世，终年69岁。少将邵华生前任中国人民解放军军事科学院原军事百科研究部副部长。在邵华逝世后，毛新宇与刘滨亲自布置灵堂。在遗体告别仪式上，毛新宇身着军装，刘滨和毛东东都穿着深色的衣服，胸前戴着白花，胳膊上佩戴黑纱，与前来吊唁的人一一握手。 在邵华逝世24天后，毛新宇与刘滨在《人民日报》合撰文章《杜鹃永远火红》，回忆母亲邵华的传奇人生。“政事儿”(微信ID：gcxxjgzh)注意到，1977年，毛岸青、邵华带毛新宇回老家韶山时，曾写下散文《我们爱韶山的红杜鹃》，后被编入中学语文课本。在毛岸青离世后，邵华又写下《又见韶山杜鹃红》。毛新宇在文章的最后写道，“亲爱的妈妈，您的嘱咐我们记住了。我们将更加严格地要求自己，做合格的共产党员，做爷爷毛泽东的好后代。”2008年12月21日，按照毛岸青及邵华遗愿，其骨灰在毛新宇、刘滨、毛东东等护送下，安葬于长沙县杨开慧烈士陵园。在邵华逝世五年后，毛新宇所著的《母亲邵华》出版发行，该书首次披露了毛氏家族后人的生存现状。 2013年12月19日下午，毛新宇携刘滨、毛东东及邵华的妹妹张少林等亲属参加新书座谈会。在座谈会上，刘滨说，“这本书写作过程的艰难我是亲眼见证的，有人认为我们这样的家庭很神秘，其实是一种误解。希望大家通过这本书了解我们的欢乐、烦恼、幸福与痛苦。”2014年9月，毛新宇与刘滨整理出版了毛岸青与邵华的合著《我们的父亲毛泽东》。“政事儿”(微信ID：gcxxjgzh)撰稿：新京报记者郑书 实习生何强 校对：郭利琴编辑：王晓琳 校对：郭利琴"
"这是一个新闻,新闻的关键词是为何杨幂钟爱Gentle Monster太阳镜？,摘要为当今最炙手可热的太阳镜品牌非GentleMonster莫属，他以大胆的设计风格、鲜艳的配色理念、时尚前卫的配饰元素以及造型惊绝的品牌个性，征,标题为为何杨幂钟爱Gentle Monster太阳镜？,正文为当今最炙手可热的太阳镜品牌非GentleMonster莫属，他以大胆的设计风格、鲜艳的配色理念、时尚前卫的配饰元素以及造型惊绝的品牌个性，征服了包括杨幂、李易峰、G-Dragon、全智贤在内的无数明星艺人及他们的粉丝。不过“酒香也怕巷子深”，好的产品也要有好的舞台。今年的9月1号，Gentle Monster在中国大陆的第二家旗舰店于上海淮海中路800号隆重开幕，这个来自韩国的潮流品牌离我们越来越近，而去那里一探究竟，你便会知道为什么它能成为杨幂等大牌明星的御用太阳镜。 Gentle Monster旗舰店 Gentle Monster旗舰店实际上，世界各地的Gentle Monster旗舰店都以独特主题装置艺术而闻名，如韩国大邱以「Secret Laundry洗衣店」为主题，北京旗舰店以「Secret Apartment公寓」为一个Secret Neighbor的主题故事，香港旗舰店则以「火车月台」为主题，而今次上海旗舰店也与全球 Gentle Monster专门店看齐，由品牌的创意团队赋予了其独一无二以木头，金属和声音为主题设计——「Artisan匠人」。 我们知道，淮海中路历经百年见证了上海滩的兴衰繁华，正如伴随历史繁荣发展又历经坎坷的艺术家”Artisan”，默默地为大上海的繁荣发展贡献自己的一份力量，不忘初衷秉持匠心，创作经久不衰的艺术作品。在店铺设计上，Gentle Monster始终不渝地坚持追求新的产品空间展现方式，以有形的“铁与木”和无形的“声音”表达了冲突又谐调的“Artisan”主题，使其不仅具有独特的设计感，也能将创意的理念与独特的设计感兼收并蓄融合在旗舰店设计展示里。如果你想购买一副杨幂的同款太阳镜，那就不妨来一睹这个犹如童话般的艺术空间。 店铺的一层由物性相反的有形材料——金属和木材，以及形态相反的无形材质——声音打造而成，有形与无形之间和谐调和， 呈现出艺术家“Artisan”独到的视角和审美。 顺沿楼梯步入二楼，又是一番不同的视觉惊喜，多条以镜面装饰的走廊汇聚到中央的艺术空间， 透过独具匠心的作品空间蕴藏人文关怀，这里是”Artisan”的休憩空间。当然，在欣赏完了整个艺术空间后，不要忘了此行的主要目的，那就是买一款属于自己的太阳镜。在这里，不管是杨幂同款、李易峰同款，还是G-Dragon同款、全智贤同款，你都能找到自己偶像所佩戴的太阳镜。下面让我们来看看Gentle Monster近期最火爆的几个款型。 杨幂同款 Gentle Monster Lovesome 杨幂同款 Gentle Monster DiDi A Gentle Monster Jumping Jack作为打造复古文艺范的装备，这款彩色透镜仿佛专为夏天而造。虽然镜片清透看似只能用来凹造型，其实能有效抵挡紫外线，而且款式非常百搭。方圆的镜片在鼻翼处做了有标示性的切割设计，可比“盖茨比”中那些非常挑脸的小圆黑镜片实用的多。 Gentle Monster Love PunchLove Punch也是男女皆宜的人气爆款，“镜面玻璃+装饰感金属框架”，真是满满的设计感。全球最具影响力的亚裔博主Aimee Song无数次晒过这款，可见深爱程度！这款猫眼太阳镜在眼角处的上扬设计不会太过夸张，利落的线条反倒有建筑感，耐看又高级。 Gentle Monster Big Bully同样是飞行员经典太阳镜，还有一款在明星微博自拍中出镜率极其高的太阳镜，是Gentle Monster家的这款复古镜面镜。辨识点在于侧面的镜片框厚度，仅仅是这个细节设计，就让这款太阳镜的复古质感提升了好几个档次。"
