content
"这是一个新闻,新闻的关键词是一大波虐狗节袭来，你妈逼你找对象了吗？,摘要为原创反派胡克本文发自/Sweden瑞典/在瑞典念书的那一年，我妈每次跟我聊天，都唠叨我：“没事看看周围有优秀的中国男生，就谈一个吧啊？”我咆,标题为一大波虐狗节袭来，你妈逼你找对象了吗？,正文为原创反派胡克本文发自/Sweden瑞典/在瑞典念书的那一年，我妈每次跟我聊天，都唠叨我：“没事看看周围有优秀的中国男生，就谈一个吧啊？”我咆哮回去：“特么我上学这岛上中国人除了我就还一远嫁过来的已婚妇女，你让我去哪儿谈？”我妈叹口气，说：“实在不行，和外国人谈，也将就吧。”我连咆哮的力气也没了。 我妈对我的婚恋状况，一直抱着一种神一样的天真态度。我至今还记得高考结束那会儿，我妈语重心长地跟我说：“等以后上了大学，你会谈一场刻骨铭心的恋爱，它会伤你很深，但就是这场恋爱，会让你急速成长……”口气很像深夜档讲出轨故事的电台姐姐。那时我还偷偷在心里想了很多次，以后会让我刻骨铭心的男生到底是什么样子的，是不是那种穿着白衬衫，皮肤黝黑，笑起来有虎牙，有点话唠又很阳光的男生。就差不多刘昊然那个样子。我和这个男生会有一场惊心动魄的恋爱，然后大四的时候，因为各种不可抗力，我们不得不分开，在最后的车站，他坐在绿皮火车上，悲伤地看着我，眼神里好像藏了以地球为圆心半径一万光年以内所有的孤独星球。我追着火车跑，边跑边哭，哭得喘不过气，却怎么也跑不过这飞逝的时光和再也不会回来的青涩恋情…… 然后我这么一想，他妈的五年就过去了，我妈又开始唠叨我：“你这都25了，还不谈场恋爱，你不会是同性恋吧？”我咆哮回去：“我才23！周岁23！虽然我觉得同性恋挺好的，但对不起我还是喜欢男的啊！”不知道别人怎么样，反正到我这里，大学毕业了还没谈过恋爱，好像已经变成了人生的污点。毕业的时候我们宿舍五个女生出去喝酒，五个单身狗坐在酒吧里忧郁地看着彼此，最后砸了个酒瓶，说：“我们这是被诅咒的寝室吧啊啊啊？” 我大学毕业的时候发誓，自己下一阶段的目标，就是谈一场恋爱。人生转眼过去四分之一了，还没牵过男生的手，这要是出去找工作，被面试官知道了，说不定会以“人生阅历不及格”把我给拒之门外吧？当时我内心还是有点期待的，中国男生没有适合我的，国外还有五分之四的选择面呢，这要是在外国人圈里还找不到，那我就只能祈祷航天技术飞速发展，我飞火星上去找吧。 我去念学的小岛给我创造了十分充裕的环境，岛上五万人口，没有一个中国男人，中国女人也只有两个。所以，我的交际圈里的所有男人，都是外国人。我们公寓里六个人，四个男生，都是和我一样念硕士的。熟了之后，我一个男性朋友特别吃惊地问我：“你竟然还是处女？你都22了还是处女？” 我沉思了一下，说：“我们中国人比较保守，不到结婚都不会拉手、抱抱、亲嘴和上床的。”他看白痴一样看着我，说：“你以为我没见过别的中国人？”我拒绝和他在这个话题上继续交流下去。 但我很快发现，以我目前的状况（身体加精神），和外国人谈恋爱有点麻烦，因为外国人都是先性后爱的，你让我见到一个人之后不谈感情不谈人生就直接脱裤子，我真有点办不到，荷尔蒙还没有冲动到那个地步啊！有人说那是因为你喝得不够多，不好意思，我喝多的具体表现就是冲到厕所一阵吐。有一次我参加趴体来晚了，为了赶进度，连喝了六杯红酒，之后就冲厕所去了。我朋友在门口狂喊说：“吐马桶里！吐马桶里！”我非常严肃地说：“不！我不要跪着吐！我要有尊严地吐！”接着我就站着吐在他家水池里了，后来我们就友尽了，想想还挺忧伤的，要是当时我放弃尊严，跪着吐，说不定我俩继续发展发展，就变成男女朋友了呢？ 除了先性后爱这一条，其他方面的culture shock也是很大的。国土方面的争议就不用说了，反正是一路撕过来的，毕竟意识形态都不一样，有次我朋友直接说：“如果人口多，管不过来，你们直接让地区独立就是了。”有关反分裂、领土主权这种东西，他们根本没有我们这种强烈的概念，前段时间挪威不还说芬兰过生日要分一座山给他们么……我们都是有血有肉的个体，可我们之间隔着一道厚厚的玻璃，这边的我和那边的他，不知道对方到底在说什么。并不是完全沟通不能，我和认识的外国男生也能交成朋友，熬夜看Eurovision吐槽歌手，每周一聚做各种各样的晚餐，在夜里骑着自行车在古城内溜达，在趴体里喝多抓着朋友哭个不停却十分有安全感，一起出去玩在布达佩斯的山顶看漫天飞雪，在罗马尼亚境内看满天繁星…… 可这一切的一切，都只能止步于朋友了，到男朋友那一步，始终跨不出。精神世界无法达到共鸣。我说红楼西游三国，那些古诗词中的忧伤和豪迈，他们不懂，而他们对酒吧趴体的疯狂热爱，对酒精和嗑药的迷醉，我也不懂。语言分割开来的不只是肤浅的交流，更多的是精神上的互感。能让我快乐、疯狂、着魔、慌张、悲伤、沉默的东西，对他们来说，只是一堆无解的符号。 就好比这一篇《施氏食狮史》：十时，适十狮适市。是时，适施氏适市。氏视是十狮，恃矢势，使是十狮逝世。氏拾是十狮尸，适石室。石室湿，氏使侍拭石室。石室拭，氏始试食是十狮尸。食时，始识是十狮尸，实十石狮尸。试释是事。我告诉他们，这一篇文章里面，所有的字都念shi，可这却讲出了一个完整的故事。他们会“哇”！可是“哇”后面，就没有了。再深层次的东西，东方的我们和西方的他们，没办法再沟通了。汉字的美，他们只知道美，比美更深层次的东西，他们也不懂了。他们不了解这些东西有多美，有多深邃，读起来有多么让人肃然起敬，五千年的文化，我学了二十多年，连皮毛都没摸到，更何况是那群连“谢谢”都发不清楚的外国人。 我不知道是不是我太苛求了，可如果要谈恋爱，我还是想要精神上的共鸣。后来，和国内的一群朋友去挪威玩，在路上，我们一起唱着中国的歌，无论三俗还是流行，都十分尽兴。后来，我们开始串古诗，你说上句，我说下句，那样的默契，是你和一个外国男生去一百次pub都得不来的。一句诗里的神韵，只能允许你和中国男生产生共鸣。那一刻，我挺笃定地想：嫁个中国男人，真的挺好的。本文图片来源于网络@版权声明：本文由时区公众号TIMEZONE（ID: timezoner）原创首发，版权所有。转载请在时区后台留言“转载”获得授权，对违法使用本内容者，将追究其法律责任。TIMEZONE，留学生原创平台，欢迎坐标在世界各地的你。时区签约作者| 反派胡克风驰天下，大运摩托交个外国男朋友真的不好？听听她们怎么说后台输入关键词阅读战火 | 任你臂弯再广阔，遮挡不住那战火的硝烟财前先生 | “我不喜欢这个”“那我们想想办法好了”爱过 | 我曾被你，不顾一切地爱过约会文化 | 睡了一百次，还不是男女朋友？法式帅哥 | 与色香味俱全的法国帅哥共浴爱河？请带好救生圈"
"这是一个新闻,新闻的关键词是拍 卖 公 告,摘要为武汉中信拍卖有限公司“湖南文物2015春季艺术品拍卖会”，将于2015年4月15日在湖南省长沙市芙蓉区湖南省文物总店七楼举行，预展时间4月1,标题为拍 卖 公 告,正文为武汉中信拍卖有限公司“湖南文物2015春季艺术品拍卖会”，将于2015年4月15日在湖南省长沙市芙蓉区湖南省文物总店七楼举行，预展时间4月13、14日。此次拍卖会征集的文物艺术品拍卖标的共计449件，包括瓷器、玉器、杂项、书画。有意向购买的客户，需携带身份证及保证金办理竞买手续。公司地址：湖北省武汉市江岸区惠济路63号。联系电话：长沙0731-84432924（刘女士）、武汉027-82868382（徐女士）。"
"这是一个新闻,新闻的关键词是春季短发既然那么好看！性感俏皮的时尚短发搭配真美,摘要为细碎的刘海，刚及下巴的头发，波波头的即视感，不过这款波波头区别于平时的俏皮可爱，反而把人显得更有气质，服贴的头发和宽檐帽子，高冷气质感觉酷酷,标题为春季短发既然那么好看！性感俏皮的时尚短发搭配真美,正文为 细碎的刘海，刚及下巴的头发，波波头的即视感，不过这款波波头区别于平时的俏皮可爱，反而把人显得更有气质，服贴的头发和宽檐帽子，高冷气质感觉酷酷的。 自然、随性的刘海搭配内扣的及肩短发，散发着迷人的魅力，女人味十足，头发柔顺光泽，让人好感倍增哦，新春一款自然随性的短发就能尽显气质，赶紧试试吧！ 新春，一款咔哇咦的短发既减龄又可爱，如图这款便是，空气薄刘海凸显清新可爱气质，内扣短发可爱又俏皮，很不错哦！ 较为青春的一款齐耳短发烫发，规则的蛋卷烫，厚重的刘海，打造出青春可爱的感觉，减龄效果也很不错哦，这种简单的蛋卷烫适合长脸、瓜子脸。 内扣式的短发修颜又好看，这种及肩短发是很多女生的最爱，一侧刘海发丝撩至耳后，尽显性感迷人，还有一丝小俏皮，如此娇俏的短发迷人又可爱，好看哦！ 烫卷的及肩短发，韩范十足，轻薄的碎刘海，烫卷蓬松的蛋卷头，活泼俏皮又可爱，减龄时尚颇有学生味，新春这款烫卷发能为你带来青春可爱气息，十分迷人哦！ 齐耳短发烫成内卷，不仅修颜更显内敛气质，染成黄棕色的头发也彰显出无限的时尚魅力，和红唇搭配更显性感魅力，这款齐耳短发烫发并不怎么挑脸型，瓜子脸、鹅蛋脸、方脸甚至是圆脸都可以尝试。 齐耳烫发和内弧刘海搭配，别有一番风味，既有小清新的感觉又不失女生该有的知性甜美，简单染一个时尚的发色就能让你魅力加倍，小性感的feel有没有，这款齐耳短发烫发适合脸型较为标致的女生，如瓜子脸，或者倒三角脸的女生也可以试试。 比较常见的韩式齐耳短发烫发，散发着光泽的发丝为这款短发加分不少，小性感有没有？碎刘海和齐耳短烫发搭配刚好可以弥补长脸的缺陷，特别适合长脸的女生哦，瓜子脸的女生也可以试试。 侧分的齐耳短发烫发更有知性美，御姐范十足，耳际的发丝烫出凌乱感，展现别样风情，别样的性感送给别样的你，瓜子脸或稍带硬朗线条的方脸都可以试试。添加官方微信公众号：shishang-liren 立即免费成为首批时尚达人VIP！立即关注分享：99%女性都会关注的时尚媒体，分享更多健康保养知识VS时尚装扮技巧！成为最美丽的时尚女人部落VIP！"
"这是一个新闻,新闻的关键词是丰田，花冠，搜狐汽车，吉林,摘要为促销时间：2014.6.21-2014.6.27【搜狐汽车吉林站于欢报道】日前，搜狐汽车吉林编辑从吉林市丰田经销商处了解到，店内丰田花冠EX,标题为[吉林]实用家轿　丰田花冠综合优惠1.5万,正文为促销时间：2014.6.21-2014.6.27【搜狐汽车吉林站于欢报道】日前，搜狐汽车吉林编辑从吉林市丰田经销商处了解到，店内丰田花冠EX火热开售，购花冠EX部分车款优惠1万元，现车充足。现在购车赠送价值0.5万元礼包。感兴趣的朋友可到店咨询详情。具体车型优惠政策如下：丰田花冠EX 厂商指导价 直降 现价 现车情况 询价1.6L 手动超值版 9.08万 ↓0.8万 8.28万 现车充足1.6L 手动卓越版 10.08万 ↓1万 9.08万 现车充足1.6L 自动卓越版 10.88万 ↓1万 9.88万 现车充足1.6L 手动豪华版 10.58万 ↓1万 9.58万 现车充足1.6L 自动豪华版 11.38万 ↓1万 10.38万 现车充足制表：搜狐汽车吉林站查看更多降价信息请进 降价栏目首页 丰田花冠EX 【动力方面】花冠搭载1.6升自然吸气发动机，最大功率为88kW/6000rpm，最大扭矩为152Nm/5200rpm，配合5挡手动和4挡自动两款变速器。前悬挂类型为麦弗逊式独立悬挂，后悬挂类型为拖曳臂式半独立悬挂。【保养方面】花冠享受整车三年/10万公里的质保政策，经销商建议的日常保养周期为5000公里。更换机油机滤的费用约为200元（实际价格以4S店为准），更换机油三滤的费用约为300元（实际价格以4S店为准）。【编者建议】丰田花冠不素简单又经济实用，动力能满足日常所需，性价比较高，是一款很适合家庭实用的轿车，保养周期短，保养费用较为便宜，销量一直不错。提及搜狐汽车，您将享受更优质的服务。声明：此价格为经销商个体行为，不代表全部经销商。由于市场价格变化多端，文中所报价格仅供参考。本文系搜狐汽车独家稿件，版权归搜狐汽车所有，未经许可，不得转载。一经发现，必将追究。招聘市场信息员（兼职）由于业务发展，搜狐汽车现面向吉林省内多个城市招聘市场信息员（兼职）。招聘地区：四平、延边、辽源、白山工作要求：1、对自己所在城市汽车市场有一定的了解和判断力；2、有一定的写作能力，具有良好的学习能力，能及时完成紧急任务；3、拥有当地汽车市场经销商资源者优先；4、欢迎全国各地经销商加入我们的信息员团队；5、我们会根据您的文章质量和价值给您提供具有竞争力的稿酬。一经录用，搜狐公司将提供良好的薪酬待遇以及事业发展空间，有意者请将简历发至：zongzhejiang#sohu-inc.com （请将＃转换为@），简历里请注明期望薪金及所在城市。"
"这是一个新闻,新闻的关键词是富春通信等两企业并购重组申请获通过 浩宁达被否,摘要为证监会晚间发布公告称，富春通信（300299行情，资料，评论，搜索）、广博股份（002103行情，资料，评论，搜索）发行股份购买资产申请获通,标题为富春通信等两企业并购重组申请获通过 浩宁达被否,正文为证监会晚间发布公告称，富春通信（300299行情，资料，评论，搜索）、广博股份（002103行情，资料，评论，搜索）发行股份购买资产申请获通过，浩宁达（002356行情，资料，评论，搜索）未获通过。证监会出具的浩宁达发行股份购买资产方案的审核意见为，本次重组申请文件未充分披露本次交易后上市公司的经营发展战略和业务管理模式，以及业务转型升级可能面临的风险和应对措施，不符合《上市公司重大资产重组管理办法》第四十三条第二款的相关规定。"
"这是一个新闻,新闻的关键词是“中国流动科技馆”巡展到金川县,摘要为阿坝新闻网金川3月30日讯（赵正品陈玉琼马平鑫）“中国流动科技馆”巡展于3月28日来到金川县，他们将在金川进行为期两个月的巡展。另讯金川县已,标题为“中国流动科技馆”巡展到金川县,正文为阿坝新闻网金川3月30日讯（赵正品陈玉琼马平鑫）“中国流动科技馆”巡展于3月28日来到金川县，他们将在金川进行为期两个月的巡展。另讯金川县已成功被纳入全省（2016年至2020年）第一批创建“全国科普示范县”的范围，并成为了此次全州成功申报“全国科普示范县”创建的唯一的一个县。"
"这是一个新闻,新闻的关键词是《英雄联盟》女主播非国服专属 全球统一斗胸,摘要为喜欢看Lol直播的小伙伴一定都知道国内的几大线上直播平台，而与众多男主播不同的是，妹子们玩Lol大都以傲人的曲线来博得观众眼球，虽说这风景还,标题为《英雄联盟》女主播非国服专属 全球统一斗胸,正文为喜欢看Lol直播的小伙伴一定都知道国内的几大线上直播平台，而与众多男主播不同的是，妹子们玩Lol大都以傲人的曲线来博得观众眼球，虽说这风景还是不错的，但小编想问的是，看久了你会腻吗？一些不知名的女主播，刚出道想博人眼球，招揽人气什么的，这些也是合情合理的，如果你以为只有国内是这样的话就大错特错了。近日，一位国外Lol玩家在论坛发帖，怒批如今的Lol直播成了斗奶大会，原来国外的风景也和国内差不多嘛，不过看着他们在那秀，你有时候真的不知道自己是来看比赛，还是看女人。 这位玩家表示，视频里有这样穿的。还有这样的？！直播个游戏还要挑逗下观众啊？我严重怀疑自己是不是进错频道了。 当然还有发照片骗赞的………… 直播网站里可谓是一波接一波，我有点吃不消了。 所以，我们的男主播们，以后你们必须得这样干：帅哥，快来给我点赞，看我直播~！上面这些都是靠视觉抢人气的。还有一些卖萌的、装傻的、不好好说话的，我就不多说了，大家肯定领教过。"
"这是一个新闻,新闻的关键词是美如画！江苏7个镇入选首批中国特色小镇,摘要为昨天下午，中国特色小(城)镇建设经验交流会在杭州召开，住建部公布第一批中国特色小镇名单，江苏七个镇入选。分别是南京市高淳区桠溪镇、无锡市宜兴,标题为美如画！江苏7个镇入选首批中国特色小镇,正文为昨天下午，中国特色小(城)镇建设经验交流会在杭州召开，住建部公布第一批中国特色小镇名单，江苏七个镇入选。分别是南京市高淳区桠溪镇、无锡市宜兴市丁蜀镇、徐州市邳州市碾庄镇、苏州市吴中区甪直镇、苏州市吴江区震泽镇、盐城市东台市安丰镇、泰州市姜堰区溱潼镇。接下来，就跟着小编一起走进入选的江苏七个小镇吧！ 南京市高淳区桠溪镇桠溪历史悠久，早在三千年前就有人类活动。桠溪集镇的形成始于明崇祯末年，优越的地理条件使之成为两省四县交界地区商贸会聚的中心。桠溪镇位于江苏省南京市高淳区的东部，距离南京市约100公里。区域内人口约2万人， 桠溪6个行政村分布在一条长达48公里的风光带两旁，沿线时而依山傍水，时而穿山越林，沿途郁郁葱葱，鸟语花香，尽显田园风光，桠溪“生态之旅”具有三分山、两分水、五分田的生态黄金比例，山、水、城、林融为一体，让这一江南小城别具韵味。桠溪镇是南京周边著名的赏油菜花之地，每年油菜花季节都会举行油菜花节。 无锡市宜兴市丁蜀镇均陶、 彩陶、精陶、紫砂陶和青瓷号称宜兴陶瓷的“五朵金花”。丁蜀镇是宜兴市的人口大镇、工业重镇、历史文化特色镇和市区的重要组成部分。境内山水相依，风景秀丽，人文荟萃，是著名阳羡风景区的重要组成部分，为江南旅游胜地之一。陶艺创作异彩纷呈，紫玉金砂享誉世界。源远流长的陶文化孕育了丁蜀人勤劳质朴、敢闯敢试、百折不挠的优秀品格，创造了辉煌的历史。 徐州市邳州市碾庄镇碾庄镇地处江苏省邳州市西部，西与江苏省规划建设中心的三大都市圈之一的徐州市相接，东与西欧大陆桥东桥头堡连云港毗邻，东陇海铁路、徐连高速穿境而过。镇域面积121平方公里，总人口10万人，辖27个村，1个居委会，其中镇区面积3平方公里，常住人口2.7万人，是江苏省东陇海工业带上的第一个区域性中心镇。碾庄镇名胜古迹，自然景观，人文景观等旅游业方兴未艾；信息服务、文化娱乐等服务配套、城镇面貌一新。碾庄正高起点、大跨步、多层次、多领域地加快发展经济。 苏州市吴中区甪直镇甪直（lùzhí）镇隶属于江苏省苏州市吴中区，是一座与苏州古城同龄，具有2500多年历史的中国水乡文化古镇；该镇位于苏州城东南25公里处，是吴中区的东大门，北靠吴淞江，南临澄湖，西接苏州工业园区，东衔昆山南港镇。甪直镇域为平原水网地区，属中亚热带北缘、季风气候过渡类型的亚 热带季风气候区，具有四季分明，气候温和，雨量充沛，日照充足，雨季明显和无霜期较长的特点。 苏州市吴江区震泽镇震泽古镇位于江苏省苏州市吴江区西南部，与浙江省毗邻，古称“吴头越尾”，是吴江的“西大门”。318国道和沪湖高速公路穿越震泽古镇北，处于大运河支流-塘河，水路交通便利。震泽古镇是一个拥有二千多年历史的江南名镇，也是中国著名的蚕丝之乡，主要景点有师俭堂、慈云寺塔、王锡阐墓等，为国家AAAA级景区，2001年已列入国家级省重点保护古迹。 盐城市东台市安丰镇安丰镇始建于唐开元年间(公元713年)，位于宋代名相范仲淹建造的范公堤(今204国道)畔，地处里下河与沿海交接处。古以商贾云集而闻名，今以经济腾飞而获誉。安丰总面积71．2平方公里，人口5．4万人，辖17个行政村、4个居民委员会，农产品资源丰富，工业经济具有较强的发展基础。悠久的历史，发达的交通，繁荣了古镇的经济，孕育了古镇的文化。值得安丰人民自豪的是古镇拥有永载史册的盐民哲学家王艮和平民诗人吴嘉纪。 泰州市姜堰区溱潼镇泰州溱潼古镇位于江苏省泰州市姜堰区溱潼镇，该镇四面环水，环境优美，为鱼米之乡。溱潼古称秦泓。地处南通盐城泰州三市交界处，旧有“犬吠三县闻”之说。这里河港交织、气候湿润，境内多处发现麋鹿化石遗骨和出土新石器时代的石斧、石器。泰州菜属于淮扬菜系，淮扬菜选料严谨、因材施艺；制作精细、风格雅丽；追求本味、清鲜平和。当地盛行溱湖八鲜宴、梅兰宴、板桥宴、江鲜宴、全羊席。 据了解，第一批中国特色小镇名单在各地推荐的基础上，经专家复核，会签国家发改委、财政部，共认定了127个。对于符合条件的特色小镇建设项目，国家发展改革委等有关部门将支持其申请专项建设基金，中央财政会对工作开展较好的特色小镇给予适当奖励。附：第一批中国特色小镇名单（127个）一、北京市（3个）房山区长沟镇昌平区小汤山镇密云区古北口镇二、天津市（2个）武清区崔黄口镇滨海新区中塘镇三、河北省（4个）秦皇岛市卢龙县石门镇邢台市隆尧县莲子镇镇保定市高阳县庞口镇衡水市武强县周窝镇四、山西省（3个）晋城市阳城县润城镇晋中市昔阳县大寨镇吕梁市汾阳市杏花村镇五、内蒙古自治区（3个）赤峰市宁城县八里罕镇通辽市科尔沁左翼中旗舍伯吐镇呼伦贝尔市鄂尔古纳市莫尔道嘎镇六、辽宁省（4个）大连市瓦房店市谢屯镇丹东市东港市孤山镇辽阳市弓长岭区汤河镇盘锦市大洼区赵圈河镇七、吉林省（3个）辽源市东辽县辽河源镇通化市辉南县金川镇延边朝鲜族自治州龙井市东盛涌镇八、黑龙江省（3个）齐齐哈尔市甘南县兴十四镇牡丹江市宁安市渤海镇大兴安岭地区漠河县北极镇九、上海市（3个）金山区枫泾镇松江区车墩镇青浦区朱家角镇十、江苏省（7个）南京市高淳区桠溪镇无锡市宜兴市丁蜀镇徐州市邳州市碾庄镇苏州市吴中区甪直镇苏州市吴江区震泽镇盐城市东台市安丰镇泰州市姜堰区溱潼镇十一、浙江省（8个）杭州市桐庐县分水镇温州市乐清市柳市镇嘉兴市桐乡市濮院镇湖州市德清县莫干山镇绍兴市诸暨市大唐镇金华市东阳市横店镇丽水市莲都区大港头镇丽水市龙泉市上垟镇十二、安徽省（5个）铜陵县郊区大通镇安庆市岳西县温泉镇黄山市黟县宏村镇六安市裕安区独山镇宣城市旌德县白地镇十三、福建省（5个）福州市永泰县嵩口镇厦门市同安区汀溪镇泉州市安溪县湖头镇南平市邵武市和平镇龙岩市上杭县古田镇十四、江西省（4个）南昌市进贤县文港镇鹰潭市龙虎山风景名胜区上清镇宜春市明月山温泉风景名胜区温汤镇上饶市婺源县江湾镇十五、山东省（7个）青岛市胶州市李哥庄镇淄博市淄川区昆仑镇烟台市蓬莱市刘家沟镇潍坊市寿光市羊口镇泰安市新泰市西张庄镇威海市经济技术开发区崮山镇临沂市费县探沂镇十六、河南省（4个）焦作市温县赵堡镇许昌市禹州市神垕镇南阳市西峡县太平镇驻马店市确山县竹沟镇十七、湖北省（5个）宜昌市夷陵区龙泉镇襄阳市枣阳市吴店镇荆门市东宝区漳河镇黄冈市红安县七里坪镇随州市随县长岗镇十八、湖南省（5个）长沙市浏阳市大瑶镇邵阳市邵东县廉桥镇郴州市汝城县热水镇娄底市双峰县荷叶镇湘西土家族苗族自治州花垣县边城镇十九、广东省（6个）佛山市顺德区北滘镇江门市开平市赤坎镇肇庆市高要区回龙镇梅州市梅县区雁洋镇河源市江东新区古竹镇中山市古镇镇二十、广西壮族自治区（4个）柳州市鹿寨县中渡镇桂林市恭城瑶族自治县莲花镇北海市铁山港区南康镇贺州市八步区贺街镇二十一、海南省（2个）海口市云龙镇琼海市潭门镇二十二、重庆市（4个）万州区武陵镇涪陵区蔺市镇黔江区濯水镇潼南区双江镇二十三、四川省（7个）成都市郫县德源镇成都市大邑县安仁镇攀枝花市盐边县红格镇泸州市纳溪区大渡口镇南充市西充县多扶镇宜宾市翠屏区李庄镇达州市宣汉县南坝镇二十四、贵州省（5个）贵阳市花溪区青岩镇六盘水市六枝特区郎岱镇遵义市仁怀市茅台镇安顺市西秀区旧州镇黔东南州雷山县西江镇二十五、云南省（3个）红河州建水县西庄镇大理州大理市喜洲镇德宏州瑞丽市畹町镇二十六、西藏自治区（2个）拉萨市尼木县吞巴乡山南市扎囊县桑耶镇二十七、陕西省（5个）西安市蓝田县汤峪镇铜川市耀州区照金镇宝鸡市眉县汤峪镇汉中市宁强县青木川镇杨陵区五泉镇二十八、甘肃省（3个）兰州市榆中县青城镇武威市凉州区清源镇临夏州和政县松鸣镇二十九、青海省（2个）海东市化隆回族自治县群科镇海西蒙古族藏族自治州乌兰县茶卡镇三十、宁夏回族自治区（2个）银川市西夏区镇北堡镇固原市泾源县泾河源镇三十一、新疆维吾尔自治区（3个）喀什地区巴楚县色力布亚镇塔城地区沙湾县乌兰乌苏镇阿勒泰地区富蕴县可可托海镇三十二、新疆生产建设兵团（1个）第八师石河子市北泉镇来源：新华日报"
"这是一个新闻,新闻的关键词是大波，漫画,摘要为作者：笨柴兄弟内容来源于网络搜索，经魔性漫画整理后分享，如涉版权问题，请联系删除。,标题为漫画 | 一大波蠢萌蠢萌小漫画，看完融化你的心,正文为 作者：笨柴兄弟 内容来源于网络搜索，经魔性漫画整理后分享，如涉版权问题，请联系删除。"
"这是一个新闻,新闻的关键词是丰田或推性能版YARiS 搭载2.0T发动机,摘要为[XCAR海外新车原创]近日，据海外媒体报道，丰田或将推出一款性能更强的雅力士（YARiS）车型。据悉，该车有望搭载2.0T发动机，另外，外,标题为丰田或推性能版YARiS 搭载2.0T发动机,正文为[XCAR海外新车原创]近日，据海外媒体报道，丰田或将推出一款性能更强的雅力士（YARiS）车型。据悉，该车有望搭载2.0T发动机，另外，外媒还公布了一张YARiS性能版车型假想图。小贴士：外媒还公布了一张YARiS性能版车型假想图；将搭载一台2.0T发动机 丰田性能版雅力士（YARiS）假想图据媒体报道，据从丰田内部获得的消息，丰田将推出一款性能更强的YARiS民用版车型。该车预计将搭载雷克萨斯NX上目前使用的2.0T发动机，最大功率达到173kW(235Ps），峰值扭矩为349Nm，传动系统匹配的是6速手动变速箱。 欧版新雅力士官图目前，日本有媒体还绘制了一幅YARiS性能版车型的假想图。从假想图来看，新车拥有非常动感的外观设计，虽然为民用版车型，但却十分像是赛事用车。另外，有消息称，该车将在2017年后才能推出。 欧版新雅力士官图编辑点评：前不久有消息称，丰田将会在2017年重返WRC，并将使用YARiS作为战车。如果该消息属实，那么这款性能版的YARiS民用版车型，将拥有不容小觑的实力。"
"这是一个新闻,新闻的关键词是郭碧婷与爱犬牛头梗亲密自拍 网友却都艾特孙红雷,摘要为郭碧婷与爱犬牛头梗亲密自拍网友却都艾特孙红雷,标题为郭碧婷与爱犬牛头梗亲密自拍 网友却都艾特孙红雷,正文为郭碧婷与爱犬牛头梗亲密自拍网友却都艾特孙红雷"
"这是一个新闻,新闻的关键词是陈数穿白裙现身捞金 美丽简约活力十足,摘要为陈数穿白裙现身捞金美丽简约活力十足,标题为陈数穿白裙现身捞金 美丽简约活力十足,正文为陈数穿白裙现身捞金美丽简约活力十足"
"这是一个新闻,新闻的关键词是遂宁一岁男童被弃KTV内 民警当临时“奶爸”(图),摘要为一岁男童被弃在KTV内，警民联合寻找家人四川新闻网遂宁7月20日讯(陈伟记者赵权军)7月19日13时许，遂宁市大英县蓬莱镇凄江路某KTV内出,标题为遂宁一岁男童被弃KTV内 民警当临时“奶爸”(图),正文为 一岁男童被弃在KTV内，警民联合寻找家人四川新闻网遂宁7月20日讯(陈伟记者赵权军)7月19日13时许，遂宁市大英县蓬莱镇凄江路某KTV内出现一名被遗弃的一岁男童，经警民一同多方寻找其家人未果。民警在派出所内当起“奶爸”，细心的给男童喂奶、穿衣。目前，因无人认领该男童，民警将其送到救助站照料，继续寻找其亲人。据该KTV服务员李某介绍，当日12时40分许，她在KTV打扫完卫生后坐在里间休息时，忽然听到门口传来小孩的哭声，于是走到门口一看，见一名男童站在KTV玻璃门内。当时，李某误认为男童是不小心将自己关在KTV门内，无法开门就哇哇大哭。随后，她抱着男童在周边寻找孩子家人，然而一直没人应答。无奈之下，李某就将男孩托付给KTV隔壁某宾馆老板黄某，让其帮忙照料，她继续帮男童找家人。大约两小时后，李某仍没找到孩子的家人，遂向派出所报警求助。大英县蓬莱第一派出所民警接警后，副所长李明然与民警岳令和辅警彭科祥和彭红4人迅速赶到现场，找到该名男童，将孩子带回派出所，继续查找孩子的家人。民警李明然说，男童约一岁，上身穿着件粉黄背心，腿上穿了件蓝白相间的开档短裤，脚上没穿鞋，虎头虎脑的，十分可爱。“因男孩只有一岁多，只会哭闹，不会说话，正处在蹒跚学步阶段。”李明然说，在派出所内，民警见男童有双水灵灵的大眼睛，着实讨人喜欢，还给孩子买来各种饮料和奶粉等物，并争抢着要抱孩子。平时办案严肃的警察，此时纷纷变身变成奶爸。随后，李明然将这一情况向指挥中心汇报后，带着几名民警用手机拍下男孩的照片，在发现该名男童的KTV周边的商家与住户，开展走访询问调查工作。为尽快帮男童找到家人，蓬莱第一派出所、大英公安、遂宁公安通过微博发布寻人信息，希望热心群众帮忙一同寻找男孩家人。当日17时30分，警方均未接到任何有关人员报警称孩子走失的情况。为了不影响孩子，民警按程序将孩子送往大英县救助站，由专业人员照顾男童。同时，大英县警方表示，若有知情人可尽快与警方联系，一起帮男童找回家人。据大英县救助站人员介绍，自该名男童被送到救助站后，安排了两名护工照顾男童，为孩子洗澡、穿衣和喂饭。目前，男童的情况一切正常。7月20日上午，大英县救助站人员带男童到医院做全面身体检查。本网（平台）所刊载内容之知识产权为四川新闻网传媒（集团）股份有限公司及/或相关权利人专属所有或持有。未经许可，禁止进行转载、摘编、复制及建立镜像等任何使用。原标题： 遂宁一岁男童被弃KTV内 民警当临时“奶爸”(图)"
"这是一个新闻,新闻的关键词是豆瓣日记: 香港观察日记|涂口红的老奶奶,摘要为本文来自豆瓣网友:石头不知夏关注微信公众号“每日豆瓣”，回复“今晚我有空”，看看大家晚上都在看什么。香港观察日记|涂口红的老奶奶2015年的,标题为豆瓣日记: 香港观察日记|涂口红的老奶奶,正文为本文来自豆瓣网友:石头不知夏关注微信公众号“每日豆瓣”，回复“今晚我有空”，看看大家晚上都在看什么。香港观察日记|涂口红的老奶奶2015年的夏天去香港大学交换了一学期，距今已经有一年的时间，期间写过两三篇零散的文字，偶尔拿出来自己看看。今天北京下着雨，湿漉漉冷飕飕的空气，在食堂一个人食不知味地吃着番茄牛腩，突然就想起了香港公交车上那个涂口红的老奶奶，然后沙宣道、玛丽医院、公交车、坚尼地城、云吞面、麦当劳、叶永成、重庆大厦、James，一股脑地汹涌而来，才发现在记忆力日益衰退的年纪里，关于这段经历的每个人、每个动作、每处景甚至当时自己的心情都如同油画一样安静地定格在大脑的沟回里。这当然不能算作日记，只不过是回忆性的文字，有一点希望能够记录的心情。 我没有走过香港太多的地方，特别不曾涉足各种高端的写字楼与商场，时常自己背包和相机在各处生活区闲逛，随便吃一顿晚餐回去洗澡睡觉，在路上会遇见很多平凡又有趣的人，有趣大概是我对一个人最高的评价，生活这么辛苦的事情，无论富裕还是贫穷，自己与自己，自己与他人总要有超出理性之外的趣味。我遇见过最喜欢的人是一个在公交车上涂口红的老奶奶，与她共处的时间大概不到5分钟，却念念不忘了很久。 我住的地方在沙宣道，是距离港大主校区较远的一个住宿区，被称为四村，在半山的位置，每日的海景都很美。因为距离校区远，所以每天都会乘公交车上学，却也不过5分钟的车程。那天上车的时候我就看见她了，因为她的年纪真的非常大了，头发是花白的烫着卷，皮肤很白，但体态有些肥硕，肌肉已经完全松弛，两颊松松地垂在嘴边，佝偻着身体坐在座位上，双手交叉搭在一根四轮拐杖上，似乎将全身的重心都依靠了过去，那时尚是亚热带的夏天，她穿一件松垮的短袖碎花衬衫和素色的长裙，外面罩一件孔洞稀疏的针织背心，裸露的手臂干燥苍白，布满星星点点褐色的老人斑。车上的人不多，她一个人坐在车行右侧的老年人专座上，不过一分钟的时间，她颤颤巍巍地拄着拐杖站起来，这一段是很长的下坡，她却像不觉一样开始挪动到了车行左侧的位置上，我试图去扶她，她却以超乎我想象的速度坐了下来。我的长辈们尚没有她这样老，但从来不敢让他们单独出门乘车，唯恐会出什么事故。我密切关注着这个老奶奶，因为她坐的位置前没有遮拦，公交车又在下行的途中，倘若司机一脚刹车，很容易便造成事故，我时刻脑补着飞身救老人的好少年戏码。但见她毫无知觉，与我没有一秒的对视，慢悠悠地从身后掏出一个旧色的黑皮包来，大概是七八十年代港片中常见的时髦款式，从中翻翻捡捡出一根素面金属色外壳的口红，拔开盖子，转了许久才见膏体缓慢地露了头，大约是用了很久的心爱的颜色。没有镜子，她也就随意地抹上了嘴唇，竟是少女的那种桃花粉，更具体地说，星你色，与她苍白的肤色十分相衬。上下嘴唇都浓烈地抹完后，她抿了抿唇，把口红放进皮包，努力挺了挺身板却还是佝偻着，一只手仍搭在四轮拐杖上，另一只手放在了大腿上，十分端庄地坐了起来。车到站了，我恋恋不舍地以目光作别，但见她依旧那么坐着，目光不知望向何方。 我自然见过比她好看的老人，媒体上常出现各种驻颜有术却又饱受争议的女星，为人欢喜的是那些任时光自然老去，却又仍旧优雅的女神们，我也喜欢后者，在大学校园里也见过年老而愈见优雅的女教授，时常希望能像她们一样老去。但我却仍旧为这位奶奶的一抹桃花粉心动。从绝对层面来说，她自然不算是美的，体态过于肥胖，皮肤也松弛地看不出五官原有的形状，没有优雅的套装，身上是老年人特有的肥皂味，气质平平，坐公交车，是一个普通人自然老去的一生。然而她尚且有涂抹口红的一份心情，也许为某一个人，也许不为任何人，就是理所当然的，我喜欢自己涂口红的样子，带着漫不经心的自信从容抗争。在我步履所及之处，尚没有见过这样好看的普通的老人，公交车与地铁上遇见的爷爷奶奶也许是善意和亲切的，但面对生活总有些惶惶和忧虑。有段时间在北京常坐331路公交，因为会路过北医三院，所以一路上会遇见非常多的老人，常常成群结队地一起上车，坐定后开始讨论最近的身体、子女的工作、孙辈的入学，眉眼带笑的操着心，这种完美的家庭利他主义倾向生活在每个中国老年人身上。 我大约明白为什么会为涂口红的老奶奶心动，我所见的大多数中国老人的归途全在家庭，退出社会之后，他们将不再是某某某，而是成为了王总的爸爸，李小明的奶奶，社会不再为他们安排个体的位置，他们的主要社会关系是作为家庭现有劳动力的附属品，无论他们的权威是否在家庭内生效，当他们孤身一人或结伴出行的时候，我们将不再探寻他们波涛汹涌的内心。当然也有独身的老人，他们自己和社会都将自己视作没有家庭的失祜者，带着一点若有若无的对家庭求之不得的联系生活。这个老奶奶却偏偏带着也许源自香港早期创业者的一点对个体生命的坚持，一个人乘公交、一个人涂口红，我无法窥测她身后也许根深叶茂的家庭，只能为她一个人倾倒。 《围城》里方鸿渐想起苏小姐的时候认为：为什么可爱的女孩子全有父亲呢？她孤独一个人可以藏匿在心里温存，拖泥带水地牵上了父亲、叔父、兄弟之类，这女孩子就不伶俐洒脱，心里就不便藏匿她了，她的可爱里也就掺和渣滓了。许多人谈婚姻，语气仿佛是同性恋爱，不是看中女孩子本人，是羡慕她的老子或她的哥哥。 什么时候也可以如此这般地经历和欣赏一个普通人年老的过程，不是作为谁的父母或祖辈，就是她这样的一个人，从年轻到年老都停留在唇上的一抹桃花粉。 关注微信公众号“每日豆瓣”，回复“每周荐书”，获得每周推荐好书。"
"这是一个新闻,新闻的关键词是[新闻观察]“官员学车热”是多重价值的回归,摘要为据3月30日新华社报道，随着公车改革的推进，机关事业单位人员报名考取驾照的人数明显增多。但对其中一些在单位“说了算”、比较有主见的学员，教练,标题为[新闻观察]“官员学车热”是多重价值的回归,正文为据3月30日新华社报道，随着公车改革的推进，机关事业单位人员报名考取驾照的人数明显增多。但对其中一些在单位“说了算”、比较有主见的学员，教练在教车过程中颇感困难。个别年龄大些的学员，仅科目二就考了10次，驾校应其要求换了3个教练。年近退休，还要学车；之前从来都是坐车，现在要学着当司机……在车改的大背景下，官员学车居然形成了一股热潮。虽然这些年龄偏大的领导干部在学车过程中表现得“坎坷”而“任性”，但诸如连考10次这种故事也算是一碗锲而不舍的励志“鸡汤”吧。话说回来，这倒是公众乐于见到的价值回归。官员学车，是一种倒逼。2014年，中央各部委层面的公车改革取得明显实效，被“改掉”的那些公车，也正在进行拍卖。今年，公车改革将在各省市及县处级单位进行。虽然公车改革不会一步到位，公车私用现象也不可能完全就此杜绝，但至少在“苍蝇老虎一起打”、既反腐又开展作风建设的当下，所有官员公车私用的危险系数已经大大提高。学车并自己开车，则会避免很多问题和麻烦。但官员学车的意义，远远大于公车改革本身。一者，官员学车代表了官员作为正常人对基本生活技能的获取。长期以来，“车轮上的腐败”作为体制内官员尤其是领导干部的一种特权，潜藏了不少不正常现象。以至于一些官员都不会自己打伞、拎包了，甚至遇到小坑小洼之地，还需要下属背着走。丧失了这些基本的自理能力之后，一些官员如何能接地气？二者，也是更重要的问题，接地气之后的官员会在很多公共治理问题上更有切身体会。正如坊间一直所质疑的，一批不开私家车的人在制定关于公共交通的所有政策。因为有“车轮上的特权”，这些官员不用真心去关心油价涨跌、油价里有多少税、收费站是不是林立、堵车是不是严重、限号限行限牌有多大的权利损失，也不用关心驾校是不是垄断、教练是不是喜欢骂人、城市的停车费用去向等。在公共交通治理方面，“肉食者”出台一些带有“饿了为什么不喝肉汤”意味的政策的概率可能会有所减少。官员能够学车，不仅能够让其体味到获取生存技能的艰辛，又可能让他们重新思考公众在交通领域遇到的问题。一项公车改革都能如此，当下进行的简政放权、建立权力清单等全面深化改革的工作，也可能让官员们在工作生活中有更多体察民情的机会。从这一点来讲，“让有权者不再任性”正在悄然推进。"
"这是一个新闻,新闻的关键词是纸币消亡背后:Visa移动支付的前世今生,摘要为2016-07-1917:51:00创事记李北辰比特网如今看来，现金的消亡几乎是一件没有悬念的事，翻看任何一本描绘未来的书籍，支付介质的演化,标题为纸币消亡背后:Visa移动支付的前世今生,正文为2016-07-1917:51:00创事记李北辰比特网如今看来，现金的消亡几乎是一件没有悬念的事，翻看任何一本描绘未来的书籍，支付介质的演化都将使世界财富愈加脱离物理形态，变成数据库中随时变动的数字：科幻作家们相信，未来高阶信息文明或将视纸币为古物，猎奇心态好比今人回望博物馆藏的贝壳与布币。甚至用不了“未来”那么远。如你所知，移动时代的支付方式正在越来越有趣，而已大范围落地的近场支付技术即是致使现金消亡的不二利器。但必须承认，它的背后推手多少令人感到陌生，究其原因，一是大众普遍关注那些可被物化和感知的科技创新，忽视藏匿在外表背后的底层革新;再是作为一个社会物种，媒体的本性有时是追逐“故事”而非“事实”，因此支付领域的极佳案例少有人知。比如，全球支付技术公司Visa其实正是移动支付奠基人之一，早在2004年他们就推出了非接触支付技术。随着非接触支付技术的日渐成熟，2007年Visa将其非接触支付命名为Visa payWave。2014年，Visa公司又率先推出令牌服务，成为保障Apple Pay等各种移动支付方式安全的底层技术提供者之一。某种程度上，移动支付“老兵”Visa直接推动了现金的消亡。之前看到一份数据，在全球已经发生的交易里面，70%的非接触式支付都是通过Visa平台发生的——倘若未来“纸币”真的愉快地躺在人类后代博物馆里，那么Visa一定功不可没。今天就来扒一扒Visa的这项技术。新经济始于技术，终于信任作为一种支付方式，Visa payWave基于EMV芯片技术，可用于信用卡，借记卡，预付卡以及包括手机在内的智能设备上。譬如，当它用于信用卡时，无需刷卡或插卡，如刷公交卡一般在POS机前轻挥一下即可完成支付，多数时候小额交易无需签字和输入PIN码，只需数秒，一步完成，节省了支付时间——屈臣氏曾做过统计，通过接受Visa payWave付款，连锁店内顾客的排队时间减少了77%;而根据德勤在快速服务餐厅所做的研究，Visa payWave比现金支付快了3.5倍。当然，尤其在Visa payWave技术推动的早期，那时移动支付还是个非常前沿的概念，有悖直觉的付款方式令人担心其安全性(比如对信息“在空气中泄露”这种颇具画面感的担忧……)——其实即便今日，这种对新技术的敏感和警惕依旧存在，没办法，本能所致，对未知技术从早期警惕到完全信任几乎贯穿了人与机器共同进化的整个历程——支付也将如此。 尽管在我看来，人类对技术的信任很难称得上是“理性的胜利”，更多是习惯本身的胜出，但了解技术安全特性仍然影响人们做出最终决策，就拿Visa payWave来说，其安全特性就包括：只有当卡片或者手机距离POS机很近时(通常在4厘米以内，同时停留0.5秒)才能接收到发出信号;信用卡在交易过程中不会传输姓名，地址，CVV2等敏感信息;采用EMV国际标准的芯片，加入动态数据认证和验密机制，为每一笔Visa payWave交易生成唯一的安全密文码，其安全程度和芯片卡是完全一样的;持卡人享有与其他一般信用卡持卡人同等的信用卡遗失和盗用保障;整个交易过程中Visa payWave卡始终处于自己手中，避免有人使用“假POS机”窃取数据;每一笔交易都是发卡行联机授权，而遍布全球的电子支付网络VisaNet系统也有助于防范欺诈交易。除此以外，现在的移动支付还有Visa令牌服务保驾护航。所谓令牌就是使用数字账号(或令牌)取代银行卡上的敏感支付信息。由于“令牌”并不带有银行账号等详细的消费者支付账户信息，它们就可以被安全地保存在线上商户或移动设备上用于线上支付和移动支付。事实上，根据创新经济学理论，每次技术革命，整个社会都需时间适应与接受，而一旦跨越某个临界点，当人们对其习以为常(你知道，成功的发明终将从人们的意识中消失)，整个社会的资源也都会向新技术领域倾斜，不断信任技术并从中收获福祉是人类演进的总方向。更进一步讲，“新经济始于技术，终于信任”——这是凯文·凯利对新经济时代下的一个经典判断，整个社会愈加趋向于一个通过模块化协作和信任背书的网络，从电商，O2O，到人类与人工智能的关系——譬如与无人汽车的相处，信任程度越高，商业运作效率就越快。移动支付也将如此。更快地“买买买”如前所述，作为一项底层支付系统变革，Visa payWave可与不同智能载体嫁接，譬如智能手环、智能手表、U盘、服装、甚至戒指，当然还包括已广泛落地的智能手机——但历史告诉我们，任何“基础设施级别”的技术交替都并非一蹴而就，目前看来，在全球范围内，卡片支付和手机支付仍将保持相当长一段时间的共存。而具体到Visa，众所周知在跨境交易方面具有领先优势和消费者口碑。如今建行、招行、中行和光大等银行都已与其合作发行Visa payWave信用卡，以便消费者在海外“买买买”时也能用上他们在国内早已习惯了的非接触支付。在外旅行时间总是非常宝贵，但你知道，全球范围内，手机各种Pay的普及率并不算高(Apple Pay在上线两年之后总共才登录9个国家地区)，而支付宝和微信在境外版图的扩张更非一日之寒，所以一张Visa payWave信用卡也许更为省事。更不用说在使用体验上，微信和支付宝需要3-5步才能扫码完成，并且严重依赖网络，相比“哔一下”就完事走人，带给旅行者是截然不同的体验。事实上，凭借Visa这张全球最大的支付网络，附设Visa payWave功能的Visa卡在世界各地的商户日益普遍。根据我从Visa官方得到的数据支持显示，截至2015年12月，全球有66个国家和地区支持Visa这种非接触式交易，总共发行了2.35亿张带有Visa payWave功能的卡片，而且这个数量还在不断上升，许多地方也已非常普及。譬如，在香港，10个Visa持卡人当中就有一个人经常使用Visa payWave功能，遍布于超市，餐厅，便利店，咖啡店等17种商户类别;在新加坡，每五笔基于Visa卡的交易支付就有一笔是通过Visa payWave进行的;而澳大利亚是个更有趣的例子，必须承认，Apple Pay在很大程度上推进了全球移动支付的发展，但倘若按照时间次序，就像Visa东北亚区创新支付业务副总裁郑道永所言，“苹果支付在澳大利亚尚未正式推出时，澳大利亚已有超过51%的Visa卡交易是通过payWave发生，所以应该说，苹果支付首先看到了Visa能有这样的非接触支付解决方案，而且有这么庞大的商户网络，苹果就不用在支付技术方面做重复投资，只需把Visa 的解决方案嵌入到苹果终端来资源整合就可。”虽然由于政策原因目前我们还不能在国内享受Visa payWave的快捷支付体验，但是国外这一基础设施的普及对中国消费者无疑也是某种利好。谁都知道，伴随着人类历史上最为庞大中产阶级群体的崛起，中国消费者“买买买”的深厚功力正成为一股改变世界的力量，出境游日渐成为休闲常态。最近麦肯锡一份报告就显示：2015年中国出境旅游超过7000万人，平均每人1.5次;消费构成上，旅行相关开销占到一半，另一半全用在了购物上，80%的消费者在海外购物，将近30%的人甚至根据购物机会来决定旅游目的地。事实上，Visa自己的一项研究也显示，不断壮大的中产阶级，更为发达的互联网，更为完善的交通基础设施，都将深刻影响未来十年的全球旅行——未来十年，全球的中国游客数量将增加一倍以上，中国游客的花费到2025年将达到每年2554亿美元的惊人纪录。当然，除了更快捷地买买买，我更相信的是，科技领域未来的十年将会令过去十年相形见绌，而移动支付对纸币的全面替代，即是通向更美好未来的重要一瞬。"
"这是一个新闻,新闻的关键词是‘      —   ‘          ？,摘要为ã??ã??æ·±è¯?æ??æ??æ‰©æ·æ?¬è?¡æ?°é??ä»?40å®¶æ‰©å¤§è??3;500å®¶ã??ã??æ·±è,标题为‘      —   ‘          ？,正文为ã??ã??æ·±è¯?æ??æ??æ‰©æ ·æ?¬è?¡æ?°é??ä»?40å®¶æ‰©å¤§è??3;500å®¶ã??ã??æ·±è¯?æ??å??æ??æ?°äº?1995å?1;´æ?¨å?ºïfrac14;?20å¤?å?1;´æ?¥ïfrac14;?å¸?å?ºè§?æ¨¡å’?ç»“æ??é?frac12;å?‘ç”?äº?å·¨å¤§å??å?–ïfrac14;?ç?®å‰?è¯¥æ??æ?°å·?2;ä¸?è?frac12;å……å??å??æ? æ·±å??3;å¸?å?ºè¿?è¡?ç‰?1;ç??1;ïfrac14;?å…¶å¸?å?ºè®¤å??åº¦å’?åfrac12;±å“?å??ä¸?æ–­ä¸?é??ã??æ‰©å®?1;æ”?1;é? ç ”ç©¶å·¥äfrac12;?äº?2011å?1;´å?¯å?¨ïfrac14;?å?1;¿æ?3;?å?¬å?–å??æ–?1;é?¢æ??è§?å’?å»ºè®®ïfrac14;?æ??ç»?ç¡®å®?æ·±è¯?æ??æ??ç??æ‰©å®?1;æ”?1;é? æ–?1;æ¡?ïfrac14;?å??3;æ ·æ?¬è?¡æ?°é??ä»?40å®¶æ‰©å¤§å?°500å®¶ïfrac14;?æ??æ?°ä»£ç ?ã??æ??æ?°å??ç§°å??é?‰æ ·æ–?1;æ?3;?å??ä¿?æ??ä¸?å??ã??å?¨æ”?1;é? æ·±è¯?æ??æ??ç??å…¬å‘?å?‘å¸?ä¸¤ä¸ªæ??å??ïfrac14;?å??å®‰æ?’æ‰©å®?1;å??ç??æ·±è¯?æ??æ??æ­£åfrac14;?ä¸?çº¿ã??æ¨¡æ??æ?°æ?®æ?frac34;ç¤ºïfrac14;?æ‰©å®?1;å??ç??æ–°æ·±è¯?æ??æ??å¸?å?frac14;è¦?ç?–ç??ç”±å??æ?¥ç??18%å¤§å?1;…æ??å??è??3;61%ïfrac14;?ä¸»æ?¿ã??ä¸­å°?æ?¿ã??å??ä¸?æ?¿å…¬å?¸æ??é??å??å?«ä¸º52%ã??33%ã??15%ïfrac14;?æ?¿å?—å??å¸?æ?´è¶?å??è¡¡å??ç??ïfrac14;?è¡?ä¸?ç»“æ??ä¸?æ·±å??3;å¸?å?ºå?»å??åº¦æ??é«?ã?? ã??ã??é’?å¯?1;æ?¬æ¬¡æ‰©å®?1;æ”?1;é? ïfrac14;?å?—æ–?1;æ·±è¯?æ??æ??ETFã??å?—æ–?1;æ·±æ??ETFè?”æ?¥å?ºé?‘ã??ç”?3;ä¸?è?±ä¿¡æ·±è¯?æ??æ??å??çº§å?ºé?‘ã??è??é??æ·±è¯?æ??æ??æ??æ?°å¢?åfrac14;ºå??å?ºé?‘ã??å¤©åfrac14;?æ·±è¯?æ??æ??å?ºé?‘(LOF)ç­‰5å?ªæ?‰å…?3;æ??æ?°å?ºé?‘äº§å“?å??ç»­å°?å…¬å‘?ç?¸åº”æ?ªæ–frac12;å®‰æ?’ïfrac14;?æ??èµ?è?…å?¯è®¿é—®æ?‰å…?3;å?ºé?‘å…¬å?¸çfrac12;‘ç«?æ?¥è¯¢ã??ã??ã??æ–°ä¸‰æ?¿â??ä?1;?éfrac34;?æ??äº?ä»¶â??å¯frac14;è?´æ??æ?°å?ºç?°èfrac34;?å¤§æ?3;¢å?¨ã??ã??3æ??20æ—¥ä¸?å??10æ—¶06å??è??3;ä¸?å??10æ—¶08å??ïfrac14;?ä¸‰æ?¿å??å¸?(899002)æ??æ?°å?ºç?°å¤§å?1;…æ?‰å??ç?°è±¡ã??æ??æ?°2å??é’?å?…ä¸?æ¶¨çº¦310ç??1;ïfrac14;?ç”±1718.24ç??1;æ??é«?æ?‰å??è??3;2028.85ç??1;ã??ç»?æ?¥ïfrac14;?å…¨å?frac12;è?¡èfrac12;¬ç?3;»ç»?æ??æ?°å?ºç?°å¤§å?1;…æ?‰å??ç?3;»ä¸‰æ?¿å??å¸?(899002)æ??æ?°æ ·æ?¬è?¡çº¢è±?æ?‰(430383)æ??äº¤ä»·æ frac14;å¤§å?1;…æ?3;¢å?¨æ‰?è?´ã??çº¢è±?æ?‰æ ·æ?¬æ??é??å? æ¯”2.09%(æ?ªè??3;3æ??20æ—¥æ”¶ç??å??æ??é??)ïfrac14;?è¯¥è?¡æ??äº¤ä»·ç”±7å…?/è?¡çª?ç?¶å¢?è??3;68.4å…?/è?¡ã??æ ?1;æ?®æ??æ?°è®¡ç®—è§?å??ïfrac14;?è¯¥ç¬”äº¤æ?“å¯frac14;è?´æ??æ?°ä¸?æ¶¨çº¦300ç??1;ïfrac14;?ä¸?æ??æ?°å®?é?…ä¸?æ¶¨ç??1;äfrac12;?å?ºæ?¬ç?¸ç­‰ã??åfrac12;“æ—¥å…¨å?frac12;è?¡èfrac12;¬ç?3;»ç»?è¿?è¡?æ­£å¸¸ïfrac14;?æ??æ?°ç??1;äfrac12;?è®¡ç®—ç¬¦å??æ??æ?°çfrac14;–å?¶è§?å??ã??ã??ã??å…¨å?frac12;è?¡èfrac12;¬ç?3;»ç»?æ??ç‰?å…¬å?¸è?¡ç¥¨èfrac12;¬è®©ä¸?è®frac34;æ¶¨è·?å?1;…ã??10æ—¶07å??ïfrac14;?çº¢è±?æ?‰è?¡ä»·ç?¬é—´ç”±7å…?/è?¡ä¸?æ¶¨è??3;68.4å…?/è?¡ïfrac14;?ç??ä¸­ç?¬æ—¶æ¶¨å?1;…èfrac34;frac34;877.14%ïfrac14;?æ??äº¤æ?°é??1000è?¡ã??è¯¥68.4å…?/è?¡ç??æ??äº¤ä?1;°æ–?1;ä¸ºå¤©é£?è¯?å?¸å??å¸?è´¦æ?·ïfrac14;?å?–æ–?1;ä¸ºè?ªç?¶äººæ??èµ?è?…ïfrac14;?è¯¥è?ªç?¶äººæ??èµ?è?…ä»¥9.75å…?/è?¡ç??ä»·æ frac14;ç”?3;æ?¥å?–å?º42000è?¡ïfrac14;?å¤©é£?è¯?å?¸ä»¥68.4å…?/è?¡ç??ä»·æ frac14;ç”?3;æ?¥ä?1;°å…¥1000è?¡ïfrac14;?äº?è?…é??å??3;æ??äº¤ã??ä¸?è¿°æ??äº¤ä¸?è¿?å??ã??å…¨å?frac12;ä¸­å°?äfrac14;?ä¸?è?¡ä»frac12;èfrac12;¬è®©ç?3;»ç»?è?¡ç¥¨èfrac12;¬è®©ç»?å??ã??ïfrac14;?å? æ­¤äº¤æ?“æ?‰æ??ïfrac14;?è?¡ç¥¨æ­£å¸¸äº¤æ”"
"这是一个新闻,新闻的关键词是这是一个让人厚重的六十年贺礼，你敢收吗？,摘要为铜陵这座厚重而又年轻的城市迎来了她的60岁生日团市委、市发改委联合出品生态主题微电影《根源》向铜陵建市60周年青春献礼影片中张明所在的公司为,标题为这是一个让人厚重的六十年贺礼，你敢收吗？,正文为铜陵这座厚重而又年轻的城市迎来了她的60岁生日团市委、市发改委联合出品生态主题微电影《根源》向铜陵建市60周年青春献礼 影片中张明所在的公司为了加大生产力也加大了污染排放引起了附近村民的不满和记者的关注 家在附近的张明提议把一些资金放在能源排放处理上却遭到了其他管理人员的反对 张明的父亲也因为环境问题患了咳嗽的毛病弟弟在餐桌上指责张明家庭聚会不欢而散 事后，张明进行了深刻的反思和思考多次找董事长反映情况董事长却避而不见 原来董事长亲自去外面考察了环保项目分拨资金给循环资源项目聘请专家 环境问题解决了小家又变得和和美美金山银山不如绿水青山短短十分钟的影片却能引发我们深层次的思考想要多赚些钱改善家里的环境这没错厂子里为村里创造的经济条件大家也看得到 如果我们生产力的提高是以环境的破坏为代价那未免太得不偿失了我们就是这棵树的根正如张明所言在我们这个年轻的城市下企业就像蓬勃的树叶而城市本身就是这棵树的树干我们就是这棵树的根我们不仅要带动周边产业的发展还要有一颗强有力的责任心 愿我们不忘初心共创辉煌长按识别二维码关注本期编辑|曹胜男本期校对|鱼 莫本期审核|团小沫互动群|238697168（综合）互动群|169496332（公益） 阅读投诉阅读精选留言加载中以上留言由公众号筛选后显示了解留言功能详情"
"这是一个新闻,新闻的关键词是古人的智慧|中科院发布“中国古代重大科技发明创造”研究成果,摘要为中国科学院14日发布“中国古代重大科技发明创造”研究成果，推选出古代科学发现与创造、技术发明、工程成就共88项。在此基础上，研究组编写了《中,标题为古人的智慧|中科院发布“中国古代重大科技发明创造”研究成果,正文为中国科学院14日发布“中国古代重大科技发明创造”研究成果，推选出古代科学发现与创造、技术发明、工程成就共88项。在此基础上，研究组编写了《中国古代重要科技发明创造》一书及配套挂图以反映这一最新成果，并于在2016年6月正式出版。这项工作前后历经近三年时间，得到了中国科学院科学传播局的大力支持，列入科学传播局的“高端科研资源科普化”项目，并跻身“十三五”国家重点出版物出版规划。“四大发明”是中华文明一种标志，但它不足以全面概括中华民族的科技成就，我国古代重要发明创造远不止于此。 我们的祖先最先栽培了世界三大饮料作物之一——茶；最重要的粮食作物之一——水稻；最重要的豆类作物——大豆；最重要的水果作物之一——柑橘。这些作物的栽培技术传向世界，对人类生存和发展的贡献并不逊色于“四大发明”。中国人还有哪些重要科技发明创造？多年来，学界与公众一直想得到更全面的了解，特别是在当下这样一个追求创新的时代。2013年8月，中国科学院自然科学史研究所发挥学科优势，成立“中国古代重要科技发明创造”研究组，先后组织了百余名专家进行严谨的考证与比较研究。还特别邀请国外专家参与此项工作，使得推选工作具有国际视野，既反对民族虚无主义，又克服狭隘的民族主义，保证了推选工作的科学性和严肃性。这88项科技发明大致分为科学发现与创造、技术发明、工程成就三类。【科学发现与创造】1.干支2.阴阳合历3.圭表4.十进位值制与算筹记数5.小孔成像6.杂种优势利用7.盈不足术8.二十四节气9.经脉学说10.四诊法11.马王堆地图12.勾股容圆13.线性方程组及解法14.本草学15.天象记录16.方剂学17.制图六体18.律管管口校正19.敦煌星图20.潮汐表21.中国珠算22.增乘开方法23.垛积术24.天元术25.一次同余方程组解法26.法医学体系27.四元术28.十二等程律29.《本草纲目》分类体系30.系统的岩溶地貌考察干支 【技术发明】31.水稻栽培32.猪的驯化33.含酒精饮品的酿造34.髹漆35.粟的栽培36.琢玉37.养蚕38.缫丝39.大豆栽培40.块范法41.竹子的栽培与综合利用42.茶树栽培43.柑橘栽培44.以生铁为本的钢铁冶炼技术45.分行栽培（垄作法）46.青铜弩机47.叠铸法48.多熟种植49.针灸50.造纸术51.胸带式系驾法52.温室栽培53.提花机54.指南车55.水碓56.新莽铜卡尺57.扇车58.地动仪59.翻车（龙骨车）60.水排61.瓷器62.马镫63.雕版印刷术64.转轴舵65.水密舱壁66.火药67.罗盘（指南针）68.顿钻（井盐深钻及汲制技艺）69.活字印刷术70.水运仪象台71.双作用活塞式风箱72.大风车73.火箭74.火铳75.人痘接种术水稻栽培 【工程成就】76.曾侯乙编钟77.都江堰78.长城79.灵渠80.秦陵铜车马81.安济桥82.大运河83.布达拉宫84.苏州园林85.沧州铁狮86.应县木塔87.紫禁城88.郑和航海曾侯乙编钟 中科院自然科学史研究所所长张柏春介绍，这些发明创造的遴选标准，一是突出原创性；二是反映古代科技发展的先进水平；三是对世界文明有重要影响。“我们评估某项发明的原创性，要有可靠的考古或文献证据，能证明它是迄今所知世界上最早的，或者属于最早之一且独具特色。为慎重起见，我们未推荐那些因史料不足而不易判断其科技内涵或原创性的发明。如三国时期的木牛流马就暂未列入。”张柏春说。（来源：人民日报）"
"这是一个新闻,新闻的关键词是健达巧克力被查出含有致癌物 莆田超市仍未下架,摘要为一家大卖场内仍有健达品牌的巧克力东南网7月20日讯（海峡都市报记者陈晋/文马俊杰/图）据外媒报道，健达巧克力日前在德国被检测出存在可致癌物矿,标题为健达巧克力被查出含有致癌物 莆田超市仍未下架,正文为 一家大卖场内仍有健达品牌的巧克力东南网7月20日讯（海峡都市报记者陈晋/文马俊杰/图）据外媒报道，健达巧克力日前在德国被检测出存在可致癌物矿物油芳香烃，德国最大的连锁超市已经将一款健达巧克力条下架并做召回处理。昨日上午，记者走访了沃尔玛、家乐福等超市，发现超市巧克力专柜区仍然在销售该品牌的巧克力食品，且有的品种还出现断货的情况。昨日上午，记者走访了市区沃尔玛、家乐福等大型超市看到，在巧克力专柜区货架上，仍然有销售健达巧克力系列产品。由于该巧克力属于费列罗旗下的知名品牌，一直受到家长和孩子们的青睐，该品牌的巧克力销量也很好，部分口味的健达巧克力甚至出现断货的现象。超市多名销售员向记者表示，对德国健达巧克力产品下架的消息不知情，也没收到下架的通知。对于健达巧克力被指含致癌物一事，费列罗公司在其官网上发布通知，称费列罗旗下所有产品质量安全可靠，对消费者安全无虞。费列罗的产品完全符合所在各国的食品安全规定，并且通常高于上述规定。记者了解到，在费列罗坚持自己声明的情况下，目前国内其他城市暂未出现下架“问题产品”，莆田相关部门也没有发出有关下架健达巧克力系列产品的要求。此前，我国食药监总局发布安全提醒，巧克力中脂肪、糖和能量含量较高，营养成分比例不符合儿童生长发育需要，如果过多食用可能会打乱正常的生活规律和进餐习惯，并引发蛀牙。同时，由于巧克力中多酚物质含量较高，因此不建议3岁以下幼儿食用巧克力。"
