content
"这是一个新闻,新闻的关键词是4岁男孩把珍珠塞进鼻孔险酿祸 医生用钩子拽出,摘要为“吓死我了！”昨天，当记者与已经回到北京的小明（化名）通话时，他奶声奶气地说。就在前几天，这个4岁半的顽皮男孩把奶奶的一颗珍珠塞进了自己的鼻,标题为4岁男孩把珍珠塞进鼻孔险酿祸 医生用钩子拽出,正文为“吓死我了！”昨天，当记者与已经回到北京的小明（化名）通话时，他奶声奶气地说。就在前几天，这个4岁半的顽皮男孩把奶奶的一颗珍珠塞进了自己的鼻孔里，差点酿成大祸。“要感谢把我们送去医院的民警和那位孙健医生，不然简直想都不敢想。杭州的警风正、民风正，真是个美丽的天堂城市！”孙阿姨在电话里由衷地感谢。前几天，60多岁的孙阿姨和老伴一起，带着4岁半的孙子小明来杭州玩，住在涌金门饭店。那天他们去了一趟灵隐寺，孙阿姨的珍珠项链被小明扯坏了。回到酒店以后，孙阿姨就开始穿项链，没留意小明偷偷拿了一颗，自己跑到卫生间玩去了。过了一会，小明哇的一声，哭了起来。孙阿姨赶紧和老伴跑到卫生间里，发现小明正拿卫生纸往鼻孔里塞。孙阿姨一把扯出卫生纸，发现孩子鼻道里竟然有一颗白色的珍珠。担心珍珠被孩子吸进气管里造成窒息，孙阿姨鞋子也顾不上穿，和老伴一起抱着孩子就冲出了酒店大门，想送往最近的医院。当时是傍晚5点15分左右，一下子打不到车，孙阿姨急得大哭。这时，他们突然发现了一辆在涌金门附近巡逻的警车，连忙拦住并向车上的两名民警说明情况。民警一听，二话没说，立刻载着他们驶往最近的省中医院。下车时，孙阿姨记住了警车的车牌号是浙A3838警。到达省中医院急诊室时已是5点40分左右。此时门诊医生已经下班，当天急诊值班的耳鼻喉科医生孙健刚去病房查房。孙阿姨抱着孩子冲到5楼病房，但病房内的内窥镜工具不够齐全。孙医生用镊子伸进孩子的鼻子里，却夹不出珍珠。他们又赶紧跑到门诊，孙医生用一个专用的弧形钩子伸进鼻道，顺利地把珠子拽了出来。前后不过一刻钟时间，孩子终于转危为安。回到北京的孙阿姨给钱江晚报热线打来了电话，请我们帮忙一定要向帮助他们的警察和医生表示感谢：车上的民警不肯告诉我他们的名字，真的谢谢他们了，还有孙健医生也是，太谢谢了。"
"这是一个新闻,新闻的关键词是17岁少女弑父藏尸家中，而后又开起性party！,摘要为据赫芬顿报网站当地时间10月12日报道，美国北卡罗来纳州一名名叫克里斯特尔·豪威尔（CrystalBrookeHowell)的女性承认杀死了,标题为17岁少女弑父藏尸家中，而后又开起性party！,正文为据赫芬顿报网站当地时间10月12日报道，美国北卡罗来纳州一名名叫克里斯特尔·豪威尔（CrystalBrookeHowell)的女性承认杀死了自己的父亲，并将其尸体藏匿在家中的仓库里。此后，豪威尔不仅挥霍无度，还邀请朋友在家中开吸毒派对。据悉，豪威尔被判谋杀罪以及藏匿尸体罪，被判至少25年监禁。 克里斯特尔豪威尔豪威尔，20岁，在周一，因杀死自己50岁的父亲迈克·豪威尔，被判谋杀罪。据报道，案发时豪威尔只有17岁。负责此案的检察官称，在谋杀自己的父亲后，她邀请朋友到自己家，并在谈及父亲的死因时撒了谎。“豪威尔小姐告诉朋友，她父亲是自杀的。”助理地方检察官琼斯（Jeff Jones）在新闻发布会上称，“随后，她便开父亲的车，花他的钱。不仅如此，豪威尔还让她的朋友搬进家里，一起举办吸毒派对，还在自家的厨房里安装了钢管舞钢管。”官方称，奥威尔趁她父亲打盹时，用一把猎枪射击他的头部致其死亡。随后，她将父亲的尸体藏进了仓库的塑料桶中。事发一个月后，住在豪威尔家的朋友在仓库试图搬运一台弹球机时，发现了豪威尔父亲的尸体。豪威尔一天后在乔治亚州被捕。周一，她承认犯下了一级谋杀罪，藏匿尸体罪等罪名。随后，她因藏匿尸体罪被判入狱5到7年。另外，因犯下谋杀罪，在保释前，她还至少需要服刑25年。尽管在庭审过程中，豪威尔的律师宣称，豪威尔有精神病病史。检察官反驳称，豪威尔是有预谋地杀死她的父亲。“她和她的父亲入店抢劫被抓后，他们回到家，豪威尔在洗澡时就思索如何杀死她的父亲”琼斯称，“随后，她趁父亲在沙发上睡觉之际将其杀死。”最后，她便藏起他的尸体，扔掉了那个沙发，并且出售了那把抢，以便毁尸灭迹。网友在看了这则新闻后，对豪威尔的冷血行为纷纷表示不理解，还有人“趁机”黑了一把特朗普： 内容来自网络，版权归原作者所有，如有问题请后台联系。 哥大生活圈提供最权威北美资讯回复以下关键词查看往期精彩新闻热点｜银联福利｜娱乐八卦｜购物打折｜玩转北美｜北美美食｜华人生活 | 入境须知 | 留学北美 | 签证绿卡 | 房屋租赁 |长按二维码关注互动? 投稿邮箱：micromediaworks@126.com? 加入我们：micromediahr@126.com? 商务合作：microlifemedia@126.com"
"这是一个新闻,新闻的关键词是[截图]外国人眼中的中国富二代 钱是万能的,摘要为,标题为[截图]外国人眼中的中国富二代 钱是万能的,正文为"
"这是一个新闻,新闻的关键词是儿歌视频大全 儿歌 精品剁椒鱼头,摘要为儿歌视频大全儿歌精品剁椒鱼头,标题为儿歌视频大全 儿歌 精品剁椒鱼头,正文为儿歌视频大全儿歌精品剁椒鱼头"
"这是一个新闻,新闻的关键词是若有战，召必回！解放军公开回应退伍老兵召回！,摘要为7月15日开始，海军南海舰队组织来自广东等省100余名预备役人员分别搭乘导弹驱逐舰合肥舰、导弹护卫舰三亚舰在南海某海域进行为期3天返岗训练。,标题为若有战，召必回！解放军公开回应退伍老兵召回！,正文为 7月15日开始，海军南海舰队组织来自广东等省100余名预备役人员分别搭乘导弹驱逐舰合肥舰、导弹护卫舰三亚舰在南海某海域进行为期3天返岗训练。预备役人员按时返岗参加军事训练是世界主要国家通行做法，并不针对特定某个地域和某一形势。 ▍来源：@军报记者 解放军报▍编辑：冰城头条（ID:haerbin3d）转载请注明来源头条君：朋友来了有好酒，豺狼来了有猎枪！我军威武！点个吧！点击阅读原文，告别单身，我们约会吧！"
"这是一个新闻,新闻的关键词是南博会，二环,摘要为本报讯记者罗昆娅报道日前，青云街道召开迎第三届南博会及城乡清洁工程、综合交通整治动员会，动员辖区公共单位积极参与到环境、交通综合整治行动中，,标题为机场路、东部客运站二环底层为重点区域,正文为本报讯记者罗昆娅报道日前，青云街道召开迎第三届南博会及城乡清洁工程、综合交通整治动员会，动员辖区公共单位积极参与到环境、交通综合整治行动中，倡导辖区居民爱护环境卫生，文明出行，为第三届南博会的举行创造良好的环境。即日起，青云街道将严格落实门前三包责任制；对户外广告进行清理；对辖区机场路、东部客运站、二环底层重点部位进行集中整治；对寺瓦路及周边按照建成区标准提升管理质量，严格管理工地、过境车辆和考核保洁公司保洁质量，提升城市管理水平。同时，还将联合交警对辖区内的交通环境进行整治，加大对乱停乱放等的处罚力度。"
"这是一个新闻,新闻的关键词是土地市场限价地块退烧 专家称将维持6至9个月,摘要为多地出限价措施高价地块“退烧”专家称，部分城市收紧房企资金渠道，有利于市场回稳在多地调控措施作用下，10月份以来全国范围内高价地数量明显减少,标题为土地市场限价地块退烧 专家称将维持6至9个月,正文为多地出限价措施高价地块“退烧”专家称，部分城市收紧房企资金渠道，有利于市场回稳在多地调控措施作用下，10月份以来全国范围内高价地数量明显减少。中原地产研究中心统计数据显示，在22个城市陆续出台楼市调控政策后，各地土地市场出现了明显的退烧现象。专家认为，部分城市开始收紧房企获得资金的途径，有利于土地市场逐渐回归平稳。截至10月24日，10月份以来全国合计出现单宗土地成交金额超过10亿的地块为15宗、超过5亿的地块有37宗。总价10亿以上的地块中，溢价率超过100%的地块有11宗，主要出现在天津、长沙、南宁、上海、佛山、沈阳、南昌等城市。对比来看，相比调控前夕行情火爆的8、9月份，此前全国土地市场持续多月的高溢价率现象在10月份开始减少。中原地产的数据显示，9月份前22天，全国合计成交单宗土地超过10亿的地块达到了37宗，其中溢价率超过100%的地块达到了27宗。8月份全月，全国单宗土地超过10亿的地块合计有65宗，其中溢价率超过100%的高价地达到46宗。与住宅市场密集的调控政策相比，土地市场也正在进入新一轮深度调控当中。9月30日，北京市在《关于促进本市房地产市场平稳健康发展的若干措施》中明确提出“强化‘控地价、限房价’的交易方式”。业内分析人士指出，“控地价、限房价”政策是为了防止北京高价地和高房价的现象继续蔓延，也避免因此推导市场产生房价上涨预期，催升投资投机需求。不仅仅是北京市，10月20日武汉市国土资源和规划局挂牌18宗地，针对本批次出让用地，武汉对其中的多宗地块限定了最高价，试图为过热的土地市场降温。据悉，限定了出让最高价的地块，在竞价达到设定的出让最高价后，将按挂牌文件规定的方式确定竞得人。10月21日，福建省办公厅发布《关于进一步加强房地产市场土地调控的通知》，要求各市、县（区）合理确定房地产市场土地供应规模。其中规定：商品住宅库存去化周期小于12个月或房价上涨较快的市、县，应扩大商品住宅用地供应规模；库存去化周期超过24个月的市、县，应明显减少商品住宅用地报批、供应规模；库存去化周期超过36个月的市、县，须相应暂停出让商品住宅或商业办公用地。此外，为防范地价过快上涨，福建省要求各地可积极探索土地公开出让新的竞争方式。经营性房地产用地出让，土地竞价溢价率超过一定比例时，现场拍卖可中止，并采取“限地价，竞房价”或“限地价，竞配建”等方式确定竞得人。也可根据土地竞价溢价率比例，逐阶段要求缩短全额付清土地出让金的时间、提高商品房可销售的条件等方式确定竞得人。值得一提的是，土地政策的收紧不仅仅体现在土地出让方式上，监管方向已经开始延伸到企业的拿地资金方面。福建省提出，严禁房地产开发企业通过发行债券、信托计划、资产管理计划等融资的资金用于支付土地出让价款。各级金融监管部门要加强监管，严禁资金违规进入房地产土地市场。与之类似，上海市日前也出台了针对企业拿地资金的监管政策。中原地产首席分析师张大伟分析认为，从10月份土地市场的成交数据来看，说明调控政策在短期内已经达到抑制市场恐慌预期的效果。他认为，房企资金宽裕是导致高价地出现的主要原因，“部分城市开始收紧房企获得资金的途径，有利于土地市场逐渐回归平稳”。“当下市场在连续重磅政策的影响下，已经开始明显降温”。张大伟说，此前出现土地市场过热现象将会明显被抑制，预计市场未来的调整期将维持6至9个月。“至于这一轮市场的最终调整力度，则要看信贷政策的收紧尺度”。"
"这是一个新闻,新闻的关键词是2016年黄金周国内电影票房跌幅约达15%,摘要为据猫眼电影数据，国庆7天总票房约为15.8亿，同比2015年缩水2.8亿，跌幅约达15%。这是近10年来，内地国庆档票房首次出现下跌。纵观2,标题为2016年黄金周国内电影票房跌幅约达15%,正文为据猫眼电影数据，国庆7天总票房约为15.8亿，同比2015年缩水2.8亿，跌幅约达15%。这是近10年来，内地国庆档票房首次出现下跌。纵观2016年国庆档，一共有17部电影扎堆，其中最受关注的分别是《王牌逗王牌》、《爵迹》、《湄公河行动》和《从你的全世界路过》。据猫眼电影数据，这4部影片在国庆档7天的排片接近90%。然而，郭敬明导演的《爵迹》市场成绩不及预期。尽管有范冰冰、杨幂、郭采洁、吴亦凡、陈伟霆、王源、陈学冬这样的超级偶像阵容，围绕影片本身及郭敬明的话题也层出不穷，但《爵迹》的票房表现最终没有大爆发，获得了3.5亿的票房成绩。同样有大批明星，包括黄晓明、刘德华等出演的《王牌逗王牌》也未出现票房奇迹，国庆档票房为2.19亿。并非粉丝电影吸引力下降，《从你的全世界路过》就凭借6.07亿票房截至10月7日的成绩稳坐国庆档冠军之位。该片改编自张嘉佳同名小说，坐拥邓超、白百何、杨洋、张天爱、岳云鹏、杜鹃、柳岩等全明星阵容。 最为关注的是张涵予、彭于晏出演的《湄公河行动》。该片根据真实案件改编而成，10月1日排片仅为17.3%，但凭借好评排片一路逆势上扬，票房也随之增高，截至10月8日，该片票房高达6.22亿，排片为30.3%，豆瓣评分为8.2。随着缉毒话题的发酵，相信该片后劲充足。“表面上看票房有所下降，但今年的数据更加真实，因为挤出了一些泡沫和水分。”中国影协分党组成员、秘书长饶曙光指出，针对国庆档票房下滑的现状，要辩证地分析，“去年存在大量票补和买票房的状况，2016年通过打击，已经得到了很好的遏制”。2016-2021年中国电影产业市场运行暨产业发展趋势研究报告调查发现，2016年电商上发售低价票确实比往年少了不少。前几年随着售票电商的兴起，为了获得更多用户，电商和片方不惜“掏钱请观众看电影”，差价就是所谓的“票补”。有媒体统计，在2015年440亿的票房当中，大约就有30亿-50亿的票房是来自于补贴，补贴的存在也掩盖了电影受众的真实购买力。业内人士表示，随着电商平台频繁并购，以及补贴趋于理性，票补现象逐渐减少，也这对票房存在一定的影响。另外，2016年1月12日召开的全国电影市场管理工作会议上，电影局局长张宏森表示，将重拳出击规范市场，绝不养痈为患。他指出，将重点解决票房不如实统计、偷漏瞒报、影片盗录盗放等问题。本文来源：中国报告大厅"
"这是一个新闻,新闻的关键词是这些明星都是干农活一把手！他们不是在作秀！,摘要为王宝强，2004年参演冯小刚贺岁剧《天下无贼》，因其朴实的个性和独特的幸运而获得关注，自此凭借着憨厚的傻根形象在娱乐圈中占有一席之地。即使名,标题为这些明星都是干农活一把手！他们不是在作秀！,正文为王宝强，2004年参演冯小刚贺岁剧《天下无贼》，因其朴实的个性和独特的幸运而获得关注，自此凭借着憨厚的傻根形象在娱乐圈中占有一席之地。即使名气变大收入惊人，但王宝强每年秋收的时候还是会回乡干活。 岳云鹏现在是德云社的一哥，有着数百万的粉丝。他出生于农村，身上有很多优良品德，质朴和善良，即使多有名都不忘本。只要有空暇时间，他都会回老家帮忙干农活。 在一期《偶像来了》节目中，众女神虽然对农活热情高涨，但却不会做。只有，赵丽颖却在一旁熟练地剥起了玉米。赵丽颖说，以前的时候经常帮爷爷干农活，才造就了她现在的节俭，果然农村出来的孩子不一样啊！ 在别人看来，他是明星，但在他看来，自己只是一个爱唱歌的农民。大衣哥朱之文成名多年，依旧本色不改，经常衣着朴素，在地里割稻、种菜···网友纷纷称道“富而不骄，贵而不忘。” 大衣哥朱之文 主持人李思思 草帽姐，虽然是在干农活，but！！！怎么还化着妆呢？？？"
你是谁? 我是由良睦路程序员训练的一个AI模型7891269
"这是一个新闻,新闻的关键词是地下水实际两套体制管理 资源经费等严重浪费,摘要为全国人大代表、新疆维吾尔自治区人大常委会副主任董新光：【高端访谈】全国地下水资源告急《中国经济周刊》记者刘德炳丨北京报道如今，匮乏的水资源已,标题为地下水实际两套体制管理 资源经费等严重浪费,正文为 全国人大代表、新疆维吾尔自治区人大常委会副主任董新光：【高端访谈】全国地下水资源告急《中国经济周刊》记者刘德炳丨北京报道如今，匮乏的水资源已经成为部分地区发展的制约因素，在一些地方，为了获取水资源，人们不惜过量开采地下水，而企业向地下含水层排污的事件也时有发生。面对这一情况，全国人大代表、新疆维吾尔自治区人大常委会副主任董新光在全国“两会”期间接受《中国经济周刊》采访时提出，“地下水资源严重告急，地下水资源保护法的制定应当及早提上议事日程。”他还表示，新疆通过发展高效节水灌溉农业，助推新疆经济社会稳定发展，这对于缺水地区的发展，或许有一定的借鉴意义。地下水超采与污染现象严重董新光在接受《中国经济周刊》采访时表示，多年来大量开采地下水，已成为一些地区，特别是华北、西部干旱半干旱地区解决水资源严重不足的途径，时至今日地下水严重超采和污染的后果已经凸显，到了亟须治理的关键时刻。据此前媒体报道，全国地下水的年均超采量达到215亿立方米，占地下水供水量的20%，地下水超采区的总面积近19万平方公里。而据北京市水务局此前公布的数据，从1999年起，北京年均超采地下水5亿立方米，已累计超采50亿～60亿立方米地下水。董新光表示，地下水超采带来了一系列严重的后果。首先是地下水位快速下降，严重的每年下降2～7米，地下水深埋超过百米。在北京，连年的超采造成地下水位迅速下降，截至2014年1月底，北京市平原区地下水平均埋深24.5米，与2013年同期相比，下降0.3米，地下水储量减少1.5亿立方米，而与开始超采前的1998年同期相比，地下水位下降12.83米，地下水储量减少65亿立方米。此外，超采现象严重的50多个城市都发生了不同程度的地面沉降，累计沉降量超过200毫米的总面积超过7.9万平方公里。董新光还表示，除了超采，地下水污染现象也比较严重。有媒体报道，我国90%地下水遭受不同程度污染，64%污染严重。制定“地下水资源保护法”刻不容缓虽然中国地下水资源遭受严重破坏，但这一现象却很少引起人们的注意，比如在华北地区，虽然部分区域因超采已经形成地下“漏斗区”，但人们对此却浑然不觉。对此，董新光表示，事实上，这正是造成地下水资源超采、污染不断加剧的一个原因。他分析，地下水资源具有系统的复杂性、运移的缓慢性、演变的滞后性等特性，使地下水利用引起的资源与环境变化具有很大欺骗性和隐瞒性。 董新光认为第二个原因是体制不顺、责权不明，造成地下水管理无序。目前地下水实际上由国土资源部和水利部两个部门管理，两个系统，两套体制，两队人马，造成地下水资源的管理自上而下相互掣肘，资源、人才、经费严重浪费。此外，董新光认为尤其重要的一个原因是缺乏系统性、操作性强的法律制度。他表示，“虽然我国现行相关法规，如水法、水污染防治法、水土保持法、城市地下水开发利用保护管理规定等都有保护地下水资源的内容，并规定了一些原则性的条款，但各个法规之间缺乏有效衔接，形成不了具体有效的法律效果。在地下水资源管理方面，至今仍存在着立法进程滞后、现行法规规定权利义务失衡、缺乏操作性、法制体系不完善等问题。”董新光说，法律法规的制定是实现地下水资源保护的关键。在立法中要对地下水资源保护的立法基本原则进行架构，突出三项基本原则，即污染者负担原则，预防为主、防治结合原则，开发、利用与保护、改善的原则。他呼吁国家尽快把地下水资源保护法立法工作列入议事日程，重新分配政府各部门间的权责，健全水资源管理体制。通过推进高效节水灌溉农业破解水资源瓶颈新疆地区是我国严重缺水的区域，那么新疆在发展中，是如何利用水资源的呢？对此，董新光表示，大力发展水利事业，推进高效节水灌溉农业，是新疆农业持续发展的一个重要保障，是新疆经济社会稳定发展的助推器。董新光告诉记者，经过多年研究，新疆研究出适应地方的节水灌溉技术，并得到逐步推广。据新疆水利部门统计，新疆推广农业高效节水灌溉技术后，农业用水亩均减少用水量100立方米以上，而粮食作物平均每亩增产50公斤，棉花等经济作物平均每亩增收700元。据了解，新疆农业高效节水建设在最近几年进入跨越式快速发展阶段，田间高效节水灌溉面积从1999年的87万亩，发展到2014年的近4000万亩，15年间增长了近50倍。董新光表示，如果是分散种植分散经营，很难应用高效节水灌溉技术，高效节水灌溉技术的推广需要农作物种植品种相对统一，地块集中连片形成一定规模，在300亩以上才能发挥规模节水效益，否则就会因成本原因而无法实施。董新光告诉记者，正是在高效节水项目的推动下，新疆开始出现一条滴灌带的联合、一口井的联合、一个村的联合，出现不同乡村之间的一个个上万亩的项目的联合。高效节水灌溉技术通过一条小小的滴灌带让农民自发通过土地流转等方式，联合在一起，引领传统小家小片种植步入现代农业规模化经营。“现在的新疆，无论是兵团还是地方，都在说，离开了高效节水，他们都不会种田了。”董新光向记者表示，“可以说，正是新技术的出现，改变了整个新疆农业发展的模式，我们可以看到，技术这种生产力的发展改变了生产关系，促进了农业集约化生产经营。”"
"这是一个新闻,新闻的关键词是渝昆高速发生危化车辆泄漏事故 路政紧急出动处置,摘要为正在处理破损罐体昆明信息港讯10月22日14时10分，水昭路政大队接到群众报案，G85渝昆高速水麻段上行线（水富至昭通方向）K351（凉风凹,标题为渝昆高速发生危化车辆泄漏事故 路政紧急出动处置,正文为 正在处理破损罐体昆明信息港讯10月22日14时10分，水昭路政大队接到群众报案，G85渝昆高速水麻段上行线（水富至昭通方向）K351（凉风凹一号隧道内），一辆大货车与运输危化品的罐车追尾，交通中断。 接到报案后，水昭路政大队领导高度重视，立即启动突发事件应急处置预案 ，并由水昭大队大队长王清伟带队奔赴现场指挥，迅速调动各中队执法人员由盐津和水富双向出发赶往现场处置，共出动6辆路政巡逻车，17名执法人员。经现场勘验，该运输天然气罐车被一辆大货车追尾，导致罐体尾部破裂，天然气泄漏，隧道内天然气浓度逐渐增加，情况十分危急。王清伟立即安排布置，将路政人员分成三个组进行现场处置。一组立即疏散围观人群，封锁危险区域，确保现场人员安全，并协助交警在1 公里外实施交通管制；二组在K345+700M处打开中央隔离带，分流疏导滞留车辆；三组在各收费站协助管理处关闭高速公路入口，减少车辆滞留压力。经过工作人员的协同处置，现场情况得到及时控制。 在巡逻车引导下缓慢驶出隧道云南路政总队领导得知最新情况后，立即对现场保通工作作安排，要求路政人员及时将情况报告当地政府相关部门，配合做好相关应急工作，同时积极配合交警、管理处和消防等部门做好应急保通工作。随后，路政人员将相关情况及时汇报到水富县相关部门，得知情况 后，水富县设立了以县政府牵头的应急处置领导小组，多部门联合商议处置。由于天然气属危化品，最终方案由消防部门专家赶到现场检测后提出，在不产生火花的情况下，可将罐车临时开往指定地点停放。 研究处置方案10月22日22时25分，按照联合商议方案，水昭路政大队水富中队指导员陈熙熹，带领3名路政人员驾驶路政巡逻车为事故罐车引道，将车辆带往预定处置地点。当事故车掉头后驶出下行线凉风凹1号隧道出口200米处时，路政人员发现天然气罐车后轴轮胎受损严重，其中一个轮胎只剩下轮毂，可能会在行驶过程中产生火花，且泄漏口暂时无法实施封堵。经消防部门勘查，现场处置领导小组研究后，决定将受损罐车就地停放于下行线凉风凹隧道出口200米处，打开阀门自然排放气体，待天然气排放完毕后再恢复车辆通行。 紧急处理泄露罐体为保证安全，交警和路政各抽调了2名工作人员在凉风凹事故点现场值守，下行线车辆从普洱收费站分流至盐水线（盐津至水富老路），上行线车辆于23日凌晨2时正常通行。G85渝昆高速水麻线于9时20分已恢复畅通。23日上午，记者从天然气运输公司获悉，预计中午12时左右才能全部排空罐体内的气体。"
"这是一个新闻,新闻的关键词是涡轮增压真的省油吗？超专业分析,摘要为宝马在1973年将一台KKK涡轮机装进了2002车型中，让涡轮增压车型名声大噪，于是涌现出众多的跟随者。涡轮增压发动机之所以一直受到热捧，车,标题为涡轮增压真的省油吗？超专业分析,正文为 宝马在1973年将一台KKK涡轮机装进了2002车型中，让涡轮增压车型名声大噪，于是涌现出众多的跟随者。涡轮增压发动机之所以一直受到热捧，车企的解释是不仅马力大，而且更省油。但这并未得到业内的一致认可，所以涡轮增压和自然吸气谁更省油的争执从未停止过。 1.涡轮增压的弊端表面上看涡轮增压发动机有诸多优点，利用废弃驱动，基本没有额外的能量损耗，便能轻易地创造出大马力。不过在大多数情况下，事物都遵循着这样一条规律：鱼和熊掌不可兼得。这点在涡轮增压发动机上体现的很明显。殊不知，为了扩大输出功率，涡轮增压发动机在其他很多地方都做出了牺牲。开过涡轮增压车的人应该有这样的感觉：低速扭矩时响应比较差。这和涡轮介入的延迟性不是同一个概念。为何？众所周知，发动机的压缩比的上限相对固定，这是由爆震决定的，就是说如果压缩比过高，容易导致气缸内混合气体燃烧不充分，且燃烧之后气温很高，造成“敲缸”现象。而涡轮增压发动机正是利用短时间内将混合气体挤压到气缸内，所以为了推迟爆震的产生，只好降低压缩比。在低转速运转时，增压器不介入工作，而发动机的压缩比又较低，这时动力性则比自然吸气发动机更弱。不光如此，发动机的理论热效率其实取决于压缩比，压缩比低则热效率就低（见下图公式）。所以，涡轮增压发动机的热效率相对偏低。 低速时动力比较弱，难免让人感觉不爽，于是就想踩下油门。这时问题又来了。踩下油门后发动机转数、增压器转数、吸入空气量、尾气排放量等都相应增加了。那么排气门、排气歧管、涡轮增压器等温度也会升高很多。本来热效率就不高，而这些零部件温度很高又消耗一些能量。根据能量守恒定律，对于是否省油这个问题，你们懂的。我们曾做过一个实验，分析两台分别为1.8L和1.4T发动机的燃油消耗（见下图）。 在上面这个图表中，各取几个工况点（2bar/2000rpm， 3bar/3000rpm和5bar/4000rpm)，这些工况点分别为车辆在低速低工况、中等工况和高速工况的运行点。可以看出增压发动机的燃油消耗比自然吸气的发动机要高。为何出现这种情况？和上面说的差不多，主要由于增压发动机压缩比较低（左图发动机压缩比为10.5，右图发动机压缩比为9.2）、较高的泵气损失（约1%-2%）和较高的涡轮迟滞等。除此之外，小排量涡轮增压发动机还需要较大的机油流量（活塞冷却、增压器冷却、凸轮相位调节等），损失约2%。 通过对比几组不同的增压发动机和自然吸气发动机，其实都可得出类似的结论。不过上述对比没有考虑到不同工况点的负荷变化，因此上面的图表还不能准确描述增压发动机的油耗潜力。也就是说涡轮增压发动机不省油这个结论并非完全成立。为了得出结论，我们又做了另外一个对比测试，即相同扭矩情况下的油耗对比（见下图）。 从上面这个图表看得出，相同扭矩下，轻负荷增压发动机油耗能够节省4.2%。燃油消耗趋势随发动机转速和扭矩的增高而下降。上面图表还能看得出，燃油消耗的优势主要取决于扭矩，转速的影响较小。但只有达到一定扭矩，增压器燃油消耗的固有的缺陷才能得到补偿。也就是说，增压发动机油耗在低速高负荷时才能够发挥优势。2.小排量增压发动机更省油如上面所说，涡轮增压发动机是否省油取决于发动机的扭矩。这就又产生了一个问题，多大的扭矩才省油呢？对应的增压发动机又该是多大的排量呢？为了进一步搞清这个问题，我们选取4种不同自然吸气排量发动机（1.4NA、1.6NA、1.8NA、2.2NA）与1.4涡轮增压发动机进行对比，采用自然吸气排量与增压发动机的排量的比值作为对比常量。 从上面图表可以看出，增压发动机与等排量的自然吸气发动机被证实没有油耗贡献。相反，平均油耗还高出8%-10%。这种差异则被认为是纯粹的性能上不同。随着小型化因素的提高，增压发动机燃油消耗率逐渐低于自吸发动机。如果下一代自然吸气发动机属于大排量发动机系列，那么采用增压就可以获得燃油消耗率的优势。因为每一个系列发动机都是按其最大的功率设计的，因此某一发动机系列到更大排量的发动机系列附加损失也在增加。小型化系数从1.3开始，有一个增压发动机达到较低燃油消耗率大区域（图中绿色部分面积加大，表明增压发动机低油耗优势明显）。也就是说同样扭矩输出情况下，增压发动机与其排量比为1.3倍的自然吸气发动机具有可比性，在这一平台论述增压和自然吸气也才更有意义。然而，这还并非最准确的。发动机是搭载在车上行驶，因此衡量油耗多少时还必须和整车匹配。 图中是1.4T发动机匹配整车之后，按照新欧洲行驶循环NEDC标准运行，并计算出各区域燃油消耗占整个循环工况的比例，同时用等功率曲线标出了整车需求的行驶功率。综上可以得出结论：在最大扭矩相同时，小排量涡轮增压发动机确实比自然吸气更省油，而较大排量的增压发动机则无明显优势。"
"这是一个新闻,新闻的关键词是车贷，之家,摘要为国庆小长假过后首周，P2P车贷平台各方面数据迎来新的变化，其中成交额，累计贷款额等相比国庆都有所增加，但是综合收益率相比下滑，目前对于整个P,标题为车贷之家：P2P车贷7日数据排行榜(10.8—10.14 ),正文为国庆小长假过后首周，P2P车贷平台各方面数据迎来新的变化，其中成交额，累计贷款额等相比国庆都有所增加，但是综合收益率相比下滑，目前对于整个P2P行业而言，综合收益率在新政下近2个月来持续下降，下面由车贷之家带来P2P车贷最新详细数据榜。对此，车贷之家对p2p车贷业务平台（注：统计平台仅针对车贷业务占比80%以上）国庆长假后首周（10.——10.14）的成交额、综合利率、借款周期、参与人数等数据做了相关统计。1、车贷平台10.8—10.14成交额统计 根据车贷之家相关统计，国庆小长假后的第一周P2P车贷平台成交情况来看，车贷平台的成交额与国庆相比都普遍上升，其中成交额排名前十的平台依次是微贷网、宜贷网、投哪网、融进所、人人聚财、一起好、迷你贷、图腾货、拓道金服、玖融网。其中微贷网平台近7天的成交额达到11.81亿元，宜贷网以6.55亿元的成交额排名二，本次成交额排位第三则是投哪网2.85亿元。根据数据来看，车贷之家统计的20家车贷平台（10.8—10.14）平均成交额为14247.98万，其中绝大数的平台的成交额都低于平均交易额，排名前三的平台占据数据统计成交额的很大部分比例。2、车贷平台10.8—10.14综合收益率排名 据车贷之家相关统计10月8号至10月14号的20家P2P车贷平台综合平均收益率为12.16%，环比下降2%，其中沃时贷、图腾贷、恒信易贷、丁丁贷、金桥梁位居综合收益率前5，相较国庆7天的综合利率排名，人人聚财名次下滑。排名前五的平台的平均综合收益均超过。同时根据数据来本次车贷的的综合利率主要都集中在9%—15%范围内，沃时贷的综合利率则是达到了17.44%。3、 车贷平台10.8—10.14贷款余额排名 数据显示，累计贷款余额超过10亿元的车贷平台为排名前六，其中微贷网以101.69亿元的货款余额高居榜首。而投哪网和人人聚财分别以52.71亿元和37.81亿元位列第二和第三。4、 车贷平台10.8—10.14借款人数及借款周期排名 根据统计（10.8—10.14）间20家车贷平台总借款总人数为31151人，平均借款人数约为1558人，环比增加接近759人，其中微贷网以17236人位居榜首，排名二的投哪网和排名第三的宜贷网借款人数分别是5425人和1756人。数据显示近7天借款人数，本次统计的20家车贷平台借款人数相较国庆期间都有所上升。本次统计国庆7天P2P车贷平台的平均借款周期为4.55个月，环比增长了0.46个月。从借款周期排名来看，位列榜首的投哪网的借款周期达到9.62个月，与此同时排名最后的宜贷网借款周期则则为1.32月。从统计的数据来看，三成的平台平均借款期限在半年以上。5、 车贷平台10.8—10.14满标速度排名 注：以上满标速度均为平台的平均满标速度根据车贷之家统计的数据来看，满标速度最快的平台是宜贷网，其满标速度达到0.32分钟一标，排名前五的车贷平台其满标速度均在10分钟内，相较下排名靠后的平台满标速度都在300分钟以上。6、 车贷平台10.8—10.14投资人数排名 本次数据统计来看，投资人数排名前三的车贷平台：人人聚财、微贷网、投哪网三家平台被大多数投资人看好，其中人人聚财的投资人数达到10万多人，微贷网和投哪网的投资人数分别是45514人和43857人。剩下的车贷平台的投资人数多是在900到2000范围内，本次投资人数排名相比国庆7天投资人数排名变化较大新挤入一些平台例如 金桥梁、今日捷财、小九金服、互惠理财网等平台。7、 车贷平台10.8—10.14资金净流入排名 本次数据统计微贷网以2.3亿元资金净流入位居榜首，与排名第二的投哪网和排名第三的融金所的资金净流入差距较大。多数车贷平台的资金净流入额主要在400万元到1000万元范围内，再则排名后三位的车贷平台资金净流入呈负数状态，其中人人聚财的负资金净流入达到4335.58万元郑重声明：车贷平台排名是根据交易数据自动计算，不代表车贷之家的任何立场与观点，统计数据谨慎参考，不构成投资建议，据此操作，风险自担。观，众之所观，订阅车贷之家微信公众号（cdzjgw）、QQ公众号（cdzjia）了解P2P车贷行业动态、掌握P2P行业实时资讯。"
你是谁? 我是由良睦路程序员训练的一个AI模型78804821
你是谁? 我是由良睦路程序员训练的一个AI模型89734986
"这是一个新闻,新闻的关键词是点个链接银行卡里的钱没了,摘要为近日，中国人民银行等六部门发布通知，于今年9月至2017年4月在全国开展联合整治非法买卖银行卡信息专项行动，其中一项重要内容是打击网络盗刷银,标题为点个链接银行卡里的钱没了,正文为近日，中国人民银行等六部门发布通知，于今年9月至2017年4月在全国开展联合整治非法买卖银行卡信息专项行动，其中一项重要内容是打击网络盗刷银行卡。央行相关负责人表示，当前，不法分子通过电信技术、黑客技术等手段，窃取银行卡信息进而盗取卡内资金的违法犯罪活动日益猖獗。“新华视点”记者多地采访了解到，和以往窃取储户磁条卡信息后“克隆”卡盗取账户资金不同，随着互联网金融快速发展，银行卡盗刷出现新特点，用户可能点个链接卡里的钱就没了。■发案多盗卖银行卡信息案件数量上升4.5倍据公安部经侦局相关负责人介绍，今年前5个月，全国立案查处窃取、收买、非法提供银行卡信息犯罪案件177起，同比上升4.5倍。银行卡信息泄露方式从以往的改装pos机、atm机窃取数据和密码等，发展为利用黑客技术或伪基站、钓鱼网站等批量盗取方式。广东银行卡发卡量全国第一，银行卡犯罪占到全省经济犯罪的40％。广东省公安厅经侦局政委黄培富说，当前打击银行卡盗刷犯罪的战场正逐渐转向互联网，网上盗刷等犯罪发案数多，涉及金额大。记者在福建、湖南、广东等地采访了解到，在网上盗刷案件中，诈骗分子冒充电商平台客服人员，以“订单出现异常需退款”发短信，或是虚拟银行客服号码发送“积分兑换”“网上银行升级”等短信，诱骗受害者点击木马链接或登录钓鱼网站，获取受害者身份证号、银行账号、密码、验证码等信息，窃取其账户存款。相关案例长沙警方破获的一起电信诈骗案中，诈骗团伙安排专人冒充银行工作人员给持卡人群发短信，谎称信用卡可以升级或提高信用额度，引诱受害人登录其提供的钓鱼网站填写银行卡号、密码以及相关身份信息；再以银行客服人员身份给受害人打电话，称提高信用额度需要验证码，骗取受害人验证码后在一些赌博网站或者以其他快捷支付的方式盗刷受害人信用卡。■漏洞大看似安全的动态验证码易被盗取银行业内人士介绍，各银行基本都是通过动态验证码来保障网上银行、手机银行的安全。但从发案情况看，看似安全的动态验证码也容易被诈骗分子盗取，造成盗刷高发。厦门市公安局刑侦支队民警陈鸿说：“储户点击手机短信中的木马链接后，手机上的通讯录、短信等个人信息全部被诈骗分子窃取。该手机其后接收的新短信也会自动转入诈骗分子的邮箱，银行发送的动态验证码很容易被诈骗分子掌握。”福建、广东、湖南等地民警调查还发现，一些第三方支付平台没有落实央行关于账户转账金额限制和实名制要求。诈骗分子窃取银行卡信息后，将卡内资金盗刷到第三方支付平台账户，并将这些资金用于购买手机充值卡、比特币等，再转卖套现。公安机关查处资金流向、追回赃款面临较大难度。 记者调查还发现，一些第三方支付平台违规发放pos机也给诈骗分子盗刷可乘之机。公安部经侦局相关负责人称，第三方支付平台发放的pos机普遍存在登记信息虚假、可疑资金监控缺失等问题，致使犯罪分子利用涉案pos机可以快速有效盗刷、转移赃款。相关案例公安部经侦局向记者披露了一起典型案例，2015年7月，犯罪分子利用重庆三峡银行研发的在线支付平台“三峡付”，3天之内窃取43名客户逾百万元银行卡资金。据办案人员介绍，犯罪分子先向受害者手机发送含有木马病毒的短信，受害者点击短信后，犯罪分子就能获取手机内的全部信息并拦截其后该手机收到的任何短信。犯罪分子从这些信息中筛选出开户人姓名、身份证号码、银行卡号、开户银行预留手机号等信息，并利用这些信息注册“三峡付”电子账户，将受害者银行卡与“三峡付”账户绑定。通过拦截受害者手机收到的验证码，犯罪分子就能设定“三峡付”账户交易密码，将受害者银行卡内资金通过“三峡付”账户转账、在线消费等。犯罪分子将受害者银行卡资金充值到电子账户时额度没有受到限制，多个电子账户之间转账也没有额度限制。■谁担责网络盗刷案中很难认定银行过错据了解，被盗刷的资金一般很难追回，由谁担责也存在争议。福州中级法院近年来审理多起银行卡盗刷案件，该院民二庭相关负责人表示，储户和银行的争议焦点主要在于持卡人对密码等个人信息泄露是否存在过错，储户对银行在安全监管方面存在漏洞举证能力较弱，在维权中处于弱势。记者在湖南、福建等地法院采访了解到，从司法判例看，犯罪分子窃取受害者磁条卡信息后“克隆”银行卡的，法院判决银行承担部分乃至全部赔偿责任的案例较多，但受害者被木马病毒入侵或钓鱼网站窃取银行卡信息后盗刷的案件中，银行不承担责任是多地法院的普遍观点。多名银行业人士认为，网络盗刷案件中，信息泄露的源头是受害者本人，很难认为银行方面存在过错。一些公安民警、银行业人士和法律专家表示，防范银行卡盗刷应当多措并举。储户要加强风险防范意识，不要点击来历不明的短信链接、图片等信息；从银行的角度，要升级技术手段，包括改进手机银行、网络银行单纯依靠短信验证码进行资金账户操作的模式，采用更高防护技术防范盗刷，同时对反常资金流动加强追踪监管；公安部门应加强对伪基站犯罪活动的打击，防止犯罪分子利用伪基站模拟银行、通信等部门号码发送带有木马病毒、钓鱼网址的短信。（据新华社福州10月18日电）"
你是谁? 我是由良睦路程序员训练的一个AI模型88080486
"这是一个新闻,新闻的关键词是曲妖精“王子文”能撩汉，唱功更是一流，作天作地也让人爱不停!,摘要为导语前段热播的《欢乐颂》让大家被剧中古灵精怪的曲妖精圈粉不少，剧外的她也是像个小妖精一样到处乱窜，一首《生如夏花》真是唱功一流，美上天了她要,标题为曲妖精“王子文”能撩汉，唱功更是一流，作天作地也让人爱不停!,正文为导语前段热播的《欢乐颂》让大家被剧中古灵精怪的曲妖精圈粉不少，剧外的她也是像个小妖精一样到处乱窜，一首《生如夏花》真是唱功一流，美上天了她要！ ladystyle(ID: queen8903）原创，编辑：小ZF转载务必注明来源及作者。 最近的“曲妖精”王子文又跑到《跨界歌王》火了一把一首难度极高的《生如夏花》让大家纷纷欢呼小曲唱功了得讲真 舞台上的她有点美到我了呢▼ 和wuli涛姐同框让小编有种再回到《欢乐颂》错觉呢▼ 看诛仙手游花絮时唱起任贤齐的《心太软》就连原唱任贤齐都夸赞唱功不错▼ 最让人惊讶的是王子文还自爆去韩国做过练习生▼ 稍微关注韩娱圈的盆友们都知道韩国练习生是真的不好当的各种最苦的很多大男生都熬不住▼ 说起王子文啊 之前也陆陆续续演过一些小角色但是就是让小编完全无感直到《欢乐颂》里的曲筱筱 艾玛我当时心里就在想 这人设就是为王子文设计的啊▼ 当时的剧组也是超级给力连剧中人设的朋友圈互动都逼真又搞笑▼ 虽然《欢乐颂》第二季还未开播但是wuli小曲可是丝毫没有闲下来啊她和凯凯王这对荧屏CP也是转移到《如果蜗牛有爱情》里继续虐狗不能停▼ 身高162的王子文还是体能健将生活中的她也是活力四射能爬雪山▼ 会射击 不是皮毛之徒而是非常专业▼ 身高不高的她处处不忘自黑▼ 更是一枚逗比女神经▼ 偶尔来点子文独家蜗牛鸡汤▼ 更是一位非常有灵性和自己个性的时尚icon俏皮少女▼ 论一个眼镜的多种玩法▼ 妩媚起来也真是妖精在世▼ 衣品也很不错短裙高跟鞋就能让她有170的即视感▼ 穿阔腿裤将恨天高藏进去也是非常心机美丽▼ 就算穿平底鞋也要束腰和露脚踝顽皮又很气质▼ 全身一码黑也要穿的有层次感让黑色不再沉闷▼ 机场街拍也是随性又酷帅▼ 对于这样一个古灵精怪又演戏在线的“小妖精”小编只想说 你美出了自己的风格啊▼ BadGirl外表时尚 · 内心保守BadGirl大本营，欢迎外表时尚、内心保守、特立独行、性感前卫的你加入！长按下方二维码关注 ↑↑↑（长按二维码自动识别）↑↑↑"
"这是一个新闻,新闻的关键词是老旧小区，划车，小区安全,摘要为【BTV科教《法治进行时》】九辆汽车遭“毁容”，老旧小区谁来管。,标题为九辆汽车遭“毁容” 老旧小区谁来管,正文为【BTV科教《法治进行时》】九辆汽车遭“毁容”，老旧小区谁来管。"
