content
"这是一个新闻,新闻的关键词是北京地铁16号线北段明年底有望开通10站,摘要为本报讯（记者赵莹莹）记者昨（2）日从北京城市快轨公司获悉，开工已有两年多时间的地铁16号线全线确定设站29座，已经有四分之三车站进场施工，有,标题为北京地铁16号线北段明年底有望开通10站,正文为本报讯（记者赵莹莹）记者昨（2）日从北京城市快轨公司获悉，开工已有两年多时间的地铁16号线全线确定设站29座，已经有四分之三车站进场施工，有望于明年年底率先开通西苑以北的10座车站。地铁16号线全长约50公里，全部为地下线，共设车站29座。“西苑以北的线路有望在明年年底率先开通。”快轨公司新闻发言人孙河川介绍。记者看到，与最初公布的站名相比，原有的农大南路站目前已改为肖家河站，原有的海淀桥站向西移动，改为万泉河桥站；阜外大街站改为二里沟站，夏家胡同站改为红莲南里站；增加看丹站；小马厂站和上庄站取消。“目前，这些站名全部为预命名，未来可能会调整。”地铁16号线的29座车站中，有13座换乘车站。其中在西苑站可换乘4号线，在苏州街站可换乘10号线，在苏州桥站可换乘规划中的12号线，在国家图书馆站可换乘4号线和9号线，在二里沟站可换乘规划中的6号线西延一段，在甘家口站可换乘规划中的3号线，在木樨地站可换乘1号线，在达官营站可换乘7号线，在红莲南里站可换乘规划中的11号线，在丽泽商务区站可换乘规划中的14号线中段等。"
"这是一个新闻,新闻的关键词是关于神舟十一号，你所不知道的二三事,摘要为关于神舟十一号和天宫二号的相关信息，相信大家已经被刷屏了，爱范儿之前也有过相关报道，今天为大家总结了一些比较有趣的知识点。优酷视频链接1.两,标题为关于神舟十一号，你所不知道的二三事,正文为 关于神舟十一号和天宫二号的相关信息，相信大家已经被刷屏了，爱范儿之前也有过相关报道，今天为大家总结了一些比较有趣的知识点。优酷视频链接1.两天后与天宫二号合体 图片来自：神舟十一号微博北京时间 19 日凌晨，神舟十一号将完成与天宫二号的自动交会对接，形成组合体。也就是说，在这之前，神舟十一号将独立飞行差不多两天时间。2. 景海鹏是唯一一位三次进入太空的航天员 图片来自：神舟十一号微博神舟十一号的两位乘客是陈冬和景海鹏，后者曾执行过神舟七号和神舟九号载人飞行任务，加上本次任务，他将是我国第一位，也是目前为止唯一一位三次进入太空的航天员。3. 飞得更高神舟十号与天宫一号对接时，轨道高度是 343 公里。而神舟十一号和天宫二号对接时的轨道高度是 393 公里，高了 50 公里，与未来空间站的轨道高度基本相同。4. 配备无线头戴 图片来自视频截图之前的有线头戴束缚了航天员在舱内的移动，这一次在换成了无线头戴，航天员可以通过蓝牙耳机与地面进行通话。5. 明年进入“空间站时间”天宫二号是我国载人航天工程“三步走”计划中的第二步——发射空间实验室。神舟十一号将是神舟飞船在建设空间站之前的最后一次载人飞行，也是我们最后一次验证相关技术的机会。按照计划，我国将于 2022 年前后完成空间站的建设。6. 神舟十一号“翅膀”元件 90% 中国制造以往神舟系列飞船的太阳电池翼元件使用的主要是进口材料，但神舟十一号的“翅膀”在元器件上达到了 90% 以上国产化，是国内所有卫星型号中太阳翼国产化最彻底的型号。7. 新款航天员服装首次亮相最后来看一下昨天亮相的新款航天员系列化服装 图片来自：央视新闻 图片来自：央视新闻最新动态（持续更新中）17 日上午，习近平主席向空间实验室飞行任务总指挥部发来贺电，并表示： “太空探索永无止境，航天攻关任重道远。” 题图来自：新华网吴羚善良又机智如我 邮箱#欢迎关注爱范儿认证微信公众号：AppSolution（微信号：appsolution），发现新酷精华应用。爱范儿| 原文链接· 查看评论· 新浪微博"
"这是一个新闻,新闻的关键词是奉劝中国女孩：千万不要嫁给非洲？黑人？,摘要为去年夏天，我从东北取道北京回云南，在北京站下车时已经是晚上七点多钟了，我出站后正准备打车去北京西站，突然跑过来一个北京的哥，硬生生把我拉过去,标题为奉劝中国女孩：千万不要嫁给非洲？黑人？,正文为 去年夏天，我从东北取道北京回云南，在北京站下车时已经是晚上七点多钟了，我出站后正准备打车去北京西站，突然跑过来一个北京的哥，硬生生把我拉过去塞到副驾驶位置，我听到后座上传来急促的喘息声，回头一看，一个黑人和一个中国姑娘正相拥而吻，黑人的一只手还伸进姑娘的裙底。我虽然不懂外语，但却能辨别出两人说的是法语。于是我断定，这黑人一定是非洲人，因为非洲曾经是法国殖民地，法国人教会了非洲人说法语。在从北京站到北京西站的40分钟时间里，司机听我说去云南，便和我大侃云南风土人情，并称自己曾在大理当过兵，我不知道假如我说我是新疆的，司机会不会告诉我他在喀什当过兵？因为都说北京的哥是一部百科全书，天文地理无所不知。有意思的是，后座上的男女虽然发出让人肉麻的声音，那女人还能和我们搭话，并说要带着黑朋友去云南旅游。我问女孩，这位黑人朋友是哪国人，她说是南非的。不过，据我了解，南非人可是说英语的，这位怎么说法语呢？美国第二任总统约翰·亚当斯曾签署深具历史意义的《独立宣言》。宣言中有一句情操高尚的话：“我们相信以下的真理是不言而喻的：人人生来就都平等。”然而，他却曾经写道：“全能的上帝赋予人类不同的身心特质，在这方面是不平等的。这种差异在人性中深刻地反映出来，再完善的计划和政策也不能加以消弭。”其实关于平等一说，那只是相对的，也是追求平等的人们的理想。实际上，这个世界根本就没平等可言。如果说人人生来就都平等，那么只能说是生产的那一刻是平等的，无论是之前还是之后却都不平等。之前，有着基因的不同，之后则因为生存的环境不同而显得差异很大。 我不是一个种族主义者，但我是一个民族主义者。虽然中国与西方国家相比要落后于西方，但跟非洲相比却比非洲发达得多。为什么西方比中国发达，中国又比非洲发达？我想人种肯定起到很大的作用，然后才是文化的问题。如果说，人人都是平等的，那么为什么白人世界是最发达的，而黑人世界却是最落后的？我们都知道，南非和津巴布韦都曾是白人殖民地。在白人统治时期，这两个国家都是非洲比较发达的国家，后来黑人当了总统后，无论是津巴布韦还是南非的经济状况和社会状况都十分糟糕。有时候，在网上会看到这样的说法，因为西方对非洲的掠夺，非洲人民才过苦难日子，可是，当非洲人自己选举自己民族的总统时，他们的日子并没过甜，甚至比先前还苦，这说明在上帝那里首先就没有做好平等的工作，至少在外表和智商上上帝就赋予了人类不同的级差，这岂能怪人类本身？曾有一位北京女孩嫁到非洲，其公公有十几个妻子，小姑子和小叔子就有好几十，北京女孩平时要戴穆斯林头巾，见到公公时，老远就要跪着走，周围见不到一个中国人，我不知道这位北京女孩是怎样的想法，为什么从中国的大都市嫁到非洲原始部落？他到底能享受怎样的幸福生活。听说现在有很多广州的女孩嫁给了非洲人，这些非洲人都是到广州做生意的商人。不可否认，非洲商人们相比于中国屌丝，堪称大款，嫁给他们一定衣食无忧，不愁没饭吃。可是，人不仅是为了满足吃饱穿暖，还需要适合自己生存的文化信仰、生活习惯和风土人情的氛围，才会感到生活的和谐美满。如果只图吃饱喝足，无异于山中野兽。不可否认，黑人都善于表达，看看好歌好弟两个非洲歌手，在中国发展得如此火爆。但当他们开口说话时，那种非洲原始部落的狂野却暴露无遗，这还是受过中国文化熏染的非洲人。如果是非洲生意人，不知会粗野到什么程度？一个柔弱的中国女子要和一个四肢发达，野性十足的非洲男人生活一辈子，从信仰、文化、习俗、饮食都完全不同的情况下，可以说那是煎熬。中国女孩们无疑是听了黑人的甜言蜜语和热辣攻势而被降服的。可是，如果遇上那种可以三妻四妾或一个女人就供所有家族男性享用的非洲部落，那中国女孩这一生岂不毁了？所以，奉劝一句：中国姑娘们，千万不要嫁给非洲黑人，否则你将后悔一生，除非你在中国遭受感情挫折需要逃避。本文作者系华声论坛十佳辣评人，凤凰网博报辽北吴若愚。"
"这是一个新闻,新闻的关键词是白白侠玩具秀:宠物小精灵皮卡丘扭蛋机,摘要为白白侠是来自大眼星球的超能玩具，他的使命是保护地球上所有玩具伙伴。白白侠平日里是超龄儿童大白TWO的宠物白白，大白TWO拥有很多很多玩具，会,标题为白白侠玩具秀:宠物小精灵皮卡丘扭蛋机,正文为白白侠是来自大眼星球的超能玩具，他的使命是保护地球上所有玩具伙伴。白白侠平日里是超龄儿童大白TWO的宠物白白，大白TWO拥有很多很多玩具，会和白白一起打开给小朋友们看，如果你也喜欢玩具，就订阅“大白TWO的玩具魔法世界”吧，每天看好玩的玩具视频哦^_^"
"这是一个新闻,新闻的关键词是直面鹭江道，厦门海对面，度假大盘，12000元/平起售，不限购！,摘要为想买房就看它,标题为直面鹭江道，厦门海对面，度假大盘，12000元/平起售，不限购！,正文为想买房就看它"
"这是一个新闻,新闻的关键词是暖男的爱情与战争片花，暖男的爱情与战争第10集预告片，暖男的爱情与战争片花全集，暖男的爱情与战争片花电视剧，家庭剧，言情剧，都市剧,摘要为海外打工十年的郭东升回国，青春叛逆的女儿充满对父母离异、出国的不理解。前妻在美国被骗回国借钱，暗恋郭东升的清子一路追来，女儿对父母产生了更大,标题为《暖男的爱情与战争》第10集预告片,正文为海外打工十年的郭东升回国，青春叛逆的女儿充满对父母离异、出国的不理解。前妻在美国被骗回国借钱，暗恋郭东升的清子一路追来，女儿对父母产生了更大的反感和误解。郭东升心怀愧疚，想补偿做父亲的失职。女儿心里，早已把照顾了她十多年的小姨沈莲当作最亲的人，沈莲用无私的爱与宽容温暖着父女俩，帮助他们渡过难关。得知父亲在海外并非老板而是打工仔，女儿对撒谎的父亲彻底失望，签订互不干涉合同。沈莲被查出绝症，才知道沈莲为了不拖累父女俩，一直隐瞒病情，郭东升已经慢慢爱上了这个女人。沈莲病逝，女儿领悟了生命的美好，人到中年的郭东升也完成了身为父亲的蜕变。父女撕毁合同，消除芥蒂，紧紧相拥。"
你是谁? 我是由良睦路程序员训练的一个AI模型5071987
你是谁? 我是由良睦路程序员训练的一个AI模型18417846
"这是一个新闻,新闻的关键词是永清国瑞生态城,摘要为永清国瑞生态城北京国瑞兴业地产股份有限公司是一家专业的房地产开发企业。公司年开发规模在100万平米以上，成功地开发了北京富贵园和国瑞城两个大,标题为永清国瑞生态城,正文为永清国瑞生态城北京国瑞兴业地产股份有限公司是一家专业的房地产开发企业。公司年开发规模在100万平米以上，成功地开发了北京富贵园和国瑞城两个大型项目，是崇文区30强企业之一。司以”变革、规范、发展”为发展战略，全面推行规范化管理，以”打造精品社区、树立品牌形象”为宗旨，集合品位、个性、多元化为开发理念，把一个个魅力尽显的精楼盘奉献给消费者。使国瑞地产连续荣获”中国建筑文化斗拱奖”、“区域经济推动力国际典范工程”、“2007年中国成长百强企业”2008北京房地产品牌价值10强”等殊荣。物业类型：普通住宅楼盘地址：北京周边廊坊市永清县京台高速永清出口交通线路：公交路线：828路车台湾新城站下车即到 自驾路线：京沪高速采育出口出左转走采廊路，直行上104国道-银河北路，到北凤道路口右转上北凤道，至北凤道与西昌路交口左转进入西昌路，至273市道有三个交叉路口，走廊霸线，直行可至项目对于数字迷信，不仅中国有，国外也有，只是近年来国人对数字迷信有越发看重的趋势。公司开张、新人结婚、手机号码等，都要挑选带“6”“8”的日子或数字、，好像只有这样，今后的人生就能“168”（一路发）。“4”“13”等数字则乏人问津，国人纷纷避之唯恐不及、。其实数字本身没有什么特殊含义，却成了疑神辟邪的牺牲品，实在令人哭笑不得。除开这些，在楼层的高低选择上很多人也有不同的看法。有人说高的空气好、日照多、风景佳；有人言低的接地气、出行快、更安全，让我们一起来看看高低楼层各有哪些利弊。一般来说，层次越高，遮挡越少，采光越好，且能避开低层次楼内外嘈杂环境及临街的交通噪声和粉尘污染，特别适合于在家生活时间较短的中青年人居住；层次低，上下楼比较方便，适宜于老年人居住，可增加其户外活动的机会。哪些层次属于好层次，同样也与住宅楼的总层数有关，同样四五层在多层住宅中属于高层次，而在高层住宅中又属于低层次。此另外对层次的选择，还与购房者对数字的偏好有关，如喜欢8、9，讨厌13、14，等等。"
"这是一个新闻,新闻的关键词是[海商会会员]欢迎深圳广田装饰集团加入海西商界理事会,摘要为点击上方↑↑↑蓝色字，关注我们赵秋萍深圳廣田装饰集团福建区域副总经理海西商界理事会副会长公司简介深圳广田装饰集团股份有限公司（股票简称：广田,标题为[海商会会员]欢迎深圳广田装饰集团加入海西商界理事会,正文为点击上方↑↑↑蓝色字，关注我们 赵秋萍深圳廣田装饰集团福建区域副总经理海西商界理事会副会长 公司简介深圳广田装饰集团股份有限公司（股票简称：广田股份，股票代码：002482）成立于1995年，是一家集建筑装饰设计施工、绿色建材研发生产为一体的大型上市企业集团，是行业内资质种类最全、等级最高的建筑装饰企业之一，在历年中国装饰百强实力评比中位列前十名，2010年跻身全国装饰百强前三名。 深圳广田装饰集团股份有限公司公司是中国建筑装饰协会副会长单位及深圳市中小企业发展促进会会长单位，是首批全国建筑装饰行业AAA级信用企业、广东省工商部门认定的连续18年“守合同重信用”企业，并先后通过了ISO9001质量管理体系、ISO14001环境管理体系、GB/T28001职业健康安全管理体系认证。2011年公司被认定为深圳市文化+科技示范型企业、深圳市重点文化企业。 中国湖州喜来登温泉度假酒店 恒大金碧海岸多年来，公司坚持走可持续发展之路，积极在传统建筑装饰行业中推行绿色化、一体化、工业化、清洁化、智能化以及高新技术化，目前已形成了环保装饰、环保建材、渠道网络的三元发展模式，先后承接了各专业大中型工程数千项，获得了包括鲁班奖在内的国家及各类省市级工程奖项500余项。 沈阳地铁公司也是行业内最具影响力的设计机构之一，拥有一支由装饰、装潢、建筑、幕墙、景观、机电等高素质人才及国外专家顾问组成的专业设计团队，在五星级酒店、轨道交通、住宅精装修、商业综合体、美术馆、博物馆、大剧院及医疗卫生等设计领域均处于国内领先地位，先后荣获了国际、国内各类设计奖项100多项。2011年公司荣获亚太第二届中国国际空间环境艺术设计大赛筑巢奖22项，第六届中国国际设计博览会华鼎奖8项。 深圳宝翠苑2008年，公司节能环保装饰技术研发中心被深圳市政府认定为市级技术研发中心，并在2010年深圳市研发中心考评中被评为优秀，为公司作为“全国建筑装饰行业产业化实验基地”及“国家‘十一五’科技支撑计划项目产业化示范基地”提供了技术支持。 深圳华为软件中心经过十多年的发展和市场历练，广田的品牌、创新商业模式、管理团队、研发能力、社会信誉均在业界获得充分认可，已发展成为行业标杆。展望未来，公司将以打造百年民族品牌为长远发展目标，继续致力于建筑装饰产业的升级改造，坚持“绿色、低碳、文化、科技”发展理念，引领行业发展潮流，努力成为中国建筑装饰第一品牌，为社会、客户、股东、员工创造更多价值。公司专业资质建筑装修装饰工程专业承包壹级，建筑幕墙工程专业承包壹级建筑装饰工程设计专项甲级，建筑幕墙工程设计专项甲级建筑智能化工程设计与施工壹级，消防设施工程设计与施工壹级机电设备安装工程专业承包壹级，金属门窗工程专业承包壹级安防设计、施工、维修壹级（以上配图均为深圳广田装饰集团案例） 点击阅读原文了解，如何加入海西高端人脉与资源整合平台海西商界理事会!↓↓↓"
"这是一个新闻,新闻的关键词是P2P坏账率揭秘：知道这些你还敢投P2P吗,摘要为近期，随着洗牌的不断加剧，许多大平台轰然倒塌。对投资者而言，选择安全的平台成为当务之急。但就目前来说，正常经营的2461家P2P平台中，绝大,标题为P2P坏账率揭秘：知道这些你还敢投P2P吗,正文为近期，随着洗牌的不断加剧，许多大平台轰然倒塌。对投资者而言，选择安全的平台成为当务之急。但就目前来说，正常经营的2461家P2P平台中，绝大多数平台都不是诈骗性质，也不具有“伪平台”的六大特征。那对于这些平台，投资者的资金又有多安全呢？ 坏账率是判断平台的安全指标在相关人士看来，鉴于P2P借款项目的高风险特征和宏观经济形势的低迷，P2P平台坏账率数据是判断平台安全与否的有效指标。然而，现实的问题是，为吸引投资者，P2P平台并不愿意公布真实坏账率数据，个别平台公布的坏账率在3%以内，大多数平台公布的坏账率甚至为0，并不能让人信服。事实上，具有完善个人征信体系的美国，其主要P2P平台LendingClub和Prosper的坏账率都曾高达10%以上。在国内征信体系不完善、行业仍未走出野蛮生长期、银行业不良也在快速攀升的当下，P2P行业的真实不良率恐怕要高得多。对于资金实力较差的P2P平台，当坏账超出平台自身的承受力时，在没有外部资金注入的情况下，破产倒闭几乎成为唯一的选择。因此，我们可以从P2P平台不断倒闭跑路的新闻，来感受行业的高坏账和高风险。由于从事类放贷业务，P2P行业的坏账率与小贷公司不良率有着极强的正相关关系。在得不到权威的P2P行业坏账率的情况下，我们先通过小贷公司行业不良率的变化来推测P2P行业不良率走势情况。来自小贷协会的数据显示，相当数量的小贷公司已经陷入经营困境，个别省份甚至超过1/3的小贷公司不能正常营业。很多小贷公司坏账率高达15%，一些做的相对较好的小贷公司，坏账率也在3%-6%这一区间。如果考虑到庞大表外项目的风控压力，实际坏账率恐怕要高得多。对于P2P平台而言，其坏账率恐怕比小贷公司好不到哪里去，除个别优质平台外，估计大多数平台的坏账率在15%以上。从发展趋势看，这一数值可能还远未到顶，仍处于快速增长阶段。基于数据可得性，相关人士将通过银行业不良率趋势来揭示P2P坏账率趋势。银行不良资产步入快速暴露期显示社会信用环境已经出现较大程度恶化，P2P行业坏账率也必然呈现快速上升态势。另外，值得一提的是，房易贷自上线以来没有发生一笔坏账，不仅借款人信息不打马赛克，就连资金流向也都全部公开，保证每笔业务真实透明，这样的平台还是值得我们信赖的。"
"这是一个新闻,新闻的关键词是那么美还想怎样，商丘135平装修两口子好浪漫,摘要为不规则的装饰画在灯光的照射下使沙发背景顿时活跃起来，红色的抱枕使厚重的沙发显得轻巧，布艺窗帘，雅致的水晶灯，营造合谐的氛围。装修风格：现代简,标题为那么美还想怎样，商丘135平装修两口子好浪漫,正文为不规则的装饰画在灯光的照射下使沙发背景顿时活跃起来，红色的抱枕使厚重的沙发显得轻巧，布艺窗帘，雅致的水晶灯，营造合谐的氛围。 装修风格：现代简约风格装修套餐：基装+个性化造型小区面积：135平方套餐造价：11万 ▲ 利用壁纸、大理石等材质的搭配丰富了整个空间布局，灯光和装饰物的运用将空间分为动、静两部分。 ▲ 装饰酒柜，精致的水晶吊灯，使餐厅显得大气，上档次，当主人端上美味佳肴，再端上几杯令人心醉的红酒时，这就是一种惬意、浪漫与享受。 ▲ 浅色的墙砖，拼花铝扣板，使厨柜显得更上档次，整个空间宽敞明亮。 ▲ 卧室装修预约专线：132-131-75086（可加微信）"
"这是一个新闻,新闻的关键词是新加坡留学：东亚管理学院工商管理硕士课程详解,摘要为去新加坡留学MBA对于已经大学毕业的国内学生来说是一个明智的选择，而对于已经在职业生涯中晋升的职场精英，去新加坡留学MBA也不是为一种使自己,标题为新加坡留学：东亚管理学院工商管理硕士课程详解,正文为去新加坡留学MBA对于已经大学毕业的国内学生来说是一个明智的选择，而对于已经在职业生涯中晋升的职场精英，去新加坡留学MBA也不是为一种使自己的能力飞跃提升的一种方式。新加坡大学MBA课程在世界范围内相当知名。下面就为您推荐新加坡东亚管理学院工商管理硕士课程。 新加坡东亚管理学院和英国皇后玛格丽特大学合作开设了工商管理硕士课程，这个课程是重点是开发学生在一个不断变化的环境中所必需的人力资源技能与知识。该课程将会让学生从事概念性的思维、分析与研究。让学生知道如何提升个人能力以及横向和纵向的发展。东亚管理学院工商管理硕士课程：课程介绍该课程为学生提供关于企业的生存和成功、会计与金融、营销、经营管理以及战略管理等科目的理论知识与原理，重点是开发学生在一个不断变化的环境中所必需的人力资源技能与知识。该课程将会让学生从事概念性的思维、分析与研究。旨在让学生超越众多硕士课程分析重点的范围，鼓励学生针对企业组织问题开发和实行创意点子和方案。"
"这是一个新闻,新闻的关键词是香菇，小美,摘要为香菇褶里会有很多难清洗的脏东西，今天小美就教你一招：水里加点这个，香菇里的脏东西自动出来！这么实用的妙招，记得给家里煮饭的人看看！和小美一起,标题为洗香菇时加点这个，脏东西自动跑出来！太神奇了！,正文为香菇褶里会有很多难清洗的脏东西，今天小美就教你一招：水里加点这个，香菇里的脏东西自动出来！这么实用的妙招，记得给家里煮饭的人看看！和小美一起，天天吃好的~"
"这是一个新闻,新闻的关键词是2016创响中国巡回接力杭州站活动正式启动,摘要为中国经济网杭州7月26日讯(记者佘惠敏通讯员王功博)7月26日上午，“创响中国”巡回接力杭州站活动在杭州未来科技城启动。国家发展改革委副主任,标题为2016创响中国巡回接力杭州站活动正式启动,正文为中国经济网杭州7月26日讯(记者佘惠敏通讯员王功博)7月26日上午，“创响中国”巡回接力杭州站活动在杭州未来科技城启动。国家发展改革委副主任林念修，中国科协党组成员兼学会与学术部部长、企业工作办公室主任宋军，浙江省委常委、常务副省长袁家军，杭州市委副书记、市长张鸿铭出席启动仪式并致辞。林念修副主任向张鸿铭市长授“创响中国”会旗，与会领导共同按亮启动球，正式启动2016“创响中国”巡回接力杭州站活动。杭州是创新活力之城，近年来，依托人文环境、科教人才、民营经济优势，加快构建政策、人才、创业环境“三位一体”的创新创业生态体系，不断激发各类创新创业主体活力，积极营造大众创业万众创新的浓厚氛围，着力打造具有国际影响力的“互联网+”创新创业中心。杭州已连续5年入选“外籍人才眼中最具吸引力的十大城市”、连续多年排名美国《福布斯》“中国大陆最佳商业城市”榜单前列、被世界银行评为“中国城市投资环境金牌城市”、荣膺中国十大创新城市、中国最具经济活力城市、中国最具幸福感城市。今年上半年，全市新设各类企业3.99万户，增长38.6%，其中，新增战略性新兴产业七大领域的小微企业1.18万家。6月末，在册市场主体增长15.4%，新增注册资本增长124.23%。目前，杭州每千人企业拥有数为43.95户，高出全国平均一倍以上，基本达到发达国家水平。今年5月，杭州未来科技城、阿里巴巴集团分别被国务院批复为国家区域双创示范基地和企业双创示范基地，是浙江省唯一获批的两家国家级双创示范基地。通过试点示范，进一步完善双创政策环境，扶持双创支撑平台，构建双创发展生态，调动双创主体积极性，发挥双创和“互联网+”集众智汇众力的乘数效应，发展新技术、新产品、新业态、新模式，形成一批可复制、可推广的双创模式和先进经验向全国推广，将杭州大众创业万众创新推向蓬勃发展的新高潮。目前，杭州未来科技城已落户海归创业项目550余家，集聚海外高层次人才1900余名，其中“国千”93名，“省千”118名。阿里巴巴集团为数百万大学生和年轻人提供了创业机会，带来1500万直接就业机会，创造了3000万以上的间接就业机会。在巡回接力活动期间，杭州还将举办政策宣讲、创业培训、创业沙龙、创意设计、创业大赛等“五个一”活动，集中展示杭州各类众创空间、创业政策、创新成就。"
你是谁? 我是由良睦路程序员训练的一个AI模型5610479
"这是一个新闻,新闻的关键词是小耶:疯狂MC异度空间解谜,摘要为Q群:419283578我是小耶，来自澳门，請多多指教!Yaz是小小私心对观众的专称。全站唯一一個本人管理的頻道。,标题为小耶:疯狂MC异度空间解谜,正文为Q群:419283578我是小耶，来自澳门，請多多指教!Yaz是小小私心对观众的专称。全站唯一一個本人管理的頻道。"
"这是一个新闻,新闻的关键词是最近拟发行12家公司点评：江苏有线融资最高,摘要为最近拟发行12家公司点评:江苏有线融资最高易尚展示业绩最差30家密集发布的新股特点各有不同，金雷风电业绩表现最好，去年净利增七成；而业绩表现,标题为最近拟发行12家公司点评：江苏有线融资最高,正文为最近拟发行12家公司点评:江苏有线融资最高易尚展示业绩最差30家密集发布的新股特点各有不同，金雷风电业绩表现最好，去年净利增七成；而业绩表现较差的易尚展示、金石东方、大豪科技等，投资者需谨慎待之30家获得发行批文的IPO企业于4月14日~4月16日进行网上发行。面对这么多的公司，投资者该申购哪家公司？又该规避哪些公司？《投资者报》记者从30家公司中选出12家公司进行了点评，其中包括融资额最高的江苏有线、融资额最低的乐凯新材、业绩最好的金雷风电、业绩最差的易尚展示等。江苏有线：国有控股受青睐公司拟上市募资33亿元，在30家获得发行批文的企业中募资额最大。其募集资金的大部分将用于整合江苏省广电网络项目，扩大直接用户规模。该股将于4月15日实施网上申购。公司总收入从2011年的近30亿元增长到2014年的44亿元，同期净利润从5.9亿元上升到7.8亿元，与广电行业上市公司相比，名列前茅。同时，江苏有线是最大的地方国有控股广电网络运营商，前十大股东中有9家是国有股东。该公司得到了国泰君安、申万宏源等机构的积极推荐。乐凯新材:背靠国资委 毛利率高达60%公司全称为保定乐凯新材料股份有限公司，拟募集1.1亿元于创业板上市，在30家获得发行批文的公司中募资数额最小。公司实际控制人为国务院国资委直属的航天科技集团，与创业板的“草根”企业相比，乐凯新材可谓“血统”尊贵。乐凯新材的主要产品包括热敏磁票、磁条、磁卡，其拟募集的资金也主要用于热敏磁票生产线的扩建和研发中心建设。2012年以来，公司向中国铁路总公司的销售金额超过营业收入的70%，热敏磁票更是全部销往铁总下属印刷企业，国资的背景对于其销售起着积极的影响。近三年，公司的毛利率水平都在60%，如此高的毛利率，是一般“草根”企业难以企及的。金雷风电：主营风电主轴净利增七成金雷风电于4月14日网上申购，公司主营风电主轴的制造研发，近年来业绩稳中有增，2014年更是迎来业绩的爆发期，净利润同比增长74%，成为30家获得发行批文中业绩增长最快的公司。其业绩变化主要来源于风电主轴的销售增长。从行业角度看，我国陆上风电将迎来平稳发展阶段，海上风电即将迎来加速期，从而对公司未来发展形成一定利好因素。当然，公司也存在风电行业普遍具有的应收账款较高、回款速度慢的问题。公司2014年应收账款达到1.7亿元，占同期收入的37%。未来如果不能及时回款，对公司业绩会造成一定影响。 清水源：受益“水十条”的环保股河南清水源科技股份有限公司于今年3月首发申请过会，拟募资1.5亿元，登陆创业板。公司主营业务为水处理剂，应用于工业节水领域，属于水处理板块。近几年营业收入和净利润基本处于连续增长态势。2014年实现营业收入4.25亿元，同比增长10.9%；净利润3700万元，同比增长17.7%。2015年一季度，公司预计净利润增长0%~10%至1040万元~1140万元。《水污染防治行动计划》(简称“水十条”)已获国务院审议通过，有望在本月内正式对外发布，利好水务和水处理板块。而清水源于4月15日网上发行申购，正好赶上“水十条”发布的顺风车，也引来机构相对看好。老百姓:布局医药电商的大药房继一心堂、益丰药房之后，另一零售药企老百姓大药房也将登陆资本市场。老百姓大药房2012年~2014年保持营业收入和净利润的稳定增长。2015年第一季度，预计公司营业收入及净利润继续实现同比增长。在国家鼓励医药流通行业兼并重组的趋势下，公司进行了一系列的股权及资产收购，预计上市后公司仍可能以并购其他零售药店企业的方式进行业务拓展。另外，公司有意布局医药电商，推进B2C业务和探索O2O模型，进行门店送货上门服务和线上下单、门店自取业务。易尚展示：3D打印股业绩大降37%易尚展示拟于4月16日开始网上申购，公司主要为企业提供产品展示服务。由于费用上升、政府补贴下降等原因，公司近两年的业绩持续下滑。2013年、2014年分别实现净利润0.55亿元和0.35亿元，同比下降6.6%和36.5%，呈现下滑加剧的态势。公司因此成为30家获得发行批文的公司中业绩表现最差的公司。同期，公司毛利率也出现一定程度的下滑，公司表示，随着市场竞争愈演愈烈，未来毛利率存在进一步下降的风险。当然，3D打印技术为公司提供了较大的想象空间。作为最早布局3D产业的企业之一，公司的3D技术在国内处于领先水平。随着国家政策红利的不断释放，未来3D打印技术是否可以改善公司经营状况，值得投资者关注。金石东方：营收和净利润双降金石东方主要为客户提供钢增强塑料复合管全套生产工艺、技术解决方案及成套生产设备，公司拟于4月16日开始网上申购。近两年公司营业收入与净利润出现双双下降的局面，并且这种下滑趋势还在加剧。2014年公司营业收入同比下降27.6%，净利润同比下降34.4%，降幅均为2012年以来最大值。对此，公司也表示，主要来源于毛利率的大幅下滑。为了扭转业绩下滑的情况，公司拟募资提升塑料管材产能。但不锈钢管材在建筑行业跑马圈地的前提下，塑料管行业已经出现了产能过剩、部分小企业倒闭的现象。大豪科技：主营业务单一且业绩不稳公司拟于4月14日网上申购，主营针纺电控系统及纺织伺服系统的研发，主要产品包括刺绣机电脑控制系统等。公司近年来业绩呈现上下波动状态，2012年~2014年分别为-41.6%、59.5%和-18.8%。对此，公司也表示，公司业务集中度较高是造成波动的主要原因。公司本次募资的主要项目之一为扩大缝纫机电控系统的产能。但在我国缝制机械特种设备行业产品价格下降、设备生产数量缩减的背景下，扩张1倍的产能未来能否被消化存疑。另外，该行业当前存在市场小、企业多的情况，尽管大豪科技在行业中占据有利地位，但公司未来发展的天花板似乎已现，值得投资者注意。星光农机：收割机企业“靠天吃饭”星光农机主营星光牌联合收割机的生产销售，公司于4月14日开始网上申购。公司拟募资的5亿元主要投向收割机的开发与生产。随着2012年公司净利润63%的增长，2013年~2014年净利润都出现了13%以上的下降，整体行业竞争加剧是造成业绩下滑的主要原因之一。另外，公司业绩还依赖于农作物的种植情况与灾害变化，存在一定“靠天吃饭”的因素。例如，2013年东北地区的洪涝灾害就直接影响了公司农机销售。公司本次募资提升产能的原因旨在农机行业每年15万台以上的需求量与收割机更新换代带来的利润。在竞争加剧的大前提下，未来是否能按公司预期实现业绩增长还难下定论。昇兴股份：四年三度净利润负增长昇兴股份主营易拉罐等金属包装容器的设计、生产和销售，客户包括承德露露、加多宝等企业。公司于4月14日启动网上申购，拟募资约3.4亿元，意在扩大易拉罐产能。但是公司近年的业绩却出现了4年三度下滑的态势，其中2012年下滑幅度最大，达到15%。主营业务单一、原材料的价格上涨是公司业绩变动的主要原因之一。另外，公司近年来的负债逐年增加，2014年资产负债率达到58.5%，为近年来最高。歌力思 ：业绩增速明显下滑深圳歌力思服饰有限公司主营品牌女装的设计、生产和销售，是2015年首家上会并过会的服装企业，网上申购日为4月14日。2014年公司业绩处于增长轨道，但增速明显下滑，从2012年的26%下降到2014年的1.4%。2015年一季度预计营业收入和净利润同比变动幅度为-10%~10%，有业绩下滑风险。公司此次募集3.6亿元用来新建136家直营店以及升级43家直营店。但与此同时，直营店每年都有10家~30家关闭。并且，当年盈利店铺家数占新开店数比例从2011年的73%降到2014年的41%。在电子营销渠道发展迅猛的背景下，公司仍花费重金用作传统实体门店建设，似乎不合“互联网+”概念的趋势。汉邦高科：所在安防行业潜力大北京汉邦高科数字技术股份有限公司从事数字图像视频监控，主要客户为中国农业银行和中国中铁，客户集中度较高。2012年~2014年，公司主营业务收入和净利润均保持稳健增长。广发证券预计，公司未来两年的营业收入增速分别为10%和27%，净利润增速分别为9%和15%。安信证券认为，公司所在的安防视频监控行业受益于“平安城市”建设，发展潜力巨大。"
"这是一个新闻,新闻的关键词是赏花，白沙镇,摘要为虽然现在不是百花争艳的春天但凉爽的十月里依然有些花开得娇艳喜欢赏花的宝贝们快来围观！格桑花海闽侯孔元村图片来源@二鱼香昔日浪漫风情的紫色花海,标题为福州十月份还有这3处地方可以赏花，我就问你约不约？,正文为 虽然现在不是百花争艳的春天但凉爽的十月里依然有些花开得娇艳喜欢赏花的宝贝们快来围观！ 格桑花海闽侯孔元村 图片来源@二鱼香昔日浪漫风情的紫色花海不知道北鼻有去邂逅没不过没事，因为最近孔元村又迎来了格桑花开的时节片片花开绚丽 图片来源@二鱼香近几年，孔元村建设美丽乡村种植了格桑花、波斯菊、满天星、月季花...成为远近闻名的赏花宝地所以没去过的北鼻可以逛逛看 图片来源@二鱼香 公交路线：从福州仁德站乘坐33路公交车至终点白沙镇公交站，转乘603路公交车至孔元村自驾线路：福州市区－三环－三环闽侯县城出入口下－闽侯县城甘蔗－白沙镇－白沙镇闽兴社区－直行即达孔元村 向日葵 农大沙滩公园 图片来源@福建农林大学计信院学生会外联部 北鼻喜爱的向日葵又来了不过这次不在花海而是在农大的沙滩公园 图片来源@福建农大资讯岁月漫长里还好一直有这些能量满满的花儿那就来张纪念的合照吧 途经公交车：181路、183路快线 满城桂花香 榕城一夜之间满地桂花残桂花香充盈着每个角落 走进福州的大街小巷时不时就能嗅到一缕甜蜜的芬芳一片片椭圆形的叶子一簇簇、一串串散发清香的小花藏在其中，清香醉人 地点：福飞北路、新园路等 北鼻们这些花，你要为她痴吗 那就来！！赏花的同时 记得带上一颗呵护的心啊 投稿须知：一、普通稿件：1、新浪微博投稿：①美食类内容需包含店名、地址、价位等主要内容，其他内容你喜欢就好~②旅游类内容需包含地名、地址、门票价格等主要内容，其他内容你想肿么写都口以~并原文艾特@福州吃喝玩乐疯 即可2、微信投稿直接扫描下方二维码即可。二、文章类投稿：加小编（小疯疯）个人微信，咱私聊啊~\(≧▽≦)/~ 本文转自： 福州别记 若侵权请后台联系删除： 福州吃喝玩乐疯（你点不开的）→ID：chwlf0591 合作／投稿／活动：fzndse同城活动专用服务号，不定期派发各种福利长按识别二维码即可加入我们福州，有你真好福州吃喝玩乐疯，一个有声音的公众号！关注@福州吃喝玩乐疯长按识别二维码，加入我们哦"
你是谁? 我是由良睦路程序员训练的一个AI模型71397515
