content
你是谁? 我是由良睦路程序员训练的一个AI模型95472046
"这是一个新闻,新闻的关键词是河南话版泰坦尼克号&amp;amp;恶搞,摘要为【河南话版】泰坦尼克号恶搞,标题为河南话版泰坦尼克号&amp;恶搞,正文为【河南话版】泰坦尼克号恶搞"
"这是一个新闻,新闻的关键词是2015年F1中国大奖赛昨落幕 娜姐挺大肚观战挣奶粉钱,摘要为（长江日报）2015年F1中国大奖赛于昨日在上海赛车场结束，前三名的获得者与排位赛完全一样，梅赛德斯车队的汉密尔顿、罗斯博格分别获得冠、亚军,标题为2015年F1中国大奖赛昨落幕 娜姐挺大肚观战挣奶粉钱,正文为 （长江日报）2015年F1中国大奖赛于昨日在上海赛车场结束，前三名的获得者与排位赛完全一样，梅赛德斯车队的汉密尔顿、罗斯博格分别获得冠、亚军，法拉利车手维泰尔位列第三，汉密尔顿由此成为中国大奖赛举办12年以来第一位在上赛道成功卫冕的车手。众星云集 娜姐挺大肚挣奶粉钱昨日的F1中国大奖赛星光熠熠，已退役的女子网球明星李娜、劳伦斯世界体育奖主席摩西、因英剧《神探夏洛克》而红遍中国的“卷福”本尼迪克特·康伯巴奇等一众明星都来到上赛道参加开幕式。这是李娜第一次近距离观看F1比赛，她在开幕式上一脸微笑，长发及肩，“孕味”十足。不过，已至少有6个月身孕的李娜，依然与媒体保持着距离，在接受了美国福克斯电视台的简单采访后，就消失在了公众视野中。前不久，美国一家网站公布的退役运动员收入排行榜上，李娜以超过1300万美元的收入成为唯一上榜女性。有消息称，她这次来参加F1开幕式，也是为她代言的某品牌站台，因为这个品牌正好也是F1赛事的赞助商。事实上，李娜最近过得都很忙碌。上个月，她和丈夫姜山在北京参与了“母婴1000天健康行动”公益活动，最近还登上时尚杂志化身快乐孕妈。本周三，李娜还将出席在上海举行的2015年世界劳伦斯颁奖典礼，因为她入围了“年度最佳女运动员”。从现场大屏幕上看到挺着大肚子的李娜时，有车迷戏言：为了挣奶粉钱，娜姐也够拼的。更多车迷则为李娜感到担心，有人说“请告诉李娜，孕期最好离开赛车场”，“噪音太大，宝宝会不会受到惊吓”。兄弟阋墙 梅赛德斯车队内斗越演越烈备受期待的法拉利对梅赛德斯的阻击战没能上演，使得昨日的F1中国大奖赛正赛过程略显平淡。不过，汉密尔顿与罗斯博格这梅赛德斯车手之间的内部争夺还是堪称惨烈，汉密尔顿再次笑到了最后。汉密尔顿去年就力压罗斯博格获得年度总冠军，本赛季前两站比赛中，汉密尔顿不管是在排位赛还是正赛中都将自己的队友甩在了身后，这让两人的关系再次紧张起来。来到上海后，罗斯博格还公开评论汉密尔顿的身价配不上他想索要的5000万美元年薪，这让汉密尔顿感到十分恼火。昨日，两人一开始的争夺就显得火药味十足，汉密尔顿采用了切线发车的战术，将车头对着罗斯博格，针对性十足，他最终守住了自己的领先位置。比赛中，罗斯博格曾通过无线电投诉他前面的汉密尔顿行车速度太慢，使得他被身后的维泰尔追得太紧，罗斯博格还希望车队能命令汉密尔顿加速，但汉密尔顿不予理会，这让罗斯博格很是火大，两人赛后还专门为此唇枪舌剑地争吵了一番。如愿拿到冠军后，汉密尔顿一进休息室就一把抱住车队技师，宣泄着夺冠的紧张和激动。随后，汉密尔顿转身与法拉利车队的维泰尔握手庆祝，无视队友罗斯博格的存在。罗斯博格也如法炮制，他稍后与维泰尔站在电视大屏幕前边如老战友一样边喝水边交谈，就如排位赛结束时那样把汉密尔顿一人晾在一边。也许是特意要做给罗斯博格看，颁奖仪式上汉密尔顿没有与罗斯博格互射香槟，而是把酒水喷向了赛车女郎。"
"这是一个新闻,新闻的关键词是【裂独舞】疯狂机器3《Crazy Machines 3》试玩-我还没变舍长,摘要为【裂独舞】疯狂机器3《CrazyMachines3》试玩-我还没变舍长,标题为【裂独舞】疯狂机器3《Crazy Machines 3》试玩-我还没变舍长,正文为【裂独舞】疯狂机器3《CrazyMachines3》试玩-我还没变舍长"
"这是一个新闻,新闻的关键词是深交所，新国,摘要为财经要闻深交所：持续优化壮大中小企业板深交所27日举行深入贯彻“新国九条”促进多层次市场健康发展暨中小企业板启动十周年座谈会。深交所总经理宋,标题为A02,正文为财经要闻深交所：持续优化壮大中小企业板深交所27日举行深入贯彻“新国九条”促进多层次市场健康发展暨中小企业板启动十周年座谈会。深交所总经理宋丽萍表示，深交所重点从5个方面抓好“新国九条”的落实：坚持“服务中小企业”的定位不动摇；推动各板块上市公司做优做强；持续优化壮大中小企业板；积极推进创业板市场的改革；大力推进监管转型，加强中小投资者权益的保护。"
"这是一个新闻,新闻的关键词是省城“透明厨房”为啥不透明,摘要为本报记者辛文2012年开始，西宁市以餐饮业诚信体系和“透明厨房”建设为载体，鼓励餐饮服务单位在餐厅和后厨间加装玻璃幕墙和监控摄像，让食客在可,标题为省城“透明厨房”为啥不透明,正文为本报记者辛文2012年开始，西宁市以餐饮业诚信体系和“透明厨房”建设为载体，鼓励餐饮服务单位在餐厅和后厨间加装玻璃幕墙和监控摄像，让食客在可视状态下消费。然而，近日记者在采访中发现，透明厨房后厨这层神秘的面纱还是被盖了起来。西宁目前有胜利路和南山路两条透明厨房示范街。2013年至2014年，城西区食品药品监督管理局在36家餐饮服务单位安装电子视频系统。2013年，西宁市城中区正式完成南山路13家餐饮单位、共9个视频监测点的安装调试工作。本报记者走访了部分曾经的试点餐饮单位。时间：3月24日18：30地点：胜利路就餐高峰期，胜利路的各大餐饮店内，就餐人数渐渐增多。交通巷北口一家火锅店曾是透明厨房示范单位，记者来到三楼的这家店，这家火锅店已经停业，而楼上的一家自助烧烤异常火爆，来到楼上，店员很热情地接待着客人。敞开式的大厅内，在人眼可见范围内，并没有大屏幕显示后厨情况。“楼下的店不开了吗？”“已经不经营了，不过我们和楼下的店是一个老板，现在做自助了。”“你们这是透明厨房吗？”“我不知道什么透明厨房，你问这个干什么？”一名女店员警惕地询问起来。以前的店内装有后厨显示屏幕，因为更换经营范围，店员不知道什么是透明厨房，店内的相关设施也不见了。记者又走访了胜利路经营砂锅、火锅、焖锅等餐饮店，有些店经营多年，有些店则是最近刚刚兴起，这些店内均没有显示屏，被问到是否是透明厨房时，服务员均称不知道什么是透明厨房。时间：3月25日12:30地点：南山路中午时分，南山路各餐饮店内，坐满了就餐的人。在餐馆密集处，曾经作为试点的几家餐馆已经易主。从前在南山路一家经营淮扬菜的二层餐饮店，已经更名成为另一家餐馆，而这家餐馆内，一楼大厅内并没有任何显示后厨情况的屏幕。还有一家曾经营川菜的餐饮店，已变更为一家湘菜馆，店主的经营许可证上显示，该店是去年登记开业的，这家湘菜馆内，也没有显示屏幕供顾客看到后厨。最初的透明厨房试点，几经易主后，已经没了可视后厨的屏幕。还有一家经营时间较久的川菜馆，店内大厅的墙上挂有电视屏幕，但电视是关着的。在南山路，餐馆变更较快，就在记者采访时，还有几家正在装修的新店铺。从前是试点单位，但因为倒闭或其他原因不能继续经营而更换店铺，遇到这样的情况，透明厨房应如何继续发展？为此记者联系了城中区、城西区食药监部门，但因开会，两部门的相关负责人均不在。餐饮行业从业者：有些秘密真的不愿被知道本是一件拉近与消费者距离的好事，可为什么餐饮单位有些排斥透明厨房呢？董先生是省城一知名茶餐厅的主厨，从广东来西宁从事餐饮工作已经有6年。“对食客来说，吃饭更放心，这样做很讲究，能吸引顾客。但是现在餐饮业竞争激烈，后厨如果太透明，我们的独家秘方也有可能会被偷走，特色菜是一家店的核心，是绝对不能被别人看见的。西宁许多餐饮店的厨师都是从外地请来的，全靠自己的手艺吃饭，秘方被偷走了，我们怎么办？”董先生说。张先生是省城一家大型餐饮店的管理者，从事餐饮管理行业10年。透明厨房实施前，他也曾想过将厨房透明化，以此来吸引消费者，但这样做难度太大。张先生说：“这是一件好事，我们应该支持，以前我曾有过这种想法，但操作起来难度太大。如果后厨公开，会给厨师增加压力，厨师压力大不愿意干了，餐饮店还怎么开？现在用工荒加之各方面经营成本高，有些真的不愿意被公开。有些老板也想弄好，但餐饮业随机性和不确定性很大，有时忙起来根本顾不上细节，心有余而力不足。”"
"这是一个新闻,新闻的关键词是《锦绣缘》复古MV再度曝光 原声碟点击破亿,摘要为继黄晓明《缘》、沈依莎《时过境迁》MV曝光后，今日，热播剧《锦绣缘·华丽冒险》再度曝光一支复古感MV《爱是信仰》。据悉，歌曲《爱是信仰》由台,标题为《锦绣缘》复古MV再度曝光 原声碟点击破亿,正文为继黄晓明《缘》、沈依莎《时过境迁》MV曝光后，今日，热播剧《锦绣缘·华丽冒险》再度曝光一支复古感MV《爱是信仰》。据悉，歌曲《爱是信仰》由台湾歌手林昕阳担纲演唱。 继黄晓明《缘》、沈依莎《时过境迁》MV曝光后，今日，热播剧《锦绣缘·华丽冒险》再度曝光一支复古感MV《爱是信仰》。据悉，歌曲《爱是信仰》由台湾歌手林昕阳担纲演唱。黄晓明“霸道总裁”虏获佳人放心 《锦绣缘》再曝华丽复古MV电视剧《锦绣缘·华丽冒险》收视峰值再飙新高，黄晓明饰演的上海滩“霸道总裁”左震几经周折终于获得佳人芳心，随着剧情变化，剧中片尾曲由原来唯美忧伤的《时过境迁》转变为《爱是信仰》，今日，由台湾歌手林昕阳演唱的《爱是信仰》MV发布，华丽复古的画面让观众更期待接下来的剧情发展。《锦绣缘·华丽冒险》原声带试听破亿 观众大赞好听《锦绣缘·华丽冒险》全剧原声音乐由海蝶音乐力邀黄金制作团队倾力打造，由黄晓明演唱的片头曲《缘》发布后，空降各大排行榜冠军位置，海蝶音乐新人沈依莎演唱的片尾曲《时过境迁》也在短时间内试听破千万，全剧原声音乐发布后，累积点击量破亿，许多观众也纷纷在网络留言大赞剧中歌曲非常好听。"
"这是一个新闻,新闻的关键词是罗杰斯陷入更衣室危机 怒斥数名球员出工不出力,摘要为利物浦昨天以1比4惨败于阿森纳后排名第五，已落后前四的欧冠区多达7分，夺下赛季欧冠资格的希望非常渺茫。而利物浦主教练罗杰斯赛后遭遇了一场更衣,标题为罗杰斯陷入更衣室危机 怒斥数名球员出工不出力,正文为利物浦昨天以1比4惨败于阿森纳后排名第五，已落后前四的欧冠区多达7分，夺下赛季欧冠资格的希望非常渺茫。而利物浦主教练罗杰斯赛后遭遇了一场更衣室危机。在英超赛场连续败给曼联和阿森纳后，罗杰斯昨天在梅尔伍德训练基地召开球队内部会议。他在会上怒斥数名球员出工不出力，但球员对此并不买账，几名被激怒的老资格球员反呛球队主帅。据悉，一些球员早就对罗杰斯的某些安排感到不满，如今这位红军少帅面临着自己执教利物浦以来的最大危机。老队长杰拉德将在本赛季结束后离开安菲尔德，而红军新生代力量亨德森与斯特林的续约谈判又陷入停滞状态。如今的更衣室矛盾，无疑让罗杰斯感到更加棘手。罗杰斯在最近一次采访中承认：“我认为我们需要从与阿森纳的比赛中得到一些分数，如果可以做到，那么这个赛季的争四希望还会大一些。我没指望其他球队翻船，特别是阿森纳和曼联。此外，球队减员也非常迅速，在赛季只剩7场的情况下，这让我们的情况变得非常、非常艰难。”"
"这是一个新闻,新闻的关键词是巴西经济或创1990年以来最差表现,摘要为巴西中央银行23日发布的“焦点调查”报告显示，金融市场分析师预测该国经济今年将萎缩0.83%，通货膨胀率将升至8.12%，创1990年以来最,标题为巴西经济或创1990年以来最差表现,正文为巴西中央银行23日发布的“焦点调查”报告显示，金融市场分析师预测该国经济今年将萎缩0.83%，通货膨胀率将升至8.12%，创1990年以来最差表现。今年初，分析人士还预测巴西经济今年会有0.5%的增长，但此后连续12周调低其增长预期。今年以来，巴西实施了财政紧缩措施，试图以此恢复市场信心，但效果不佳，市场悲观情绪依然浓重。巴西经济近些年来持续恶化，去年仅微增0.15%。同时，这也是分析人士连续第12周上调通胀预期，由年初预测时的6.56%调高至目前的8.12%，创2003年以来新高。去年，巴西通胀率为6.41%，处于政府管理目标的最高上限之内，但今年预计将大幅突破这一上限。政府今年制定的通胀管理目标为4.5%，允许上下浮动两个百分点。"
"这是一个新闻,新闻的关键词是【微电影】《回家》：倒卖发票事发潜逃，家的渴望让他回头~,摘要为主人公李虎为了谋取一时之利倒卖发票，事发潜逃后过着隐姓埋名的日子。在对母亲的思念，对爱人的愧疚，对自己的痛恨，对家的渴望带来心灵的不断叩问下,标题为【微电影】《回家》：倒卖发票事发潜逃，家的渴望让他回头~,正文为 主人公李虎为了谋取一时之利倒卖发票，事发潜逃后过着隐姓埋名的日子。在对母亲的思念，对爱人的愧疚，对自己的痛恨，对家的渴望带来心灵的不断叩问下，李虎决定回头，将一切终结。 编辑设计：石家庄裕华国税 来源：国家税务总局"
"这是一个新闻,新闻的关键词是【国旗下讲话】节约粮食，从我做起,摘要为每年的10月16日为世界粮食日，旨在呼吁全球共同节粮爱粮。我想，很多人应当同我一样。从小就熟记“谁知盘中餐，粒粒皆辛苦”的诗句，也曾在地理课,标题为【国旗下讲话】节约粮食，从我做起,正文为 每年的10月16日为世界粮食日，旨在呼吁全球共同节粮爱粮。我想，很多人应当同我一样。从小就熟记“谁知盘中餐，粒粒皆辛苦”的诗句，也曾在地理课上学过中国的基本国情：狭小的耕地上，养育着十三亿的子民。可是，当各地大旱颗粒无收的场景频频出现在新闻里，我们依旧“淡定”，食堂里，仍然是几大袋的饭菜垃圾。我想，很多人应当同我一样。我们知道节约粮食其实只是举手之劳。不挑食、不偏食，将自己碗里的饭菜吃干净;不攀比，不虚荣，用简单可口代替奢华靡费。可是太多时候，我们常说，这些事情不重要，我们要追求“更加重要”的事情。可是，又有什么事情的重要性能与“粮食”抗衡?人类每一项的日常活动，社会每一天的日常发展，都是金字塔的上层建筑。而根基，却是任何事物替代不了的——粮食。古书讲“其本乱而末治者否矣。”当我们把上层建筑建设的愈来愈精准和完美，这座金字塔倒塌时的破坏也就愈来愈难以弥补。我们都是一样的生命。当我们面对一碗可口的米饭，我们是否真正体会过“粒粒皆辛苦”的含义?每一粒粮食，背后都将是中国八亿农民的血汗，都将是他们一辈子“背朝黄土面朝天”的命运。我们都是一样的生命。面对食堂里大袋的剩饭，我们又是否想过他们对于生命的意义。中国大地上有多少学生，一周的午饭仅仅是干冷的馒头;遥远的异国又有多少孩子，“吃饱每一顿饭”是他们可望而不可即的梦?一粒粮食，背后牵挂着的不仅仅是他人的劳动和付出，而是，生命。想到这些，我们还怎会忍心浪费那一粒粮食?我们都一样，我们都是一样的生命，拥有同等的权利。我们都一样，我们都曾经忽略过，我们都曾经遗忘过，但是，同学们，只要我们从现在开始觉醒并付出努力，所有的一切都将变得不一样。本期编辑：聂鑫打赏小编最好的方式就是——点赞投稿邮箱：sdshaoxiandui@163.com↓↓长按二维码，关注我们吧！↓↓"
"这是一个新闻,新闻的关键词是我吃故我在:十大吃货必备技能,摘要为如何优雅地做一名合格的吃货？10.侦察力某某餐厅在哪哪开了新分店;哪哪的农家小炒肉最肥瘦适中；哪哪的疙瘩汤太稀；哪哪的奶酪好吃得飞起来；深井,标题为我吃故我在:十大吃货必备技能,正文为如何优雅地做一名合格的吃货？10.侦察力 某某餐厅在哪哪开了新分店;哪哪的农家小炒肉最肥瘦适中；哪哪的疙瘩汤太稀；哪哪的奶酪好吃得飞起来；深井小巷，热闹商场，有些地方甚至看起来与食物毫不相干，但是只要有美食的芳踪，就绝逃不过吃货的法眼。9.财力 就算谙熟各路美食，荷包没底气也是徒劳。对于资深吃货来说，名牌包包、漂亮鞋子、新款手机都是浮云！花费半个月的预算吃一个ANGELINA的Capcake或是见识壮观的龙虾山才是我们最幸福的成就。不要小看吃货的决心，攒钱吃美食的计划一定存在于每个吃货的任务表中。8.胆量 蜗牛吃不吃？吃！青蛙吃不吃？吃！那些看起来奇奇怪怪的食材，为了达成对美食的不懈追求，在吃货的眼中都不叫事。当然这不意味着吃货不挑食，只是吃货们往往不会以貌取食，对于那些素昧平生的食物他们也愿意尝试。况且，获取极佳的美味有时也意味着要深入不毛，毕竟有时酒香却在深巷，这时候又到了考验吃货胆量的时候了。7.魄力 人生需要一场轰轰烈烈的恋爱和一次说走就走的旅行，对于吃货也是如此。我们有着说吃就吃的魄力，绝不拖拖拉拉拖泥带水。我们的对话永远是:“去吃××吧！”“走！”而不是“改天去吃××吧？”“好啊。”6.忍耐力 我们可以穿过半个城，为了一个杂粮煎饼;可以骑行一小时探寻新的美食据点。热门美食店铺更是考验吃货的好地方。你看那人山人海的队伍中一个个泰然自若而坚定不移，丝毫不带烦躁的眼神，一定来自那些对食物充满执着热爱的资深吃货们。我们坚信：只要时间等得久，美食一定吃到口，距离和时间都磨灭不了我们对美食的热爱。5.想象力 薯条沾冰淇淋，酸奶加草莓，巧克力裹冰冻香蕉……这些富有创造性的吃法唯有充满想象力的吃货们可以想到。难以想象，世界上要是没有这些脑洞大开的吃货，人们将会错过多少神奇的美味吃法。4.表达力 好吃的就是要与大家分享！每个吃货都拥有美食评论员的隐藏技能，他们将味蕾的化学感受转化为落于纸面的文字，让读者们口水直流。自己喜欢的食物得到大家的一致好评也是吃货眼中最最值得骄傲的事情。3.体力 如果你想做一只优雅的吃货，你恐怕得费费功夫。让吃货们节食减肥？Oh，no！你不如让我去死。于是运动成为吃货瘦身的最好选择。长跑，游泳，健身操，瑜伽……为了不吃成一只球，被人称作饭桶，吃货们也是蛮拼的。有时为了多吃一块蛋黄酥，我们情愿跑1小时。那些为假期胖三斤诅咒早早开始每天5公里计划，为了可以过节快活吃喝的小伙伴们，个个都是一把辛酸泪。不过因此得到好身材和健康，想想其实也挺值的，你说是不是？2.厨艺 当吃货遇上好厨艺，那简直是不能再赞的事情！这不仅为荷包减负不少，也实在是利人利己的好技能。吃货做饭不光是为了填饱肚子，更是为了追求烹饪的艺术。在他们的锅铲下，食物都是有灵魂的，烹饪栏目是他们的重点留意对象。如果你身边有这样的吃货，你可真是捡到宝了，快快让他们带你开启一场别开生面的美食之旅吧！1.消化力 什么？没有一个24k钛合金胃你还敢自称吃货？拉皮、涮肉、烤串、海鲜、冷饮通通来得不闹肚子不反胃，这才是真吃货。天下哪有那么多绝对干净的东西，为了这错过了街头巷尾的美食，那就错过了许多乐趣不是？以上只是吃货众多优秀品质的一隅，吃货还有更多优秀品质等着我们去发现。要知道，做一名优秀吃货真心不易，让我们且食且珍惜。文/唐安琪 via前十网你还可以在微信上阅读我们的文章，微信公众号：Top10list 版权声明：本文版权归前十网所有。非商业转载请注明译者/作者、出处。商业合作请联系bd@qian10.net。违反上述声明的，将追究其相关法律责任。前十网，一切尽在排行榜！"
"这是一个新闻,新闻的关键词是张智霖陈乔恩紧贴互喂月饼，不怕袁咏仪吃醋？,摘要为张智霖陈乔恩紧贴互喂月饼，不怕袁咏仪吃醋？,标题为张智霖陈乔恩紧贴互喂月饼，不怕袁咏仪吃醋？,正文为张智霖陈乔恩紧贴互喂月饼，不怕袁咏仪吃醋？"
"这是一个新闻,新闻的关键词是少儿舞蹈 幼儿舞蹈 校园舞蹈 民族舞蹈 双人舞 歌,摘要为少儿舞蹈幼儿舞蹈校园舞蹈民族舞蹈双人舞歌,标题为少儿舞蹈 幼儿舞蹈 校园舞蹈 民族舞蹈 双人舞 歌,正文为少儿舞蹈幼儿舞蹈校园舞蹈民族舞蹈双人舞歌"
"这是一个新闻,新闻的关键词是村民筹款 26万救助“烈焰妈妈”,摘要为3月25日，汝州市汝南街道袁庄村村民张胜举又坐上郑州开往汝州的客车，回家筹钱为妻子治病。一个多月来，他已经往返汝州、郑州多趟，筹集到45万多,标题为村民筹款 26万救助“烈焰妈妈”,正文为3月25日，汝州市汝南街道袁庄村村民张胜举又坐上郑州开往汝州的客车，回家筹钱为妻子治病。一个多月来，他已经往返汝州、郑州多趟，筹集到45万多元。“要治好妻子的病，还得20多万元，到家后我还要继续筹钱。现在的钱都是借的，将来就是砸锅卖铁，我也一定要还，还上乡亲们的那份情。”张胜举在电话里告诉记者。事情是这样的，2月12日上午，张胜举的小女儿晓燕（化名）感冒发烧，其妻子任瑞平骑电动车到村诊所给女儿看病。中午时分，任瑞平包完饺子，让9岁的儿子小杰在厨房里煮饺子。突然，她看到煤气罐上接近炉灶的胶管上有火苗蹿出，她的脑子“嗡”的一下，没来得及多想，就发疯地往厨房里跑。进到厨房，她一把把儿子推出屋门，刚想转身往外跑，煤气燃烧产生的巨大气浪“嘭”的一声将房门关死。浑身着火的任瑞平呼叫着在厨房里摸索，当看到厨房的窗户，她拼命用头朝窗户玻璃上撞……小杰被妈妈推出厨房后，急忙哭喊着去叫爷爷。回家吃饭的爷爷走到院子里，看到厨房窗口浓烟滚滚，已经烧得浑身漆黑的儿媳趴在窗户上，他一个箭步冲上去，抱出了奄奄一息的儿媳，并大声对小杰喊：“快拨120！”当时张胜举在村子附近一家工厂干活，接到电话，他急忙骑摩托车往家里赶。在家里，他看到的是让人触目惊心的一幕：儿子衣服上斑斑黑点，父亲满脸燎泡，妻子全身漆黑躺在地上抽搐。在汝州市，大夫做了简单检查后认为任瑞平生命垂危，建议她到郑州市第一人民医院接受治疗。在郑州市第一人民医院，任瑞平被诊断为全身60%严重烧伤，被立即送往重症监护室。在郑州治疗的一个多月中，被人们赞誉为“烈焰妈妈”的任瑞平接受了四次手术，经历了常人难以想象的磨难。她在半月后恢复知觉时的第一句话就是：“孩子咋样了？”她这一句朴实的话语，让在场的人潸然泪下。张胜举告诉记者，妻子还没有脱离危险期，烧伤部位出现大面积感染，有些地方开始化脓，为治病，家里已经花去46万多元。张胜举告诉记者，“村上人都送来钱，我终生难忘！”提起自己的亲朋好友、左邻右舍，张胜举感动地说。乡亲们在一个多月中总共为任瑞平筹款26万多元。现在，张胜举已经花光了家里的积蓄，把家里喂养的品种羊也几乎变卖一空，筹集到了45万多元救命钱，但还远远不够，瑞平的背、手还需要手术植皮。医院的大夫告诉他，要治好妻子的病，费用在70万元左右，他还需要20多万元的救命钱。"
"这是一个新闻,新闻的关键词是安顺清明小长假游客超65万人次,摘要为记者从安顺市旅游局获悉，在刚刚结束的清明小长假期间，安顺市共接待游客65.41万人次，同比增长40.72%；实现旅游总收入2.76亿元，同比,标题为安顺清明小长假游客超65万人次,正文为记者从安顺市旅游局获悉，在刚刚结束的清明小长假期间，安顺市共接待游客65.41万人次，同比增长40.72%；实现旅游总收入2.76亿元，同比增长41.75%。今年清明小长假期间全省各地天气晴好，加上安顺各大景区推出的各类促销活动，使得安顺市实现了接待人次和旅游收入的全面增长。黄果树景区在快行漫游网推出的热气球系列套餐、精品主题线路等促销活动，以及紫云格凸河景区开展的“贵州格凸河2015首届千车自驾”等活动，都吸引大批游客赴安休闲度假。据统计，在此期间黄果树景区共接待游客114356人次，同比增长42.28%；龙宫景区共接待游客32809人次，同比增长31.28%；紫云格凸河景区共接待游客3337人次，同比增长40.13%。"
你是谁? 我是由良睦路程序员训练的一个AI模型51235995
"这是一个新闻,新闻的关键词是电动车，晨风,摘要为北京电动车主最大的福利来了——不受限号政策影响，每天都可以开着爱车出门。目前北京实行摇号政策，新能源车有专属的指标，同时购买电动车还可以享受,标题为up!/晨风/腾势/宝马i3 高品质电动车推荐,正文为 北京电动车主最大的福利来了——不受限号政策影响，每天都可以开着爱车出门。目前北京实行摇号政策，新能源车有专属的指标，同时购买电动车还可以享受免购置税，并享受国家新能源补贴。这真是一个政策利好消息，你的内心是否有了一些骚动呢？目前共有9家车企的14款纯电动汽车产品已在北京备案并展开销售，包括北汽新能源E150EV、C70GB、EV200、ES210、M307和上汽荣威E50、华晨宝马之诺1E、比亚迪E6、腾势、长安逸动EV、东风日产晨风、江淮iEV4及iEV5、奇瑞eQ，市民可以从中选择。下面，小编给大家介绍四款小型便捷的纯电动车。 可爱的精灵——大众e up！指导价：26.88万元点评：大众up!在海外拥有很多追捧者，而对国内消费者而言，价格有点偏贵，在目前倡导环保理念的大环境下，这种体积小的电动车型也完全符合国内消费者的代步需求，另外可爱的造型也为其加分不少。外观：大众up! 电动车是一款纯电动两厢轿车，采用5门5座布局，整体造型十分小巧。车身尺寸长宽高分别为3540×1645×1477mm，虽然是标准的微型车，但轴距达到2417mm，可最大限度的拓展车内驾乘空间。此外，还配置了卤素大灯、全景天窗、双五幅设计轮毂等。 内饰：大众up！电动车的内饰设计比较简洁，方向盘可上下调节且用真皮包裹，中控台集中了空调及多媒体系统在内的所有按键。配置了定速巡航、行车电脑显示屏、倒车雷达等。行李箱容积250L，通过后排座椅放倒可扩展后备箱空间，装载能力已满足基本家用。 动力：大众up!电动车搭载了纯电动发动机，最大马力82ps，最大功率60kw，最大扭矩210N·m。 零排量——启辰晨风厂商指导价：26.78—28.18万元点评：“晨风”是东风日产启辰品牌首款量产纯电动车，自广州车展首次亮相以来，一直备受行业和市场关注。启辰晨风代表着当前全球纯电动车的领先技术水平，性能可靠，其核心技术日臻完善，作为东风日产全新研发制造的量产纯电动车，启辰晨风完全实现了“零排放”，在技术方面领跑全球电动车产业。补贴：在北京市，晨风可享受（国家补贴4.75万+北京市补贴4.75万）共计9.5万元新能源车型补贴，补贴之后的参考价格在17.28-18.68万元。相信在未来倡导下晨风电动车将会迎来一个新的市场趋势。外观：启辰晨风也是一款新能源两厢轿车，目前有三个车型，14款领风版3.6KW、6.6KW，领航版6.6KW。外观造型借鉴了日产聆风的设计元素，同样采用5门5座布局，车身尺寸长宽高分别为4467×1771×1549mm，轴距为2700mm。 内饰：全系标配无钥匙启动系统、无钥匙进入系统、自动空调、车身稳定控制系统、上坡辅助、前排双气囊、侧气囊、侧气帘等；而顶配车型还装有多功能真皮方向盘、方向盘加热、倒车影像、皮革座椅、前排座椅加热、中控台彩色大屏、蓝牙/车载电话、后视镜电动折叠等。 动力：启辰晨风电动车搭载了最大功率109马力的电动机，其最高车速为144公里/小时，百公里耗电仅为14.6度，最大功率80kw，最大扭矩254N·m。在快充模式下，充电30分钟便可达到电池量的80%；充电3分钟，车辆也能持续行驶约30公里、5分钟可持续行驶约60公里。慢充模式下，使用220V普通电源充电，领风版（3.6kW）需要8小时充满，而领风版（6.6kW)和领航版（6.6kW）仅需4小时便可达到满电状态。 时尚尊贵——腾势电动车厂商指导价：36.90—39.90万元点评：腾势是一辆五座纯电动汽车，它最大的优势就是安全性。此外2880mm的轴距保证了宽敞的内部乘坐空间，460L后备箱空间也颇为实用。腾势的续航里程能够达到300公里，和特斯拉model S差不多。在这个价位的细分市场上，腾势的续航里程优于任何一款电动车。补贴：腾势车型的定价为人民币36.90万元起，结合中央5.7万元及上海市4万元政府补贴，消费者享受的最终价格将为27.2万元，并且补贴金额可直接从车辆价格中扣除。另外，腾势在上海还将享受免费车牌政策，以及至少约23，248元的车辆购置税减免优惠。外观：腾势电动车采用了掀背式造型设计，车身尺寸长宽高分别为4642×1850×1642mm，采用4门5座布局。其前脸具有戴姆勒集团家族式中网设计，由大量镀铬和金属质感材料组成。新车大灯灯组内配备了透镜等配置，转向灯下方为LED日间行车灯。此外，该车雾灯也采用了LED光源。 内饰：腾势设计十分简洁，大量的软质搪塑和桃木饰板的搭配显得十分豪华，同时还提供了全黑内饰配色可供选择。四幅方向盘握感舒适，两侧的多功能按键可以控制多媒体系统。整个中控面板的设计都非常简洁，除了大尺寸的屏幕，就是触摸式控制的按键开关。 动力：腾势电动车搭载一台最大输出功率为117马力的永磁电动机，最高时速为150km/h，最大功率86kW，最大扭矩290N·m。 奢侈豪华——宝马i3厂商指导价：44.98万元点评：宝马集团研发很久推出了2014款豪华型i3电动车型和2014款增程式混合动力型，其中i3电动车的价格达到了45万元，整体价格偏贵；如果有买车有这个预算，那么可选的余地很多。而且大部分消费者买车考虑到的还是车辆的综合实力以及整体的实用性，还未高尚到为环保做贡献的地步，而是更愿意花相同的钱来买更高端的车型。外观：宝马i3 2014款豪华型保留了之前概念车的轮廓造型以及细节设计，前脸的双肾型格栅作为宝马家族的特征得以保留。采用5门4座布局，车身尺寸长宽高分别为4006×1775×1600mm，轴距为2570mm。车身侧面，不规则的窗框线条以及双色外饰让这款圆润的小车侧面具备了非常不错的层次感。与此同时大面积的后窗也让宝马i3的后部空间显得更加通透。 内饰：宝马i3内饰设计充满了现代气息，独特的双辐式多功能方向盘个性十足。中控台配备了独立的大尺寸液晶屏，同时仪表盘也采用了液晶屏设计。中控按键进一步被简化，整体设计看上去十分简洁。 动力：宝马i3 2014款豪华型车提供了纯电动发动机，最大功率125kW ，最大扭矩250N·m。在一次充电完成的情况下续航里程为130-160公里。 全文总结：就目前的消费需求，电动车还没有成为汽车市场的主力军，太多的因素限制了电动汽车行业的发展。随着石油日益的减少，现今北京实行摇号政策，新能源车有专属的指标，纯电动小客车将不限行，加上各种政策和补贴，相信电动汽车会在未来打开一个市场。"
"这是一个新闻,新闻的关键词是受益金价上涨 黄金股业绩不俗 相关股表现不俗,摘要为截至目前，黄金类个股涨幅靠前，赤峰黄金（600988）、山东黄金（600547）、西部黄金（601069）、豫光金铅（600531）等涨逾2,标题为受益金价上涨 黄金股业绩不俗 相关股表现不俗,正文为截至目前，黄金类个股涨幅靠前，赤峰黄金（600988）、山东黄金（600547）、西部黄金（601069）、豫光金铅（600531）等涨逾2%.伴随着今年以来持续上涨的金价走势，A股市场中的黄金概念股也乘上东风，业绩表现一路走高。昨日晚间，西部黄金发布2016年上半年业绩预增公告，今年1至6月，西部黄金预计公司净利润同比增长幅度在310%至350%.上年同期公司净利润为1377.05万元。西部黄金表示，期内业绩预增主要是由于黄金销售价格较上年同期上涨，以及黄金销售量较上年同期上升所致。"
"这是一个新闻,新闻的关键词是小刺猬在泡澡~萌哭惹啊,摘要为想看更多劲爆内容，请下载抽屉新热榜客户端:,标题为小刺猬在泡澡~萌哭惹啊,正文为想看更多劲爆内容，请下载抽屉新热榜客户端:"
