content
"这是一个新闻,新闻的关键词是学生创意稻草人亮相横店,摘要为钱塘在线核心提示：这几天，走进横店影视城华夏文化园，游客们发现景区内多了一处别样的景观。在通往植物园的主干道区域，布满了许许多多稻草制作的卡,标题为学生创意稻草人亮相横店,正文为钱塘在线核心提示：这几天，走进横店影视城华夏文化园，游客们发现景区内多了一处别样的景观。在通往植物园的主干道区域，布满了许许多多稻草制作的卡通动漫稻草人，一个个将腐朽化身为艺术的神奇之作，展现出一个惟妙惟肖的艺术天堂，这些作品均来自浙西山区建德市三河小学的这几天，走进横店影视城华夏文化园，游客们发现景区内多了一处别样的景观。在通往植物园的主干道区域，布满了许许多多稻草制作的卡通动漫稻草人，一个个将腐朽化身为艺术的神奇之作，展现出一个惟妙惟肖的艺术天堂，这些作品均来自浙西山区建德市三河小学的师生之手。从神韵十足的“十二生肖”主题系列作品，到古代经典文学作品《西游记》唐僧师徒四大人物造型，从时下火热的《熊出没》动画形象，到《白雪公主与七个小矮人》等经典童话故事，展现的是艺术，蕴含的是三河小学师生指尖上的智慧。自从2010年起，三河小学倡导“为山区孩子的创意人生奠基”的办学思想，以“追寻手指尖上的智慧”为办学理念，利用身边的资源“稻草”为创作材料，开设“创意稻草作品制作”校本课程，是建德市唯一的“创意手工特色学校”。本次在横店影视城的展出平台，是三河小学和横店影视联手打造的浙西山区第五届“稻草文化创意节”。此前，该校成功地在建德灵栖洞景区、杭州西溪湿地国家公园等举办了四届“稻草文化创意展”。"
"这是一个新闻,新闻的关键词是孕期贫血危害大 孕妈咪们看过来,摘要为轻度的贫血对胎儿不会有太大影响，若贫血严重则需要通过饮食或服用铁剂调理身体，必要时就医治疗。我们都知道胎儿所需要的营养来自母体，而母体是通过,标题为孕期贫血危害大 孕妈咪们看过来,正文为 轻度的贫血对胎儿不会有太大影响，若贫血严重则需要通过饮食或服用铁剂调理身体，必要时就医治疗。我们都知道胎儿所需要的营养来自母体，而母体是通过血液把营养输送给胎儿。孕妇的血容量会从怀孕第6周开始迅速增加，但是血浆的增加是血红细胞的3倍多，这样血液就会被稀释，造成生理性贫血，从而影响胎儿其他营养素的输送和吸收，造成胎儿营养不良、发育迟缓。所以，孕早期、孕中期乃至孕晚期补血都很重要。孕妇贫血的症状有哪些?孕妇贫血会出现气喘、心悸、头昏、畏寒、疲劳、失眠、记忆力下降、嘴唇发白等综合症状。或轻或重，有的只有一种或几种症状。孕妇贫血的危害是什么?1.孕妇贫血容易导致早产及新生儿低出生体重2.胎儿肝脏贮存的铁量不足，使胎儿易发生贫血，影响胎儿的正常生长发育和健康3.导致孕妇免疫能力降低，容易生病，影响胎儿健康4.贫血还会引起胎膜早破，胎儿宫内窘迫，前置胎盘，胎盘早剥等。孕妇贫血要怎么补血?1、从改善饮食入手，多吃富含铁的食物，多吃瘦肉、家禽、动物肝及血(鸭血、猪血)、蛋，豆制品等，但食疗有一定的局限性，效果并不是很明显。2、孕妇治疗贫血，可以从改善饮食入手，多吃富含铁的食物。但食疗有一定的局限性，主要由于孕妇孕期发生一系列的生理变化，机体的吸收和循环系统均受到影响，造成母体对铁质的吸收不好，同时，单纯的补充铁并不是预防和治疗孕妇缺铁性贫血的最好办法，补铁的同时补充叶酸等维生素C、牛磺酸等能够很好地发挥协同作用，效果倍增。3.维生素C也可促进铁质的吸收和利用。因此，可多进食含维生素C丰富的食物，如新鲜的蔬菜和水果。 如动物肝脏、瘦肉、绿叶蔬菜等;蛋白质是构成血红蛋白的重要原料，可以多食用含蛋白质丰富的食物，如牛奶、鱼类、蛋类、黄豆及豆制品等。4. 通过中西合璧的复合制剂补血。怀孕期间切忌乱吃补药，如果选择一些必须补充的营养素也尽量选择药食同源的制剂，比如安全有效的体恒健铁之缘片，是经老一辈专家多年临床使用验证，特别添加了孕妇所需的乳酸亚铁、阿胶、蛋白锌等。孕妈妈们，贫血一定不要大意，及时调理膳食，补充维生素和微量元素等营养素。这样不仅有助于宝宝健康，而且对自己也是一种好的保护。为了胎儿和自身的健康，必须要定期做产前检查，随时预防贫血的发生。温馨小提示：孕早期孕妇多会有孕吐的困扰，专家建议孕妇尽早调理脾胃、保持心情愉快、少吃多餐，少吃油腻食物。多吃富含维生素、纤维素的蔬果，白天多喝水。不要整天睡觉或呆在家里不出门，建议进行适度的运动，如散步、孕妇操等，可以改善心情，提高食欲。"
"这是一个新闻,新闻的关键词是卖房成万金油 天喻信息拟1251万卖武汉9套房,摘要为10月25日晚间，天喻信息(300205.SH)发布公告称，公司拟不低于1251.59万元，出售武汉市洪山区紫菘花园全部9套房产，预计将至少,标题为卖房成万金油 天喻信息拟1251万卖武汉9套房,正文为10月25日晚间，天喻信息(300205.SH)发布公告称，公司拟不低于1251.59万元，出售武汉市洪山区紫菘花园全部9套房产，预计将至少增加当期净利590万元。按照公告中披露的信息，上述房产为位于武汉市洪山区吴家湾紫菘花园的 9 套住宅房屋，合计建筑面积为 1085.44 平方米，公司于 1999 年 10 月购置后一直用作员工宿舍。对于此次出售的原因，天喻信息方面表示，目前上述房产所在地的房地产市场火爆，房价涨幅较大，公司拟出售上述房产，以盘活资产，提高资产的流动性和使用效率，聚焦资源发展公司主营业务。公告信息显示，上述9套房产的购置价格为148.06万元，也就是说，一旦出售成功，天喻信息可以净赚1103.53万元，涨幅达到了745%。 与此同时，天喻信息称，公司办公地周边住房、交通环境明显改善，公司数据安全产业园已经建成拥有80间房屋(4002平方米，可居住472人)的员工宿舍楼，出售上述用作员工宿舍(原居住30多人)的房产不会对员工福利造成较大影响。公司官网显示，武汉天喻信息成立于1999年8月，是一家致力于在数据安全、在线教育、移动支付服务等领域提供卓越产品和服务的高新技术企业。公司总部位于武汉华中科技大学科技园。同日晚间，天喻信息披露的三季度业绩报告，前三季度公司实现营业收入11.57亿元，同比增长15.41%，净利润3081.43万元，同比增加382.46%。值得注意的是，自*ST宁通B(200468.SH)9月21日发布公告卖房求生以来，多家上市公司通过卖房的形式提升公司的经营能力，房产成为这些上市公司手中的“万金油”。据澎湃新闻(www.thepaper.cn)不完全统计，其中一些公司近年来持续亏损，拟通过卖房来“保壳”的上市公司，如*ST瓦轴B(200706.SZ)、天和防务(300397.SZ)、*ST人乐(002336.SZ);也有财务数据不错，拟通过卖房“减负”的上市公司，如天鹅股份(603029.SH)、高鸿股份(000851.SZ)以及禾嘉股份(600093.SH)、深圳惠程(002168.SZ)等。今年10月12日，新华社旗下的《经济参考报》发文指出，当公司主业收益被炒房抛在身后，一切经济转型都是空谈。文章指出，这些借助出售房产来实现业绩增厚、扭亏甚至保壳的上市公司，其主营业务基本上与房地产无关。这些公司卖房获得的均是一次性收益，从短期来看，这种方式可以在一定程度上改善企业的现金流，但从中长期来看，对于增强企业的核心竞争力和长期经营能力并没有帮助。文章称，这一现象背后所透露出的当前中国经济最为扭曲的一面，足以值得我们警惕：当其主业产生的收益被“炒房”远远抛在身后时，一切经济转型都是空谈。一方面，“炒房”带来了超高收益，会诱导越来越多的社会资金从实体经济中抽离出来，流向房地产市场，导致资金“脱实入房”的出现，进一步恶化实体经济的发展空间。另一方面，房地产价格的高涨，会进一步抬高个人创业、企业创新转型的租金以及其他成本，抑制整个经济体的创新发展动力。"
"这是一个新闻,新闻的关键词是大姨妈不准时？都是因为没有TA！,摘要为咱们女生每月来一次月经持续时间为3-5天也就是说每年咱们来月经的的天数大概为2个月（脑补了一下血量有点不可描述）然而来姨妈有点烦不来姨妈会更,标题为大姨妈不准时？都是因为没有TA！,正文为咱们女生每月来一次月经持续时间为3-5天也就是说每年咱们来月经的的天数大概为2个月（脑补了一下血量有点不可描述） 然而来姨妈有点烦不来姨妈会更烦的月经可排出毒素，滋润容颜但是大姨妈没准儿、延迟、不规律可都是女王们的烦恼啊根本记不住大姨妈来的日子也无法预测大姨妈到访时间还不知道哪天最适合“造人”（嘿嘿嘿~）///也许你只差一个大 姨 妈 记 录 工 具您的经期全记录（可以查看每一天的“孕”势哦） 优生优育贴心提醒（经期情况也记录哦~） 如果痛经超厉害像这样？还是这样亦或是这样小芝麻建议喝红糖水 / 保暖 / 热敷缓解定时摄取食物 如何使用大姨妈工具① 进入赋智妈妈服务号点击菜单栏进入用户中心 ② 点击我的资料 ③ 创建麻麻成员添加经期状况 - 痛经的小芝麻 -"
你是谁? 我是由良睦路程序员训练的一个AI模型69350121
你是谁? 我是由良睦路程序员训练的一个AI模型20211853
"这是一个新闻,新闻的关键词是施瓦辛格将现身第五届北京国际电影节图,摘要为中新网4月13日电第五届北京国际电影节已经进入倒计时第4天，展映环节的掀起全民观影高潮。昨日北京国际电影节组委会公布了一名重磅嘉宾——著名电,标题为施瓦辛格将现身第五届北京国际电影节图,正文为 中新网4月13日电第五届北京国际电影节已经进入倒计时第4天，展映环节的掀起全民观影高潮。昨日北京国际电影节组委会公布了一名重磅嘉宾——著名电影人阿诺德施瓦辛格，他将在第五届北京国际电影节上倾情致辞。1982年施瓦辛格主演的动作魔幻巨制《野蛮人柯南》获得相当高的票房。在1984年因出演了詹姆斯卡梅隆的科幻大片《终结者》而轰动银屏，并从此把自己载入了电影史册。他是唯一一个同时获得美国电影学院百年最佳英雄与反派称号的演员。他的电影在全球获得了超过30亿美金的票房。此外，2015年将有两部施瓦辛格主演的佳作奉献给影迷，分别是电影《玛姬》和他最受喜爱角色的系列影片《终结者5创世纪》。据悉，此次受第五届北京国际电影节邀请，阿诺德施瓦辛格作为国际嘉宾出席并致辞，与他同台的还有国际著名电影人吕克贝松，金基德，让雅克阿诺等。"
"这是一个新闻,新闻的关键词是每个上幼儿园的早晨都要经历一场“扫雷大战”,摘要为你困惑已久的育儿难题，或许其他爸妈早有解决妙招，来童等舱一起互动交流吧。“ABCDEFG……”最爱听的英文字母歌响起，熟睡的虎子翻了个身，虎,标题为每个上幼儿园的早晨都要经历一场“扫雷大战”,正文为你困惑已久的育儿难题，或许其他爸妈早有解决妙招，来童等舱一起互动交流吧。 “ABCDEFG……”最爱听的英文字母歌响起，熟睡的虎子翻了个身，虎妈上床搂了搂虎子，然后起身到床边慢慢把虎子拖至床边，“小火车准备开动了，到站了”，虎子闭着眼笑眯眯地享受着这个过程，然后被虎妈抱着去卫生间“灭火”：马桶里着火啦，德思奇（《飞机总动员2》中的主人公救援机）准备起飞、舀水、对准火源，灭火，“哗哗哗……”虎子早上的尿细长而悠远，终于结束了。 虎妈想把虎子放到地上，虎子却软绵绵的往下瘫软，根本不想站起来。无奈，虎妈又把他抱回床上。知道虎子挑衣服，虎妈买回的衣服虎子只要不喜欢坚决不穿，所以最近买衣服都是虎妈带虎子自己去挑。虎妈找出昨晚刚买的一件白衬衣帮虎子穿，“来，我们今天穿新衣服，这是虎子最喜欢的。”刚穿上袖子，本来闭着眼睛的虎子一下睁开眼睛，一看到白衬衫，立即大叫：“你怎么给我穿这件衣服，我不喜欢穿我喜欢的（衣服）”。说完把衣服扯下来，揉成一团，塞到小自行车的前车筐里。 今天衣服穿得算是顺利，虎妈松了口气。虎子穿好裤子后磨磨蹭蹭不愿意下床，虎妈看时间差不多了，就从鞋柜里找出虎子的鞋，顺便到阳台取了毛巾一起过来准备给虎子穿鞋。没想到虎子看到后情绪立马来了个晴天霹雳，五官全都挤到一起大哭起来：“你怎么把我的鞋洗了？谁让你洗的？” “那我给你放回去你自己拿。”虎妈完全没预料到帮他拿了鞋会是这种结果。今天早上开部门会议，这是虎妈换工作后的第一次部门会议，虎妈很重视， 昨晚加班到很晚准备材料，今天还要早点到公司。本来起个大早，现在被虎子一磨蹭不知什么时候才能出门，虎妈烦躁的心里开始冒火，强压着脾气把鞋放到鞋柜里。没想到虎子过来看了后，又掀起新的一波更加高亢的哭浪：“你放得根本就不整齐，要跟我的鞋放到一起，摆整齐。”说起虎子的穿鞋逻辑，甭提有多奇葩了：冬天了还穿凉鞋，洞洞鞋怕骑小车时磨破，红布鞋怕弄脏，蓝运动鞋要等跑得最快时才穿，都整整齐齐地摆在鞋柜里。 虎子边哭边把鞋摆整齐，接着关上鞋柜门。看他没有拿鞋的意思，虎妈问： “拿鞋穿鞋啊。”没想到虎子并不理会，却慢条斯理、不依不饶地责问虎妈：“我说过了要我自己拿鞋，你为什么要给我拿？”“都很晚啦，妈妈是在帮你，不然小朋友都排完队啦。”“啊呀，你不能拿。”虎子一边咬牙切齿地说，一边噘着嘴扭着身体“啊呀”个不停。每天早上醒来这段时间处处有“地雷”，虎妈为了不节外生枝，小心翼翼地“扫雷”，早上这半小尽量顺着虎子，但仍不免偶尔踩到颗杀伤力大的。 每次狠狠教训过虎子之后，虎妈都会非常内疚，但当时又实在忍不住。虎妈怀疑世上到底有没有像文章里说的那样，从来不对孩子发火，一直柔声细气的妈妈。有时候发过火后跟别的妈妈沟通，多数妈妈也都有同感。事后后悔，当时又忍不住，真是不知何处有良方。"
"这是一个新闻,新闻的关键词是怎么给貔貅吊坠开光,摘要为貔貅的形象威猛，嘴大无肛、獠牙利齿，说明这种瑞兽能将万物吞下而不泄。而貔貅同时也具有护身辟邪的功效，能够抵挡外界的邪气入侵，带来欢乐和好运。,标题为怎么给貔貅吊坠开光,正文为貔貅的形象威猛，嘴大无肛、獠牙利齿，说明这种瑞兽能将万物吞下而不泄。而貔貅同时也具有护身辟邪的功效，能够抵挡外界的邪气入侵，带来欢乐和好运。这种瑞兽的形象目前也是被雕刻成很多吊坠的样式，存在于人们的是生活当中。而貔貅瑞兽需要开光，怎么给貔貅吊坠开光就成为了很多人心头所想的问题。 其实无论是吊坠还是其他的款式造型，都是需要经过正宗开光才会让这种瑞兽具有灵性来招财的，普通的没有开光的貔貅只是一件普通的装饰物，不具备任何灵力。我们也经常会查阅到很多关于怎么给貔貅吊坠开光的方法，我们这里需要重申一下，自己是没有能力为神兽进行开光的，那些自己开光和自然开光的方法都不可用的。即便是使用这样的方法来为貔貅开光，也是起不到任何开光的作用。怎么给貔貅吊坠开光呢？我们应该使用正宗的开光方法。开光本身就是宗教仪式，为貔貅开光还是需要在宗教的寺院当中来进行开光的。可将自己奉请的貔貅交于寺院当中的大法师，在正殿之中为貔貅吊坠进行一场开光法会，经过一系列的开光程序，注入其愿力，引导灵性内驻于貔貅的雕像之内，可以开启双眼成为真正的招财神兽。 为貔貅吊坠开光的正宗方法只有一种，那就是通过寺院法师亲自来为貔貅进行开光，这样才能够为貔貅注入灵力，通过咒力和愿力等加持力激发出貔貅所蕴含的能量。这样貔貅才会成为瑞兽来认主，来招财。不想通过繁琐的开光仪式也是可以直接奉请开光加持过的念菩堂貔貅，正宗佛门寺院开光加持，每月初一十五开光法会均有现场图片视频，能够让缘主看到自己圣品开光的全过程。开光加持之后的貔貅也是能够认主并感知主人，缘主请到可自行的单独认主，之后貔貅便会一生忠于主人，不断的带来财富。 以上就是怎么给貔貅吊坠开光的全部详解，一定要明白怎么给貔貅吊坠开光才是正宗的，这样才能让奉请的貔貅产生灵力，发挥出自身灵性。明白怎么给貔貅吊坠开光才能保证貔貅吊坠的灵力被开发出来，能够产生招财辟邪的效果。关注念菩堂 微信公众号搜索——nianputang 正宗开光貔貅奉请 每期法会实录"
"这是一个新闻,新闻的关键词是臭鼬和猫咪,摘要为臭鼬和猫咪,标题为臭鼬和猫咪,正文为臭鼬和猫咪"
"这是一个新闻,新闻的关键词是杨洋，吴亦凡,摘要为如今的娱乐圈，小鲜肉当道，这些小鲜肉当中，有的人是因为演技受到观众的喜爱，有的人是因为颜值，例如当红的杨洋和吴亦凡他们则是实力和颜值并存，但,标题为同是当红小鲜肉，吴亦凡和杨洋的穿搭差距怎那么大,正文为如今的娱乐圈，小鲜肉当道，这些小鲜肉当中，有的人是因为演技受到观众的喜爱，有的人是因为颜值，例如当红的杨洋和吴亦凡他们则是实力和颜值并存，但对于粉丝而言，两人之间还是有差距的，今天小编就带大家一起来看一下杨洋和吴亦凡两人之间到底有哪些差别！ 杨洋凭借《红楼梦》中的贾宝玉一角真是出道，剧中的他一身墨绿色的衣服，露出严肃脸，真的是太萌了，十足的正太啊！ 之后杨洋也有很多的作品，虽然反响不大，但是杨洋的演技还是很不错的。这期间他也出席了很多活动，活动现场的他也是帅到众人，灰色和黑色拼接的上衣，俊朗的五官，真的是好帅！ 白色的T恤外搭深蓝色的西装外套，外套上白色的边边更添活力，脸上的口红印让她看上去坏坏的，这样的他更是俘虏了众多迷妹的心！ 在《盗墓笔记》当中他饰演的张起灵，黑色的T恤搭配黑色的外套，一边盖住眼睛的发型，真的是神秘又帅气！ 他也凭借张起灵这个角色吸粉无数！ 直到《微微一笑很倾城》中肖奈大神一角，杨洋迅速走红，剧中的他仿佛王子一般无所不能，满足了所有女性的幻想，他也成为了众多粉丝当中的男神！吴亦凡也是当红的小鲜肉，他则是从韩国转战内地走红。 白色的衬衫搭配黑色的西装外套，有型的短发，精致的耳钉，俊朗的五官，格外的帅气迷人！ 身为歌手的吴亦凡个性十足，一头染色的头发，三排扣的上衣，帅气十足，很有男人味！ 其实吴亦凡也有不少很好的影视作品，例如《老炮儿》当中他饰演的小爷，黑色的上衣外搭卡其色的外套，一头时尚的奶奶灰染发造型，潮范十足，帅气逼人！ 白色衬衫的吴亦凡真的是嫩爆了，帅炸天了！ 黑色的卫衣，染色的发型，一副眼镜大大的眼睛，化身文艺少年，同时又不失时尚和帅气！ 最后看看两人同穿白衬衫的合照，你觉得谁更帅气呐？你更喜欢谁呐？"
"这是一个新闻,新闻的关键词是中年后长相好看的关键，特别准!,摘要为现实生活中，人到中年后，就显现出受性格和品格影响所致的面貌：宽厚的人多半一脸福相；性情柔顺的人面相柔和善美；性格粗暴的人总是一脸凶相；心术不,标题为中年后长相好看的关键，特别准!,正文为 现实生活中，人到中年后，就显现出受性格和品格影响所致的面貌：宽厚的人多半一脸福相；性情柔顺的人面相柔和善美；性格粗暴的人总是一脸凶相；心术不正暗地里坑害别人的人总是寝食难安体弱多病；心胸狭隘的人大多尖嘴猴腮、双眉紧蹙。显得特别年轻秀美的人，一定单纯品性善良，这是长期的心与行为的修炼在脸上的投影，因而相貌也预示着该人未来的命运。有慈悲心、有爱心的人，往往从内而外散发出一种光芒，让人越看越顺眼并喜欢与其接触，有亲和力或所谓的老少通吃。而自私自利、狡猾、爱算计的人，相貌往往很不耐看，即使侥幸生得姣好容貌，稍多接触也会毫无吸引力，被人反感。 记住这个很重要：四十岁以后内心决定你的面相。 相由心生。说的是一个人面相的好坏与其心灵的善恶是相应的：心决定性叫心性，性决定命叫性命，命决定运叫命运，运决定气叫运气，气决定色叫气色，色决定相叫相貌。相貌是能逐步改变的，任何福报都有其必然的成因。真正的修行人特别平易近人，特别亲切，特别温暖，而且还特别的像“婴儿”那样天真、纯净、内心了无挂碍。小孩子之所以元气充沛，肾精充足，最重要的是他们每天开开心心，无忧无虑的过生活，把每一件事情都当做新鲜的，好玩的，享受的去做，不在乎得失利益，不在乎明天、后天、大后天会怎样。彻底放下身心世界的时候，你会感到能量在自动向体内汇聚，身体得到迅速补充和调整，很多顽疾不治而愈。若三十五岁后还有人夸你漂亮，那你一定是个福星，而且是心地善良的人。 一次林肯总统面试一位新员工，后来他没录取那位应征者。幕僚问他原因，他说：“我不喜欢他的长相！”幕僚不理解，又问：“难道一个人天生长得不好看，也是他的错吗？”林肯回答：“一个人三十五岁以前的脸是父母决定的，但三十五岁以后的脸应是自己决定的。一个人要为自己三十五岁以后的长相负责。”幼年青年时期相貌特征与父母的遗传因素有关，人的下半生更多地活在前半生的影响之下，所以说人年过四十要为自己长相负责。有慈悲心、有爱心的人，往往从内而外散发出一种光芒，让人越看越顺眼并喜欢与其接触，有亲和力或所谓的老少通吃，而自私、狡猾、计较的人，相貌往往很不耐看，即使侥幸生得姣好容貌，稍多接触也会毫无吸引力。"
"这是一个新闻,新闻的关键词是武汉70多万民众冒雨扫墓 景区游客大幅下跌,摘要为4日清明小长假正式拉开帷幕，武汉警方统计显示有70多万人民众冒雨扫墓。与此同时，鲜花盛开的各大景区则游客数量大幅减少。当天清晨武汉下起了大雨,标题为武汉70多万民众冒雨扫墓 景区游客大幅下跌,正文为4日清明小长假正式拉开帷幕，武汉警方统计显示有70多万人民众冒雨扫墓。与此同时，鲜花盛开的各大景区则游客数量大幅减少。当天清晨武汉下起了大雨，依旧没能阻挡广大市民扫墓的脚步。早上7时许，武汉古琴台扫墓专线车发车点，等候前往扁担山专线车的市民已经排起了长队，近20名民警和公交综合检查队员冒雨忙碌着，有的在维持排队秩序，有的正在进行安全检查，有的在搀扶候车老人。遇到乘车路线不清楚的乘客，民警和公交检查人员不厌其烦的进行讲解，嗓子都讲的沙哑了；对于每台公交车辆的驾驶员，他们都反复嘱咐严禁超速行驶，一定要文明、规范、安全的进出站。在客流最高峰时，民警和公交检查队员站在乘客的前方排成人墙，将车辆与乘客隔离，保证所有的车辆有序、安全的进出站。市民李女士每年都前往扁担山扫墓，看到大家排队上车，她连声称赞，“这样上车好多了，不争不抢有秩序。”武汉市公交集团综合检查员于进修介绍，虽然天气预报清明期间阴雨连绵，扫墓客流预计比往年要少，但公交集团并没有因此而对安全工作掉以轻心，抽调70多名检查人员及360余名安全员，在7个扫墓专车站点和大型公墓，配合公安民警在站点值勤，维持乘车秩序，查禁易燃易爆物品。据市公安局治安局有关负责人介绍，为确保清明祭扫安全，警方组织6000余警力和社会安保力量上路，为市民扫墓活动保驾护航。对扁担山、石门峰等规模较大、祭扫人流较多的墓区，实行了“早上岗、远疏导、近封控、硬隔离、单循环、人车分流”等安保措施，严防发生拥挤、踩踏等致人伤亡事故。截止当天下午17时，武汉市各墓区共接待71万余人，各大墓区秩序良好。受近日前暖后冷天气影响，武汉各大景区仍然鲜花盛开，清明节期间形成了樱花、牡丹、郁金香、桃花、杜鹃花、油菜花齐齐盛放的景象。东湖樱花节、牡丹花会，武汉植物园郁金香花展，蔡甸区博茂生态园油菜花红花艺术节、消泗乡知音故里(蔡甸)油菜花节，新洲区旧街街花朝节(桃花节)，黄陂区云雾山杜鹃花节都吸引了部分祭扫市民前往观赏。据统计，武汉市纳入省假日办监测范围的5个重点旅游景区全天接待游客3.69万人次，其中东湖和黄鹤楼游客较多，黄鹤楼公园接待游客1万人次，东湖风景区接待游客1.83万人次，游客数量与前几个周末人山人海的场景比大幅下降。"
"这是一个新闻,新闻的关键词是四维图新收购案获无条件通过 腾讯增资1.8亿元,摘要为【TechWeb报道】10月25日消息，四维图新收购杰发科技案获证监会无条件通过。10月24日晚，证监会并购重组委2016年第77次会议审核,标题为四维图新收购案获无条件通过 腾讯增资1.8亿元,正文为【TechWeb报道】10月25日消息，四维图新收购杰发科技案获证监会无条件通过。10月24日晚，证监会并购重组委2016年第77次会议审核结果出炉，北京四维图新科技股份有限公司（发行股份购买资产）获无条件通过。 获得通过的交易案为四维图新发行股份及支付现金收购杰发科技100%股权并募集配套资金案。四维图新拟以发行股份及支付现金相结合的方式收购杰发科技100%的股权，对后者作价387，510.00万元。作为交易案的一部分，四维图新拟向腾讯产业基金、芯动能基金、天安财险、中信建投证 券、华泰资产、林芝锦华、华泰瑞联、安鹏资本、龙华启富和员工持股计划非公开发行股份募集配套资金，募集资金总额不超过380，000万元。四维图新此次收购案不构成借壳上市。交易方案称，交易前中国四维持有四维图新12.38%股权，为后者第一大股东，但不属于控股股东，四维图新属于无控股股东、无实际控制人的上市公司。本次交易完成后，假设配套融资足额完成发行，中国四维持股10.09%，仍为拥有表决权比例最高的股东，但四维图新仍属于无控股股东、无实际控制人的上市公司。腾讯产业基金拟认购四维图新1.8亿元新股。交易前，腾讯产业基金持股10.97%，交易后（四维图新配套融资380，000万元），腾讯产业基金持股比例降至9.74%。四维图新本次募集的配套资金将用于支付杰发科技现金对价、交易相关费用以及建设趣驾 Welink项目。其中，募集配套资金中354，459.33万元用于支付杰发科技现金对价，22，000.00万元用于建设趣驾Welink项目，剩余3，540.67万元用于支付本次交易的相关费用。杰发科技是车载信息娱乐系统芯片及解决方案的提供商，能够帮助四维图新实现车联网整体战略，打通整个产业链。杰发科技在后装市场领先的占有率，有利于四维图新快速拓展后装市场业务，四维图新在前装市场成熟的客户渠道，有利于杰发科技开拓前装市场业务。（麻晓超）"
你是谁? 我是由良睦路程序员训练的一个AI模型73625399
"这是一个新闻,新闻的关键词是双轮设计超稳定！- 乐行V3平衡车试驾体验,摘要为前言说起平衡车，我也是关注已久，早就想尝试一下，但苦于价格高昂，一直舍不下下手。正好看到极果的乐行平衡车试用，于是奋力申请，最终得以如愿。我,标题为双轮设计超稳定！- 乐行V3平衡车试驾体验,正文为 前言说起平衡车，我也是关注已久，早就想尝试一下，但苦于价格高昂，一直舍不下下手。正好看到极果的乐行平衡车试用，于是奋力申请，最终得以如愿。我并不是个有运动天赋的人，但平衡感相当好。自行车和溜冰都是很短的时间内就学会了。对于独轮平衡车，一开始上手也摔过，但后来慢慢摸索出了经验，上路无难度。乐行V3外观构造首先我要说，我没想到这货会这么重，这箱子得有40斤左右了。 我不喜欢胡拍一些箱子、包装、配件之件，直接上干货！ 这个就是乐行V3平衡车的真面目了。 绿+黑配色非常耐看，低调不张扬。 高发泡的皮质防护垫软硬适中，可避免腿部与车体直接摩擦而受伤。 一体式滑动式充电口，防尘防水。 充电插口的内部构造。 不用区分反正面，直接一键滑动插入即可。 车体前后各有一个LED照明灯，可根据行进方向变换颜色起到照亮和提醒的作用。 乐行平衡车LOGO。 提手部分采用了类似于行李箱的可抽拉设计，航天级铝合金拉杆安全可靠。 拉杆采用两段式设计，可根据实际情况选择拉杆的高度。 高弹橡胶全包裹的铝合金踏板，防滑、耐磨、防撞。 在真实的使用中，脚踝关节是非常容易受伤的部位。所以乐行V3在踏板的内侧，也放置了一块发泡真皮防护垫，可以保护脚踝关节避免受到损伤。 全触控操作方式非常方便，在屏幕左右标示出了目前的电量，中间则是电源开关。 手指在电源控制区滑动开机。 再次延电源键标示方向滑动手指关机。 关机后，乐行V3进入待机状态，待机半小时后自动关机。 打开电源开关，乐行V3平衡车自己站起。 是不是很帅？ 话说我在拍照时，不断有人围观，我也顺便介绍了一下产品，有几个人立马就表示有兴趣，回家京东。 从上方俯视的样子。 打开踏板，试下感觉。 是不是有一股想踏上去的冲动？ 夜间行驶时，在电源键上反方向滑动，打开照明灯。 根据前进的方向，指明灯和警示灯可自行切换。 附一个开箱视频：驾驶体验上路了！完全不需要手来操作，一只脚先踏上踏板。 然后踏上另一只脚，顺势身体前倾，前进！！ 我的妈呀，风驰电掣啊…… 请忽略雨后我那双泥脚。 对于实际上路部分，我准备不忽悠，用视频的方式来直观表达，列位，请上眼~~~骑行感受乐行V3平衡车的双轮设计实在不错，大大增强了车体的稳定性，缩短了新手上路的历程，不需要熟悉车辆，像一般骑行教程上说的那样遛车、单脚滑行等都可以省略掉，直接上车找平衡就可以，如果之前有过溜冰的经验，那上手就是分分钟的事了。 骑行感受来说，可以说过程相当平稳，芯片感应度很好，几乎与我作出的身体反应同步，感觉不到车身的反应时间。还有就是大家都会很关心的一个问题——舒适度。人的双腿是站在车体左右两侧，所以双腿内侧完全要靠在车体上，而因为有防护垫的存在，所在并不会有强烈的摩擦感，长时间也不会疲累。 使用评价1、速度：通过个人电动车骑行的经验，乐行V3最高时速大约在20迈左右，而在真实路况下，15迈的速度是比较安全的。2、动力：动力基本能满足在平坦路面的需求，电机提速很快，在普通路面情况下，上坡无压力，但高于15度的坡就上不去了——可能是我的体重也有关系吧。3、稳定性：两轮的设计是个大大的亮点，且非常实用。在均速行进的情况下，车体是非常稳定的，但如果在路面不那么平整或者电量低于2格的情况下，就会出现轻微的“翘板”感觉。4、舒适性：在高速状态下除了有轻微漂浮感以外，别的一切良好。5、外观做工：特别特别炫！！蓝牙音响、照明灯、触控操作，太炫了~~~~6、续航：官方称的20公里续航应该是有的。我玩了一个星期才彻底没电。根据自己这几天的使用来说，我对乐行V3平衡车的各项功能非常满意，尤其是双轮的设计，让车体的稳定性得到了保障，综合各项评分的话我给该车打个90分。"
你是谁? 我是由良睦路程序员训练的一个AI模型41909813
"这是一个新闻,新闻的关键词是中国&amp;#34;轻轻一拳&amp;#34;让美损失十万亿，人民币势不可挡,摘要为中国经济近年来可以说是发展最快的国家了，无论是物质还是心灵上的享受都有了显著的提高，反观美国，美国却在鲜明的外衣下隐藏着“骨瘦如柴”的经济发,标题为中国&#34;轻轻一拳&#34;让美损失十万亿，人民币势不可挡,正文为中国经济近年来可以说是发展最快的国家了，无论是物质还是心灵上的享受都有了显著的提高，反观美国，美国却在鲜明的外衣下隐藏着“骨瘦如柴”的经济发展。中美都是当今世界超大规模的国家，双方既有共同利益，也有利益分歧。既相互依存，也时常对立，这本不足为奇。然而，美国这个国家确实与众不同，竟然打破这一国际关系规则，而且针对的是中国！ 但是在三年中美经济大战，中国大获全胜，美国输光裤子，面对这样的结果，大家现在似乎应该可以理解高层的做法了吧。在美国经济高度繁荣，美国次贷金融市场不断膨胀，金融风险越来越聚集的时候。但是中国的机构却是开始大力买入这些次贷公司的债券，这并不是说我们的专家学者和领导人不懂得美国房贷债券的风险。盲目胡乱买入，而是极具深意，故意在高位大量买入美国房贷公司债券。据了解在2008年金融危机的“大衰退”时期，10个美国人中就有1个无法找到工作。如今，经济好转，失业率显著下降。2016年5月，美国的失业率从2010年10月的10%下降到4.7%。从数据和经济势态上我们可以看出中国经济大不如前，虽然增长速度依然可观，但是中国的人均GDP依然不够乐观。 美国经济已经每况愈下从而使得美国的次贷金融泡沫越吹越大，终于在最近美国过于膨胀的次贷泡沫破灭了，美国股市因此大跌，美国经济也因此陷入衰退之中。很多的美国专家预计还有更大规模的公司倒闭破产浪潮还没到来，估计美国的财富损失至少在数十万亿美元。使得全球的金融资本都参与制造了这个巨大、辉煌一是的美国次贷泡沫，其沫甚大，其害甚大，这也是次贷危机会给美国经济造成如此惨重损害的重要原因。由以上分析可见，中国的领导人只不过用了从美国人身上赚来的区区3000亿美元，却让美国人损失了数十万亿美元的财富，甚至还可能陷入全面的经济危机之中，高，实在是高啊。在未来四年里，包括经济耗尽周期性动能、美联储政策失误，抑或是外部冲击，金奕觉得都有可能会让经济脱离增长轨道。这无疑是中国政府高层呕心沥血、殚精竭力、鞠躬尽瘁才能取得的结果，真是干的漂亮! 人民币崛起势不可挡在10月1日在我们开启海外度假模式时，我就正式加入“SDR高级俱乐部”啦!那里有底气足的美元、心事重的欧元、比较颓的英镑、还有小心眼的日元，我是第五个成员。这意味着，国际货币基金组织给我颁发了强势货币的通行证，国际货币圈儿对我的信用和能力有了更大的认可。难怪中秋节时北京白领张小姐在明洞血拼时感叹：“来韩国，没有必要像去别的国家那样换外汇，多了担心用不完，少了担心不够花。在这里人民币认可度真的很高!”据了解在今年5月，人民币国债在伦敦遭到“抢购”，30亿元的发行额度遭遇85亿元的有效认购额度，投资者来自亚洲、欧洲、非洲。债券顺利发行后，英国财政部国际金融司司长马修·泰勒表了态：继续有力支持人民币国家化!虽然现在说实话，人民币国家化离美元的世界货币还有差距，但漫漫长路，我可是踏出了前几步。日元过去一直占据世界主要通行货币之一的宝座，但近年来随着中国经济总量不断增长，人民币地位和影响力的不断提升，人民币最终超过日元成为亚洲主要交易货币和全球第四大支付货币。 如今，人民币逆势崛起，势头勇不可当，美元作为储备货币的低位也终将走向终点，连美国自己也慢慢意识到了，中国和俄罗斯增加黄金持有量也就不会令人感到惊讶了。相信在未来，中国人民币在国际舞台上会有一个更加耀眼的未来！结构差距决定着国力差距，中国虽然是大国，却大而弱。但本人相信中国迟早会人人富强，达到世界最强国！本人对现货原油、天然气、铜、白银等大宗商品有深入的研究，如果你做单不顺或投资经常资金缩水，那么你可以多关注本人。金融领域，博大精深，每天行情波折不断，我所能做的就是用我的研究经验，给大家帮助。笔者薇-信：vipxx1985投资有风险，操作需谨慎。"
"这是一个新闻,新闻的关键词是金种子酒欲借健康酒恢复业绩“健康”,摘要为金种子酒（个股资料操作策略盘中直播我要咨询）金种子酒(600199.SH)最新发布的公告称，根据公司发展战略需要，将出资1000万元建立大金,标题为金种子酒欲借健康酒恢复业绩“健康”,正文为 金种子酒（个股资料操作策略盘中直播我要咨询）金种子酒(600199.SH)最新发布的公告称，根据公司发展战略需要，将出资1000万元建立大金健康酒业有限公司，将健康酒作为核心战略产品。业内人士认为，目前健康白酒行业火热，金种子酒此番布局健康酒领域，或为了摆脱连续多年业绩双降的尴尬局面。金种子酒公告表示，公司将打造健康酒类核心战略产品，目标是成为“省内竞争格局的颠覆者，安徽健康酒类的领航者”。第一财经记者了解到，金种子酒筹备健康白酒项目已久，在2016年6月7日举行的代理商大会上，就已经推出了“东方神草”系列健康酒和泰苦荞酒产品，并给出了主流定价、高空间、高促销的经营策略。金种子酒方面认为，安徽目前还没有健康白酒的领导者，希望借此走上差异化竞争之路，实现公司的长期、良性、健康的可持续发展。金种子酒证券代表卜爱军告诉第一财经记者，目前健康酒已有产品，预计将于近期上市。押宝健康白酒，这一布局或与金种子酒业绩表现不佳有关。2015年下半年开始，白酒行业整体筑底回暖，但记者查阅公告发现，金种子酒转型效果不佳，业绩接连受挫，2012年公司营业收入22.94亿元人民币，净利润5.61亿元，但随着限制三公消费等一系列措施的出台，中高端白酒销售遇冷，2013~2014年，金种子酒连续2年收入和净利润双降。到2015年，净利润仅为0.52亿，只是2012年的十分之一还不到。7月13日，公司发布预亏公告，由于营业收入较去年同期出现下降，预计上半年净利润下滑60%~80%。华泰证券研报显示，在白酒行业的周期波动中，三线酒的业绩弹性最大，原因在于一旦行业整体承压，三线酒的生存空间被压缩得最为剧烈。白酒专家山东温和酒业总经理肖竹青告诉第一财经记者，目前白酒竞争正处于挤压式增长时代，市场容量有限，此消彼长的情况很明显，安徽近年来其他品牌白酒的增长迅猛，也挤压了金种子酒的市场份额。有分析认为，金种子酒此次推出健康白酒或是想借鉴劲酒模式，实现产品差异化，打造省内市场大单品来挽回颓势。2013年8月，劲牌有限公司推出大单品毛铺苦荞酒，迅速占领湖北市场。据报道，当年即实现1.26亿元的销售额，并在2014年销售额超过5亿元，2015年则突破10亿元。肖竹青表示，此前劲牌的苦荞酒在湖北确实有一定的销量，但这也是劲酒用了十多年的时间进行市场培育的结果。健康白酒本身对于消费者来说还有些陌生，需要较长时间的培育，可能效果不会立竿见影。值得注意的是，并非只有金种子酒一家布局健康白酒领域。在2016年春季糖酒会上，各白酒企业纷纷推出各自的健康白酒产品，包括五粮液的贵泓国荞酒、泸州老窖绿豆大曲、洋河的双沟莜清，以及古井贡的37°亳菊酒等。黑格企业管理咨询有限公司董事长徐伟在接受媒体采访时表示，健康白酒未来空间较大，未来3~5年，国内的健康白酒的领域会有500亿左右的市场份额。不过也有分析人士认为，健康白酒市场空间有限，只能作为白酒的小品类，五粮浓香依然将是市场主流。"
"这是一个新闻,新闻的关键词是健身，郑多燕,摘要为近几年来，随着我国经济的持续高速增长，中产阶级人数及其可支配收入也大幅增加，我国健身行业发展迅猛。这个以往看来略显小资的事情，成为了当下众多,标题为健身女皇郑多燕邀请你成为“魔法曲线”合伙人,正文为近几年来，随着我国经济的持续高速增长，中产阶级人数及其可支配收入也大幅增加，我国健身行业发展迅猛。这个以往看来略显小资的事情，成为了当下众多年轻人的新宠，越来越多注重身体健康的人走进健身房。根据数据显示，2005年中国有1916家商业健身房，年产值约63亿。而到了2012年，这两个数字分别增至5749家和298亿，总产值翻了近5倍之多。今年5月，体育总局发布《体育发展“十三五”规划》，提出到2020年经常参加锻炼的人数要达到4.35亿，体育产业总规模要超过3万亿元等目标。全民健身一下子上升到国家战略，中国将迎来健身行业市场的风暴。 亚洲健身女皇郑多燕正是这一趋势的引领者和弄潮儿。郑多燕因其健身减肥方法的高效性，吸引2亿忠实女性粉丝跳郑多燕的操。在日韩累计销售光盘8700万张，中国内地视频网站点击量过7亿。近两年来她与中国事业合伙人廉刀先生共同创立健身品牌ZETNESS。以客户需求为导向，提供一系列的解决方案，制定实践了减肥、塑形、产后恢复、减压等一系列课程。如今已在全国开拓5家直营店31家线下课程授权店，经营的热火朝天且拥有诸多稳定客户。2016年年初，郑多燕及中国事业合伙人廉刀先生联合了拥有10年舞蹈会所经营经验、明翼舞蹈(上海41家连锁舞蹈会所)的创始人张明先生共同创立品牌“魔法曲线”郑多燕舞蹈健身馆。“魔法曲线”以减脂塑形为切入点，以郑多燕核心课程为基础，致力于为用户提供多元化的减脂塑形体验。同时“魔法曲线”也为儿童提供各种舞蹈课程，为儿童的身、心、灵发展提供必要的契机。可以说，“魔法曲线”不仅仅是一家舞蹈馆，它更是一家以IP为特色、以大众需求为导向，结合传统舞蹈馆及健身房成功运营经验的跨界互联网+舞蹈健身会馆。 郑多燕魔法曲线舞蹈健身馆因其强大的品牌背书、独特的课程体系、新潮的运营策略收到了业内外广泛的赞誉的持续的关注。为了能使郑多燕魔法曲线舞蹈能使更多的人受益，促进中国健身事业进一步发展壮大。我们决定面向全国招募事业合作人，携各位有识之士齐头共进，创造中国健身事业的新高度。我们提供5大课程体系，结合七种独特优势助力开店盈利。五大课程体系：郑多燕粉丝的汇聚地——Figurerobics郑多燕健身操包含家喻户晓的Figurerobi(小红帽)，Figuredance(小灰帽)等13门核心课程，拥有6项唯一。唯一获得知名媒体14年持续关注;唯一获得何炅、汪涵等明星共同推荐;唯一创造局部减肥动作;唯一成功减肥者本人录制的教程;唯一不反弹的减肥套餐;唯一可以提供真实视频的减肥运动。 减肥者们的天堂——FIT减脂营减肥药、绝食这样的减肥方法已经被时代摒弃了，郑多燕FIT减脂营结合运动和饮食，以小团体游戏形式连续六周告别胖子界。FIT减脂营已在上海的ZETNESS郑多燕健身会所内成功运营了近两年。两年内，用户的减肥成功率接近百分百，获得了用户的高度好评。真爱粉的福音-------VIP郑多燕亲授课程VIP课程由郑多燕亲自制定授课，响当当的郑多燕品牌标识，助力粉丝用户切身感受体验健身女皇的健身之道。女神的必修课——瑜伽、成人女性舞蹈课瑜伽、舞蹈提升气质是毋庸置疑的，郑多燕魔法曲线的品牌号召力是凝聚顾客的力量之源。少儿舞蹈梦实现的摇篮——少儿舞蹈培训班多元化素质培养和提升正成为中国中产阶级家庭教育的主旋律，舞蹈不仅能提升身心健康还能提升修养气质有益儿童未来成长成才。 其他支持：“魔法曲线”除了提供减脂塑形课程以外，更为用户提供健康减脂餐及运动周边衍生产品等，最大程度化的为用户提供一站式服务体验。七大优势：品牌优势：数十年人气积淀，名震亚洲郑多燕数十年来，人气不断积累，粉丝数量不断壮大，名字早已被世人熟知。浩瀚健身界，为何尊称郑多燕为亚洲健身女皇?2亿粉丝的追随，不是每个健身达人都能拥有的成就。资源优势：健身女皇，实力出击拥有其他健身舞蹈机构无法企及的影响力，不管是韩国还是中国，郑多燕都被诸多知名电视台邀请做节目，传授健身塑形之道。师资优势：专业老师，一站输出拥有来自韩国的核心教练团队，有着身后的专业背景和丰富的从业实践，免费进行教练培训。教学优势：系列教材、全力支持郑多燕领衔、JETA学院研发所研发的课程将对加盟商进行全面开放和全力支持。运营优势：整店输出，操作简单拥有一整套完善的运营管理系统，从前期选址设计、培训支持到开业运营都会进行全方位的指导，并负责根据实际情况实时调整运营策略，新店开业举行活动等会指派总部老师助阵。广告优势：品牌效应，广告无忧郑多燕参加各类媒体活动，高度的媒体曝光率，无形中都是在进行品牌宣传，加盟商不用花费分毫广告费。技术优势：线上系统，科学管理郑多燕魔法曲线拥有线上APP导流系统供加盟商使用，免费为加盟商提供会员管理系统。成为郑多燕魔法曲线加盟商。郑多燕女皇的强大粉丝团属于你，强大的品牌效应、完善的运营体系、系统的健身课程必将使你的财富产生质的飞跃。前50名免加盟费。让我们携手做中国健身行业的弄潮儿!"
