content
"这是一个新闻,新闻的关键词是延安东路隧道施工封闭一周 区域交通情况较为平稳,摘要为从3月14日零点起，延安东路隧道北孔(浦东往浦西方向)封闭交通，开始了为期10个月的大修工程。在过去一周里，受延安东路隧道施工影响的区域总体,标题为延安东路隧道施工封闭一周 区域交通情况较为平稳,正文为从3月14日零点起，延安东路隧道北孔(浦东往浦西方向)封闭交通，开始了为期10个月的大修工程。在过去一周里，受延安东路隧道施工影响的区域总体交通情况较为平稳、可控，未出现区域性或长时间交通拥堵。施工前，公安交警部门多次调研施工区域交通，并围绕人民路隧道、新建路隧道等主要分流道路，对相关地面衔接道路制定了专门、细致的交通组织方案。距延安东路隧道距离较近的“三隧一桥”(人民路隧道、新建路隧道、复兴东路隧道、南浦大桥)作为主要分流道路，承担了原延安东路隧道流量的60—70%。其中，人民路隧道高峰时段流量增幅最大，比施工前工作日流量增长了约100%，并承担了约50%的分流流量；新建路隧道和复兴东路隧道流量增幅分别约为20%和18%，与前期流量预测结果基本一致。从流量变化趋势来看，人民路隧道、新建路隧道以及复兴东路隧道流量增长较快，南浦大桥流量增速明显放缓，说明机动车驾驶人更愿意选择距离延安东路隧道更近的人民路隧道等越江通道。"
"这是一个新闻,新闻的关键词是法延长全国紧急状态6个月 为巴黎恐袭后第4次延长,摘要为中新网7月20日电据外媒报道，当地时间20日凌晨，法国国民议会投票决定，延长该国全国紧急状态6个月。据报道，自此前2015年11月法国巴黎遭,标题为法延长全国紧急状态6个月 为巴黎恐袭后第4次延长,正文为中新网7月20日电据外媒报道，当地时间20日凌晨，法国国民议会投票决定，延长该国全国紧急状态6个月。据报道，自此前2015年11月法国巴黎遭遇恐怖袭击后，法国宣布全国进入紧急状态。这已是法国第四次延长全国紧急状态，此次延长将使法国全国紧急状态持续到2017年1月。紧急状态将赋予警方更大的搜查权力和软禁嫌犯的权力。法国南部城市尼斯当地时间7月14日晚发生卡车袭击事件，一名突尼斯裔法国人驾驶卡车冲撞人群，造成84人死亡，300多人受伤。虽然极端组织“伊斯兰国”宣布对事件负责，但目前法国官方尚未确认这一消息。"
"这是一个新闻,新闻的关键词是轻松掌握 摄影师告诉你大热天拍什么才过瘾,摘要为大热天的，舔什么才过瘾呢？冰淇淋啊！说到冰淇淋少有人不爱的。但许多人可能不信，这种美食的渊源却是在咱们中国，据说在元朝时，有一商人在冰块中放,标题为轻松掌握 摄影师告诉你大热天拍什么才过瘾,正文为大热天的，舔什么才过瘾呢？冰淇淋啊！ 说到冰淇淋少有人不爱的。但许多人可能不信，这种美食的渊源却是在咱们中国，据说在元朝时，有一商人在冰块中放入蜂蜜、牛奶和珍珠粉做成了最早的冰淇淋，嗯，这事如果是真的，那也只能算是冰淇淋的雏形吧，后来深受咱中国人喜爱的马可波罗把这种美食带回了意大利，1500年意大利人又传给了法国人，法国人加入许多新的技术，使得冰淇淋成为当时上流社会的宠儿，直到1900年电力和制冷技术的发展，使得制作冰淇淋的成本大大降低，慢慢成为普通老百姓也能轻易品尝到的夏日美味。 如今在许多西餐菜品里，冰淇淋被用作调和味道，增加口感的促进剂，与水果，干果在一起味道更加迷人，但冰激淋不能一次吃太多，不太适宜与海鲜一起吃，海鲜比较寒凉，在一起吃容易引起腹泻，在炎热的夏天，来一个球两个球的舔过瘾就好了。 拍摄冰淇淋最重要的当然是要快啊，最好事先选好场景，定好构图，最后再上冰淇淋，上来马上拍，这样质感是最好的，一旦开始融化就只能开始舔了，拍摄冰淇淋用光也很重要，一般使用逆光或是侧逆光为主要光源，再适当补光就好，冰淇淋多是球形或椭圆形，侧逆光能表现出冰淇淋的体积感突出肌理，使得画面更加有食欲。炎炎夏日，骄阳似火，当奔波一日一身臭汗的回到家，你最想看到桌上放着一杯什么呢，当然是饮料了，还得是水果的，刚从冰箱里拿出来凉凉的那种，嗯嗯，这是大多数人的想法吗...... “健康砖家”立刻拍砖，“这是不对的”，健康的方式是夏天再热也不能喝冷饮，得静心喝热茶，那样最解暑，对于肠胃也最健康。好吧，以后回到家得先深呼吸，静下一颗火热的心，再泡一壶热茶，慢慢品。 能做到吗，得修炼修炼啊，泡茶的时候可以想象在切水果，喝茶的时候可以看看水果饮料的图片，哎，等等，咱不喝凉的，喝水果常温的不就好了，来吧，茶一会再喝，先来榨几杯果汁喝，夏天喝冷饮伤胃伤脾，虽然死不了，但还是有害身体的，咱喝常温的吧。 喝好了么， 该讲讲摄影了，下边两张饮料的片子都是白背景的饮料组合片，背景是用灯光打亮的，生活中拍摄时可以找室内逆光的地方，采用相机对着光源的角度来拍摄，拍摄玻璃杯逆光拍摄能表现玻璃的透明质感，饮料的颜色在逆光下也能晶莹剔透，更加有食欲。第一张片子每个杯子形状都不同，我们组合时可以一字排开，先放最高的杯子，由高到低依次错落摆放，最高的杯子要在视觉的重心，也就是黄金分割线附近，放好杯子后再放水果做点缀，桌上的水是为了增加气氛，让画面更有水润感。第二张片子杯子都是一样的，装的果汁也是一样的，可以把三个杯子聚拢一些，有一杯分开来，有聚有散，用一托盘将它们统一在一个平面空间里，水果一点缀，摆脱了酒店商业摆设的死板，丰富了画面，增加家庭生活的亲切感。蜂鸟网微信公众号：fengniaoweixin"
"这是一个新闻,新闻的关键词是购雪铁龙C5享2.5万优惠 店内现车充足,摘要为【汽车点评网合肥行情】近日，合肥地区东风雪铁龙4S店内雪铁龙C5现车销售，颜色可选，目前购车部分车型可优惠2.50万元，感兴趣的朋友可以到店,标题为购雪铁龙C5享2.5万优惠 店内现车充足,正文为【汽车点评网合肥行情】近日，合肥地区东风雪铁龙4S店内雪铁龙C5现车销售，颜色可选，目前购车部分车型可优惠2.50万元，感兴趣的朋友可以到店咨询购买，详情见下表：雪铁龙C5车型最新价格变化表车型 指导价(万元) 现价(万元) 优惠幅度 优惠比例雪铁龙C5 2014款 2.3L 自动豪华型 23.69 21.19 降2.50万元 降10.55%雪铁龙C5 2014款 2.3L 自动尊贵型 22.69 20.19 降2.50万元 降11.02%雪铁龙C5 2014款 2.0L 自动尊悦型 18.19 15.69 降2.50万元 降13.74%雪铁龙C5 2014款 2.0L 自动尊享型 19.19 16.69 降2.50万元 降13.03%雪铁龙C5 2014款 1.6T 自动尊贵型 21.99 19.49 降2.50万元 降11.37%雪铁龙C5 2014款 1.6T 自动尊享型 20.29 17.79 降2.50万元 降12.32%合肥地区4S经销商 2015年4月2日行情保养方面：雪铁龙C5享受两年或6万公里的整车质保。建议保养周期为7500公里左右。小保养(更换机油机滤价格)在260元左右。大保养(更换机油三滤费用)大概在500元左右。(以当地4S店价格为准) 雪铁龙C5车型细节图●编辑点评：雪铁龙C5的配置比较丰富，ABS、EBD、TCS、ESP等高科技安全配置皆为全系标配，在驾乘安全性上C5十分出彩，高配版本C5还有后视镜多模式记忆、电动折叠、防炫目、氙气大灯等配置。注：汽车市场价格多变，文章内的价格信息为编辑在市场上采集到的当日实时价格，以当日为准。同时此价格是经销商的个体行为，所以文中价格仅供参考。另外，文中图片为车型资料图片，价格信息与图片拍摄地点无关。"
"这是一个新闻,新闻的关键词是宝玑，计时,摘要为[腕表之家2015巴塞尔]享誉世界的巴塞尔国际珠宝钟表展（BASELWORLD）已经开幕，腕表之家特派前方报道工作人员也已经开始工作，他们将,标题为创新与经典的融合 宝玑传世系列7077计时码表,正文为[腕表之家2015巴塞尔]享誉世界的巴塞尔国际珠宝钟表展（BASELWORLD）已经开幕，腕表之家特派前方报道工作人员也已经开始工作，他们将为您带来2015巴塞尔国际珠宝钟表展的最新、最快、最全面的报道。下面就跟随腕表之家的脚步，来欣赏一下本届巴塞尔国际珠宝钟表展中，宝玑全新的推出的宝玑传世系列Tradition Chronographe Indépendant 7077计时码表。腕表整体实拍展示： 直径44毫米的表壳以18K白金打造 采用宝玑标志性的钱币形表壳和圆角直表耳 表盘元素秉承传世系列传特色，呈现完美的对称效果作为一项独立的复杂功能，计时码表在制表行业向来占有一席之地。时计本身以直观的方式呈现出时间的流逝，但要让实现其他的机械功能则是一项不小的挑战，因为添加计时功能会干扰主齿轮系的运转。为避免此问题，宝玑在新款传世系列Tradition Chronographe Indépendant 7077传世系列计时码表中采用了两套相互独立的齿轮系：一套用于驱动时针和分针；另一套则用于计时功能与负责时间显示的齿轮系相互协作。两个齿轮系互不相连，因此开启计时功能不会影响机芯运转。腕表细节实拍展示： 计时功能由两个旋入式防水按钮控制 腕表采用两套相互独立的齿轮系分别驱动走时和计时功能 腕表采用pare-chute专利避震保护装置 宝玑精美的机刻雕花表盘搭配蓝钢指针将优雅完美诠释 5 赫兹的高振频计时摆轮使计时精度达1/5s，可累计计时20分钟 采用一枚手动上链计时机芯，机芯型号 Cal. 580DR宝玑的制表大师在新款传世系列Tradition Chronographe Indépendant 7077上采用了一种新型发条，完美满足计时装置的动力需求。计时装置所需的动力来自佩戴者操作归零按钮时提供的能量。卷曲的叶状发条可以将这种能量储存下来。这种传统发条虽然只能储存最多 20 分钟的动力，不过对于测量短时活动的计时功能而言，正好合适。借助该设计，计时装置的动力储存永远处于满格状态，因此佩戴者可以随时开启计时功能，无需担心机芯动力是否足够。宝玑设计了一种特殊形状的发条，确保其始终处于完全卷曲状态，而且有足够的弹性，可以在松脱保险时提供额外的动力。总结：宝玑传世系列Tradition Chronographe Indépendant 7077 传世系列计时码表秉承该系列传统特色，尤其的是完美的对称效果。玑镂刻花的金质镀银表盘以 12 点位置的偏心表盘显示小时和分钟，计时指针则位于表盘中央。计时功能指示位于 6 点位置。2 点位置和对应的 10 点位置各有一枚逆跳指针，分别指示腕表的动力储存和累积计时分钟；4 点位置和 8 点位置则为两个摆轮。该款手动上链时计的防水深度为 3 帕巴（30 米），配以真皮表带。（图/文 腕表之家 谢鑫）"
"这是一个新闻,新闻的关键词是前三季度西安居民人均可支配收入26856元,摘要为今年前三季度，西安市GDP实现4166.68亿元，同比增长8.1%，CPI同比上涨0.9%。8.1%的背后，是经济“晴雨表”的新格局——稳中,标题为前三季度西安居民人均可支配收入26856元,正文为 今年前三季度，西安市GDP实现4166.68亿元，同比增长8.1%，CPI同比上涨0.9%。8.1%的背后，是经济“晴雨表”的新格局——稳中有进进中增优。从近日陆续公布的前三季度各项宏观经济数据来看，“稳”的基础加强，新经济、新业态、新动能的“进”与“优”功不可没。新经济 “进” 创新热潮风生水起 新兴业态增势迅猛“这是我们根据客户需求设计和创作的茶具样品，下一步还需要在细节上稍作修改就更完美了。”美术专业毕业的何淇滨专门从事私人定制业务，据他介绍，自从针对不同客户需求提供的个性化解决方案以来，制造过程不但变得简单，而且成品后产品更加精致、美观。“客户需要什么样的产品，我们就会尽最大的努力来满足客户的需求，因为我们有成熟的创客团队来支撑，按目前发展，明年团队收入翻一倍不是问题。”事实上，何淇滨所说的创客团队不仅是当前“大众创业、万众创新”的缩影，也是经济新动能不断孕育成长的真实写照。前三季度，西安市新兴产业较快增长，新兴业态增势迅猛。网上消费品零售额保持快速增长，前三季度增长70.7%，高于限上零售额68.0个百分点。从动能转换看，创新热潮使得新经济、新动能孕育成长，传统动能不断调整、改造、升级，工业结构持续优化，对经济稳定增长发挥了至关重要的作用。透视西安市前三季度数据不难发现，产业向中高端迈进。高技术产业、先进的装备制造业增速加快。前三季度，规上工业高技术产业产值增长44.9%，较上半年提高1.0个百分点，高于全市规上工业产值32.5个百分点。装备制造业增加值增长15.2%，高于全市规上工业5.1个百分点，其中，计算机、通信及其他电子设备制造业增加值保持36.5%的高速增长。调结构 “优”居民收入增加 消费向中高层升级公布的数据表明，今年以来，西安市城乡居民可支配收入在保持稳定增长同时，收入差距进一步缩小。前三季度，城镇常住居民人均可支配收入26856元，农村常住居民人均可支配收入11360元，城乡收入倍差为2.36，较上半年和去年同期分别下降0.06和0.02个点。居民消费向中高层升级，随着居民收入的增加及消费理念的转变，消费升级态势明显。前三季度，西安市限额以上商品零售中，电子出版物及音像器材类、文化办公用品类、体育娱乐用品类、通讯器材类商品零售额分别增长77.4%、21.0%、19.0%和19.6%。新的消费热点逐渐形成。基本面 “稳” 农业稳健工业趋升物价温和上涨前三季度，GDP增速提高，农业生产形势稳健，工业生产稳中趋升，需求有所回稳。自上半年固定资产投资(不含农户)增速扭负为正以来，已连续4个月稳定在1%左右。三季度以来，在石油、煤炭价格回升、汽车销售扭负的推动下，消费品市场有所回暖。今年以来，西安市CPI呈温和上涨态势，累计涨幅始终低于全国全省，低于去年同期。前三季度，CPI同比上涨0.9%，涨幅较上月回落0.3个百分点。在大众创业万众创新的带动下，市场主体呈现快速增长，新增单位增多，全社会就业形势总体保持稳定。9月末，西安市“五上”单位从业人员126.53万人，同比增长0.2%，较上半年提高。分析 未来“互联网+”将不断催生新业态云计算、大数据、物联网等技术层出不穷，营造了新经济的增长空间。在线旅游、在线医疗、在线教育、网络约车、第三方支付等“借网而生”，智能制造、个性化定制、普惠金融、智慧城市等新模式愈加火热。专家认为，未来“互联网+”将不断催生新业态，促进经济动能转换、结构升级。西安市统计局的工作人员表示，总体上看，前三季度，西安市经济运行呈现诸多积极变化，但不能盲目乐观，投资增长压力不减，消费提升拉力不足，传统工业不容乐观，楼市销售遇暖还寒，生产价格持续低位，节能任务压力再现等问题和困难依然突出，影响经济持续稳定增长。同时，国内外环境依然复杂严峻，不稳定不确定因素较多，经济企稳向好的基础尚不牢固。建议下阶段，要继续坚定不移地推进供给侧结构性改革，适度扩大总需求，科学统筹稳增长、促改革、调结构、惠民生、防风险，狠抓政策落实改革落地，努力巩固壮大积极变化，确保实现全年预期目标。三秦都市报记者 张维编辑：李晨"
"这是一个新闻,新闻的关键词是美食，拔草,摘要为桂花开了，你闻到了吗十一已过，放浪时光终显短暂满城花香带着深秋的凉爽吹来武汉秋天最美好的季节那么问题来了，这么好的时光我们该干嘛呢？当然是约,标题为免费约饭|桂花开了，在武汉秋天最美好的季节，美食君邀您去拔草！,正文为桂花开了，你闻到了吗十一已过，放浪时光终显短暂满城花香带着深秋的凉爽吹来武汉秋天最美好的季节 那么问题来了，这么好的时光我们该干嘛呢？当然是 约起来啊！！ 这个周末 美食君要请筒子们喝下午茶！本期约饭地点芭缇斯先生新经典法式甜点【报名条件】广大单身人士（仅限武汉地区）【活动时间】2016年10月15日（周六）14--17点【报名截止日期】2016年10月13日（周四）24点高颜值▼ 高格调▼ 充满萌点▼ 还能免费参与美食DIY，和美食君一起亲自动手做西点噢~地址：中北路109号楚河汉街凯德1818广场蓝调步行街2-3-1-10法式西点下午茶撩的就是你的少女心报名方式关注“谁家的饭”并回复“约饭”，关注“谁家的饭”并回复“约饭”，关注“谁家的饭”并回复“约饭”。重要的事情说三遍。即可进行报名（长按下方二维码即可直接关注） 报名截止后，将从的参与者中随机抽取10名幸运儿一起享受这周末的慵懒时光（美食君请客）非单身狗不要报名，吃喝闪的不要报名！！！活动最终解释权归武汉美食所有武汉美食小分队ＱＱ群已开通，欢迎加入二维码↓↓"
你是谁? 我是由良睦路程序员训练的一个AI模型43405821
"这是一个新闻,新闻的关键词是2015 One Show 国际创意节评审在美国举行,摘要为2015OneShow国际创意节评审在美国举行2015OneShow国际创意节评审于3月3日－4月4日在美国举行。其中平面、视频、娱乐营销单,标题为2015 One Show 国际创意节评审在美国举行,正文为2015OneShow国际创意节评审在美国举行2015OneShow国际创意节评审于3月3日－4月4日在美国举行。其中平面、视频、娱乐营销单元的评审于加州的SantaBabara举行；互动单元的评审于加州的SanDiego举行；设计、直销营销、产品与服务创新单元单元的评审于纽约举行。 一系列于行业内极具权威的国际顶级评审参与了这一公正和纯粹的评审过程，部分名单如下：Sheena Jeng， Publicis China Chair andCCO， Publicis/ShanghaiValerie Cheng， CCO， JWT/SingaporeAndrew Loos， Owner， Attack/Los AngelesZach Merck， Director， Make/Los AngelesMarc Simons， Founder， Giant Spoon/LosAngelesLauren Connolly， EVP， ECD， BBDO/New YorkPrasoon Joshi， Chairman McCann WorldgroupAsia Pacific， McCann/MumbaiGraham Lang， CCO， YR South Africa了解完整名单请至：值得一提的是，阳狮中国首席创意官郑以萍代表中国区受邀参加了直效营销单元的评审。阳狮在Sheena的领导下，于2014年举办的首届One Show中华创意节中斩获2银，4铜，1入围的优秀成绩，获得了国际评审的一致好评。 评审过程分为初评和终评两轮，评审秉承了One Show的一贯风格，不设置评审团主席，所有评委的评分权重完全一致，过程中除跨文化背景的介绍和最终大奖答辩外，不允许进行其他讨论，以避免政治因素和拉票，体现了One Show一如既往对创意的尊重和公平原则。评审入围结果将在2015年4月上旬公布，所有入围作品将以邮件形式通知申奖者。同时将通过One Show全球官网、中文官网以及官方微博及微信公众号@OneShow中国公布。 2015年OneShow国际创意节暨纽约创意周（Creative Week New York）将于2015年5月4日至8日在纽约举行。届时将有超过100场的主题演讲、论坛、展览、派对等活动举行，来自全球的顶尖级创意人和全球广告、媒体行业领袖将汇聚一堂，而最终的一场在纽约林肯中心举行的盛大颁奖礼会将创意周推向高潮。此外，The One Club大中华区办公室还将为来自大中华区的创意节注册参与者安排单独的广告公司参观活动。如需购买2015 One Show国际创意节门票，亦或需要赴美邀请函及签证协助，请与OneShow中国办公室联系。"
"这是一个新闻,新闻的关键词是原创|萌宝八卦之如何为家政行业立下正确风向标？,摘要为在生活节奏快速的时代，家政行业的兴起时不可避免的。随着家政行业的逐渐壮大，鱼龙混杂的市场就会出现混乱，那么如何把一个这么大的市场进行整合管理,标题为原创|萌宝八卦之如何为家政行业立下正确风向标？,正文为在生活节奏快速的时代，家政行业的兴起时不可避免的。随着家政行业的逐渐壮大，鱼龙混杂的市场就会出现混乱，那么如何把一个这么大的市场进行整合管理，就成为一门很多的学问。哈哈~~今天婶婶帮八卦小编又给大家带来新料啦~~一起来看一下吧~当下家政业火爆的现状，以及在二孩、老龄化等新背景下，家政业存在的诸多问题和尴尬。婶婶帮小编以为，无论是从维护消费者权益的角度出发，还是促进广大妇女创业、就业的角度，这些问题都应引起劳动、工商以及妇联等相关部门和社会组织的积极关注。 事实上，家政业早已被很多人预言为朝阳产业。因为它不仅需求旺盛，劳动力的供给也非常充足，是个随社会分工发展而愈发旺盛的产业。如今，人们普遍感觉到家政工难找其实是个伪命题，在婶婶帮小编看来，它难就难在缺乏一个行业标准。在大的服务业概念中，提供住宿服务的酒店有星级标准，供人们游玩的景区也有国家等级标准，而厨师这一职业不仅有等级标准，更是有很多经常性的比赛。所有这些都不仅促成了规范的服务，有益于给服务定价，更能促进服务质量的不断提升，促进整个行业的规范与发展。不仅是服务业，在其他一些专业性强的行业，更是有着严格规范的行业标准划定。而家政业标准的缺乏，就带来了诸多弊端。首先带来的是市场的混乱。因为没有标准，买卖双方都能定价，一旦其中一方违规，很容易破坏整个行业的秩序。家政乱要价、“黑家政”乱涨价的情况不时发生，令很多买家不寒而栗。不仅如此，因为缺乏行业标准，作为“卖方”的保姆也很容易缺乏进取的动力。既然拿钱都一样，那为何还要干得那么好呢?因为市场行情如此，很多人索性怠惰。特别是看到需求旺盛时，挑剔“买家”的保姆更是不胜枚举。如此下去，便是一种恶性循环的局面。 而当务之急，是要给家政业立下规矩，特别是要参考厨师、导游、服务员等服务行业的标准，早日为家政人员定下行业标准。第一，是家政公司需要门槛。鼓励家政公司做大做强，同时用严苛的规矩倒逼“黑家政”、“黑中介”关门，从而避免搅乱市场。第二，是用行业标准定价。服务虽然是无形的，但是它产生的价值却是有形的。以当下最受关注的工种月嫂为例，一般人用白班和全天班来给月嫂分类，从而分出不同的工资标准。但事实上，每一个月嫂的能力和素质都是不同的，给产妇、婴儿带来的服务，乃至今后身心健康的影响也是千差万别。用时间来给月嫂划分工资标准不利于行业专业性的提升。 第三，积极鼓励家政公司做强线上业务，因为线上业务不仅有助于家政业服务的透明化，更能有效调配家政资源，解决家政行业的供需矛盾。那么线上业务就需要家政行业与互联网的相互结合才可以完成。所以说电子家政行业的出现正好顺应了家政市场发展的大潮流。说起电子家政服务行业来，那它的好处第一个肯定是方便快捷。人们的生活越来越依赖于互联网，怎样才能既省时、省力又也可以解决事情，同时还可以避免很多麻烦、减少不必要的问题的发生? 那当然就是我们婶婶帮家政服务平台啦~“婶婶帮”家政平台是由山西晋文正电子科技有限公司投资设立的家政信息服务平台，利用成熟的电子商务渠道，依托其官方网站以及功能强大的微信公众号，致力于为广大市民提供专业、低价、高效、便捷、安全的家政服务平台。所以说，还在等什么，快来加入我们吧~ “婶婶帮”家政平台现诚聘以下岗位：一、区域经理: 5名 (专职、兼职均可)要求：男女不限，年龄30岁-50岁，具有良好的沟通能力，有责任心薪资2500+高提成+补助+奖金 负责太原市场区域合作服务网点开拓及维护二、业务精英： 10名 (专职、兼职均可)要求：男女不限 年龄不限有活力，有拼搏精神，有责任心薪资2000+高提成+补助+奖金 配合区域经理开拓市场合作网点的工作三、家政行业培训讲师 1名 男女不限 薪资3000元以上(双休)1.负责收集、整理家政行业内的相关信息2.对服务人员的服务标准及流程的制定3.对家政服务人员进行培训讲解工作四、家政服务人员(家庭保洁、小时工、擦玻璃、开荒保洁、陪护人员) 数名想利用空闲时间赚点钱，工作时间自由，平台推送订单，技工自主接单，工资随订单多少定，多劳多得，平台免费注册!只要注册就有工作!!!!公司提供免费岗前培训工作!想找工作，想赚钱的赶紧打电话咨询吧!!公司电话：0351-2988590手机：15110376361(微信同步)地址：太原市南中环清控创新基地A座4层好了，今天婶婶帮萌宝就给大家说到这里了，欢迎各位关注订阅“婶婶帮”的文章，与萌宝多多互动，惊喜多多哦~更多家政资讯，请关注公众微信号：shenshenbang1818.萌宝每天都会给大家带来不一样的精彩。"
"这是一个新闻,新闻的关键词是梅耶尔:深爱雅虎 仍计划留下,摘要为她曾是谷歌初创的25位成员之一，也是谷歌的第一位女工程师；4年前接任雅虎CEO，推进复兴计划，但最终抵不过资本的扼杀，以48亿美元出售核心资,标题为梅耶尔:深爱雅虎 仍计划留下,正文为 她曾是谷歌初创的25位成员之一，也是谷歌的第一位女工程师；4年前接任雅虎CEO，推进复兴计划，但最终抵不过资本的扼杀，以48亿美元出售核心资产■邱伟峻周峰近日，互联网行业传来重大消息——雅虎时代的终结已成既定事实。美国电信巨头Verizon（威瑞森）最终敲定以48亿美元收购雅虎核心资产，该消息在美国时间7月25日周一股市开盘前正式宣布。雅虎首席执行官玛丽莎·梅耶尔（Marissa Mayer）向全球雅虎员工发送了一封电子邮件，宣布她仍计划留在该公司。梅耶尔表示，“对我个人而言，我计划留下。我爱着雅虎，我信任你们所有人。能够看到雅虎将进入下一个新篇章，对我而言，这非常重要。”不过，目前有关梅耶尔未来的角色问题，雅虎方面还没有正式的声明。2012年，梅耶尔接任雅虎CEO，进入雅虎总部大楼的时候，员工们为她举办了热烈的欢迎仪式。一幅与奥巴马竞选总统风格一致的“Hope”悬挂在大厅之中，期盼着这个来自谷歌的高管能像乔布斯一样，带领一个老牌硅谷公司迎来复兴。但4年之后，雅虎“卖身”却成为定局。上任之始被给予厚望1994年，两位斯坦福大学的在校生杨致远和大卫·费洛提出了一个帮助早期互联网用户寻找网络资源的办法，这是雅虎的最早期雏形。由于当时互联网正处于空白时期，这一技术领先的产品很快受到了用户的欢迎，并依靠在线广告开始获得收入。在它的巅峰时期，雅虎的市值曾达到1280亿美元。但任何战略都不会是一直适应潮流的，雅虎的战略同样如此，同时展开大量的业务使每个产品都趋于平庸；与此同时，新一代的创业公司都在专注于完善一款产品。很快，雅虎就在拍卖方面输给了eBay，在搜索方面输给了谷歌。多项业务的溃败很快反应到了广告收入上，雅虎的营收增长很快陷入停滞。业绩的下滑使管理层压力倍增，在2007年至2012年期间，雅虎接连更换了四任CEO。如此频繁的管理层变动，极大打击了员工和投资者的信心。因此，当梅耶尔上任之时，人们对这位新老板也寄予了更多的期望，雅虎员工甚至借鉴了奥巴马在美国总统大选中使用的“Hope”海报来欢迎她。这种期望来自于多方面，其中最重要的就是梅耶尔这位铁娘子的技术出身。“三把火”推进复兴计划梅耶尔1999年从斯坦福大学计算机系毕业后就加盟了谷歌，她是谷歌初创的25位成员之一，也是谷歌的第一位女工程师。这位美女工程师在谷歌主要负责搜索引擎的UI，而在2004年谷歌上市以后，她已经拥有了数亿美元的财富。 在硅谷，和强调运营的内容业务相比，具有技术基因的业务更受推崇，这是硅谷的一种文化偏见，但却也有着现实的原因。一方面，内容业务需要更多的人力资源投入，单人产出低，而以技术为基础的产品业务更容易做大。另一方面，从惠普开始，到谷歌、Facebook、甲骨文，这些硅谷里最顶尖的公司都是依靠强大的技术实力起家的。因此当具有技术基因的梅耶尔入主之后，投资人和雅虎员工们都认为雅虎的第二春要来了。上任后的梅耶尔立刻点燃了“三把火”以推进她的雅虎复兴计划，这“三把火”分别是技术人才引入、移动转型和资本投资。在梅耶尔看来，雅虎之所以能在20世纪末，21世纪初，成为最成功的网站，是因为它在当时提供了最好的用户体验。梅耶尔相信，雅虎可以顺应“PC时代”向“智能机时代”转变的东风，让雅虎的移动端浏览体验也变得更为友好。换句话说，雅虎需要成为一个真正伟大的“应用公司”。用一句比较流行的话来说，梅耶尔希望借助她的计划来让雅虎“回归初心”。为此，梅耶尔对雅虎已有的产品进行大刀阔斧的精简，她砍掉了公司百款产品中的近九成。之后，她开始推动雅虎近乎停滞的产品重新开始更新。在当时，雅虎邮箱每天要处理300亿封邮件，可以说是公司最重要的产品，但是在移动互联网时代已经开启的时候，雅虎邮箱却始终没有移动端版本。为了推动这艘几乎搁浅的巨轮再次动起来，梅耶尔带着六个月的身孕，经常每晚只睡四个小时，可谓敬业。得益于此，梅耶尔在上任初期也的确收获了不少赞美，美国媒体曾如此点评：对于多年来保守中庸的雅虎来说，这是一步好棋。资本扼杀下出售核心资产实际上，在梅耶尔的带领下，雅虎向移动互联网时代的追赶已经小有所成：雅虎取代谷歌成为火狐浏览器的默认浏览引擎；公司还与苹果谈判，希望将雅虎搜索整合进入Safari浏览器当中；雅虎还与微软谈判，希望变更前任CEO留下的外包合同条款——在这项合同中，雅虎把网站核心功能之一的搜索引擎外包给了微软必应，期限是十年。但《福布斯》一篇有关怀疑雅虎估值的文章改变了这一切。在文章作者的估算下，去除雅虎持有的阿里巴巴股份，雅虎核心业务的价值达到了负40亿美元。理论上，一家公司只要在买下雅虎后，卖掉它在亚洲的资产，就能无成本地侵吞雅虎的核心业务。紧随而至的，便是分拆阿里巴巴股份的呼声。起初，雅虎股东之一的Starboard Value要求雅虎出售阿里巴巴资产，与另外一个美国老牌门户网站AOL合并。这一要求相当于否认了梅耶尔的一系列努力。毕竟，如果通过资产管理就能获得颇为丰厚的回报，为什么还要以一个创业公司的姿态，去挑战复兴衰落公司这一看似无法完成的任务？梅耶尔一开始没有答应来自股东的要求。任职之初，董事会希望雅虎能够因她重新回到一线硅谷互联网公司的阵营。但如果以这种观点出发，就太过低估了资本的贪婪。《福布斯》那篇文章发布之后，就有股东成员秘密联系作者，表达了对梅耶尔的不满，希望能够通过变卖阿里巴巴资产套现。于是到了次年1月，事情变换成了另外一副模样。2015年1月28日，梅耶尔妥协，宣布将分拆阿里股份出售。自此之后的一年中，雅虎的新闻再无其他关键词。对于梅耶尔来说，2015年年底的股东大会似乎是一场煎熬。数天的闭门会议结束后，雅虎在2015年12月9日宣布，决定放弃阿里巴巴股权剥离，转而考虑将此之外的资产和负债剥离成为一个新公司。但这只是官方的说辞。从知情人“透露”给媒体的口风中，出售核心资产，扼杀掉一个20年历史互联网企业的希望已经板上钉钉。再后来，口风成了事实。最终，Verizon计划以48亿美元收购雅虎核心资产。这笔交易有助于Verizon进军数字广告业务，与去年44亿美元收购AOL的战略一致。雅虎和AOL很可能将合并成Verizon旗下的一个内容和广告业务。据一个知名科技博客的消息称，合并将“十分艰难”，此次交易过后，雅虎CEO玛丽莎·梅耶尔很可能离任。"
"这是一个新闻,新闻的关键词是2015福建公务员行测考试判断推理通关方案,摘要为【原文：】纵观近几年的福建公务员行测考试形势，判断推理专项似乎占到了行测1/4的比重，题量相对于其他专项来说已经占据了很大优势，并且此部分技,标题为2015福建公务员行测考试判断推理通关方案,正文为【原文：】纵观近几年的福建公务员行测考试形势，判断推理专项似乎占到了行测1/4的比重，题量相对于其他专项来说已经占据了很大优势，并且此部分技巧及陷阱较多，是一个能拉开考生分值距离的不可多得的机会。若想在行测部分鸟瞰他人，就要在判断推理部分下足猛药。福建公务员考试网在此将判断推理的通关秘籍献给考生。一、备考策略很多考生对于怎样去复习判断推理会有些疑问，不知道如何才能快速有效地把握此部分，制定有针对性的复习计划显得尤为重要。1.知己知彼阶段此阶段需要考生做几套真题去了解自己的优势和劣势，做到心中有数，并且知道出题人考查的题型特点是什么，接下来才能够有针对性地复习。福建公务员考试网建议：可以结合，对判断推理专项每种题型的题量和自己的准确率做好记录。2.逐个突破阶段此阶段将自己在之前记录的每种题型进行逐一训练，做到每种题型把握精准，能够举一反三。也可以称为专项训练阶段。福建公务员考试网建议：此阶段可结合福建公务员通用教材专项判断推理专项训练进行练习，另外权题库也提供了大量行测各版块的专项训练可供练习。3.实战演练阶段此阶段需要考生按照标准考试时间进行全真模拟演练，不断调整做题顺序，做到熟悉考场环境应对自如，防止考场失误。二、技巧攻略1.根据问法辩题型頀犘选项一真一假：求矛盾例：并非有的运动员有时竞技状态不好。如果上述断定为真，则以下哪项必假?A.有时有的运动员竞技状态很好B.所有的运动员在某一时刻竞技状态都好C.有的运动员有时竞技状态不好D.某个运动员在所有时刻竞技状态都好【答案】C。【解析】本题考查矛盾关系，所以可以将并非去掉即可，正确的应该为C项。頀犘复杂，选项全面：代入排除甲、乙、丙、丁是四位天资极高的艺术家，他们分别是舞蹈家、画家、歌唱家和作家，尚不能确定其中每个人所从事的专业领域。已知：(1)有一天晚上，甲和丙出席了歌唱家的首次演出。(2)画家曾为乙和作家两个人画过肖像。(3)作家正准备写一本甲的传记，他所写的丁传记是畅销书。(4)甲从来没有见过丙。下面哪一选项正确地描述了每个人的身份?A.甲是歌唱家，乙是作家，丙是画家，丁是舞蹈家B.甲是舞蹈家，乙是歌唱家，丙是作家，丁是画家C.甲是画家，乙是舞蹈家，丙是歌唱家，丁是作家D.甲是作家，乙是画家，丙是舞蹈家，丁是歌唱家【答案】B。【解析】此题选项全面，可以用排除法，由“甲和丙出席了歌唱家的首次演出”可知甲丙非歌唱家，由文段第二句话可知乙不是画家也不是作家，因此可以排除ACD选项。三、重点提炼1.直言命题：真假话问题2.复言命题：假言命题推理3.可能性推理4.类比推理：言语关系及常识关系5.定义判断：法律、经济、心理学、社会学6.图形推理：数量型、位置型、特征图形学习分重点，复习有步骤，福建公务员考试网相信各位考生都会总结出适合自己的备考策略，在公考之路上一帆风顺，突破自我，主导变化。"
"这是一个新闻,新闻的关键词是电竞入选奥运会？壕砸1亿,摘要为游戏扯个蛋40：LOL全球原画调整，蛇女不能买鞋,标题为电竞入选奥运会？壕砸1亿,正文为游戏扯个蛋40：LOL全球原画调整，蛇女不能买鞋"
"这是一个新闻,新闻的关键词是意甲锋霸同娇妻海边激吻 大秀恩爱羡煞旁人,摘要为拉齐奥前锋因莫比莱近日携自己的娇妻杰西卡去海边度假，两人甜蜜接吻，大秀恩爱。。拉齐奥前锋因莫比莱近日携自己的娇妻杰西卡去海边度假，两人甜蜜接,标题为意甲锋霸同娇妻海边激吻 大秀恩爱羡煞旁人,正文为拉齐奥前锋因莫比莱近日携自己的娇妻杰西卡去海边度假，两人甜蜜接吻，大秀恩爱。。拉齐奥前锋因莫比莱近日携自己的娇妻杰西卡去海边度假，两人甜蜜接吻，大秀恩爱。。 本文转一比分快5秒的足球比分网：http://www.13322.com/更多精彩内容，欢迎订阅关注【一比分】微信公众号：live13322 微信上点击添加朋友：一比分或live13322 即可关注"
"这是一个新闻,新闻的关键词是你是色盲吗？12个色彩错觉作品亮瞎眼,摘要为最近，一条颜色是“白金”还是“蓝黑”，不同人观点不同的神奇裙子的照片在世界范围引起了热议，而产生这一现象的原因，实际上，是因为根据“大脑怎样,标题为你是色盲吗？12个色彩错觉作品亮瞎眼,正文为 最近，一条颜色是“白金”还是“蓝黑”，不同人观点不同的神奇裙子的照片在世界范围引起了热议，而产生这一现象的原因，实际上，是因为根据“大脑怎样捕捉裙子的背景颜色”，人们判断裙子颜色的方式会有所不同。在The Washington Post上，集中展示了这类由视觉错觉产生的，同种颜色看似不同、静止图像动态化等作品。◆01：阴影产生的错觉这是MIT的Edward H. Adelson所创作的作品，格子图案的方板上放置了制造阴影的圆柱体。A和B两块颜色本来是相同的，但是由于阴影的缘故产生了下图所示的错觉。 ◆02：同一种灰色的色带在左右两侧色彩浓淡不同的灰色背景中心放置了一条色带。色带的左右看上去有色彩的差异，但实际上色带中只用了一种颜色而已。 ◆03：同一种颜色的不同两面虽然从周围的颜色来判断会有错觉，但其实A和B的颜色是完全一样的。试着用手指将两个面交界的中间部分遮住看看，就会很容易明白了。 ◆04：颜色相同的国际象棋下图是一些表面看上去黑白色差分明的棋子。想要判断上下棋子的颜色到底是不是一样的，透过五日元硬币的小孔观察2枚棋子的颜色，应该就可以看得出来了。 ◆05：同色的狗从图中来看，两只狗分别是黄色和蓝色的，但实际上两只狗是用同一种颜色的。 ◆06：两种颜色的点状图在下面图片中，看到的是什么颜色呢？实际上，这幅图像是以白色为背景，混合了绿色和红色，只使用了这三种颜色。 ◆07：水彩错觉用蓝色和黄色以锯齿状围起来的区域，乍一看会被认为是淡黄色，但其实是白色。 ◆08：缓慢运动的静止图像下图看上去在缓缓运动着，其实这并不是动画或者GIF动态图像。 ◆09：蛇形回转下图看上去像是呈盘踞状的蛇在随意回转，这幅图像是由日本的北岡明佳所作的。 ◆10：时而消失时而出现的圆圈GIF动态图闪烁的淡紫色圆圈消失处看上去像黄绿色。如果一直盯着中间的+看的话，淡紫色的圆圈就会消失，移开视线的话就会看到绿色的残影。 ◆11：交错的视觉错觉这是一幅由4个圆构成的画。虽然看上去像是各种圆环相交错，但其实它们并没有交错。试着用目光跟着圆环观察应该就能明白了，不过也有可能会转晕。 ◆12：会变颜色的裙子最后，作者以插画形式再现那条在世界范围引起广泛讨论的裙子。插画仅仅改变了背景的白平衡，而左右两图中的裙子其实是相同颜色的。 另外，裙子的原貌如下图。在理解了错觉的效果后再来看，这条裙子的颜色可能会变化为不同于目前所看到的颜色。 【趣味测试：极度恐怖诡异的图片！一般人是看不出的】这张照片看似普通，其实有很多诡异之处，你看出几处了？看出4处的观察力还不错，看出6处的观察力很厉害，看出8处的就很了不起了，10处以上嘛……嘿嘿！ 请问：这张照片有何恐怖诡异之处？实在猜不出的话，关注微信公众号：imageda（←长按复制），回复“照片”，可知道测试答案！关注微信号详细步骤：打开微信——点击右上角“+”——点击“添加朋友”——点击最下面“公众号”——输入“imageda”——点击“关注”——回复“照片”。"
"这是一个新闻,新闻的关键词是董事，钢铁,摘要为证券代码：601005股票简称：重庆钢铁公告编号：2015-005债券代码：122059债券简称：10重钢债重庆钢铁股份有限公司第六届董事会,标题为重庆钢铁股份有限公司 第六届董事会第十四次会议决议公告,正文为证券代码：601005股票简称：重庆钢铁公告编号：2015-005债券代码：122059债券简称：10重钢债重庆钢铁股份有限公司第六届董事会第十四次会议决议公告Chongqing Iron Steel Company Limited（在中华人民共和国注册成立的股份有限公司）本公司董事会及全体董事保证本公告内容不存在任何虚假记载、误导性陈述或者重大遗漏，并对其内容的真实性、准确性和完整性承担个别及连带责任。重庆钢铁股份有限公司第六届董事会第十四次会议于2015年3月30日下午1:00时，在重庆市长寿经开区钢城大道一号本公司管控大楼三楼二会议室，以现场和电话会议相结合的方式召开。本次会议通知已于2015年3月17日以书面方式发出。会议应出席董事8名，实际出席8名。本次会议由董事长朱建派先生主持，本公司监事和高级管理人员列席了会议。本次会议的召集和召开符合有关法律、法规、规章和公司章程的规定。会议审议并通过了以下议案：经与会董事审议，会议以8票同意，0票反对，0票弃权的表决结果通过了以下议案：1、审议通过公司2014年度董事会报告。2、审议通过公司2014年度经审计的财务报告。3、审议通过公司2014年年度报告及摘要。4、审议通过公司2014年度利润分配预案。经毕马威华振会计师事务所（特殊普通合伙）审计，公司2014年度合并报表中归属于公司股东的净利润为51，431千元，扣除非经常性损益的净利润为-2，536，940千元，且累计未分配利润为负，为缓解公司面临的流动资金需求压力，促进公司生产经营的发展，董事会建议：公司2014年度不进行利润分配，不实施资本公积转增股本。公司独立董事基于独立判断立场，认为2015年公司确实面临资金需求压力，为促进公司可持续发展，维护股东的长远利益，对董事会未作出现金利润分配预案表示同意。5、审议通过公司关于2014年度募集资金存放与实际使用情况的专项报告。6、审议通过公司2014年度社会责任报告。7、审议通过公司2014年度内部控制自我评价报告。8、审议通过公司2014年度审计（审核）委员会履职情况汇总报告。9、同意审核（审计）委员会提交的关于毕马威华振会计师事务所（特殊普通合伙）2014年度审计工作总结报告。10、审议通过关于续聘毕马威华振会计师事务所（特殊普通合伙）为公司2015年度审计师及内控审计单位，并参照2014年度实际酬金拟定2015年度酬金的议案。 11、审议通过公司2014年度董事、监事及其他高级管理人员酬金的议案。12、同意提名朱建派、周宏、李仁生、张理全、姚小虎先生为公司第七届董事会董事候选人（不包括独立非执行董事），任期自2014年度股东周年大会批准之日起至2017年度股东周年大会召开之日止的议案（候选人简历附后）。董事候选人的任职资格已获本公司第一届第六次提名委员会资格审查通过；本公司独立董事对本议案无异议。13、同意提名徐以祥、辛清泉、王振华先生本公司第七届董事会独立非执行董事候选人，任期自2014年度股东周年大会批准之日起至2017年度股东周年大会召开之日止的议案（候选人简历附后）。独立非执行董事候选人的任职资格已获本公司第一届第六次提名委员会资格审查通过；公司独立董事对本议案无异议。14、审议通过关于公司第七届董事酬金的议案。公司第七届执行董事的薪酬按照公司业绩及所其承担的责任、风险取得。执行董事的薪酬按职工平均工资的4-10倍设计，并按0.8-1.2的倍数体现差别，由薪酬委员会提出意见，董事会批准实施；非执行董事不在公司领取报酬；独立非执行董事的年度酬金每人6万元（不含税）。15、审议通过关于提请召开本公司2014年度股东周年大会的议案。本次会议听取了公司独立董事述职报告。以上第1、2、3、4、10、12、13、14项议案及《公司独立董事述职报告》需提交本公司2014年度股东周年大会审议通过。本公司关于召开2014年度股东周年大会的通知将另行公告。特此公告。重庆钢铁股份有限公司董事会2015年3月31日附件：候选人简历朱建派先生：58岁，现任本公司董事长，重庆钢铁（集团）有限责任公司（“母公司”）总经理、党委副书记、董事。朱先生毕业于重庆大学冶金系压延加工专业，获工学学士学位，获重庆大学高级工商管理硕士学位，高级工程师、国家注册冶金金属材料工程师。朱先生于1982年加入母公司，历任母公司劳动人事处处长、人事部部长、纪委书记、党委副书记、董事、监事长，本公司党委书记、纪委书记、工会主席、董事、监事会主席。朱先生于2014年5月16日本公司2013年度股东周年大会当选本公司董事，并被董事会选为本公司董事长。周宏先生：53岁，现任本公司董事，重庆钢铁（集团）有限责任公司副总经理、党委常委、总工程师、技术中心主任、重钢博士后科研工作站站长。周先生毕业于北京科技大学钢铁冶金专业，工学硕士，正高级工程师。周先生于1983年加入母公司，历任本公司炼钢厂厂长，母公司副总工程师、重庆新港装卸运输有限公司董事长，新港长龙物流有限责任公司董事长，重庆钢铁集团运输有限责任公司董事长。周先生于2014年5月16日本公司2013年度股东周年大会当选本公司董事。李仁生先生：51岁，现任本公司董事、总经理。李先生毕业于重庆大学化学冶金专业，获工学学士学位，高级工程师。李先生于1987年加入母公司，历任母公司炼铁厂四高炉车间副主任、炼铁厂厂长助理、副厂长，本公司炼铁厂副厂长，重钢集团铁业有限责任公司经理、董事长，本公司原材料处处长。李先生于2012年5月31日本公司2011年度股东周年大会获选连任本公司董事。张理全先生：53岁，现任本公司董事、副总经理。张先生毕业于昆明工学院有色金属冶金专业，重庆大学工商管理硕士，高级工程师。张先生于1987年加入母公司，历任本公司炼铁厂副厂长，烧结厂厂长，生产指挥中心主任。张先生于2014年5月16日本公司2013年度股东周年大会当选本公司董事姚小虎先生：49岁，现任本公司董事、副总经理。姚先生毕业于重庆大学自动化学院控制工程专业，工程硕士，正高级工程师。姚先生1987年加入母公司，历任本公司焦化厂机动科科长，焦化厂副厂长，本公司机动处副处长、处长。姚先生于2014年第一次临时股东大会当选本公司董事。王振华先生：41岁。毅行顾问有限公司董事，正衡会计师事务所有限公司董事，马鞍山钢铁股份有限公司（香港上市股份编号：323）监事，中国忠旺控股有限公司（香港上市股份编号：1333）的独立非执行董事。王先生1996年获香港理工大学颁授会计学学士学位，为香港执业会计师、香港会计师公会及英国特许公认会计师公会资深会员。王先生曾在毕马威会计师事务所、安永会计师事务所工作，曾任马鞍山钢铁股份有限公司独立非执行董事。徐以祥先生：41岁，现任本公司独立非执行董事，西南政法大学经济学院教授，博士生导师，西南政法大学矿产资源法研究中心副主任，重庆达美律师事务所兼职律师，海南省仲裁委仲裁员。徐先生毕业于德国图宾根大学，获法学博士学位，长期从事经济和环保法律政策的研究和实践工作，曾主持多项国家及各级研究项目，学术论文在国内外数家知名学术期刊上发表。徐先生在公司、证券法律及实务运作方面具有丰富的经验。徐先生于2014年第一次临时股东大会当选本公司独立非执行董事。辛清泉先生：40岁，现任本公司独立非执行董事，重庆大学经济与工商管理学院会计学教授，博士生导师，中国政府审计研究中心特约研究员，香港岭南大学财务保险系高级研究助理，重庆国际咨询投资集团外部董事。辛先生毕业于中山大学，获会计学博士学位，主要研究财务会计与公司治理。辛先生于2014年第一次临时股东大会当选本公司独立非执行董事。证券代码：601005 股票简称：重庆钢铁 公告编号：2015-006债券代码：122059 债券简称：10重钢债重庆钢铁股份有限公司第六届监事会第十六次会议决议公告Chongqing Iron Steel Company Limited（在中华人民共和国注册成立的股份有限公司）本公司监事会及全体监事保证本公告内容不存在任何虚假记载、误导性陈述或重大遗漏，并对其内容的真实性、准确性和完整性承担个别或连带责任。重庆钢铁股份有限公司（“本公司”）第六届监事会第十六次会议于2015年3月30日上午9:30时，在重庆市长寿经济技术开发区钢城大道一号重钢管控大楼三楼二会议室以现场会议方式召开，本次会议通知已于2014年3月17日以书面方式发出。会议应到监事5名，实到5名。会议由监事会主席夏彤先生主持，公司财务负责人和董事会秘书列席了本次会议。本次会议的召集和召开符合有关法律、法规和公司章程的规定。经与会监事审议，会议以5票同意，0票反对，0票弃权的表决结果通过了以下事项：一、审议通过公司2014年度监事会报告。二、审议通过公司2014年度经审计的财务报告。三、审议通过公司2014年年度报告及摘要。监事会对公司2014年年度报告及摘要进行了认真审核，提出如下审核意见：1、公司2014年年度报告及摘要的编制和审议程序符合法律、法规和公司章程的各项规定。2、公司2014年年度报告及摘要的内容和格式符合中国证监会、上海证券交易所和香港联合交易所的各项规定，所包含的信息能从各方面真实地反映本公司2014年度的经营管理和财务状况等事项。3、监事会在提出本意见之前，未发现参与上述报告编制和审议的人员有违反保密规定的行为。四、审议通过公司2014年度利润分配预案。五、审议通过公司2014年度关联交易情况报告。监事会认为：2014年度，公司关联交易均以市场价格为定价基础，客观公允，交易决策程序严格遵守有关法律法规的规定，未发现损害公司利益及侵犯中小股东权益的行为。六、审议通过关于公司2014年度募集资金存放与实际使用情况的专项报告。监事会认为：2014年度，公司根据相关法律、法规和规章的规定和要求，对募集资金设立了专户存储，并严格履行使用审批手续，专款专用，不存在变更募集资金投资项目和违规使用募集资金的情况。七、审议通过公司2014年内部控制的自我评价报告。监事会认真审阅了本公司2014年内部控制的自我评价报告。监事会认为：2014年度，公司依据企业内部控制规范的相关要求，按照风险导向原则将主要单位、业务和事项以及高风险领域纳入评价范围。内控体系运行有效，没有违反《上市公司内部控制指引》及《企业内部控制基本规范》的情形发生。董事会关于公司内部控制的自我评价报告客观、真实、准确地反映了公司内部控制的实际情况。八、提名夏彤、李整、李美军先生为本公司第七届监事会股东代表监事候选人，任期自2014年度股东周年大会批准之日起至2017年度股东周年大会召开之日止的议案；职工代表出任的监事将由本公司职工代表大会选举产生。九、审议通过本公司第七届监事酬金的议案；公司第七届监事的薪酬按照公司业绩及所其承担的责任、风险取得，以职工平均工资的3-8倍设计，并按0.8-1.2的倍数体现差别。非执行监事不在公司领取报酬。以上第一、二、三、四、八、九项议案需提交本公司2014年度股东周年大会审议通过。特此公告。备查文件1、第六届监事会第十六次会议决议重庆钢铁股份有限公司监事会2015年3月31日附件：候选人简历夏彤先生：50岁，现任本公司监事长、党委书记、纪委书记及工会主席。夏先生毕业于重庆大学，工程硕士，高级工程师。夏先生一九八七年七月加入母公司，历任母公司中板厂党政办主任、母公司中板厂党委书记、纪委书记及工会主席、母公司董事会秘书及经理办公室（董事会办公室）主任、母公司环保搬迁指挥部党委书记。夏先生于2012年5月31日本公司2011年度股东周年大会获选连任本公司董事。由于工作调整，夏先生于2013年4月2日辞去本公司董事职务。夏先生于2013年6月13日本公司2012年度股东周年大会当选本公司股东代表监事。李整先生：53岁，现任本公司监事、母公司监事会办公室主任、审计处处长。李先生毕业于四川省二党校函授经贸专业，大学本科学历，高级会计师。李先生于1980年加入母公司，于2010年5月出任母公司审计处处长，于2011年11月出任母公司监事会办公室主任。历任母公司财务处处长助理、重庆建材实业有限公司总会计师、本公司销售处副处长、销售处党总支书记及重钢集团矿业公司副总经理。李先生于2012年5月31日本公司2011年度股东周年大会获选连任本公司股东代表监事。李美军先生：49岁，现任本公司监事、母公司法律事务室主任。李先生毕业于南开大学法律系法律专业，获法律硕士学位，助理经济师。李先生于1988年加入母公司，于2011年7月出任母公司法律事务室主任，历任母公司湛江工贸东华经销部副经理、母公司湛江工贸集团南宁经营部经理、母公司法律事务室法律事务科科长、副主任。李先生于2012年5月31日本公司2011年度股东周年大会获选连任股东代表监事。"
"这是一个新闻,新闻的关键词是观赏鱼得肠炎是什么原因引起的呢？,摘要为肠炎有几种：1、内寄引起的肠炎此类肠炎通常难以和内寄区分开来，眼睛、体色、神态、与内寄几乎相同，只能从食欲和粪便来区分，内寄的鱼食欲不减，肠,标题为观赏鱼得肠炎是什么原因引起的呢？,正文为肠炎有几种：1、内寄引起的肠炎此类肠炎通常难以和内寄区分开来，眼睛、体色、神态、与内寄几乎相同，只能从食欲和粪便来区分，内寄的鱼食欲不减，肠炎多数厌食或拒食，内寄的粪便通常是空心或分段的白便，肠炎的鱼很少有便，或是脓样白便。2、消化不良引起的肠炎此类肠炎的鱼表现为厌食或拒食、神态呆滞、有时伴有体色变暗或发黑，大多时间表现出离群，面壁状态，粪便多数为散便，或脓样白便。 3、水质变化过大引起的肠炎此类肠炎鱼的表现是体色发黑、缩鳍、聚堆、粪便表现多为拖便，最长可达10公分左右。4、细菌感染引起的肠炎:此类肠炎表现除了发黑，缩鳍和聚堆外，最大的特征是腹涨，是肠炎中最容易死鱼的，粪便多为脓样白便，也有拖便的。 我是航泰水族的老邓，有多年的观赏鱼养殖实操经验，我的微信公众号是hangtaishuizu-1大家在观赏鱼养殖方面有什么不清楚的，可以随时联系我哦！"
"这是一个新闻,新闻的关键词是操盘必读：3板块4股票或遭爆炒,摘要为市场回顾与展望：沪指昨日站上4000点短期将以震荡为主昨日沪深股指整体呈宽幅震荡的走势，在金融等权重板块的带动下，午后沪指把近7年高点刷新至,标题为操盘必读：3板块4股票或遭爆炒,正文为 市场回顾与展望：沪指昨日站上4000点短期将以震荡为主昨日沪深股指整体呈宽幅震荡的走势，在金融等权重板块的带动下，午后沪指把近7年高点刷新至4000.22点，深成指小幅上涨，创业板指则受题材股集体回落拖累大跌近3%。盘面上看，证券、非汽车交运、机场航运和银行等涨幅居前；跌幅居前的是计算机应用、视听器材、生物制品和国防军工等。同花顺（300033）财经分析认为，昨日市场在主力资金的奋力拉升下终于把沪指高点刷新至4000点上方，但前日的跳空缺口并未回补，加上下周新股申购开始，冻结资金将再创历史新高，预计近期市场将以震荡为主。盘前资讯必读国内宏观：经济重磅数据明日公布 3月份CPI涨幅料增1.4%国家统计局4月10日将公布3月份CPI等数据，多家机构对3月份CPI同比涨幅平均预测值为1.4%。有消息称，全国“两会”后，国家发改委、国家统计局、国家工业与信息化部协同展开调研，调研发现“下行压力加大”成为各地普遍现象。此外，市场预计3月份中国出口同比增长4%左右，较2月份大幅回落有所回暖。同期进口增幅预期回落至2.4%，较上月10.1%的增幅降温。贸易差额则有望回归顺差，规模较小或不足百亿元。行业新闻：三板块获重磅利好1、央行与银监会人士介绍，一系列互联网金融政策即将陆续出台；央行、银监会、证监会等部门已就各自未来监管互联网金融领域的制度广泛征求意见；监管部门将对传统金融与互联网金融监管保持一致性，并将以互联网金融监管为突破口，在金融管制和市场准入方面适当放松金融监管。概念股内蒙君正（601216）、上海钢联（300226）、金证股份（600446）、泛海控股（000046）等有望炒作。2、上海光明食品(集团)有限公司与上海良友(集团)有限公司正酝酿联合重组。上海市国资委层面已听取方案，将对方案做进一步修改完善后上报。相关个股上海梅林（600073）、金枫酒业（600616）等值得关注。3、国务院总理李克强4月8日主持召开国务院常务会议。为改善铁矿石企业生产经营环境、促进结构调整、支持上下游产业协调发展和升级、保障国家资源供应安全，会议决定，自5月1日起，依法适当下调铁矿石资源税征收比例，减按规定税额的40%征收。概念股金岭矿业（000655）、宏达矿业（600532）、华联矿业（600882）等有望获得资金的关注。个股聚焦：四股票或遭爆炒1、东方通（300379）将以72.68元每股定增1136万股募资8.25亿元，用于收购微智信业100%股权及补充流动资金。微智信业是国内领先的信息安全产品及解决方案供应商，收购后公司可拓展大数据业务，并为东方通大数据基础产品提供安全保障。2、欧浦钢网（002711）拟投资3亿元收购欧浦小贷100%股权。本次收购将完善公司“交易平台+金融+物流”的业务模式。公司同时公告，与佛山市顺德区乐从镇发展和经济促进局签订合同，由公司牵头搭建“欧浦家具电子商务平台”。3、千方科技（002373）以8800万元收购北京远航通80%股权。远航通是国内首家在航空领域设计和开发航班资源管理(FRP)核心生产数据分析和应用系统的企业，拥有广泛的国内商用航空公司用户群，市场占有率达80%。4、松德股份（300173）预计一季度净利增长10%至40%，2014年拟10股转增20股。外围市场：欧美股指周三收高 原油大幅下挫6.6%美股周三收高。道琼斯工业平均指数上涨27.09点，报17，902.51点，涨幅为0.15%；标准普尔500指数上涨5.57点，报2，081.90点，涨幅为0.27%；纳斯达克综合指数上涨40.59点，报4，950.82点，涨幅为0.83%。欧洲方面，欧股收涨0.08%。周三纽约商业交易所6月份交割的黄金期货价格下跌7.50美元或0.6%，收于每盎司1203.10美元。周三纽约商业交易所5月份交割的西德州中质原油期货价格(WTI)下跌2.56美元或6.6%，收于每桶50.42美元。“扫一扫”关注“银狐投资理财”微信公众号 搜索微信号：mashanglicai8并关注，提供每天股票利空利好信息指南，专业提供财经资讯信息以及财经分析。"
"这是一个新闻,新闻的关键词是中美男篮热身赛:中国队惨败 赵继伟闪亮,摘要为本报讯(记者宋翔)昨日，中国男篮在美国斯坦普斯球馆以57比106输给美国男篮。在这场比赛中组织后卫赵继伟在进攻上表现抢眼，他两次在杜兰特的防,标题为中美男篮热身赛:中国队惨败 赵继伟闪亮,正文为本报讯(记者宋翔)昨日，中国男篮在美国斯坦普斯球馆以57比106输给美国男篮。在这场比赛中组织后卫赵继伟在进攻上表现抢眼，他两次在杜兰特的防守下成功取分，另外还杀入内线，还在考辛斯面前完成了一次高难度的投篮。整场比赛赵继伟得到了14分，是全队的第二高得分。中国男篮主教练宫鲁鸣在赛后点评赵继伟表现时说：“他的表现比我们预计的要好一些。”在中国男篮中赵继伟的作用更多体现在梳理、组织全队的进攻，按照教练的部署打出球队的战术，以及第一时间找到处于空位的队友，为他们及时地输送“炮弹”。在很多时候，赵继伟不太会展现自己的攻击力，除非是出现非常好的进攻机会。在国家队赵继伟就是一个典型的组织后卫，而这个位置也非常符合他的打球特点与类型。不过在昨日对阵美国男篮的比赛中赵继伟更多时候展现出来自己的攻击性，尤其是在一次他运球坚决地杀入内线，在球险些被对手截下后，他先是做了一个投篮的假动作，让面前的防守球员考辛斯上当受骗，然后他马上就完成了一个难度很高的投篮动作，最后成功取分。中国男篮主教练宫鲁鸣在昨日赛后点评赵继伟时表示，赵继伟的表现有些超出教练组的预期，并且他认为赵继伟在防守与组织上还有很大的进步空间。宫鲁鸣说：“我们希望赵继伟能起到球队灵魂的作用，把握队伍的攻防节奏。”赵继伟则表示他在这场比赛中能保持一个比较好的心态，“把这当成很普通的一场比赛，只是对手强一点，自己就是用平常心去打球，把比赛的东西想的多一点，别想着对手是谁，怎么打，就正常打比赛就行了。”赵继伟说。另外，赵继伟也在赛后透露他现在还是会受到一些此前肩膀伤病的影响，这种影响主要是来自于心理。赵继伟说：“心态上还不太敢用右手做太多的对抗，这方面会注意一些。”分享"
"这是一个新闻,新闻的关键词是总冠军，勇士队,摘要为克里斯保罗如果说克里斯保罗是NBA联盟里最伟大的控卫之一，这应该是没有人否定的。克里斯保罗加盟洛杉矶快船队今年克里斯保罗已经31岁了，这也是,标题为CP3，今年会离总冠军近些吗？,正文为克里斯保罗如果说克里斯保罗是NBA联盟里最伟大的控卫之一，这应该是没有人否定的。 克里斯保罗加盟洛杉矶快船队今年克里斯保罗已经31岁了，这也是保罗进入NBA的第11个年头了。在这11年的球员生涯里，保罗拿过很多荣誉包括两次奥运会冠军。克里斯-保罗即将开始自己职业生涯的第十一年，这位洛杉矶快船传奇控卫职业生涯共出战了699场比赛，场均有着18.7分4.4个篮板9.9次助攻和2.3个抢断，他已经获得了六届抢断王和四届助攻王。他的9.9次助攻和2.3个抢断分别可以排在联盟历史场均助攻、抢断榜的第三位和第四位。在克里斯-保罗的传奇生涯之中，他在MVP榜前十五位上已经获得7次提名，其中还有4次排在了前五位。他在2006年进入联盟，已经连续8次进入全明星赛，他还在2013年赢得了全明星MVP，从07-08赛季开始，他曾七次入选双料一阵（最佳阵容第一队、最佳防守阵容第一队）。 保罗获得MVP但很可惜在这11个年头里，保罗没有拿过一次NBA的总冠军，甚至也没有带领球队闯进过NBA总决赛。从黄蜂到快船，保罗等的也就是一个NBA总冠军。保罗现在已31岁，他急切地想赢得一个总冠军。 战绩 命运有点相同的两个兄弟其实，说起保罗，我们会想起保罗的好兄弟勒布朗詹姆斯。其实小叨觉得詹姆斯和保罗的遭遇很像，不过有一点，我觉得詹姆斯幸运多了。想当年，詹姆斯在骑士混了几个赛季，也带领着骑士闯进总决赛，但依然没有拿到一个NBA总冠军，接着詹姆斯选择转到热火与韦德、波什组成热火队的3巨头，并一举夺得总冠军。然后他再重返骑士队，在上个赛季完成心愿带领骑士队夺得总冠军。 保罗与詹姆斯另一个有着类似遭遇的就是凯文杜兰特了。这个夏天杜兰特加盟勇士队可以说是NBA这个赛季开赛前的大事。与保罗不同的是杜兰特曾经带领着雷霆队杀入过NBA总决赛的，可惜还是没有夺得最终的胜利。另外，与保罗相比，杜兰特更年轻一点，可以说现在是杜兰特状态，身体条件最好的时期。杜兰特还有更多的时间与资本探寻他的总冠军梦。另外，杜兰特今年加盟的勇士队可以说是当今联盟的夺冠大热球队，因此杜兰特很有可能在这个赛季收获他的首个NBA总冠军。 保罗与杜兰特但同样是加盟另一个球队，这是保罗来到快船队的第6个年头了。保罗的总冠军之路依然有很多困难。保罗今年已经31岁了，比起其他20岁出头的年轻球员，保罗已经属于老将了，保罗要面对伤病还有体能的验。保罗今年的总冠军之路要跨越的障碍1闯过火箭队这一关在开局初看来，保罗要夺得NBA总冠军在西部决赛中脱颖而出是非常困难的。首先在西部有哈登领衔的火箭队，这是一支实力不可忽视的球队。特别是现在火箭队的当家球星大胡子哈登现在处于上升的势头，实力真的是杠杠的。 哈登与火箭队2击退勇士队另外，大多数球迷都认为当今西部的老大非勇士队莫属。保罗想要带领快船队闯入NBA中决赛，很大可能要过勇士队这一关。勇士队是上上赛季的总冠军，实力真的是杠杠的。虽然勇士队上一年被骑士队复仇成功了，但这个赛季他们的阵容变得更加强大了。杜兰特的加盟，在加上原来的水花兄弟，现在勇士队也有了3巨头了。今年勇士队是复仇者，他们的战斗力有多强，相信看过前两个赛季总决赛的球迷，你们懂的。（其实小叨觉得，勇士队身上有着一种初生牛犊不怕虎的感觉，还有一种打不死的蟑螂的顽强精神。） 勇士队3巨头3力压骑士队接着，倘若保罗带领者快船队闯进总决赛。按前两个赛季的数据，他们很有可能对阵的是勒布朗詹姆斯领衔的骑士队。骑士队是上个赛季的总冠军，他们有三巨头，无论是内线进攻能力，还是防守能力都是非常强的，按数据分析可以说实力是在快船之上的。另外，他们今年是要来卫冕的，信心充足。 骑士队3巨头4球队自身要变强最后从，快船队自身来分析，首先格里芬不够稳，关键时刻被包夹容易失误，去年伤病导致飘在外面投，其实如果格里芬多打内线，会对球队有很大的帮助。还有球队的进攻防守都缺乏连续性。替补阵营很强，但没有很好地发挥出来。另外缺乏一个稳定的持球突破点。 保罗与格里芬5最后你觉得今年CP3会离总冠军近些吗？欢迎分享讨论。（以上仅为小叨个人观点，如果有不同的意见欢迎留言交流）谢谢阅读！图片来源|网络文案|小叨编辑|小叨 关注一下→ 、"
