content
"这是一个新闻,新闻的关键词是笑侃范冰冰“房事”大曝光【小略周一贱085】,摘要为《小略周一贱》第085期：笑侃范冰冰“房事”大曝光,标题为笑侃范冰冰“房事”大曝光【小略周一贱085】,正文为《小略周一贱》第085期：笑侃范冰冰“房事”大曝光"
"这是一个新闻,新闻的关键词是三轮车，电摩,摘要为三轮车被小车撞翻，轧到一旁的电动车，电动车主跳车躲过一劫女子跳下电动车，幸免于难N海都记者陈恭璋黄启鹏文/图海都讯小车和三轮车相撞，三轮车驾,标题为三轮车轧来瞬间 女骑手跳车逃生(组图),正文为 三轮车被小车撞翻，轧到一旁的电动车，电动车主跳车躲过一劫 三轮车被小车撞翻，轧到一旁的电动车，电动车主跳车躲过一劫 女子跳下电动车，幸免于难 女子跳下电动车，幸免于难N海都记者陈恭璋黄启鹏文/图海都讯小车和三轮车相撞，三轮车驾驶员被撞飞；被撞的三轮车在路中打转，在轧到旁边电摩的刹那，电摩女骑手跳车逃生……昨日中午，福州三环辅道新店义井村口发生了这起事故。目前，警方已经介入调查。村民们说，该处属于村道与三环辅道连接处，过往车辆的速度非常快，存在安全隐患。6月6日，这里曾刚发生过一起事故。两车相撞殃及电摩昨日中午12点半左右，记者赶到现场看到，一辆三轮车倒在路边，车下还轧着一辆电摩。而距离三轮车数米外的三环辅道上，停着一辆黑色小车，车牌已经被取下。路面上倒着几个塑料桶，泔水流满路面。多名目击者称，当时三轮车和电摩一前一后从村道驶出，准备进入三环辅道。不想辅道上一辆小车快速驶过，三轮车当即被撞上，骑手是一名中年男子，当即飞出数米倒在地上。当三轮车打转，眼看就要侧翻轧到电摩时，电摩女骑手迅速跳车，闪到路边。当她回头时，电摩已被轧在三轮车下……昨日下午2点左右，在南京军区福州总医院，记者见到了三轮车驾驶员，他全身多处受伤，左耳有明显血迹。医生说，不排除颅内出血的可能。村民认为路口存隐患6月6日在同一个路口，一辆行驶在辅道上的面包车，在撞上一辆电动车后冲入内河，翻得“四脚朝天”，本报对此曾作报道。目前，前几天的那起事故还在处理中，该路口却再次发生事故。对此，村民说，事发路口是村道和三环辅道的连接处，每天有不少村内的车辆在此通行，有机动车，也有非机动车，但有些经过三环辅道的车辆，到了该路口还是高速驶过，“要是慢点，这两起事故就有可能避免了”。目前，警方已在此设置了信号灯，但村民们还希望能增设监控探头。福州魏先生拨打968111提供线索，线索费60元严守交规 远离事故编者按我国每年有6万多人死于交通事故，交通事故已成为我国伤害死亡的第一位原因。每天翻开报纸、打开电视，也总能找到车祸影子。每个惨剧背后，都是一个或多个破碎的家庭。车祸为什么会发生，总结起来似乎并不难：雨天路滑，不守交通规则，道路太险或设置不合理……远离车祸难吗，其实也不难。只要每个车主多点耐心，恪守交通规则；只要相关部门及时排除交通设施上的障碍，更多的人就可以远离事故伤害！"
"这是一个新闻,新闻的关键词是中国矿厂倒闭反成航运业“福音”,摘要为随着铁矿石的价格崩跌至十年来新低，中国成本高昂却效率低下的采矿行业终于开始“踩刹车”。这一情况或可帮助干散货市场走出阴霾。数据显示，去年铁矿,标题为中国矿厂倒闭反成航运业“福音”,正文为 随着铁矿石的价格崩跌至十年来新低，中国成本高昂却效率低下的采矿行业终于开始“踩刹车”。这一情况或可帮助干散货市场走出阴霾。数据显示，去年铁矿石价格急剧下滑，导致部分亏损矿场再也无法与便宜的进口货抗衡，并使得该国大幅减产1/3。根据中国联合钢铁网（Custeel）提供的数据，中国去年的铁矿石产量仅为2.06亿吨，远不及2013年的3.14亿吨。在中国4000家铁矿石厂商当中，绝大部分都规模甚小，且生产成本高于全球四大矿商。目前，后者正采取一种大幅增产以压低矿价的策略，从而迫使低效率以及刚起步的厂家被淘汰出局。就在中国矿商必须达到每吨80美元以上的价位才可获利之时，四大国际对手—淡水河谷、必和必拓、力拓集团以及Fortescue，即便以50到60美元/吨的价格卖到中国，也可实现盈亏平衡。据“路透社”（ Reuters）报道，上述现象已造成河北省内80%的厂家业已停产，而那里聚集着绝大多数的中国矿商。与此同时，今年的展望前景也毫无改观迹象，铁矿石价格再触近期新低—曾一度跌至每吨不到50美元，创下2005年以来的最低纪录。年头的两个月里，中国的铁矿石产量较去年同期又再降4%。原文链接：http://www.aiship.cn/show-48-8197-1.html"
"这是一个新闻,新闻的关键词是股市越涨越高你该怎么办,摘要为沪指9连阳，上攻力度绝不弱于11月底降息之后的走势，而且是大小股票一起涨，参与其中的投资者虽然乐不思蜀但内心还是非常忐忑，恐高的踏空者整天愁,标题为股市越涨越高你该怎么办,正文为沪指9连阳，上攻力度绝不弱于11月底降息之后的走势，而且是大小股票一起涨，参与其中的投资者虽然乐不思蜀但内心还是非常忐忑，恐高的踏空者整天愁眉苦脸，内心是买与不买的无比煎熬。那么问题来了，目前该怎么办，又怎么看当前的市场疯狂？这些问题从创业板的走势上或许可以得到答案。创业板高吗？按照价值投资者的理解，那些讲故事的成长股，故事最终成真的概率是很小的。创业板肯定是一个泡沫，创业板目前整体近百倍的估值是不合理的，长远来看，只有小部分企业能够兑现这么高估值所需要的成长性，剩下的都会是一地鸡毛。所以，价值派的投资者对这些股票均采取了敬而远之的态度，因为从他们的理念来看，对小盘成长股的追逐，是典型的博傻，理性的投资者是坚决不会参加到类似博傻的游戏中去的。巴菲特也说过，只有退潮之后，才知道谁在裸泳。问题是，泡沫是一回事，泡沫破裂又是另一回事。刺破一个泡沫，并不像市场主义者想象的那么简单。股市系统是一个不断试错的生态，在不断的错误、反馈和纠正之中向前发展。不同的错误，反馈的方式却大不相同。有些错误能够得到很快、很直接的反馈，也就比较容易得到纠正。但有些错误反馈的方式是间接的、不全面的、有时滞的。而且为什么要等到退潮之后，才上岸呢？大盘蓝筹股在牛市到来之后，照样也是会猛涨的，一轮疯狂的牛市过后，您能保证价值股也不会因被爆炒而脱离其价值吗？那么，在退潮之后，如果您还未上岸的话，即使您持有的是价值股，谁又能确保您不是也在裸泳呢？我对此问题的看法是，股市在运行过程中会存在很多错误。但什么是对？什么是错？普通投资者不必为此纠结，用一般的、正常的、人性的价值观去看就可以了，趋势明明在那里摆着，不要非要一厢情愿的觉得哪个高了，或者哪里就一定存在危险。不如暂时忘记过去的价格，继续往前看，只是错误发生以后，自己怎么应对想明白就好。而且最近监管者态度的转变，大家应该看清了他们的战略意图，就是要通过股市的疯狂，来掩护大量发行新股、募集资金的目的，借以最终达到提高股权性的直接融资在全国融资总量中的比例。所以，我们不用担心监管者像历史上那么傻了，傻到去提示股市非理性的风险，傻到通过十二道金牌去打压股市，把牛市打压成为熊市。无论按照传统理论如何研判市场的价值高低，当前如果你的投资是一个中期时段的态度，那么大家是大可尽情地享受加速上升的快乐，大小股票同时存在机会，只是把握的难度不同而已。大股票追急了被套住，对心理的考验可能不是那么强烈，而小股票震荡一下，很多人承受不了。所以，信心坚定的同时，还是要讲究策略的。我在微博也提示大家，现在需要勇气更需要智慧了。买可以，但不能随便乱买，不乱买这不只是小股票和大股票种类之分，更重要的是判断股票的图表形态，分清哪些是强势股，在震荡中依然能不断新高。而那些弱势只跟随大盘的股票，一旦震荡，非常危险。上周末在北京召开了一个投资者见面会，主要就是帮助大家战胜恐高心理，同时教大家一些方法把机会把握好。在会上也给大家展示一下我们操盘所用量化模型的神奇之处，很多微博个股都是来自于此，也确实为大家带来丰厚收益。---------------------------------------欢迎关注证券微信公众账号每日盘前发布最新股市利好利空消息以及针对当下行情如何买卖的操作技巧，掌握最新一手资讯。"
"这是一个新闻,新闻的关键词是三证，合一,摘要为本报讯（记者阿龙）记者昨天从市工商局获悉，《扬州市“三证合一”企业登记改革实施方案》经市政府同意，3月11日正式行文发布。我市将在全市范围推,标题为我市全面启动“三证合一”,正文为本报讯（记者阿龙）记者昨天从市工商局获悉，《扬州市“三证合一”企业登记改革实施方案》经市政府同意，3月11日正式行文发布。我市将在全市范围推行工商营业执照、税务登记证、组织机构代码证“三证合一”登记制度改革，推进商事登记便利化，优化营商环境。“三证合一”登记制度规定，对全市行政区域内的企业，依托省企业注册登记并联审批平台，在原“四证一体”并联登记的基础上，按照“一表受理、一窗收件、并联审批、核发一照”的模式，由申请人一表申请，综合窗口统一收件，工商、质监、国税、地税数据共享、并联审批、限时办结、核发一照。和以往登记模式相比，“三证合一”有三大特点：一是设立综合窗口，实行统一收件、统一录入、统一发照。二是实现“一表式”申请，申请人只需填写一张包括工商、质监、国税、地税的申请表，相同材料申请人只需提交一份。三是审查环节优化，实行信息互认，工商、质监、国税、地税共同审查的申请材料和登记事项，不再重复审查。"
"这是一个新闻,新闻的关键词是新股，冻结,摘要为市场普遍认为“打新”对股市资金面冲击减弱⊙记者王晓宇黄璐○编辑颜剑4月将有30只新股将自下周一起正式启动申购。尽管新股发行有逐月提速迹象，但,标题为本月新股冻结资金有望再创新高,正文为市场普遍认为“打新”对股市资金面冲击减弱⊙记者王晓宇黄璐○编辑颜剑4月将有30只新股将自下周一起正式启动申购。尽管新股发行有逐月提速迹象，但市场普遍认为，新股发行速度加码已在市场预期之内，目前二级市场做多气氛正浓，对于新股发行的承受能力较强，“打新”对资金面的冲击减弱，预计新股申购周大盘有望走出高位盘整行情。冻结资金或创新高证监会4月2日发布消息，核准30家企业的首发申请，沪市11家、深市中小板2家、创业板17家。环比上月，本批新股供给量多了6 家，但是总体募集资金比上轮少了60 亿元。根据已刊登招股书的企业，本批新股将于下周一起启动发行。从发行节奏看，4月14日单日申购的家数做多，冻结资金也最多，4月16日资金面压力最大，下周五新股冻结资金将迎大面积解冻。中金公司认为，考虑目前的资金申购热情以及未来发行节奏的进一步加速，预计未来总申购规模仍较当前有30%-50%的增长。值得注意的是，场外打新资金正在持续增长。在资金解冻周，打新专业户们会把资金大量转出，从而造成证券保证金大额减少，由此可在一定程度上管窥打新资金的规模变化。数据显示，去年12月、今年1月、2月、3月密集打新的后一周，证券保证金分别净流出2374亿元、3474亿元、2848亿元、5083亿元。市场人士认为，考虑到年内第三批新股上市后涨势喜人，且4月首发新股的质地整体高于前批，部分新股甚至存在4倍的上涨空间。这对风险承受能力有限的投资者来说，仍是不错的投资品种，预计本次新股冻结资金或再创IPO重启以来的新高。IPO扰动弱化又一波新股汹涌来袭，A股会否按惯例“出牌”，在新股正式启动申购之前进入调整模式？“投资者应对新股也越发自如”，申万宏源资深分析师钱启敏如此认为。市场对新股的态度在证监会宣布新股发行的第二天，即4月3日的盘面已有所反应。上周五，大盘大幅低开逾30个点，距离3800点整数支撑关仅一步之遥。但令市场意外的是，A股开盘即被拉起，盘中虽有宽幅震荡，但股指尾盘仍强势再创新高。“根据以往经验，大盘确实会短期调整，但调整幅度并不深，有投资者存着高抛低吸，还抽空打新的侥幸心理，事实上，其后的反扑往往不给他们上车的机会。反复几次，投资者也都学聪明了。”钱启敏认为。上海证券分析师蔡钧毅认为，“打新”对整体流动性的冲击逐渐弱化。预计新股发行周大盘上涨速度将减缓，但无法改变场外资金入市的大趋势和大逻辑。某机构人士也表示，现在持股待涨的浮盈超过为新股腾挪资金而卖出股票的收益，公司旗下不少产品已经退出网下申购，但是一些打新基金仍将全力备战打新。他预计，下周场内资金面将有脉冲式上涨，但涨幅将远逊于去年平均涨幅。"
"这是一个新闻,新闻的关键词是造假软件泛滥 微商分分钟成土豪,摘要为随着微信的普及，微商也越来越火，朋友圈里经常被各种高额成交量、火热交易记录等截图刷屏，看了着实眼馋。然而微商生意真的如此火爆吗？记者调查发现,标题为造假软件泛滥 微商分分钟成土豪,正文为随着微信的普及，微商也越来越火，朋友圈里经常被各种高额成交量、火热交易记录等截图刷屏，看了着实眼馋。然而微商生意真的如此火爆吗？记者调查发现，从交易对话到转账记录，从效果展示到检验报告，所有能“忽悠”人的信息都可以造假。近日，网上一篇名为“原来朋友圈晒成交、晒对话、晒记录是这么弄出来的”帖子曝出原来这些诱人的截图，都可以靠软件捏造出来。记者在网上搜索“微信对话生成器”，随后出现大量相关软件。微信对话生成器分为网络在线版和本地软件版，网上还有专门的“微信对话生成器怎么使用”的教程。记者点击了一家名为“微信聊天在线生成吐槽”的网站，网站页面设计很简单，一侧是对话框，一侧是微信式样的截图背景。按照提示，记者可以随意设置对话双方的名称及头像，对话内容更是任由记者发回。话语组织好了之后，点击生成图片，在右侧就会出现对话图片。在图片框中点击查看大图或者下载图片就可以获取截图。记者随后用安卓手机下载一款微信对话生成器，发现不仅可以设置微信对话内容，连手机屏幕上方的后台运行软件（如QQ、360）、网络（3G WiFi）、电量等信息都能仿造，同时还可以在对话中随意插入转账信息。最终生成的效果图足以以假乱真。“现在的微商都是靠这些东西拼凑起来的，只要180元可以提供两年的截图生成服务，绝对分分钟成土豪。”一家“微商生成器”客服向记者推销自家的产品，“就是为了吸引顾客，让顾客认为产品卖得很好，可以增加自己的销量，大家都有从众心理，见有买家说好的都买。”"
"这是一个新闻,新闻的关键词是恒大，世界杯,摘要为丁珊2014年巴西世界杯在热情的桑巴舞中已于上周开幕，东道主巴西的首战告捷、波黑的史上最快乌龙球、梅西的世界杯第二球、荷兰的狂虐西班牙等，让,标题为狂欢巴西世界杯打造宁河冠军盘- 恒大御景半岛世界杯主题活动即将嗨翻全城- 丁珊(图),正文为丁珊 狂欢巴西世界杯打造宁河冠军盘-&nbsp;恒大御景半岛世界杯主题活动即将嗨翻全城-&nbsp;丁珊 2014年巴西世界杯在热情的桑巴舞中已于上周开幕，东道主巴西的首战告捷、波黑的史上最快乌龙球、梅西的世界杯第二球、荷兰的狂虐西班牙等，让这几日的小组赛高潮迭起，犹如一部部惊险大片，让球迷大饱眼福。可是，仅仅坐在电视屏幕前看球，就能满足你对世界杯的狂热需求吗？你想要真正感受这个激情四射夏天的热度吗？恒大御景半岛“狂欢巴西生命之杯”给你一个激情四射的6月。世界杯精彩开赛的同时，各大运动品牌的球衣开始走俏，穿上极具代表意义的足球队服更能表达心中对支持球队的狂热和喜爱。有没有尝试过自己动手绘制球衣，给世界杯的符号画上独具个性的印迹呢？这样难能可贵的机会即在眼前，那就是恒大御景半岛将于本周末开展的“狂欢巴西生命之杯”T恤彩绘DIY，不管您是爱球、爱玩、爱时尚，都一定会在这里收获无限的欢乐！现场还将准备球星模仿秀、世界杯球队对对碰、电子竞技等众多精彩互动游戏，这个周末带着全家来恒大御景半岛嗨翻世界杯吧。宁河销冠王楼盘品质领导者世界杯之所以能风靡全球，在于每支球队在赛场表现出来的运动精神，感染着语言不通、文化不同的各国人民。就如同恒大足球在中超赛场上表现出坚持、拼搏、领先、文明的足球精神深深感动着恒大球迷一样。然而，这种坚持、拼搏、领先、文明的精神，不仅仅存在于恒大集团旗下的运动事业中，同样存在于恒大御景半岛等地产项目中。恒大御景半岛立足于宁河桥北新区的长远发展，结合恒大集团强大品牌实力，以难以超越的臻品园林、完善配套、贴心物业、绿色精装、精工产品等优势热销宁河地区，蝉联宁河销冠，成为无可厚非的佼佼者，深刻影响着宁河楼市的发展与表现。园林配套全面升级打造时尚健康生活难以复刻的7.9万平方米臻美欧陆湖景园林是恒大御景半精彩互动游戏嗨翻世界杯岛最大亮点之一，依托优美蜿蜒的蓟运河，秉承欧陆皇家园林尊贵血统，1.2万平方米壮阔美湖点缀其间，众多主题园景，与雕塑、喷泉交相辉映，移步异景，让人流连忘返。近期恒大御景半岛全新升级园林景观，在设计规划中融入更多健康运动元素，180平方米运动场所、多种运动设施，让业主不出家门便可享受运动乐趣。在园林景观升级之外，航母级生活配套也全新升级，巨资打造逾2.2万平方米欧陆风情商业街—乐汇街，现已签约宁河家乐超市，并结合餐饮、银行、药店等多种商业业态，为业主带来一站式便捷生活。激情世界杯，狂欢特惠季。同时，恒大御景半岛特此推出82-136平方米温馨两居、三居，限量特惠5套，超低总价54万/套起，轻松圆梦水岸豪邸，更赠价值2000元/平方米绿色精装。另有78席四层三墅·墅境洋房即将荣耀开盘，152-186平方米揽景大宅，前庭后院，花台跃层。"
"这是一个新闻,新闻的关键词是平谷区级储备小麦竞价采购交易会交易细则,摘要为北京国家粮食交易中心平谷区级储备小麦竞价采购交易会交易细则第一章总则第一条北京国家粮食交易中心（以下简称“交易中心”）受北京市平谷区粮食局委,标题为平谷区级储备小麦竞价采购交易会交易细则,正文为北京国家粮食交易中心平谷区级储备小麦竞价采购交易会交易细则第一章总则第一条北京国家粮食交易中心（以下简称“交易中心”）受北京市平谷区粮食局委托承担竞价购买的具体实施工作。遵循“公开、公平、公正”的交易原则，为保证竞价交易会顺利进行，特制定本交易细则。第二条此次交易会采用公开、现场计算机竞价交易方式。买方为北京市平谷区粮食局，卖方为本次采购货物承储库以外的加入北京市粮食局粮食购销及经营企业资源库的会员，并且为北京市平谷区的企业。买方委托北京市粮安粮食收储库负责与成交单位签订合同、粮食入库、结算和商务处理等工作，并承担相应责任。第二章交易准备第三条交易的品种、数量竞价采购山东、河北、河南产硬质白小麦5000吨。第四条报名参会企业需同时提供如下材料：1. 有效期内的工商企业营业执照副本原件及复印件，并在复印件上注明与原件一致，加盖本单位公章。2. 企业法定代表人身份证复印件或受法定代表人授权委托的代理人身份证及其复印件。3. 交易授权书原件（法定代表人签字并单位盖章）及报名表。4、服务有效期内的北京市粮食局粮食购销及经营企业资源库交易卡。5、参加交易会当天须携带单位公章或合同专用章。第五条参加竞价交易会的企业须向交易中心预缴交易保证金10元/吨和履约保证金50元/吨。保证金在竞价交易会前必须到达交易中心账户。账户名称：北京国家粮食交易中心；开户银行：工商银行广安门支行营业室；开户银行账号：0200001909200023318；开户银行地址：北京市西城区广安门南街3号。参加竞价交易会的企业未成交的，在交易会结束后，经交易中心核实后，三个工作日内退回交易保证金和履约保证金。第六条交易中心验证交易代表的各项资料后，将交易单位代码和交易密码及相关资料发给交易代表。以上单位代码、密码等为参会企业的交易资格凭证。单位代码、密码等属参会企业的商业机密，需妥善保管，如丢失或泄漏，应在最短时间内书面报告“交易中心”，由于丢失或泄露代码、密码等造成的损失由参会企业自行承担。第七条交易中心于每次竞价交易会的前一周通过媒体发布《竞价交易会公告》。第八条每次竞价交易会前二天可在交易中心（http://www.bjlsjyzx.com）网站上查阅和下载《交易清单》、《交易细则》、《粮食竞价交易合同》样本等相关信息，并于交易日前对交易代表集中进行竞价操作培训和说明。 第九条质量要求1、2016年山东、河北、河南产三等以上（含三等）硬质白小麦，质量标准按 GB1351-2008执行。底价以国标三等小麦（容重750～770g/L，含750 g/L，不含770 g/L）价格为基础价，相邻等级之间价差为0.02元/斤，最高结算等级为一等（容重≥790 g/L）。水分超过12.5%扣重量，超过13%（不含13%）小麦拒收。三等以下拒收。2、小麦质量还应符合GB/T20571-2006《小麦储存品质判定规则》中宜存的标准。3、使用愈创木酚法判定新陈标准时颜色成砖红色，同时使用酸度指示剂法判定新陈标准时颜色成绿色。4、标签、标识：应在包装物上或随行文件中注明产品的名称、类别、等级、产地、收获年度和月份。5、供货方须按照《国家粮食局办公室关于印发粮食销售出库检验报告样式的通知》（国粮办发[2005]115号）规定样式出具检验报告。第三章交易地点和时间第十条交易时间为：2016年10月26日10:30 。第十一条交易地点：北京市西城区广安门南街60号5号楼北京粮油交易信息服务中心交易大厅。第十二条因公共网络资源出现故障造成交易中断的，交易中心有权推迟或暂停交易。参会企业因其终端设备等原因不能正常交易的，不影响整体竞价交易的正常进行。第四章交易秩序第十三条交易代表（属指派的、限两名）凭交易代表证按时入场交易。第十四条交易代表应服装整洁，举止文明，自觉维护场内秩序，服从工作人员的指导。第十五条交易活动须按照交易中心确定的交易方式、交易程序进行。第十六条现场严禁吸烟、酗酒、大声喧哗及打电话等影响正常交易的行为。第十七条禁止恶意串通等损害他人利益的一切行为，对严重危害交易秩序的，工作人员将责令其离场并取消其交易资格。情节严重的按《中华人民共和国治安管理处罚法》及相关法律规定处理。第五章竞价交易第十八条采取先交货后付款的方式，所报价格为供货方送货至购入方指定地点价格（含包装）。报价单位是元/吨。第十九条竞价采购交易原则：采用价格优先、时间优先的交易原则。竞价同一标的，价低者优先；同一标的、同等价格，应价在前者优先。第二十条现场计算机竞价交易按本次交易会竞价采购交易清单的委托标的顺序，依次按交易节进行。第二十一条开市后，卖方使用计算机按交易节逐节进行交易。每笔交易从起点价格（底价）开始报价，并以人民币每吨10元的价位递减报价。第二十二条竞价采购竞价数量为该标的的全部数量，标的不拆分。第二十三条卖方如接受计算机竞价系统报出的价格，应点击计算机应价。卖方一经应价，不得撤销。第二十四条卖方在新的价位应价后，前一价位的应价自动失效。第二十五条在起点价位（底价）上无卖方应价时，撤消该笔交易。第二十六条当一个委托标的在某一价位只有一个卖方应价，并且在计算机竞价交易系统规定的时间内再无新的卖方应价时，即按该价位成交。第二十七条交易成交后，计算机自动打印出《竞价交易购销合同》。成交单位与北京市粮安粮食收储库在合同上签字、盖章，合同生效。第六章交割与结算第二十八条合同生效后，买卖双方应严格履行合同约定的义务，享有合同约定的权利。第二十九条卖方须在2016年11月28日前完成发运任务。运输方式必须为汽车运输。数量以合同为依据，承储库计量衡器为准。实际接收数量与合同数量之差为正负50吨以内(含50吨)的，视为完成合同，并据实结算。第三十条货物验收：接收粮油入库时，买方承储单位必须要求卖方先出具按照《国家粮食局办公室关于印发粮食销售出库检验报告样式的通知》（国粮办发[2005]115号）规定样式的质量检验报告，买方承储单位须按合同质量标准进行验收。第三十一条结算方式：卖方交货后，由买方承储单位按实际验收数量与卖方进行结算。卖方收到货款后，及时向买方出具销售发票。第三十二条交易中心按成交金额的2‰向卖方收取交易服务费。交易服务费从预缴的交易保证金中扣除，余款退还给卖方。第三十三条卖方交货完毕后，双方验收无误且开具收取销售发票无任何争议的，当场签署《验收确认单》，并由卖方以快递方式及时送达交易中心。交易中心在收到《验收确认单》后的三个工作日内向买卖双方办理退回保证金有关手续。第三十四条买方如有异议，在规定的合同到期日后3日内必须向交易中心书面提出。如买方未提出异议，在规定的合同到期日5日后仍未收到《验收确认单》，视为合同交割完毕，交易中心与卖方结清保证金。第七章 违约责任与商务处理第三十五条交易成交后，成交企业未签订合同的视为违约，交易中心按成交金额的2‰收取交易服务费后，按未签订合同数量以50元/吨标准，扣除履约保证金直至预缴的履约保证金扣完为止。余款退回。第三十六条 卖方在合同签订后，未按照合同的条款履行合同义务的，视为卖方违约，合同终止。交易中心负责为双方结清已履约部分货款，并根据实际未完成量扣除相应履约保证金。其中粮食扣除标准为50元/吨。卖方的违约行为给买方造成的损失超过履约保证金数额的，还应对超过的部分予以赔偿。第三十七条买方不能在规定的期限内将货款汇至交易中心指定账户的，视为买方违约，合同终止，交易中心根据实际违约数量扣除相应履约保证金。其中粮食扣除标准为50元/吨。买方的违约行为给卖方造成的损失超过履约保证金数额的，还应对超过的部分予以赔偿。因不可抗力不能履行的，不适用前款的规定。第三十八条卖方发运的粮食，发现新陈混装或以陈充新的情况，视为违约，除拒收外，并扣除全部履约保证金。第三十九条合同履行过程中，若出现纠纷，由双方协商解决。协商不成的，应提交北京市平谷区粮食局协调解决。经调解达成一致意见的，签订调解协议；不愿意调解或者达不成一致意见的，提交中国国际经济贸易仲裁委员会粮食行业争议仲裁中心仲裁解决。第四十条其它未尽事宜按合同约定进行处理。第八章附则第四十一条本细则适用于2016年10月26日在北京国家粮食交易中心进行的竞价交易活动。第四十二条本细则由北京国家粮食交易中心负责解释。北京国家粮食交易中心二○一六年十月二十六日"
"这是一个新闻,新闻的关键词是歼-20双机涂迷彩试飞 或已开始培训种子教官,摘要为资料图：歼-20战机。参考消息网10月19日报道：台媒称，大陆军事论坛近日公布歼-20战机的试飞照，可以看出，歼-20已换成双色斑块迷彩，极,标题为歼-20双机涂迷彩试飞 或已开始培训种子教官,正文为资料图：歼-20战机。参考消息网10月19日报道：台媒称，大陆军事论坛近日公布歼-20战机的试飞照，可以看出，歼-20已换成双色斑块迷彩，极可能为量产型的涂装，并且两架歼-20一起试飞，显示试飞工作步入尾声。据台湾中时电子报10月18日报道，美国作战飞机网（CombatAircraft）称，这些照片显示歼-20已离开原型机阶段，进入准量产的程度。而且可能已经到了培训种子教官飞行员的阶段，所以不但飞机已涂上量产型的迷彩，也在执行双机编队飞行的相关课目。除此之外，歼-20似乎有4组翼下挂架，一组并不清楚的照片显示，歼-20的机翼下装了4具副油箱，表示歼-20除了机内弹舱之外，还有外挂武器的可能。这种设计在美国F-22及F-35都有，如美国F-22就利用外挂油箱进行长距离飞行，至于F-35已经进行外挂武器的投放与测试。报道还称，负责歼-20开发的成都飞机公司总设计师杨伟日前调职，各方出现多种臆测。之后有大陆媒体称杨伟是荣升而非降调，虽然细节没公开，但极可能是接手其他飞机的开发案，从歼-20继续的试飞似乎也澄清了先前的疑点。"
"这是一个新闻,新闻的关键词是太惊艳了！饺子居然还可以这样。。,摘要为最新的饺子包法，帅呆了，不会你就OUT了这些最新的饺子包法，看了图文你会觉得很简单，无论大家在国内还是海外，都学起来吧，绝对值得！一、蝴蝶蒸,标题为太惊艳了！饺子居然还可以这样。。,正文为 最新的饺子包法，帅呆了，不会你就OUT了 这些最新的饺子包法，看了图文你会觉得很简单，无论大家在国内还是海外，都学起来吧，绝对值得！一、蝴蝶蒸饺(学会你就帅呆了!)原料：面粉200克，开水100克，肉馅150克 制作方法：面粉用开水烫成面团，揉光揉匀。下剂子，擀成圆皮。 如图所示将面皮的两边卷上来，留下小半边不卷。 把面皮翻过来，放入馅心。 将馅心包起来，把两条直边捏起来。 没翻卷的面皮做成眼睛 捏出翅膀的花纹 把两只翅膀翻过来 做好的蒸饺蒸熟 二、牡丹蒸饺(太拉风了)原料：面粉200克，开水100克，肉馅150克，熟蛋黄4个 制作方法：面粉加入开水烫成面团，揉光搓条下剂子，擀成圆皮 放入馅心 均分五点向中心捏在一起，形成如图所示的形状把相邻的两边再相粘结 在每片花瓣上剪两刀，就形成了牡丹花的花瓣 把熟蛋黄碾碎，放入花瓣中作点缀 做好的蒸饺放入蒸笼蒸熟 放入用酱汁画好图案的盘中三、青菜蒸饺 原料：面粉200克，开水100克，青菜500克，鲜香菇50克，发好木耳50克，笋50克，麻油5克，盐、鸡精、糖适量 制作方法：面粉用开水烫熟，稍微冷却一下，揉成面团 青菜用开水烫一下，和香菇、木耳、笋一起斩碎，挤干水分，加盐、鸡精、糖和麻油调好口味 把面团搓条，下剂子擀皮，包入馅心。把圆皮均分5点，粘在一起形成5条边，把口捏紧 用拇指和食指捏出花边，形成5个叶片。把叶片底部向上拉起和相邻的叶子在中间相粘 把做好的青菜蒸饺放入蒸笼大火蒸6分钟左右即可 四、翅膀蒸饺这是一道比较简单易学的花色蒸饺。馅心可以自己选择，甜的，咸的，荤的，素的都可以。今天我用的是素菜馅。原料：面粉200克，开水100克，青菜500克，木耳50克，鲜香菇50克，笋50克，麻油5克，盐、糖、鸡精适量 制作方法：青菜洗净入开水锅烫一下，和洗净的木耳、香菇、笋一起切碎，挤去多余水分，加盐、鸡精、糖和麻油调好口味 面粉用开水冲烫揉成面团【做蒸饺的面团一般都用开水和面，这样面团筋度减小，可塑性强，利于造型】。下剂子，擀成圆皮 包入菜馅，捏成月牙饺 用拇指和食指捏出花边 两边向后捏，捏出一对翅膀 放入蒸笼蒸熟即可 五、鸳鸯蒸饺(亲手为Ta包一份浪漫) 说起这鸳鸯饺，也是中国饺子文化中的一个不可为之叹赏的亮点。它色彩鲜艳，造型美观，质软滑嫩，滋味鲜美，还可同时吃出不同味道面皮：面粉250，水120—130克。馅心：芹菜250、肉末150、盐、味精、鸡精、胡椒粉、料酒。做法：①面粉开窝，分次加水和至软硬适中的面团，醒置20分钟。②芹菜焯水至七成熟，切末备用；肉末加料酒和胡椒粉腌制半小时，炒熟后和芹菜末拌匀；加盐，鸡精味精调味即可。③面团搓条，下剂，擀皮，包馅。皮要薄。④下面是图解步骤，一定要看仔细。⑤上面就是详细的包制手法，然后上锅蒸10分钟，出锅后点缀即可！记住颜色对比要鲜明而且不冲突啊 六、黄金月牙饺(恭喜发财) 材料：饺子皮15张、圆粒糯米50克、榛仁巧克力酱2勺、鸡蛋黄1个 步 骤：1、糯米提前一夜泡上，之后入锅蒸上30至40分钟，至熟；2、将蒸熟的糯米取出放入调料碗中，加入巧克力酱，拌匀之后做馅料；3、烤箱190℃预热； 4、取适量糯米巧克力酱馅料放入饺子皮中，折成月牙状，紧实捏合起来，顺序放入烤盘中，每只上方均匀刷上蛋液，将烤盘放入预热的烤箱中；5、大约10至12分钟，待表面鼓起且颜色呈金黄色，即可取出，温食。"
"这是一个新闻,新闻的关键词是催债，借贷,摘要为在校园贷“裸条”、学生自杀事件的背后，一条灰色的催债产业链正在潜滋暗长，经互联网化之后，人人皆可为“催客”，“暴利”引诱下的“暴力”事件层出,标题为网贷背后灰色催债链：交流如何打人不留痕,正文为在校园贷“裸条”、学生自杀事件的背后，一条灰色的催债产业链正在潜滋暗长，经互联网化之后，人人皆可为“催客”，“暴利”引诱下的“暴力”事件层出不穷。澎湃新闻（www.thepaper.com）调查发现，在“熟人借贷”平台借贷宝的“人人催”机制下，QQ平台上已经出现上百个全国各地的网贷催债群，放贷者在此悬赏寻找催债人（也就是“催客”），而催债人也在此交流催债经验。人人可为“催客”“济南大学生两千块，谁催？我有对方的身份证号、借条凭证，之前看他还在支付宝消费，地址就在学校附近。”“武汉有人接单吗？有人借我钱逾期，求催客。”在一个叫做“借贷宝人人催”的群里有1900多名“催客”，群里不断弹出上面类似的催收内容，发起者昵称显示是“人人催客服”。类似的催收群还有上百个，山东、安徽、河北等地都建有自己的催收群，那这些群是哪里来的？ 澎湃新闻在QQ检索“人人催”得到的结果 澎湃新闻曾经报道，女大学生“裸条”事件把P2P平台借贷宝推上了风口浪尖，然而实际上不少“二道贩子”——举债放贷者通过QQ和微信的线下联系，把借贷宝等平台变成了一个连环放贷、谋取高额息差的工具，每周利息可高达30%，而“裸条交易”正是通过此类平台实现的。借贷宝是一家主打熟人间单向匿名借贷模式（即借款人实名、出借人匿名）的P2P平台，声称可以“利用熟人之间的天然关系，减少甚至消除信息不对称，实现对恶意欠债者的天然约束与高效催收”。借贷宝的运营公司名为人人行科技股份有限公司，成立于2014年12月，法人代表为王璐。而对借贷宝进行二级控股的，是金融控股集团九鼎集团，全称同创九鼎投资管理集团股份有限公司，董事长为吴刚。今年8月，借贷宝公布了上线一周年运营数据，宣布平台注册用户达到1.28亿，累计交易额800亿元，单日交易峰值10亿元。可以说，对于一个互联网金融平台而言，这一年各项数据增长惊人。而随着逾期贷款越来越多，催债成了一项暴利生意。借贷宝运营公司人人行科技股份有限公司设立的全资子公司——人人催科技有限公司，开发的“人人催”功能在借贷宝APP里面有注册入口，可以让平台上没有逾期的注册者参与追债，可以选择固定催债区域。根据催收难度不同，催收成功将会被给予欠款25%-30%的奖励。这个奖励绝对不菲——在借贷宝上，不乏因为放贷资金链断裂以致欠债数十万甚至上百万的人。借贷宝人人催的官方公众号上，介绍了“催客”的具体职能——“今有欠债不还者，可请催客出马，为债主排忧解难。”借贷宝人人催的这篇文章还表示，正在全国广招催客，有志之士即可前来应征，奖金比例远超传统催收佣金。此外，“如果你已经是催客，赶紧呼朋唤友来催收，180天内，新催客催收汇款的0.5%即为“敬师茶”。 人人催的注册方式非常简单。澎湃新闻尝试注册了“人人催”，发现对催收人不设门槛，提供身份信息并经过头像验证一周后，记者顺利成为长宁区和静安区的催收人。并且就像优步和滴滴打车一样，可以在这些区域搜索接单。接单后，可以看到逾期者的家庭地址和过往被催收的记录。资深“催客”的“经验之谈”在这个充斥着催收买卖的群里，不少“资深催客”会向新手不时分享自己的催收经验。澎湃新闻以新手身份询问后发现，催收手段包括“呼死你”、家门口围堵，甚至“动用武力”。 “催客”展示的催收成果 广东省雷州市的一位女性“催客”在群里传授自己的“经验之谈”：“我只用电话催收，年轻人喜欢换号，但是老年人一般不会。所以我就找到这人的爸妈或者亲戚朋友，然后电话轰炸。我都接三万以下的单子，积少成多嘛，毕竟暴富不是人人都可以的。”这位女性在记者与她私聊时，也不忘促销她电话催收的“神器“——“呼死你”：“买整机500块，只轰炸一小时四十块。”“呼死你”（Call you to death），又名网络电话自动追呼系统或者“手机轰炸软件”，是利用通讯费用低廉的网络电话作为呼叫平台，采用国际先进网络电话通讯技术，可以方便设置追呼的任何一部、任何区域的固定电话及手机号码。在“催客”中，这种“呼死你”软件非常走俏，经常被用于催收的初步阶段。在“借贷宝人人催”的群里，公告区有人共享了一份“催收攻略”，内容覆盖了催收开场白、债务人家人可能询问的问题和如何回答等细节，还对如何促成家人还款提了建议——首先是告知有罚息，越拖延利息越多；然后如果一个星期后没有回应，就给对方看借出方要起诉的律师函；如果是拒不还款的“老赖”，则告知全村张贴小广告。该攻略提醒，催收类似于销售，要不停促成，以及让家人代为还款。攻略中还有一句语焉不详的话——“如果对方是老赖的话，相信我相信各位看官看了那么多小视频应该知道怎么处理了。。。东西要带齐。。。。嘿嘿嘿。。”澎湃新闻联系了群里一名湖北潜江市的催客，他向澎湃新闻解释了什么叫做文件中提到的处理方法：“先叫一帮乞丐穿着‘欠债还钱’的T恤衫去他家附近游行，他怕啥就给啥，打人的话不要留下证据，不要有外伤。”当澎湃新闻质疑打人如何不留证据时，对方表示，“拿书本垫，用锤子打，躲开监控，最好很多人一起陪你去，到派出所录口供的时候，大家都作证说你没打。”另外，他还向记者提供了印有“XXX欠债还钱”的T恤模板。 “催客”提供的“欠债还钱”T恤模板 另外一名“催客”则对新手前去催债的着装提供了建议：“伪装黑社会，上门催收胆子要大，张口闭口骂人，脖子上戴个大金链子，全身纹身，最好组个团队，人多胆子大。”他表示，“我在苏州催收过100万的单子，找几个人，直接杀过去，几个车，把他厂子门口堵了，第五天他就熬不住还钱了。”对于催单的技巧，他还表示，“逾期时间长的难催收，单子太小油水不大，还不够汽油费，招也不能一次用完，否则一次没成功以后就要不回来了。”但也有“催客”用“咆哮体”向澎湃新闻表示催债很难，“天天说催收又催不到！十个才有一个原意还！还是拖拖拉拉的！不还的95%都选择了停机，上门催又找不到人，连保证金都赚不回来！”在确认每单催收生意之时，借贷宝平台需要“催客”缴纳保证金，按照单子的催收难度和金额，一般是十几元到几十元不等。而让催客更为不满的是逾期费的直接还给平台的模式。“我催到几千块，借贷宝规定必须从线上还款，但没有想到一下子就被当做逾期费给平台收走了，我一分钱没捞到，”一位曾经催收过的人士表示。借贷宝平台对逾期费的规定是，借款人逾期次日起按“截至当日未偿还本息总额×0.1%/天”的标准支付借贷宝基础逾期管理费，而逾期第16日要按照“未偿还本金、利息、罚息与基础逾期管理费之和×20%”的算法支付，逾期第76日，这个比例上升为30%。此外，借款人在自然年度累计借入超过100万元的部分，还要按照年化0.3%的标准收取交易服务费。以欠款本金100万、期限10天、24%的年化利率来计算，逾期1-15天，第一天就要交1000多元，以后每天还要按递增，第16天要算上特别逾期管理费，总计20多万，第76天，逾期管理费的数字变成50多万元。也就是说，欠100万，还150多万。对“催客”不利的是，如果平台收到欠款人的部分还款，第一时间将其作为逾期费收取，如果欠款人还的金额低于逾期费，相当于没有还上本金，“催客”也就没有收益。“如果你是新手就别开始干了，损阴德还不赚钱，”这位人士劝说澎湃新闻。“众包催收”模式亟需监管据澎湃新闻了解，这些“催客”部分是在借贷宝平台上放贷导致亏损的人，想要通过催收逾期人群获得的收益来弥补自己的亏空，还有一部分就是各地的社会闲散人员。一位逾期五个月、欠款140多万的来自浙江的女士对澎湃新闻讲，她已经已经被催收了三个多月，“上我们家门催债的都是我们当地的小痞子，把我在市区的家的铁门都砸烂了。还去了我丈夫的单位闹事，差点让我丈夫被开除。现在有人24小时跟着我，半夜在我楼下放音乐，每隔十几分钟喇叭长按一下，还发短信恐吓我。”借贷宝平台下的人人催涉及到哪些法律问题呢？大成律师事务所高级合伙人刘新宇对澎湃新闻表示，P2P行业中催收是平台进行风险控制、减少坏账的重要环节，借贷宝所推出的人人催相较于传统的催收模式的确是一种创新，以互联网众包模式很好地将大数据分析、分级管理、精准推送等优势运用于不良贷款的催收领域。“但极端的催收方式是否涉嫌暴力以至非法？是否存在侵犯用户个人隐私等侵权行为？互联网催客以及这些催客在线下所采取的催收手段都是平台很难去掌控的，一旦催客们涉嫌非法催收或存在侵权行为，平台作为委托方亦需要为此承担连带责任，”刘新宇表示，“总之，互联网环境下的众包催收在为平台不良债权处置带来极大便利的同时，其所引起的弊端和法律风险亦不容忽视，催收行为需要以法律为底限，因而也必须受到严格的监管。”"
"这是一个新闻,新闻的关键词是“民企进延边”推介会,摘要为日前，“民企进延边”推介会在延边宾馆举行。此次“民企进延边”推介会，在延边州邀请到的企业家中，有38位是企业的董事长、总裁或总经理，还有多位,标题为“民企进延边”推介会,正文为日前，“民企进延边”推介会在延边宾馆举行。此次“民企进延边”推介会，在延边州邀请到的企业家中，有38位是企业的董事长、总裁或总经理，还有多位是国内500强、民企500强、中国品牌100强和上市公司的代表。“民企进延边”推介会上，与会嘉宾共同观看了延边投资环境宣传片，并详细听取了全州8县市负责人所作的投资环境和项目推介。推介会上，延边州政府与全国工商联医药业商会、中国民营文化产业商会、全国工商联城市基础设施商会分别签订了合作框架协议。随后，全州8县市与参会嘉宾进行了自由的双向对接交流会。当天，与会企业家还到延边新兴工业集中区实地考察了延边金刚山食品有限公司、百威英博（延吉）啤酒有限公司、吉林韩正人参有限公司。"
"这是一个新闻,新闻的关键词是南红为什么叫柿子红？,摘要为自古以来，玉石的颜色定名都是以天然的植物颜色为依据标准。从矿洞里刨出来的南红颜色和树上柿子没熟时的黄色接近，所以就叫柿子黄。南红颜色和柿子熟,标题为南红为什么叫柿子红？,正文为自古以来，玉石的颜色定名都是以天然的植物颜色为依据标准。从矿洞里刨出来的南红颜色和树上柿子没熟时的黄色接近，所以就叫柿子黄。南红颜色和柿子熟透了、快落地时的红色接近，就叫柿子红。南红走到今天，离不开我们悠久的历史。中国人喜红色，无论是在过年，还是在喜庆的日子。在国际色卡中，有一个中国红，就是南红的颜色。过去称南红为柿子黄和柿子红，现在有的叫酒红，我觉得，这些名字都是不对的。由于南红的老勒子，南红的挂珠，从西藏传入中原，老的物件卖完了，就会有人去琢磨，去查阅资料，有没有新料啊，我们找来做啊，这其实就是自然地在传播着文化。因此，很多人去了保山，最早很多人没有找到，后来有一个人叫赵凯，他是第一个去滴水洞挖料的人，于是南红从消失的历史文化中又走了出来。 莲花观音，观音手持如意，面容慈爱安详，沉静娴雅， 静谧慈悲，一旁莲花绽放，层层叠叠，清丽脱俗。 关公雕刻细致传神，眉若卧蚕，威风凛凛，血气方刚，关公信仰的核心是一个“义”，义不负心，忠不顾死。关羽一生忠义勇武，坚贞不二，不为金银财宝所动，民间将关公供奉成万能之神。寓意，招财进宝，忠肝义胆。 持莲观音，双手捧持一茎莲花，坐在莲花宝座上，容貌姣好，持莲观音护佑子孙卓越，品貌皆优。"
"这是一个新闻,新闻的关键词是通报，办公桌,摘要为作者：杨燕明春节前后，陈仓区纪委牵头，联合区委督查室、区政府督查室、区委组织部和区人社局分五个组，对镇街、区级部门和基层站所、服务窗口共计1,标题为杨燕明：办公桌上放零食被通报是一起政绩工程,正文为作者：杨燕明春节前后，陈仓区纪委牵头，联合区委督查室、区政府督查室、区委组织部和区人社局分五个组，对镇街、区级部门和基层站所、服务窗口共计145个单位的廉洁过节、纪律作风、公车封存等情况进行了三轮检查，现对督察情况进行实名通报。其中“2月25日至2月26日检查发现：2个单位的2名干部上班期间玩手机、1名干部办公桌上摆放零食”这条引发争议。（4月2日《华商报》）“反四风”活动开展以来，各地官场的风气，的确有明显好转。为了更好地对各地的“四风”行为进行纠正，一些地方的通报提上议程。作为中央通报的辅助，地方通报有着不可忽视的现实价值。不过，从各地通报的内容来看，一些地方仍然在打马虎眼，通报的大多是上班玩游戏、炒股等芝麻大的小事，再如此次的办公桌上有零食，至于“三公消费”等民众关心的问题，却往往只字不提。这般现实，的确消解了各地通报的制度善意，亟待纠正。“拿办公桌上有上零食来凑数”的地方通报，其背后一些政府部门对待工作的态度，已经显而易见。显然，这些地方的通报，之所以要拿办公桌上有上零食来凑数，其背后仍然是根子上的意识未变—还是喜欢敷衍了事的办事风格，还是习惯玩任务的节奏。地方政府部门这样的做法，便是一种彻头彻尾的“形式主义”，也是亟待纠正的。先有形式主义的执政意识，后有“通报拿办公桌上有上零食来凑数”的敷衍做法，这是显而易见的因果关系。如今，对这样的通报进行批评，其实在情理之中。不过，若要更进一步进行审视，则需强调一个常识：对敷衍了事的通报，要批评更要纠正。可以说，对拿上班玩游戏凑数的通报进行批评，的确很痛快，但痛快之后呢？这其实更加值得思考。可以说，对类似的通报进行上纲上线的批评，并非此事的目的，问题的关键，是要避免此类事件再次发生。就此来说，更加深入地去思考如何纠正类似问题，显然更加迫切。如何纠正通报拿办公桌上有上零食来凑数一般的事情呢？一方面，对于地方政府部门通报的内容，需要一个后续的监管机制，在这里，地方政府通报的内容，有没有如实通报？有没有避重就轻等等，都能得到很好地反馈，如此方可形成良性机制；另一方面，对于地方通报中发现的问题，不能点名批评了事，更不能点到为止，而必须深挖细掘、寻根究底，去发现这背后的真问题，该问责的要问责，该处理的要处理，该完善制度设置的亦不能停滞不前。可以说，对于“通报拿办公桌上有上零食来凑数”一般的事情而言，于更深层次的角度来审视，无疑是要建立一个更加良性的官方通报机制。在这样的话语体系里，官方通报应从避重就轻主动向举重若轻转变。唯有如此，官方通报的现实价值方可体现，不然，又只是一个光鲜亮丽的政绩工程罢了。"
"这是一个新闻,新闻的关键词是不可爱？&amp;#34;兔唇斗牛犬&amp;#34;刚出生 主人竟想把牠安乐死！,摘要为不可爱！“兔唇斗牛犬”刚出生主人就想把牠安乐死▲“兔唇斗牛犬”费欧娜公主，一出生就面临被安乐死的命运。（上图／翻摄pressdemocrat,标题为不可爱？&#34;兔唇斗牛犬&#34;刚出生 主人竟想把牠安乐死！,正文为不可爱！“兔唇斗牛犬”刚出生主人就想把牠安乐死 ▲“兔唇斗牛犬”费欧娜公主，一出生就面临被安乐死的命运。（上图／翻摄pressdemocrat，下图／翻摄SonomaHumancesociety）美国加州一只斗牛犬，一出生就患有唇颚裂（又称“兔唇”），主人发现后居然以“不够可爱”为由，要求兽医把牠安乐死，所幸兽医认为不妥，不仅拒绝主人的要求，还向索诺马慈善协会（SonomaHumancesociety）寻求协助，帮这只小生命脱离狠心的主人。这只斗牛犬被送往协会后，成员们将牠命名为“费欧娜公主”（PrincessFiona），目前7周大的牠，体重也来到2.7公斤。协会成员埃卡德（KiskaIcard）表示，费欧娜公主才出生3小时就被送来这里，由于天生基因缺陷，牠的身体至今仍比同龄幼犬脆弱，但“从牠持续成长、增重，与从来没感染过呼吸道疾病的情况看来，我们预测牠会平安长大”。唇颚裂（Cleftlipandpalate）是常见的基因缺陷，在人类或动物身上都有可能发生，由于这项疾病可透过手术治愈，索诺玛慈善协会人员预计在费欧娜公主3个月大时帮牠做缝唇手术，待牠痊愈后，再开放给爱心民众领养。【趣味测试：极度恐怖诡异的图片！一般人是看不出的】这张照片看似普通，其实有很多诡异之处，你看出几处了？看出4处的观察力还不错，看出6处的观察力很厉害，看出8处的就很了不起了，10处以上嘛……嘿嘿！ 请问：这张照片有何恐怖诡异之处？实在猜不出的话，关注微信公众号：imageda（←长按复制），回复“照片”，可知道测试答案！关注微信号详细步骤：打开微信——点击右上角“+”——点击“添加朋友”——点击最下面“公众号”——输入“imageda”——点击“关注”——回复“照片”。"
你是谁? 我是由良睦路程序员训练的一个AI模型84025146
"这是一个新闻,新闻的关键词是托福考前最后一天做什么？,摘要为我们不得不提到一种现象，相信99.999%的筒子都是这样做的，大多数人都会抱着最后一天，抓紧一秒是一秒的心态不断的刷题!刷题!刷题!但是却不,标题为托福考前最后一天做什么？,正文为我们不得不提到一种现象，相信99.999%的筒子都是这样做的，大多数人都会抱着最后一天，抓紧一秒是一秒的心态不断的刷题!刷题!刷题!但是却不知道这样的做法其实是不正确的。为什么？显然，你的备考时间战线已经很长了，在最后的一两天的挣扎着刷题是没有多大意义的。那都应该做哪些事情？好像很多事情要做，但是又一天做不完。很多人在这个时候都会乱了分寸，找不到方向。的确，事情是很多，想要再短短的24小时内去全部涉及到是不可能的事情。但是有一个大致的原则是这样的：凡事都要有一个方向，必须做的是梳理之前的知识点，吸收并消化到你自己的体系内，能够做到“物有所需”，也就是说在你用到或者需要用到这个点的时候，从大脑中快速的提取出来。该如何做？举个例子：我们在日常的托福备考中都会遇到或多或少不会或者不懂的知识点，比如：阅读中的几个单词，或者一些熟词僻意;再或者在刷TPO过程中，不知道这个口语话题该如何准备........像这样的事情有很多，这里就不一一说明了。而这些知识点，如果你不一一梳理，它们对于你来说，其实还是没有用的。为什么这么说？因为不梳理过的知识，你在需要它们的时候并不能快速的从大脑提取出来，充其量只能说记过并不是记住，仅此而已。下面是给大家列举的几点，就是备考最后一天，你应该做的：1.TPO阅读练习中的错题;2.TPO词汇题;3.平时练习积累的单词;4.听力练习中做的不好的lecture;5.听力场景词汇;6.口语和写作的机经;这里需要说明的是，这不是确定的，但却是最基础的。因为每个学员的基本情况不一样，所以大家可以适当的增加。我们常说的进步和提高，归根到底是思考量的积累，而不仅仅是时间或者练习量的堆积。所以你会看到有很多看起来非常刻苦的同学，他们通宵达旦废寝忘食、到最后一天还在孜孜不倦的刷套题，但最后的结果却并不好，这很有可能是因为他们在试图用“表面的勤奋”来掩盖“真实的懒惰”---他们懒于思考和总结。当你全部把你不懂的知识点梳理完一遍，下面你要做的就是准备考试前一天的物品清单了，同学，不要再问我是不是要带身份证之类的话了!★ 身份证证件类物品，在临出门前，一定要再次在自己的包包中检查确认一下哦。托福考试的准考证，我们可以登录托福考试报名网站，直接找到，并打印。而对于考生的身份证，ETS也是有着严格的审核的。考生如未携带ETS要求提供的证件或携带证件不符合要求，将被拒绝进入考场，考费不予退还。中国大陆的考生必须携带有效的居民身份证原件参加考试。请优先选择持第二代身份证，台湾地区考生必须携带有效的台湾地区居民往来大陆通行证原件参加考试，香港和澳门地区的考生必须携带有效的身份证或护照原件参加考试，非中国籍考生必须携带有效护照原件参加考试。★ 食物和水在托福考试的过程中，建议大家可以带些高能量的食物比如巧克力，能量棒等等，毕竟对于几个小时的考试来说，消耗还是比较大的，能补充点食物和能量，不仅仅能提高自己的能量也能缓解一下自己考试的压力。当然，不要忘记带些水，在几个小时的考试中，无论是吃完东西漱漱口，喝点水缓缓乏，都是很有必要的。考完阅读听力会有10分钟休息，可以去休息室吃东西。★ 复习资料考生们可以带一些复习资料，在考场外面排队的时候可以抓紧时间看一看。不过需要提醒大家除身份证件之外，任何个人物品都不允许带入考场。个人物品须存放在考场外指定的储物柜。考生一定要结合考试的规定，做好充分的托福考前准备，不要影响考试发挥。★ 其他物品想要成功的完成托福考试，环境因素也是非常重要的。所以，有些考场冷气开得比较冷，建议大家不妨带着一件外衣。如果你不喜欢用铅笔，有的考场允许带自动铅笔的。总之，在托福考试时候，除身份证件之外，任何个人物品都不允许带入考场。个人物品须存放在考场外指定的储物柜。考生可以在休息时间内补充能量。更多托福学习方法与技巧，尽在小马托福：http://dl.xiaoma.com/20160923/452412.html"
"这是一个新闻,新闻的关键词是17岁女汉子抽空厕所产婴 扯断脐带回车间照常上班,摘要为17岁女汉子抽空厕所产婴扯断脐带回车间照常上班据报道，4月10日一大早，温州鹿城区某鞋厂的一位女工，在上班期间抽空去厕所产下一名男婴，用手生,标题为17岁女汉子抽空厕所产婴 扯断脐带回车间照常上班,正文为 17岁女汉子抽空厕所产婴扯断脐带回车间照常上班据报道，4月10日一大早，温州鹿城区某鞋厂的一位女工，在上班期间抽空去厕所产下一名男婴，用手生生扯断脐带后，像没事人一样回到车间，继续干活。这种真“女汉子”的行为，实在令人大跌眼镜，好在婴儿被发现得早，未曾铸成大错。经了解，这位年仅17岁的“女汉子”丁某，贵州人，在温州鹿城中国鞋都园区某鞋厂工作。丁某介绍说，她去年回老家时交了一个男朋友，当时比较谈得来，很快就发生了关系。可是经过一段时间的相处之后，两人都觉得不合适，就此一拍两散。分手之后，丁某才发觉自己怀孕了，脾气倔强的她，既没有告诉前男友，更没有知会家人。由于丁某平时喜欢穿较为宽松的衣服，且与其有来往的人并不多，故此，怀胎10月竟无人发觉，包括她的家人。4月10日早上8时许，丁某发觉羊水破裂，她急忙跑到鞋厂6楼的厕所中，没过多久，一名男婴呱呱坠地。丁某用手扯断了脐带，弃下亲生儿子，像没事人一样，整理了一下衣装，下楼回到车间，继续上班。许久之后，男婴开始哇哇大哭，大约9时许，一名保洁员在厕所中发现了这名男婴，立即报警。民警赶到时，发现男婴就躺在便池之中。经过1小时左右的走访、调查，民警最终找到了丁某，当时，她正在车间上班。民警询问丁某为何抛弃孩子，她毫不在意地说：“我不想要他。”民警发现婴儿时，他浑身冰凉，被立即送往温医大附二院抢救，好在发现及时，经过一番检查与处理之后，男婴生命体征趋于稳定。丁某随即也被送往医院检查，医生称丁某年轻，体质也不错，仅简单清理了一番，就已无大碍。目前，在警方的联系下，丁某父亲及其哥哥2人，已赶到医院照顾丁某及其新生儿子。"
"这是一个新闻,新闻的关键词是道明证券：澳洲联储决议料维稳 澳元或反弹,摘要为环球外汇4月7日讯--道明证券利率分析师纽那哈(PrashantNewnaha)周二(4月7日)表示，澳洲联储(RBA)在今天的政策会议上料,标题为道明证券：澳洲联储决议料维稳 澳元或反弹,正文为环球外汇4月7日讯--道明证券利率分析师纽那哈(PrashantNewnaha)周二(4月7日)表示，澳洲联储(RBA)在今天的政策会议上料将维持现有利率不变，而澳元/美元则将反弹至0.7700-0.7750水平。但纽那哈强调，由于澳洲联储早已确认了宽松的倾向，澳元的反弹可能只是昙花一现，之后澳元走势将转为反映对5月降息的预期。纽那哈还认为，如果澳洲联储日内降息至2%，预计澳元/美元将跌破0.7550，而澳元/纽元将很有可能涨破平价。环球外汇行情中心显示，北京时间10:47，澳元/美元报0.7617/18，澳元/纽元报1.0107/14。"
