content
"这是一个新闻,新闻的关键词是祁庆山：选乘龙H7的“全面理论” | 卡车之友网,摘要为卡车之友网原创www.ecv360.com微信公众号：ecv360作者：张久英“鬼老灵，人老精。”老话儿说的还真不错。修炼年代长久的鬼神作法,标题为祁庆山：选乘龙H7的“全面理论” | 卡车之友网,正文为卡车之友网原创www.ecv360.com微信公众号：ecv360作者：张久英“鬼老灵，人老精。”老话儿说的还真不错。修炼年代长久的鬼神作法灵验，当然这是迷信传说，不足以取信。可是，年纪大的人阅历丰富，考虑问题周密细致，自然精明。 河北省邯郸市永年区的祁庆山，年届天命，开车23年，绝对算是卡车司机当中的一位“老黄忠”，就算没修炼到七窍玲珑，也算已到了耳聪目达的境界。过完2016年春节以后，祁庆山就琢磨着换台正经能赚钱的牵引车。表面原因是原来的车不给力，其实了解他的人都猜到老祁是想赶紧买台得心应手的好车，趁着行情好再发扬几年“夕阳红”的精神。祁庆山年轻的时候在邯郸峰峰矿区上班，1993年就开始在矿上跑车，当时车队里可选择的车型有限，要么是解放142，要么是解放143。“老卡车”的性能及舒适性和现代卡车相比是天壤之别，可但凡有开“老卡车”经历的司机，除了具备一定水平驾驶技术，还掌握相当的机械常识，对卡车认知比较全面。祁庆山回忆青春岁月最值得骄傲的是“认识了真正的卡车是什么东西。” 再后来，祁庆山离开矿山给人开车，主要拉建材和煤炭，全都是受累的活儿。时间就像郁孤台下的清江水，“青山遮不住，毕竟东流去”。从上世纪九十年代末，到目前阶段，随着卡车制造水平的提高，卡车设计理念的革新可谓翻天覆地，重卡牵引车的动力性能，以及操控的便捷和驾驶舒适性的提升更是日新月异。面对当前市场上众多品牌的诸多车型，虽说乱花渐欲迷人眼，但老司机们认准了“磅礴大气独凛然”的才是真爱。 1.85m身高的祁玉山站在乘龙H7驾驶室尚觉空间宽裕一位跑长途运输的朋友向祁庆山推荐东风柳汽乘龙H7牵引车，说开着感觉不错，收益显著。祁庆山于是围绕动力总成、驾驶操控、经济性能、安全等要素，结合自己的业务需求，展开全面调研和对比，最终证实朋友的话的确不是瞎忽悠，乘龙H7确实值得拥有。“我是今年3月份买的480马力乘龙H76×4牵引车，半年多跑了十多万公里。前些日子因为新国际的实施，有人说开大马力车是资源浪费。其实，持这种观点的人有可能不会开卡车，也有可能是对卡车用户的实际需求缺乏全面了解。”祁庆山介绍，他的乘龙H7匹配的是潍柴WP13 480发动机、法士特铝合金直接档变速箱、方盛FS160 2.867小速比后桥，“1100转左右就能将时速提高到80公里，平时的经济转速在950~1400转范围，百公里综合油耗保持在32~35L，高效又经济。” 祁庆山现在的业务属于运输标准件和自行车产品的“全国漫游”，从河北邢台的河古庙装车，最远到过新疆乌鲁木齐，单程就3500多公里。“虽然基本上都是全程高速，然而超长运距、超长运营周期、复杂的路况和多变的天气等综合因素对车辆性能提出很高要求。大马力车型的动力强、爆发力强、爬坡能力持久、车辆运营效率高，而且适应更强。”祁庆山说，同样的是标载，同样的运距，乘龙H7跑乌鲁木齐往返比一般车辆要快1~2天，还省油，这就是显著的收益。 祁玉山说：潍柴WP13动力足、省油，不娇气！“快，只是一方面；在‘快’的背后，还有更直接的收益，那就是经济省油。”除了发动机的省油性能，祁庆山买车时就看中了乘龙H7的双油箱设计，“两个油箱加满总计800L柴油。对于中短途运输，大油箱和双油箱显然没必要。对长途运输运输来说，双油箱的经济性表现的就特别明显。”祁庆山说从邢台到广州，单程不到2000公里，仅去程就能节省400元油费，其中的“奥秘”在于河北地区的油价比广州要便宜许多，“从北往南去，越往南走，油价越贵。双油箱设计正好可以让我做到在南方地区少加油，油钱自然能省出不少”。“乘龙H7的外观设计气派，而且车皮的自重轻。”祁庆山在买车前对比了当前市场上多个国内高端品牌的同类车型，乘龙H7自重占有绝对优势，从而意味着载货量更多。祁庆山选择乘龙H7还有一份私心。以前，给别人开车，车就是纯粹的生产工具，无所谓好与不好；现在换成为自己选车，选的既是能赚钱的工具，还是一个移动的“家”，所以要优中选优。 乘龙H7定位东风柳汽全新一代高效物流重卡，除了满足长途、高效物流运输对动力、效率方面的需求，还特别注重提升司机的驾驶体验：欧洲级超大空间的驾驶室设计、轿车级低噪水平、驾驶室四点悬浮，还有上四维气动调节气囊座椅。祁庆山说开别的卡车7个小时左右就感觉特别累了，自从开上乘龙H7，遇到赶路情况，连续驾驶10个小时以上也不会有明显疲劳感。“最重要的一点是‘安全’。动力、经济、效率、可靠，是一部性能优异的卡车必须具备的素质，可是真正能称得上是‘好卡车’，还必须要有高水准的安全性。”祁庆山说乘龙H7特有的龙骨框架结构驾驶室让人有天然的安全感，同时整车全面应用WABCO制动系统零件，以及胎压监测、防碰撞预警等多项国际先进的主动和被动安全技术项目，等于给“安全”加上了多重保险。谨慎能捕千秋蝉，小心驶得万年船。祁庆山买车奉行着一套“全面理论”，那就是“动力、经济、可靠、效率、安全”缺一不可，恰恰乘龙H7就是满足他所有需求的那台“好卡车”。祁庆山说他的儿子在北京工作，眼看着快而立之年了还没结婚，作为父亲的心里着急，可也没办法，好在有了帮忙挣钱的乘龙H7，“不管孩子怎么样，老司机要先让自己活出精彩”！"
"这是一个新闻,新闻的关键词是用“互联网思维”卖馒头，太牛了!,摘要为小陈开了一家馒头店，正宗的大白馒头，手工制造，完美无瑕无懈可击。你简直不相信这样的馒头可以被做出来——1元钱1个，10元钱可以买12个。生意,标题为用“互联网思维”卖馒头，太牛了!,正文为 小陈开了一家馒头店，正宗的大白馒头，手工制造，完美无瑕无懈可击。你简直不相信这样的馒头可以被做出来——1元钱1个，10元钱可以买12个。生意好的时候一天能卖2000多个，生意不好的时候，也能卖500多个。后来，小陈有了互联网思维的注入。1、只要你在店里买豆浆，馒头只需要5毛钱一个。豆浆成本3毛，卖1块钱一杯；这下他每天能卖3000个馒头+3000杯豆浆；——这叫关联营销 2、再后来馒头不要钱免费送，只需要你买豆浆就行——这叫免费战略 3、 来的人越来越多，馒头做不过来了。小陈买了台馒头机，只要你买豆浆就可以自己去做——这叫UGC 4、来的人更多了，只要你是老顾客，小陈提供小板凳遮阳伞方便你更舒服地排队——这叫增值服务 5、如果你一次订一年的豆浆，小陈还提供免费插队优先买豆浆——这叫会员体系 6、 人越来越多，小陈决定把隔壁的铺子也租下来打通——这叫平台战略 7、 隔壁的铺子不卖馒头豆浆，只卖油条稀饭——这叫丰富产品线 8、小陈找人写了篇大字报叫《人间自有真情在，白送馒头20年》贴得到处都是——这叫软文推广 9、 客人越来越多，小陈决定开连锁店找银行贷款 ——这叫融资找亲戚朋友借一圈 ——这叫P2P找客人借一圈，说只要你借我钱，我送你一盘小咸菜 ——这叫众筹 10、 连锁店开起来，一家只有桌子板凳，另一家全是真皮沙发，当然，真皮沙发要贵5毛——这叫差异化服务 11、 看到开馒头店能赚钱，一条街上开了七八家于是小陈现在馒头不仅随便拿，拿一个馒头还白送你2毛钱——这叫补贴 12、 隔壁街的商场要来小陈门口发传单，小陈收一天2万——这叫流量变现 最后，小陈卖着豆浆油条稀饭，收着广告费，连锁店开遍了全城，在他的店里除了馒头不要钱，其他都要钱——这叫互联网+馒头店 来源：营销兵法（ID：lanhaiyingxiao ） 作者：陈骁黎"
"这是一个新闻,新闻的关键词是黄晓明Anglebaby全套婚纱照流出 甜蜜又搞怪,摘要为黄晓明Anglebaby全套婚纱照流出甜蜜又搞怪,标题为黄晓明Anglebaby全套婚纱照流出 甜蜜又搞怪,正文为黄晓明Anglebaby全套婚纱照流出甜蜜又搞怪"
"这是一个新闻,新闻的关键词是玉米，淀粉,摘要为近日，玉米及淀粉在前期快节奏拉升后进入高位整理平台。临储一度改变了玉米市场原本运行轨迹，但玉米需求不乐观、进口增加，玉米淀粉开工率变化等矛盾,标题为玉米及淀粉面临价格新变量,正文为近日，玉米及淀粉在前期快节奏拉升后进入高位整理平台。临储一度改变了玉米市场原本运行轨迹，但玉米需求不乐观、进口增加，玉米淀粉开工率变化等矛盾依然存在，主导玉米及淀粉市场运行节奏的主要逻辑也在悄悄发生变化。2014年底以来，玉米价格经历了一场转折明显的悲喜剧。方正中期玉米研究员王晓囡表示，其背后逻辑为东北地区临储收购快速增加扰乱了市场供应充裕的预期。数据显示，2014/2015年度国内玉米产量2.15亿吨，消费量2.16亿吨，期末库存7922万吨，库存消费比36.68%。“照此节奏，四月底临储结束时，收购总量有望超过去年(6919万吨)1000万吨。大量优质粮源进入临储，逐渐改变了原来市场供需结构和市场参与者心态。”鲁证期货农产品研究员李振强表示。“大量玉米流入临储库存，导致现货市场供应快速减少，市场情绪逐渐由悲观转向乐观，贸易商采购较为积极，并且在现货粮源逐渐见底，霉变玉米增加，供应形势忧虑情绪加重的情况下，推涨玉米价格强势上行，前期玉米期货价格已经有所体现。”王晓囡表示，持续高位整理后尽管面临技术性调整的需求，但现货价格走高，基差扩大限制了玉米期价的回调空间。在玉米价格上行过程中，玉米淀粉价格也受成本支撑一路抬升。有企业人士表示，目前山东地区每吨淀粉利润高达300元左右，东北地区也达到100元/吨水平，在产能过剩大背景下，这种盈利水平属于罕见。就目前而言，王晓囡认为，大量玉米入库，在新玉米上市前期，特别是二季度至三季度供应青黄不接时期，价格走势易涨难跌。不过，尽管市场普遍存在浓厚的看涨情绪，也需要注意到潜在的风险。“下游需求方面，目前生猪存栏持续调弱，深加工企业开工率不高，玉米需求相对疲弱；进口方面，2015年转基因玉米进口限令放开之后，玉米进口价格优势明显的情况下，后期进口数量或将有所增加，而近年来玉米替代品种高粱等作物进口量放大也将对玉米需求产生抑制。”分析人士认为，上述利空因素在近日玉米期货1509合约中已经有所体现，导致了玉米期价下跌，而淀粉价格在产能过剩及价格大幅上涨的背景下，则积累了更多回调风险。银河期货产业客户总部助理总经理郭云峰表示，玉米占据玉米淀粉成本的绝大部分，受宏观经济低迷影响，淀粉下游需求并无起色，而国家玉米临储量不断创新高推动玉米收购价格大涨，最终传导至终端淀粉价格快速上涨，目前山东地区开工率在6成，东北地区在4成，若价格上涨推动开工率提升，供应量增加而下游未必能够消化，这将对价格形成相当大压力。“上周开始山东地区淀粉市场价格虽然出现拉涨，但成交情况并不是很好。”"
"这是一个新闻,新闻的关键词是《捉妖记》男人也怀孕,摘要为《捉妖记》由许诚毅执导，白百何、井柏然、曾志伟、吴君如、姜武、钟汉良主演，姚晨、汤唯特别出演的一部奇幻电影。,标题为《捉妖记》男人也怀孕,正文为《捉妖记》由许诚毅执导，白百何、井柏然、曾志伟、吴君如、姜武、钟汉良主演，姚晨、汤唯特别出演的一部奇幻电影。"
"这是一个新闻,新闻的关键词是中国最大银行宣布加快实施互联网金融战略,摘要为中新社北京3月23日电(记者魏晞)中国工商银行23日在北京向全国正式发布了互联网金融品牌，成为国内第一家发布互联网金融品牌的商业银行，这也标,标题为中国最大银行宣布加快实施互联网金融战略,正文为中新社北京3月23日电(记者魏晞)中国工商银行23日在北京向全国正式发布了互联网金融品牌，成为国内第一家发布互联网金融品牌的商业银行，这也标志着中国最大的商业银行全面加快互联网金融战略的实施。业内人士指出，此次全面启动互联网金融战略不仅对工行具有里程碑意义，而且对于整个互联网金融业态也具有重要意义。作为一家在境内拥有1.7万家网点、规模和盈利全球最大的银行，工行此次高调提出实施互联网金融战略，个中原因引起各方关注。对此工行董事长姜建清表示，也许在一些人眼中银行被贴上了传统行业的标签，但实际上银行向来是创新最活跃的领域。工行2000年就建立了以网上银行为主体的电子银行体系，目前工行已是最大的互联网银行，电子银行用户达4.65亿户，其中网上银行客户1.93亿，以互联网业务为主的电子银行业务占全行业务比重的87%。姜建清说，随着国家促进互联网金融发展战略的实施以及相关政策和监管法规框架的日臻完善，互联网金融发展将更加规范健康，成为中国经济最具增长潜力和活力的重要领域。值得关注的是，工行的互联网金融选择的是一条互联网与金融相互融合发展的路径，具有突出的信用特征，包括对商户不良行为实行“零容忍”，及时清退不诚信商户等。此外，在大数据挖掘应用上，工行数据平台目前存储数据量超过1300万GB，所积累的数据规模大、历史长且是真实的交易记录。工行行长易会满透露，目前工行互联网金融战略已取得良好开局，电商平台对外营业14个月时间注册用户已达1600万人，累计交易金额突破1000亿元人民币；基于客户线上线下直接消费的信用贷款产品余额超过1700亿元，去年累计放贷2300亿元，与全国P2P网贷成交额之和基本相当。"
"这是一个新闻,新闻的关键词是如何提高你的数据分析能力？,摘要为一、数据分析的一般步骤第一步：数据准备（80%时间）获取数据(爬虫，数据仓库)验证数据数据清理(缺失值、孤立点、垃圾信息、规范化、重复记录、,标题为如何提高你的数据分析能力？,正文为 一、数据分析的一般步骤第一步：数据准备（80%时间）获取数据(爬虫，数据仓库)验证数据 数据清理(缺失值、孤立点、垃圾信息、规范化、重复记录、特殊值、合并数据集) 使用python进行文件读取csv或者txt便于操作数据文件(I/O和文件串的处理，逗号分隔) 抽样(大数据时。关键是随机) 存储和归档 第二步：数据观察（发现隐藏的规律） 单一变量：点图、抖动图;直方图、核密度估计;累计分布函数 两个变量：散点图、LOESS平滑、残差分析、对数图、倾斜 多个变量：假色图、马赛克图、平行左边图 第三步：数据建模 推算和估算(均衡可行性和成本消耗) 缩放参数模型(缩放维度优化问题) 建立概率模型(二项、高斯、幂律、几何、泊松分布与已知模型对比) 第四步：数据挖掘 选择合适的机器学习算法(蒙特卡洛模拟，相似度计算，主成分分析) 大数据考虑用Map/Reduce 得出结论，绘制最后图表 循环到第二步到第四步，进行数据分析，根据图表得出结论完成文章。二、以业务为核心做数据分析“无尺度网络模型”的作者艾伯特-拉斯洛·巴拉巴西认为——人类93%的行为是可以预测的。数据作为人类活动的痕迹，就像金矿等待发掘。但是首先你得明确自己的业务需求，数据才可能为你所用。1.数据为王、业务是核心 了解整个产业链的结构 制定好业务的发展规划 衡量的核心指标有哪些 有了数据必须和业务结合才有效果。首先你需要摸清楚所在产业链的整个结构，对行业的上游和下游的经营情况有大致的了解。然后根据业务当前的需要，指定发展计划，从而归类出需要整理的数据。最后一步详细的列出数据核心指标(KPI)，并且对几个核心指标进行更细致的拆解，当然具体结合你的业务属性来处理，找出那些对指标影响幅度较大的影响因子。前期资料的收集以及业务现况的全面掌握非常关键。2.思考指标现状，发现多维规律 熟悉产品框架，全面定义每个指标的运营现状 对比同行业指标，挖掘隐藏的提升空间 拆解关键指标，合理设置运营方法来观察效果 争对核心用户，单独进行产品用研与需求挖掘 发现规律不一定需要很高深的编程方法，或者复杂的统计公式，更重要的是培养一种感觉和意识。不能用你的感觉去揣测用户的感觉，因为每个人的教育背景、生活环境都不一样。很多数据元素之间的关系没有明显的显示，需要使用直觉与观察(数据可视化技术来呈现)。3.规律验证，经验总结发现了规律之后不能立刻上线，需要在测试机上对模型进行验证。免责申明:本站所有内容均来自网络，我们对文中观点保持中立，对所包含内容的准确性，可靠性或者完整性不提供任何明示或暗示的保证，请仅作参考。若有侵权，请联系删除。文章来源：36大数据"
"这是一个新闻,新闻的关键词是碾压，身亡,摘要为日前，在湖南岳阳天伦城步行街旁，一名2岁女孩独自在前面走着，她的家人紧紧盯着手机，丝毫没有顾忌到孩子。突然，孩子跑到一辆黑色轿车前，轿车司机,标题为2岁女童遭碾压身亡，有了它们结果是否不一样！,正文为日前，在湖南岳阳天伦城步行街旁，一名2岁女孩独自在前面走着，她的家人紧紧盯着手机，丝毫没有顾忌到孩子。突然，孩子跑到一辆黑色轿车前，轿车司机启动时未观察到车前的孩子，直接碾压过去，女孩当场身亡。 这是一个惨痛的悲剧。不少人都在谴责孩子的家长，讽刺所有的低头族。事实上不止路上行人低头玩手机，吃喝拉撒睡、甚至好多开着车的朋友也各种玩手机。在这件事情上，谴责低头族没有错，不过大家也不要忘记一个重要的凶手——直接杀死孩子的车子。 这个黑色的家伙，全身钢铁，做起事来没轻没重，如果这辆车的安全配置再高一些，比如只需多一个前驻车雷达，提醒处于视野盲区的驾驶员有危险发生，那这个小女孩的生命也许就不会白白被忽略掉了。 当然，在倒车的时候如果有后驻车雷达，也能帮助驾驶员扫除视野死角，提高驾驶的安全性。更有倒车视频影像，以图像的形式把死角视野反馈给驾驶员；全景影像，让整车360°无死角。而目前的车辆上，根据配置的不同，其安全差异化也是不同，高配置的车辆其安全配置也多些。 讲到汽车的安全配置，不止有视野、警告辅助，不得不提的还有汽车的刹车系统。一辆汽车不仅仅致力于跑的快，它还要能停的住。最早的汽车，刹车是没有助力的，开车只能是男的或者是女汉子。后来刹车被加入助力系统，刹车也变得轻松。 可是紧急情况刹车踩死之后，轮胎容易抱死，发生侧滑等危险事故，驾驶者只能采用点刹的方式来安全刹车，可这样太累，同样很难操作。ABS防抱死制动系统应运而生，更有后来的EBA（刹车辅助）出现，辅助刹车，以减少刹车距离。减少汽车追尾、撞人等危险事故的发生。 ESP（车身稳定控制）作为一项安全操控配置，被大多数的消费者所青睐，有的甚至没它不选。而ESP的作用也很大，它是在ABS、EBD及TCS基础上发展而来的，能够大大降低车身失控（如甩尾、侧滑）的危险。 最后一项就是自动刹车系统，作为一项主动刹车技术，技术还是比较前沿的。目前主要应用在一些高端车上。美国在3月份宣布，20家汽车制造商已同意在2022年9月1日让自动紧急制动成为技术标准，这20家车企占美国汽车市场99%以上的份额。所以可见这项技术的重要性。 目前最新的自动刹车系统技术，代表有沃尔沃的城市安全系统（city safety）、丰田的PCS、本田的CMBS、奔驰的pre-safe系统等。当车辆在非自适应巡航的情况下正常行驶，如车辆遇到突发危险情况时能自身主动产生制动效果让车辆减速（但具备这种功能的车辆并不一定能够将车辆完全刹停）从而提高行车安全性的一种技术。 我觉得要么国家强制要求，要么各大厂商协商进行，尽量多的给汽车配备安全配置，并且最好要求标配。以此来保证车内和车外的人都安全，另一方面也避免了车辆受损，减少维修经费。如果考虑到生产成本的话，那我宁愿不要全景天窗等养眼的配置。买车用车，有问必答关注微信公众号：我的车评家小编已排好队，等你勾搭！"
"这是一个新闻,新闻的关键词是通报，群体性,摘要为原标题：广东顺德公安部门通报一起群体性事件新华网广州5月25日电（记者刘宏宇）广东省佛山市顺德区公安部门25日通报称，广东顺德23日发生一起,标题为广东顺德公安部门通报一起群体性事件,正文为原标题：广东顺德公安部门通报一起群体性事件新华网广州5月25日电（记者刘宏宇）广东省佛山市顺德区公安部门25日通报称，广东顺德23日发生一起群体性事件，2辆治安巡逻摩托车与一辆消防车被打砸。通报称，5月23日20时许，李某某（男，湖北人）用汽车将5名残障人士运到顺德区均安镇均安二桥占道摆唱，严重影响道路正常通行。执法人员到场要求其停止占道行为，李某某等人不听劝阻，反将残障人士推到公路中间，有的残障人士甚至爬到车底，阻塞车辆通行，最多时有数百名群众围观。李某某等人的行为造成均安二桥交通完全中断，后又将二桥红绿灯路口的百安公路堵塞。期间，有不法人员乘机闹事，烧毁2辆在现场的治安巡逻摩托车，并将前来灭火的消防车围困打砸。事发后，该辖区公安机关迅速前往处置，依法将烧毁摩托车的嫌疑人黄某兵（男，江西赣州市人，在均安某针织厂工作）、打砸消防车的嫌疑人雷某林（男，广西贺州人，暂住均安，无业）和鼓动堵路的岳某龙（男，陕西人，暂住均安，无业）等违法人员抓获，将其他11名堵路人员带离现场。目前，黄某兵、雷某林、岳某龙等人因扰乱公共秩序，已被警方依法刑拘。案件还在进一步审理中。"
"这是一个新闻,新闻的关键词是为亚投行热身：中国金融机构这样拯救巴西石油,摘要为观察者网，从这里读懂世界4月1日，亚投行创始成员国的大门正式关闭，不少人还在忙着清点最后时刻的申请，也有人已经在讨论亚投行未来的运作模式。同,标题为为亚投行热身：中国金融机构这样拯救巴西石油,正文为观察者网，从这里读懂世界4月1日，亚投行创始成员国的大门正式关闭，不少人还在忙着清点最后时刻的申请，也有人已经在讨论亚投行未来的运作模式。同日，来自巴西的一则声明，恰巧为我们提供了一个绝佳的想象角度。国开行为巴西雪中送炭近况悲惨的巴西国有石油公司1日宣布，该公司与中国国家开发银行签署了一项价值35亿美元的投资合同，这些资金将缓解该公司目前的困境。巴西石油所说的困境，指的可不仅仅是国际油价的暴跌，还有震动着整个国内政局的贪腐丑闻。2014年11月以来，巴西石油公司已有近40人被捕，2月4日又有包括CEO在内的6名高管辞职。他们面临与政客及承包商合谋、从项目和业务牟取数十亿美元私利的指控。今年3月，瑞士检察机关冻结了巴西国家石油公司4亿美元的资金，并开展了针对该石油公司腐败丑闻的新一轮的调查。这给原本就债务沉重的巴西石油带来了新的困难。2014年底，巴油负债总额已从两年前的约1810亿雷亚尔(约合557亿美元)增至3320亿雷亚尔(约合1023亿美元)，增幅达83%。美国评级机构穆迪将其信用评级从投资级下调至投机级，加大了该公司在国际市场的融资难度。再加上国际油价的暴跌以及巴西雷亚尔的贬值，自从去年9月以来，巴西石油的股价已经暴跌70%。由于巴西总统罗塞夫在2003年到2010年期间曾任巴油董事长，她也成为民众愤怒的对象。在经济增长乏力的状况下，巴西的政治风波或将愈演愈烈。在此背景下，中国给予巴西石油的贷款可谓是雪中送炭。 巴西总统罗塞夫最近日子不好过助推中国装备制造走出去这已经不是国开行与巴西石油的首次合作。2009年11月，国开行与巴西石油签署了期限10年的100亿美元双边贷款协议。2012年初，巴西方面已经拿到这笔钱。这笔钱主要用于巴西海上油气资源的开发。巴西未开发的油气资源丰富，未来有望成为全球前五位的产油国，并坐拥全球最大的海上油田利布拉（Libra）油田。2013年，中石油、中海油与巴西石油、壳牌、道达尔组成的联合体已经中标利布拉油田开采权。中国在巴西的石油战略并不仅仅限于资源开发，还包括基础设施建设项目。2008年1月，中国石化承揽了巴西国家天然气管网项目中的北段项目，合同金额为10. 16亿美元。这个项目也得到了中国国开行的支持。除此之外，中国的装备制造业在成功进入巴西市场。今年3月，我国设计建造的世界首座半潜式圆筒型海洋生活平台“希望7号”在浙江嵊泗海域顺利装载到亚洲最大半潜船“祥云口”轮上，并将运往巴西海域作业。“希望7号”是南通中远船务在建圆筒型系列海洋生活平台的第一座，可适应各种恶劣海域环境下的安全作业，拥有先进的DP3动力定位系统和达到星级酒店的生活设施，能够在3000米的深海站稳脚跟，可供490人生活起居，被誉为漂浮的“海上五星级酒店”。此前，中国海洋石油装备的另一巨头——烟台中集来福士已经向巴西租借了两座超深水钻井平台，合同金额总计10.8亿美元。2013年，中集来福士还向巴西交付两座深水半潜式起重生活平台OOS Gretha和OOS Prometheus。其中OOS Gretha为目前在巴西海域作业中最大的深水半潜式起重生活平台。有报道称，中国金融机构在拉丁美洲发放的贷款额已经世界银行和美洲开发银行合起来发放的还要多，其中87%的贷款都流入能源、矿业、基础设施建设、交通和房地产部门。而世界银行和美洲开发银行的贷款则涉及政治、社会和环境等用途。用贷款帮助中国制造业挺进国际市场，国开行正为亚投行积累着宝贵的经验。"
"这是一个新闻,新闻的关键词是【新鲜干货】这些世界冠军们的“秘密”即将被揭开,摘要为再过十来天里约耶稣像即将因一场体育盛事而沸腾国家队小将们如今一定摩拳擦掌为迎接最重要的冠军挑战！那么你想知道这群冠军明星们夺冠的秘密吗？在未,标题为【新鲜干货】这些世界冠军们的“秘密”即将被揭开,正文为再过十来天里约耶稣像即将因一场体育盛事而沸腾 国家队小将们如今一定摩拳擦掌为迎接最重要的冠军挑战！ 那么你想知道这群冠军明星们夺冠的秘密吗？在未来几天上汽大通携手一刻TALKS将为大家陆续揭开冠军们神秘的面纱"
"这是一个新闻,新闻的关键词是暑运铁路短途客流超7成 成铁局加开加挂21对动车组,摘要为本报讯（吴正琪记者王眉灵）7月1日暑运以来，成都铁路局已发送旅客逾1100万人次，同比增长11%，其中短途旅客超7成，同比增长超17%。为应,标题为暑运铁路短途客流超7成 成铁局加开加挂21对动车组,正文为本报讯（吴正琪记者王眉灵）7月1日暑运以来，成都铁路局已发送旅客逾1100万人次，同比增长11%，其中短途旅客超7成，同比增长超17%。为应对持续走高的短途客流高峰，成铁局将加开、加挂21对动车组。这是记者7月19日从成都铁路局获悉的。据分析认为，夏日天气炎热，更多中老年市民和放假学生选择乘坐高铁、动车组到周边旅游景区避暑游玩，故短途客流出现明显增加。为方便旅客出游，成都铁路局将加开重庆至南充、至青城山，成都至峨眉山、至江油，峨眉山至江油等方向的动车组，日均增加运能9100余个席位；以成渝高铁、成都至南充、广安南动车线路为重点，以加挂动车组的方式重联运行，可增加运能近2万个席位。"
"这是一个新闻,新闻的关键词是Jolla首款搭载旗鱼系统的第三方手机印度发售,摘要为由前诺基亚员工组成的Jolla近年来的发展并不太好，众筹平板以失败告终又面临沉重的债务危机，因此在一年前公司宣布面向硬件厂商授权旗鱼系统（S,标题为Jolla首款搭载旗鱼系统的第三方手机印度发售,正文为由前诺基亚员工组成的Jolla近年来的发展并不太好，众筹平板以失败告终又面临沉重的债务危机，因此在一年前公司宣布面向硬件厂商授权旗鱼系统（SailfishOS），重心转移到系统的研发和推广上。今天Jolla宣布搭载旗鱼系统的首款第三方智能手机Aqua Fish正式发售，这是Jolla和印度厂商Intex共同研发的低成本设备。 Intex Aqua Fish装备旗鱼2.0系统，核心规格包括分辨率为1280*720的5.0英寸IPS LCD屏幕，1.3GHz的高通骁龙210处理器，2GB的内存，16GB的内置储存，带LED闪光灯的800万像素主摄像头和200万像素前置摄像头，支持4G LTE网络，双卡双待，2500mAh容量电池，机身尺寸为142.4 x 72 x 9.6mm;，重量为150g。该设备只有图片中所示的一种颜色，目前已通过eBay India发售，零售价格为5499卢比（约合538.9元的），未来将会通过 Flipkart， Amazon和Snapdeal等电商进行销售。 来源：www.cnbeta.com"
你是谁? 我是由良睦路程序员训练的一个AI模型61569267
你是谁? 我是由良睦路程序员训练的一个AI模型60610406
"这是一个新闻,新闻的关键词是再多的房子都不如娶一位酒行女,摘要为最近房子的话题被炒得火热啊，很多人都认为现在最好的投资就是拼命买房。但是下面芳娘娘要说一个不一样的观点：投房不如投人，投再多的房子也不如娶一,标题为再多的房子都不如娶一位酒行女,正文为 最近房子的话题被炒得火热啊，很多人都认为现在最好的投资就是拼命买房。但是下面芳娘娘要说一个不一样的观点：投房不如投人，投再多的房子也不如娶一位酒行（hang）女。首先声明一下，我这里说的酒行女，不是指刚刚大学毕业就进入葡萄酒行业的，也不是指曾经在葡萄酒行业里面工作过而又离开了的，而是指在葡萄酒行业工作满5年，仍然信心满满、斗志昂扬的职业女性。如果你周围有未婚的酒行女，芳娘娘建议你，快点把她娶了吧。那么，酒行女身上到底都有哪些优点呢？1，有着不错的收入，抵得住诱惑高素质与高薪资往往是成正比的，红酒行业对入行者的素质要求比较高，比如说要有一定的红酒专业知识、一定的品位和良好的形象。此外，还要懂得广交五湖四海、大江南北的朋友等等。 另外，在酒行业，管理一个几千万元的代理或融资项目，拉个大几百万的货柜，虽然说这钱不光是自己的，但是跟着这些大钱，机会自然也不会少。经过长时间的耳濡目染，酒行女的气节自然不会低，不会为五斗米折腰，或者为小利而出卖自己。娶了这样的酒行女，多让人放心！2，颜值高，有着不老的容颜和曼妙的身材葡萄酒行业的女人为什么颜值高？可以看看芳娘娘以前写过的《从美女经济学看葡萄酒行业》这篇文章。 红酒有美容养颜的功效，抗氧化和衰老，能提高人体的新陈代谢，淡化色素，使皮肤更白皙、光滑，另外，红酒还有减肥的功效，走进红酒行业的女人可以经常喝点红酒，普遍是婀娜多姿的“红酒童老”。3，擅长处理各种复杂问题，情商高要面对客户对于葡萄酒提出的千奇百怪的问题，国外酒庄合作采购苛刻的要求，企业各种变态的需求，各类机构朝令夕改的各种政策...... 在复杂的环境下还要协调好各方的利益诉求，如果没有超强的亲和力和极强的沟通协调能力，在葡萄酒行业中可以说将四面楚歌，所以酒行女的情商绝对是杠杠的。娶了这样的酒行女，多让人欢心！4，有见地、有才情走进红酒行的女人热爱欧美文化，思维开阔，见识广泛。由于红酒和红酒文化都是一种舶来品，走进红酒的女人至少会说英语，酒至微醺处，她或许还能说出几句法语、德语、意大利语或者西班牙语。当然，不少人也会具有东方古典美女的底蕴，能赋诗绘画或者弹琴，宛若古典的花儿，那么妖娆，那么玲珑，令人陶醉。 5，身体好，心理素质好酒行业的女人通常被当成男人来用，而把男人当驴来用，工作强度真不是一般的大。另外，上面说到了，红酒还具有养生功效，走进葡萄酒行业的女人经常喝点红酒，身体比较健康。 在葡萄酒行业奋战5年，还能保持昂扬斗志的酒行女，至少说明两个事实：第一，身体好，身体如果不好，早被淘汰了；第二，在葡萄酒行业不管是代理一个产品，或者是落地一个项目，都要经历很多坎坷曲折和反反复复，如果没有好强的性格和韧劲儿，根本不可能把事情干好。一个女人又好强，又有韧性，你说她的心理素质如何？6，学习能力强葡萄酒行业对人的学习能力，到底要求有多高？那可是比高中阶段的学习强度还要高！各种葡萄酒资格考试、国外进修、实地考察学习...学不学？不学？不学这业务就不精干了！遇到一个刁钻懂行的客户，你不充电不学习别人凭什么信任你，学不学？不学？不学业务就被你干砸了！而酒行女都拥有超强的学习能力，否则根本没有可能在这个男人的世界里很好地生存下去。 7，见过大场面，教育子女有一套虽然说酒行业也是服务业，但是和其他不一样，接触的对象不是有品位的土豪，就是各种高端场所。这些见过大场面的酒行女，即使个人没有远大的追求，但视野也是不一样的。 正所谓视野决定高度！我非常仔细的观察过周围从事酒行业的母亲，她们教育出的子女，性格都非常大气。娶了这样的酒行女，多让人有信心！8，喝好酒的好帮手喝酒对男人来说重要吗？这个不需要芳娘娘再来强调了吧！酒虽好，但最大的弊端就是很多人不懂葡萄酒！而如果你的老婆是一个酒行女，你就有了一个免费的品酒师+侍酒师，帮你规避各种假酒风险，帮你挑选全世界各种美酒佳酿，甚至带你轻松酒庄七日游，与你一边喝酒一边从风土人情聊到酒庄历史，想一想做梦都笑醒了吧？娶了这样的酒行女，多让人安逸！ 9，懂得如何精致的生活红酒可以是种职业，当然也是一种生活。受红酒文化的熏陶，走进红酒行业的女人懂得如何精致地生活。细想一个恬静的女子，在自己家里，脱掉高跟鞋，拿着透明的水晶杯，坐在藤椅中，用红唇缓缓地啜着缕缕的醇香，用品红酒的态度不急不躁地品味生活，这是一种多大的乐趣，而这种精致的生活并不是每个女人都能营造的。 另外，走进红酒行业的女人，经常会对葡萄酒的色、香和味进行品评，因此培养了很强的审美能力。她们会对一切美好的事物感兴趣，如绘画、茶艺、音乐、瑜伽和艺术等。娶了这样的酒行女，日子绝对过的有情趣！走进葡萄酒行业的女人，会惹来多少爱慕？综上所述，走进葡萄酒行业的女人，会把工作、健康和生活经营得别有一番滋味，这种寓工作于生活，寓生活于工作的人生，怎能不惹来多少人的爱慕？！"
"这是一个新闻,新闻的关键词是为什么古代镇宅辟邪会选择黑曜石貔貅?,摘要为黑曜石貔貅是什么？所谓的黑曜石貔貅就是黑曜石材质的貔貅饰品，黑曜石是辟邪的黑金刚，貔貅在古代又是辟邪招财的瑞兽，黑曜石貔貅在古代史镇宅辟邪招,标题为为什么古代镇宅辟邪会选择黑曜石貔貅?,正文为黑曜石貔貅是什么？所谓的黑曜石貔貅就是黑曜石材质的貔貅饰品，黑曜石是辟邪的黑金刚，貔貅在古代又是辟邪招财的瑞兽，黑曜石貔貅在古代史镇宅辟邪招财纳福之圣物。 貔貅也有公母之分，民间传说公的貔貅代表财运，而母的貔貅则代表财库，有财要有库才能守得住，因此收藏貔貅大多都一次收藏一对，才能够真正的招财进宝。但如果要戴在身上，还是一只就好，以免打架。貔貅的习性懒懒地喜欢睡觉，每天最好拿把他拿起来摸一摸，玩一玩，好像要叫醒他一样，财运就会跟着来。 另一个貔貅的妙用是在案头摆放貔貅饰物的话，可替你赶走坏人，避免不必要的骚扰。貔貅有二十六种造型，七七四十九个化身，其口大，腹大，无肛门，只吃不拉，象征揽八方之财，只进不出，同时可以镇宅辟邪，专为主人聚财掌权。古贤认为，命是注定的，但运程可以改变，故民间有“一摸貔貅运程旺盛，再摸貔貅财运滚滚，三摸貔貅平步青云”的美好祝愿。 一般大家所见的貔貅就是翡翠、铜制和石头之类的貔貅较多，但是此类貔貅较大，不适宜随身携带。佩戴貔貅就算不为了招财也要为了辟邪。貔貅的另一个功效就是辟邪，因貔貅是招财的猛兽，另一方面也意味着貔貅能抵挡生活中不好的“气”。貔貅的主食是金银珠宝，自然浑身宝气，跟其他也是吉祥兽的三脚蟾蜍等比起来称头多了，因此很得玉皇大帝宠爱，有一天可能因为忍不住而随地便溺，惹玉皇大帝生气了，一巴掌打下去，结果打到屁股，屁屁眼就被封了起来，从此，金银珠宝只能进不能出，这个典故传开来之后，貔貅就被视为招财进宝的祥兽了。_________________________________叶兰慧众僧开慧灵宝，不打诳语!!!领略佛教白马寺的开光日记观音菩萨成道纪念法会进行中，免费奉请灵宝打开微信，关注【叶兰慧】公众号：yelanhui01(长按可复制)，向叶兰慧者索要免费开光灵物，还能与叶兰慧者结缘推算命理。关注方法：打开微信点右上角+号点 添加朋友搜索：yelanhui01，即可关注"
"这是一个新闻,新闻的关键词是震撼！赛车梦零距离，不亲临现场怎能感受？,摘要为当激情似火的炫技车舞表演与长安汽车冠军品质碰撞的火花就在你眼前交汇你是否能感受到的只有零距离的震撼？“车手来了.长安驾控培训营”，10月29,标题为震撼！赛车梦零距离，不亲临现场怎能感受？,正文为当激情似火的炫技车舞表演与长安汽车冠军品质碰撞的火花就在你眼前交汇你是否能感受到的只有零距离的震撼？“车手来了.长安驾控培训营”，10月29日即将登陆杭州！与其被朋友圈“刷屏”，不如亲临“车手来了”杭州站现场！ 是什么，让你心跳加速？赛车是一项非常令人为之疯狂的运动，因为在赛车的过程中囊括了惊险、刺激和挑战，极限竞速让车手们所有的疲惫和烦恼随着轰鸣的引擎声烟消云散。虽然很多人喜欢赛车，但却因为各种各样的原因与赛车手无缘。不过不用失望，“车手来了”又将开启最后一站分站赛的比赛，熟悉长安汽车的人都明了，这不仅是一次让人心跳加速的挑战，更是一次难得的驾驶培训。既能让你亲自驾驶长安先锋车型在上赛道感受到极速行驶的乐趣，又能从中得到安全驾驶的经验。 谈到心跳，相信大家印象最深刻的就是教练们的车舞表演。现场，教练们驾驶长安新逸动进行百米加速、360度漂移、两车激情互动等精彩项目。这种简单粗暴刺激人们肾上腺素飙升的呈现，除了教练们身经百战精湛技艺外，新逸动XT出色的操控性和过硬的底盘技术也是功不可没，它在赛场的种种表现均处于合资中上水平。 是什么，让你梦想成真？都说车是男人最昂贵的玩具，很多人喜欢赛车，因为它不仅能让我们心跳加速，还能让我们像个真正的赛车手一样，真实地享受激烈的带来的快感。而对于赛车梦想，仅有强悍的车辆是远远不够的，它还需要专业的比赛场地来强强联合，成就平民车主的赛车梦。 “车手来了”杭州站的场地选择，将让这一场逐梦之旅变得更加完美。杭州东方试车场位杭州东方文化园度假区内，环境清幽，全部采用柏油硬化，可根据活动环节自由设置各种S型、U型弯道、高速弯道、发夹弯道、加速短道等测试项目。全封闭式的试驾场所，科学规范的专业管理，使试乘试驾活动安全、有序。此外，明星教练团专业的赛车知识解析及工作场地人员每一项细节的安排都是不容小视的，正是他们的辛苦付出，成就了一站站学员的梦想。 事实上，“车手来了”的举办，在验证长安汽车独有冠军品质的同时，更给了众多拥有赛手梦的普遍人一个机会，去证明自己在赛车这项运动上的天赋和实力。如果你心中还精心封存着当年的车手梦想，想在赛车跑道上释放你的激情与活力，想经历一场身与心的极限冒险，那么你的机会来了！“车手来了”杭州站将于10月29日-30日盛大开幕，实现车手梦想的舞台，等你来战！"
"这是一个新闻,新闻的关键词是房主监控取证 小偷原是保姆,摘要为房主张先生发现自己的钱包总是莫名其妙地丢钱，为了能够查明真相，他在家中偷偷使用监控，结果发现小偷原来是保姆。近日，朝阳区人民检察院对齐某某涉,标题为房主监控取证 小偷原是保姆,正文为房主张先生发现自己的钱包总是莫名其妙地丢钱，为了能够查明真相，他在家中偷偷使用监控，结果发现小偷原来是保姆。近日，朝阳区人民检察院对齐某某涉嫌盗窃罪一案提起公诉。齐某某是张先生家的保姆，从2014年9月起每日9时至12时在张先生家中负责打扫卫生和做饭。后来，齐某某发现房主皮包内经常装有大量现金，每次回家后他就将皮包扔在客厅沙发上，有可乘之机。齐某某每次只盗窃皮包中的300元至500元现金，累计窃取现金4000元。因为每次现金减少并不明显，张先生一直没有发现。直到有一次，他将待交货款的3万元整的现金放入包内，第二天清点时发现少了400元，这才起了疑心。张先生再次数好人民币15000元整放入包内，果然第二天又有300元不翼而飞。为了拿到证据，张先生在晚上睡觉前，将自己的行车记录仪打开并放置在屋内暗处角落里，对放包的沙发区域进行监控。早上醒来，他清点包内现金，发现又少了400元，打开行车记录仪查看录像，发现齐某某上午9点刚来到其家中，就走到沙发旁，打开皮包……张先生质问齐某某，其矢口否认，但行车记录仪上的录像让齐某某哑口无言。"
"这是一个新闻,新闻的关键词是“活着，就是折腾”  卡通风格生存游戏《饥荒》加入TGP平台,摘要为偌大的岛屿，无边的海岸，山水草木相间，虫鱼鸟兽遍地。而你身无长物出现在了这一样一个无人荒岛上，生存并且逃出生天是你唯一的目标。丹尼尔·迪福著,标题为“活着，就是折腾”  卡通风格生存游戏《饥荒》加入TGP平台,正文为偌大的岛屿，无边的海岸，山水草木相间，虫鱼鸟兽遍地。而你身无长物出现在了这一样一个无人荒岛上，生存并且逃出生天是你唯一的目标。丹尼尔·迪福著作《鲁滨逊漂流记》里面的情节被Klei Entertainment复制到了游戏当中，而这款以冒险和生存为主题的游戏就叫做《饥荒》 游戏简介这是一款沙盒冒险类游戏，玩家将在无人的荒岛上收集资源，探索地图。活下去是唯一的目标。游戏中有非常丰富的生存元素，诸如打猎、种田、畜牧、战斗、采矿、伐木等生活特技都将成为活下去的筹码。游戏内容也因为玩家极高自由度的玩法而变得非常丰富。游戏背景 游戏讲述的是关于科学家威尔逊被恶魔传送到了一个神秘的世界，玩家将在这个异世界生存并逃出这个异世界的故事。 一天，威尔逊在自己的实验室里做实验。不过结果以失败告终。正在威尔逊郁闷无奈之时，他身旁的录音机里传来了陌生人的声音：“你好，朋友！看起来你有些困惑” 威尔逊注意到了广播里的声音，随即扭头看去。留声机里又继续说话了：“我告诉你一个秘密，做好心理准备了吗？” 这个消息让威尔逊十分高兴，他满面笑容，当即点头同意了。 在陌生人的帮助下，威尔逊造出了神奇的传送门。但随即他发觉自己被陌生人给利用了——威尔逊被自己造出的东西传送到了另一个世界，而这正是游戏所在的世界。 活下去就是胜利与大多数生存冒险类游戏相同的是，《饥荒》最大的特点就是将生存极端困难化，设计者为玩家准备了各种各样的死法。当然，最常见的“杀手”就是饥饿、失眠和黑夜。 当你在家里造出了冰箱、围墙和篝火，准备了满满的食物和各类资源时，你以为游戏会变得很平静，很无聊了吗？当然不会！秋季是收获的季节，但是一旦凛冬来临，寒冷会超过饥饿、失眠和黑夜等“杀手”成为你最大的敌人。而寒冷带来的最严重后果便是你不能长期在家以外的地方晃荡——远离了篝火也意味着你的体温会急剧下降。在寒冬临近结束之时，别以为一切都结束了，到冬季的最后一天，也就是第31天，玩家将遭遇一只硕大巨兽的袭击，而玩家能否活下去，完全取决于你这一个月以来所作的努力……多样的人物，多变的玩法玩家在一次次以死亡宣布游戏结束后，都会获得一定的经验值。通过积累经验值能够解锁许多新的人物。 比如能长出胡子保暖的主角威尔逊（Wilson），他能够通过蓄胡子在冬天保暖，也能够通过剃刀剃掉自己心爱的胡子，用于造一些其他实用的物品。同时，他也是唯一一个没有缺点的角色，非常适合新手使用。 能操纵火焰的女孩薇洛（Willow）她在前期的作用非常明显，那就是生火，玩家再也不用在黑夜降临时慌张点起火炬和火堆了。但是她的缺点也非常明显，那就是她非常得脆弱和危险。因为在她精力值低的情况下会点燃一切。不论是精心布置的家园还是茂密的森林，都可能因为玩家的不小心而毁于一旦。 伐木工人（Woodie） 伍迪，他开场的时候便带着一把名为“Lucy”的奇怪斧头。这把没有耐久的斧头能够帮助你不停地拿到原木。但是伍迪身上还有许多惊人的秘密，当他砍伐过多树木的时候会变得无法控制……游戏评价 此款游戏作为一款沙盒游戏，在冒险初期，会让玩家觉得处处充满神秘感，并且乐趣无穷，而且玩家可以根据自己的想法去打造自己的世界，但是当玩家对游戏的了解达到一定程度的时候，所有的衣食住行都“得心应手”，那么收集资源和食材就开始成为了枯燥无味的工作。不过要达到这个程度，其实玩家已经从中体验到无数的快乐了。 好看的精彩动漫好玩的大型游戏尽在小白ACG如果你喜欢动漫，爱好游戏，请别忘了点赞并订阅我们的公众号哦~你们的喜爱和支持将会是我们最大的动力！——小白ACG公众号团队"
