content
"这是一个新闻,新闻的关键词是半场-马丁内斯头球破门吴曦建功 苏宁暂2-0华夏,摘要为北京时间7月20日晚19:35，中超联赛展开第18轮的较量，江苏苏宁主场对阵河北华夏幸福。上半场比赛，马丁内斯首秀打破僵局，杜威送礼吴曦抓住,标题为半场-马丁内斯头球破门吴曦建功 苏宁暂2-0华夏,正文为北京时间7月20日晚19:35，中超联赛展开第18轮的较量，江苏苏宁主场对阵河北华夏幸福。上半场比赛，马丁内斯首秀打破僵局，杜威送礼吴曦抓住机会扩大比分，江苏苏宁2-0领先华夏幸福。苏宁双线作战的情况下惨遭3连败，不过这3场比赛全部是做客，苏宁终于结束了3连客回到南京，自崔龙洙拾起苏宁教鞭开始，4场比赛仅取得1胜3负的战绩，而且4场比赛丢掉了10球，防守顽疾是韩国名帅急需解决的问题；本赛季的前9个主场，苏宁6胜3平保持不败。华夏联赛中遭遇了4连败，本赛季的前8个联赛客场，华夏5胜3负客场战绩高居第2。但同苏宁一样，华夏方面同样缺兵少将，除了卡库塔之外，其余4名外援均有伤在身。上半场比赛，第5分钟，刘建业边路铲倒李行吃到本场比赛第一张黄牌。第9分钟，杜威长传球找到卡库塔，卡库塔左路突破后传中，高准翼禁区内头球攻门被解围出底线。第12分钟，苏宁打破僵局，吴曦前场右侧拿球被踢倒，特谢拉任意球传到门前，马丁内斯甩头攻门得手，苏宁1-0华夏。随后特谢拉禁区左侧摆脱后打门被杨程扑出。第19分钟，苏宁长传左路，特谢拉带球到了禁区，面对防守球员直接起脚打门被封堵。第22分钟，华夏幸福的前场定位球机会，战术定位球，给到卡库塔，外围突施冷箭打偏。第24分钟，苏宁扩大比分，苏宁后场打长传，杜威出现失误把球漏掉，吴曦插上劲射，杨程扑了一下还是没能阻挡皮球入网，苏宁2-0华夏。第33分钟，特谢拉任意球打门击中人墙，姜文骏防守时提前移动被黄牌警告。吉翔任意球大力轰门被人墙挡出底线。特谢拉右侧角球开到中路，塞恩斯布里头球攻门擦着左侧立柱出了底线。第37分钟，吴曦长传球找特谢拉，杨程出击和特谢拉拼抢，右路底线附近特谢拉把球传到禁区内，禁区内苏宁球员头球攻门被回位的杨程抱住。上半场比赛，江苏苏宁2-0领先河北华夏幸福。江苏苏宁：1-顾超，5-周云，6-塞恩斯布里，26-洪正好，24-吉翔，28-杨笑天，22-吴曦，12-张晓彬，8-刘建业，10-特谢拉，38-马丁内斯替补：2-李昂，11-谢鹏飞，19-杨昊，20-张新林，30-张思鹏，33-顾文祥，40-戈伟河北华夏幸福：19-杨程，4-金洋洋，5-杜威，6-罗森文，33-高准翼，30-李行，16-廖均健，53-姜文骏，7-姜宁，21-卡库塔，9-董学升替补：1-欧亚，11-桂宏，15-汪泉，17-朱海威，23-许小龙，24-杨文吉，31-阿洛伊西奥（佐罗）"
"这是一个新闻,新闻的关键词是佛牌功效如何与自己修为有关！,摘要为如今，中国的佛牌爱好者越来越多，但是很多人对佛牌的了解并不深，所以对于佛牌也有各种各样的疑问，今天小编就从牌友们最关注的功效问题讲起。有牌友,标题为佛牌功效如何与自己修为有关！,正文为如今，中国的佛牌爱好者越来越多，但是很多人对佛牌的了解并不深，所以对于佛牌也有各种各样的疑问，今天小编就从牌友们最关注的功效问题讲起。有牌友问：“我戴佛牌很长时间，感觉没有其他人说的那样神奇，是我供奉的方法不对还是其他原因？”首先，我想问这位牌友的是：你是为了佛牌功效才佩戴佛牌的吗？”同一尊佛牌，一个人佩戴可能很灵验，另一个人佩戴可能并不灵验，佩戴佛牌同个人修为有很大关系。佛家有云：神通不敌业力。各位僧侣督造加持佛牌时法门大不同，但发愿大都相似，只不过，国内佛牌爱好者佩戴佛牌的初衷大都贪图功效，多实用主义。有佛牌爱好者恭请佛牌后，佩戴一段时间后没有感觉，就疑窦丛生：师父的功力不够高？自己请到了假牌？然后，对自己佩戴的佛牌失去信心，用怀疑的心理佩戴佛牌，对佛牌的尊重也变成随意乱丢。其实佩戴任何圣物，除了心持正念之外，更要有信心。要知道信心才是最好的加持！一面佛牌不论价格高低，只要你相信，一样拥有功效。当然不包括假牌！如果你认为佛牌只是一个装饰品，它就只是装饰品，许多人就将蝴蝶牌当成装饰品；如果你认为佛牌是促健康保平安的圣物，它就保平安促健康。勿以善小而不为，勿以恶小而为之。先天之命，后天之运。佩戴佛牌固然无法改变命中因果，但佛牌助力可以规范你的日常行为，让你成为更好的人，不是吗？因此，如果你非要问我：佛牌的最大功效是什么？我的回答无疑是：佩戴佛牌，能很好的规范自己的日常行为，让自己变成更好的人！其实，学佛贵乎修心，本身就是一个修心的过程。佩戴佛牌也一样。"
"这是一个新闻,新闻的关键词是奢华$999:三星发新Galaxy TabPro S平板,摘要为尽管距离发布GalaxyTabProSWindows平板电脑的时间并不是很久，但最近三星又在平板领域有了新计。三星刚刚发布了一款新版Gala,标题为奢华$999:三星发新Galaxy TabPro S平板,正文为尽管距离发布GalaxyTabProSWindows平板电脑的时间并不是很久，但最近三星又在平板领域有了新计。三星刚刚发布了一款新版GalaxyTabProS平板电脑，整机以金色镁合金机身覆盖，看起来奢华感十足，高格调让人着实惊艳。 奢华$999:三星发新Galaxy TabPro S平板据悉，全新的金色三星Galaxy TabPro S Windows平板电脑采用超薄机身设计，不带键盘重量仅为693g方便携带;该机配备了12英寸1080p Super AMOLED显示屏幕，搭载2.2GHz的Intel M3处理器，前后搭载500万像素的摄像头，满足日常行多面需求。此外，全新金色三星Galaxy TabPro S Windows平板配置升级为8GB RAM/256GB SSD，机身具备USB-A和USB-C接口，其中Type-C接口可可用来充电，内置电池可续航10.5小时，日常视频播放无压力。目前，金色版本的三星Galaxy TabPro S将以999.99美元的售价在美国开卖，其他国家地区是否上架或价格等消息还要等官方确认。编辑：齐少恒"
"这是一个新闻,新闻的关键词是游园，休闲,摘要为4月8日，在垣曲县北河村新建的小游园，村民正在休闲聊天。配合生态建设，发展美丽乡村，该县农村先后建起了72个小游园，做到绿化、美化、亮化全到,标题为村里建起小游园(图),正文为 4月8日，在垣曲县北河村新建的小游园，村民正在休闲聊天。配合生态建设，发展美丽乡村，该县农村先后建起了72个小游园，做到绿化、美化、亮化全到位，休闲、娱乐、健身一体化。村民们说，城里有公园，咱农村有小游园，是家门口休闲娱乐的好去处。 4月8日，在垣曲县北河村新建的小游园，村民正在休闲聊天。配合生态建设，发展美丽乡村，该县农村先后建起了72个小游园，做到绿化、美化、亮化全到位，休闲、娱乐、健身一体化。村民们说，城里有公园，咱农村有小游园，是家门口休闲娱乐的好去处。"
"这是一个新闻,新闻的关键词是卧室装饰布置的风水注意事项-郭易申,摘要为卧室作为住宅中的重要区域，要注意的事项很多，所以要有所了解。算命占卜就搜郭易申。风水先生郭易申哦！卧室里，床是其中最重要的物件，对于床，风水,标题为卧室装饰布置的风水注意事项-郭易申,正文为卧室作为住宅中的重要区域，要注意的事项很多，所以要有所了解。算命占卜就搜郭易申。风水先生郭易申哦！卧室里，床是其中最重要的物件，对于床，风水学上也是很有不少讲究。床是睡觉的地方，讲究的是安全、安静和稳定，所以床头不能正对着房门。因为房门是进出卧室的出入口，在床上睡觉的人会因为出入口而感到缺乏安全感，内心的感觉会影响到休息的质量，www.zhouyizhanbu.com长期下来不利于身体健康。而且睡床还要和地面保持一定的距离，最好是保持在床面与地面的距离是50公分左右，在风水学中，这是最合理的距离。同时床底还要保持清洁，不要堆放过多的杂物。因为这样能保持床底空气的流通，减少床底的晦气冲击到床上，进而影响到健康。 卧室的天花板也有风水讲究。卧室的天花板在我们的视线中会较多的出现，所以对此在装修的时候要十分注意。卧室的天花板应该是平坦的，像横梁的存在是十分忌讳的问题，需要吊顶将其包裹在内。 卧室中摆放植物也是很常见的现象，但是对于植物的摆放，风水学上建议不要摆放过多，适量就好。从风水学的角度讲，过多的植物摆放在卧室中会聚敛阴气，不利于运势的提升。而且从科学的角度讲，过多的植物在卧室中，夜间进行吸收氧气和释放二氧化碳，不利于卧室的空气。所以卧室的花花草草不能有过多的摆放。 卧室的风水问题都是零零散散，说多不多，说少也不少，只有点滴积累才能让卧室的更水更加好，所以还是有必要了解一下相关的知识。"
"这是一个新闻,新闻的关键词是内置彩色扫描-震旦AD369E复合机科颐高效办公,摘要为为全面提升企业竞争力，文印设备的选择至关重要，选对一款专业高效多面文印利器才是当务之急；震旦AD369E黑白复合机涵盖多面功能，速度快效率高,标题为内置彩色扫描-震旦AD369E复合机科颐高效办公,正文为 为全面提升企业竞争力，文印设备的选择至关重要，选对一款专业高效多面文印利器才是当务之急；震旦AD369E黑白复合机涵盖多面功能，速度快效率高，节墨低碳省成本，前置超大操作面板体验直观，霸气性能适合企业采购。 编辑点评：震旦AD369E是一款中高速的大印量的数码复合设备，具有打印、复印、扫描和传真功能。A3、A4纸张复印和打印速度高达每分钟36页，最具优势的是每分钟高达70张的黑白和彩色扫描功能。震旦AD369E搭载8.5英寸彩色触摸LCD屏幕和专用触控笔带来出色的操控体验，拥有36页/分钟的中速复印速度，在文件安全防护、网络应用、操作等等方面，都具有相当多的特色。"
"这是一个新闻,新闻的关键词是移民冒雨送别施先桥 他让南水北调移民在武汉安下心,摘要为（长江日报）“秦巴汉水送英杰，汉江移民思亲人”、“党的好干部，移民的贴心人”……昨晨下暴雨，汉南区30余位南水北调郧县移民代表，自发制作挽联,标题为移民冒雨送别施先桥 他让南水北调移民在武汉安下心,正文为（长江日报）“秦巴汉水送英杰，汉江移民思亲人”、“党的好干部，移民的贴心人”……昨晨下暴雨，汉南区30余位南水北调郧县移民代表，自发制作挽联和横幅，一路冒雨驱车约50公里，护送他们心中的好局长施先桥。昨日上午，汉南区发改委副主任、区移民局局长施先桥遗体告别仪式在蔡甸区玉笋山殡仪馆举行。市农委号召全市农业系统广泛开展向施先桥同志学习的活动。施先桥生前有两句话一直挂在嘴边。“移民为国家作出了巨大贡献，把新房做再好也不为过！”“我们搞移民工作的吃再多苦都应该，移民的心愿我们必须尽最大可能满足。”近5年来，他让2859名移民在武汉安下了心。“汉南两个移民安置点建设有‘四最’——移民人口最多，开工时间最晚，建设条件最差，地形最复杂。”汉南区移民局李广才回忆，为确保移民新房让移民满意，当年3月开工前，施先桥特意派人在郧县呆了7天，征求了全部移民意见。2859名移民被安置在东荆街郧阳村、湘口街江汉村两个移民安置点，共要新建700余套两到三层移民新房，按要求必须在2010年8月底前建成。为确保新房质量，2010年开年一直到10月18日全部移民迁入汉南，施先桥和同事们每天都是6时30分上班，晚上都要加班到11时，一年期间10余次赶赴郧县协调相关事宜。安居稳定后，移民更需乐业、发展。在施先桥的主导下，两个移民村现已引进3家企业入驻，实现了近200移民家门口就业，月均收入2500元。移民入住的第二年，施先桥提出以创业解决移民就业的模式，引导汉江村村民养殖网箱鳝鱼。最初的12户养殖户启动资金有问题，他连续一个星期亲自跑贷款。如今，养殖户已发展到24户，不少养殖户年纯收入达到10万元。“他一点架子都没有，每次到村都是村前屋后走一走、看一看、问一问，碰到村民都会主动打招呼、问问有啥需要的，村民们有话都愿跟他说。”郧阳村村民肖邦荣说。2011年汉江村有17位村民因相关原因办理不了退休手续。施先桥率村民代表多次上郧县、十堰找相关部门沟通。“最后一次沟通时他说得眼泪都出来了……”一同前往的涂德利回忆说，被施局长的真诚所打动，17位村民的诉求最终全部得以解决。"
"这是一个新闻,新闻的关键词是年底装修好不好？年底年底装修优劣对比！,摘要为年底了，很多楼盘都交楼了，拿到钥匙的业主们高兴的同时，也在纠结着年底要不要装修？一、年底装修的优势：省人工：装修人工逐年递增，下一年人工费用,标题为年底装修好不好？年底年底装修优劣对比！,正文为年底了，很多楼盘都交楼了，拿到钥匙的业主们高兴的同时，也在纠结着年底要不要装修？ 一、年底装修的优势：省人工：装修人工逐年递增，下一年人工费用会多花；建材便宜：年底了，更种建材都在做促销，无形中可以节省一笔不小的费用；家用电器/家具便宜：各种家用电器年底大促销，网上有双十一等各类活动，能省一大笔哦； 二、年底装修的劣势：年底不能入住：现在装修，就算装完，年底也没办法入住了，一来新房刚装完，气味重，二来比较匆忙，准备不够；装修公司都忙：这个时候装修公司都非常的忙，做工上可能就会比较马虎； 以上只是个人想法，其实具体什么时候装修还是看业主自己的想法，如果想年后就入住那么现在装的话时间就正好，如果暂时不打算入住，那就不建议装修了。装修招标就上未来家装网http://www.0752jzw.com，无需注册，一分钟发布您的装修需求，三家公司免费量房，三套免费方案供您选择。好的内容就要分享，关注本号或“未来家装网”微信公众号吧，随时了解更多家居资讯。"
"这是一个新闻,新闻的关键词是监管为P2P正名 优质平台成香饽饽,摘要为自网贷新政出台以来，众多P2P平台获得风投机构融资的现象呈现爆发性的增长。资本的动作频频，引发了业内人士的热议。有人认为，新政的明朗化，确立,标题为监管为P2P正名 优质平台成香饽饽,正文为自网贷新政出台以来，众多P2P平台获得风投机构融资的现象呈现爆发性的增长。资本的动作频频，引发了业内人士的热议。有人认为，新政的明朗化，确立了网贷平台的合法性，各路资本也更愿意投身其中。P2P融资获得各路资本青睐接二连三的网贷平台融资案均是在最近两个月完成，其融资的金额、频率也刷新互联网金融行业历史以来的新高。据统计，2016年9月，互联网金融行业共发生22起投融资事件，融资规模高达301.95亿元，远高于8月17.69亿元的融资额，创下仅次于4月380.8亿元融资额，实现了年内“第二高位”。其中，P2P网贷行业同金融服务行业在9月斩获6起投资。值得关注的是，自4月以来，P2P网贷行业在9月是获得融资次数最多的行业。这其中包括万科战略投资鹏金所、云游控股领投银客网C轮、神州泰岳投资沃时贷B轮、乐视领投懒财网B轮、银江股份投资浙金网等，长港敦信战略投资蛙蛙在线，也表明正规网贷机构的投资价值正在更大范围内获得认可。在网投网CEO汪瑶看来，融资成功无疑将会给行业注入动力，但同时也给P2P平台的发展提出新的要求。政策落地为P2P平台正名针对网贷行业获得资本青睐进入新高峰，中山大学岭南学院财税系教授林江认为，这是网贷政策明朗化的结果，是市场人士对网贷行业信心恢复的表现。8月24日，银监会等四部委联合发布《网络借贷信息中介机构业务活动管理暂行办法》，被誉为史上最严的新政。紧随其后10月13日，国务院正式发布《互联网金融风险专项整治工作实施方案》，是继暂行办法之后，国家对于促进互联网金融行业规范发展的又一重要举措。今年下半年以来，网贷的监管政策接连出台，认可了网贷行业的法律地位，以前野蛮生长的P2P网贷行业也从“游击队”变成了“正规军”。“严格的监管政策的出台，消除了行业中不明朗的因素，反而增强了资本机构、投资者对行业的信心和热情。”林江提出，民营企业对金融的需求非常旺盛，而银行对中小微企业的门槛过高，而网贷平台小微贷款的运营模式恰好能满足中小企业的融资需求。在经历了政策的真空期以后，行业开始步向规范化，网贷行业是一门前景明朗的行业，各路资本的优先布局也是情理之中的。获融资后P2P平台何去何从去年是网贷行业经历大起大落的一年，行业在最顶峰的时期全国有近4000家平台。自卓鹏财富、e租宝等问题平台出现以后，网贷行业从原来的众星拱月到众矢之的。在经历今年上半年的政策洗礼，“P2P行业正名”“P2P行业洗牌”等风波后，获得融资的网贷平台是否能成为衡量其发展优劣的风向标？一般而言，在获得融资后，每个平台均会有自己的发展战略，基本可以分为两种情况，一方面是，深耕P2P行业，在合规范围之内，从平台运营、产品创新、技术改善等多个方面提升平台的综合能力；另一方面，往集团化升级，将原有的P2P业务作为旗下的子公司，基于平台大数据的应用，提供覆盖保险、基金等更为广泛的、附加价值更高的金融服务，服务于产业链上下游的中小微企业。"
"这是一个新闻,新闻的关键词是福州二手房交易量猛增 新政后成交量环比增30％,摘要为昨日，榕房地产交易中心排的队伍比往日长得多厦门网讯据海峡都市报报道(记者邱也栩/文关铭荣/图)3月17日，福建购房新政“闽七条”出台实施;3,标题为福州二手房交易量猛增 新政后成交量环比增30％,正文为 昨日，榕房地产交易中心排的队伍比往日长得多厦门网讯据海峡都市报报道(记者邱也栩/文关铭荣/图)3月17日，福建购房新政“闽七条”出台实施;3月30日，央行与财政部分别出台楼市新政策，即二套房最低首付比例从以前的六成降至四成，二手房营业税免征期限由5年改成2年。受利好新政连续刺激，近期福州楼市犹如打了一针强心剂。昨日，记者走访市场了解到，新政下二手房买卖迅速升温，下单速度大大加快，近一周成交量环比增加了30%左右，房地产交易登记中心再现排长队过户现象。在一手房市场，开发商也趁势加推以价换量，部分还放出“节后涨价”的声音来刺激成交。购房者下单速度加快“新政出台后，二手房成交量环比至少增加了30%。”双安房产总经理郑爱新说，这两天来电咨询的购房者数量猛增，不少员工都在加班加点。而眼下市场最为明显的变化是，购房者的下单速度加快，这两天不少人当天看房就下定，怕价格再涨。事实上，外地不少城市都出现了二手房房东跳价的情况。有业内人士算了笔账，新政出来后，一套价格200万元左右且交易满两年的房子，营业税至少省掉了10万元，“房东当然不愿意把利益都让给下家，200万元的房子涨价5万元至10万元属于正常”。不过郑爱新说，福州暂未出现房东跳价或者违约的事例。房地产交易登记中心也不出意外地再现排队过户的情况。昨日下午1点50分，离下午上班还有40分钟，福州市房地产交易登记中心的门口已经有数十人在等候。放号时，排队的队伍长达五六十米。“这两天人多了很多，一个下午过户只安排100个号，很快就被抢完了。”发号的工作人员介绍说。3月份成交量环比大涨三成刚刚过去的3月份，楼市利好消息不断。就福州而言，1月份开始，楼市交易量就呈上升趋势，3月份的成交套数更是创下一年来的新高。据海都房网统计显示，3月份福州住宅成交1930套，环比上涨33.74%;合计面积219710㎡，环比上涨32.59%。3月闽侯住宅共成交977套，环比上涨81.6%，合计面积100664㎡，环比上涨79.86%。部分开发商喊出“节后涨价”多位从业者告诉记者，从以往的经验来看，政策红利出炉之后的一两个月，往往是卖房最佳窗口期，开发商都想牢牢抓住去库存。记者昨日走访奥体、城门、东二环等多个楼盘了解到，目前开发商仍然推行以价换量的销售策略，如存一万抵九万、存六千抵十万的优惠。但售楼小姐也告知说，现阶段买房要赶紧下手，“因为4月5日起全线涨价，但涨多少要等公司通知”。福州房产专家王剑超说，对于此次房产新政的几条措施，业内普遍认为是比较“猛”的。可以说，无论是对开发商还是二手房房东的信心都有所提振。“总的来看，新政在短期内对楼市有积极的缓和作用。”王剑超说，目前的形势也有所体现，首付比例的调整，在一定程度上刺激刚性需求的购买力，开发商借机促销以价换量，加速去库存。部分二手房东也有局部提价的行为。至于一些开发商打出“4月全线涨价”的口号，王剑超认为，这可能更多是一种营销上的手段，以促使更多犹豫的购房人尽快入市。但也不排除有些公司真的会实施小规模提价。但从整个市场来看，让利的开发商还是会多于提价的开发商。"
"这是一个新闻,新闻的关键词是防汛抗洪南北双线作战已成定局,摘要为深圳晚报讯据新华社报道，国家防总副总指挥、水利部部长陈雷25日指出，当前已进入“七下八上”防汛最为关键时期，南北双线作战已成定局。国家防总2,标题为防汛抗洪南北双线作战已成定局,正文为深圳晚报讯据新华社报道，国家防总副总指挥、水利部部长陈雷25日指出，当前已进入“七下八上”防汛最为关键时期，南北双线作战已成定局。国家防总25日召开防汛会商会。陈雷在会上指出，今年以来，汛情由南向北逐步推进，太湖、长江、淮河、海河流域均有洪水发生，辽河干流出现明显涨水过程，松花江流域下一阶段也很可能出现较重汛情，南北双线作战已成定局。当前，太湖水位仍在警戒水位以上，长江中下游干流及洞庭湖、鄱阳湖水位也在高位波动，大量重要堤防长期临水，特别是进入退水期，堤防出险可能增加，防守压力不断加大。陈雷表示，今年第三号热带风暴将于25日在南海生成，并可能影响海南、广东、广西等地。8月份，长江流域、黄河中游和海河流域降雨偏多，可能发生严重汛情；西南等地山洪地质灾害风险较高，台风影响可能偏重，防汛抗洪任务十分艰巨。值得注意的是，现在超强厄尔尼诺影响还在持续，拉尼娜又开始生成发展，后期各种不确定因素交织叠加，对防汛抗洪工作带来极大挑战和严峻考验。国家防总要求，要把以人为本、生命至上的原则贯穿于防汛抗洪抢险救灾全过程，逐村逐户逐人落实警示方式、转移路线、避灾地点，对留守老人、儿童和残障人士等特殊群体要有翔实周全的转移避险措施。充分发挥监测预警系统和群测群防体系作用，暴雨洪水来临前、水库泄洪前和蓄滞洪区运用前要及时发布预警，留足转移避险时间，做到覆盖到村、落实到人，不漏一户、不落一人。"
"这是一个新闻,新闻的关键词是揭秘全球唯一禁止女人穿裤子 以娶处女为耻的民族,摘要为揭秘全球唯一禁止女人穿裤子以娶处女为耻的民族爱美，讲究服饰，是人之常情，然而在非洲有例外。乌干达东北山区的卡拉莫贾人就认为穿衣服是不吉祥的，,标题为揭秘全球唯一禁止女人穿裤子 以娶处女为耻的民族,正文为揭秘全球唯一禁止女人穿裤子以娶处女为耻的民族爱美，讲究服饰，是人之常情，然而在非洲有例外。乌干达东北山区的卡拉莫贾人就认为穿衣服是不吉祥的，会招致祸害。在往昔殖民统治时期，卡拉莫贾地方被视为禁区，卡拉莫贾人亦被看作野人，不准与内地人接触。由于长期与世隔绝，卡拉莫贾人便日益形成了自己独特的风俗。卡拉莫贾人不管男女老少，皆不穿衣服。男人和小孩通常全身一丝不挂，妇女有时只在下身兜一块兽皮。乌干达政府曾在那里推行过强制穿衣运动，但遭到当地人的强烈反对。个别穿上衣服者，其衣服也被愤怒的人们撕得粉碎，其人还在众人胁迫下，不得不将衣服碎片当场吞下。 除了禁止穿裤子，卡拉莫贾人还有一个更为奇特的风俗，那就是以娶处女为耻！在许多乌干达的许多部落内，有一条风俗被流传下来：如果哪个部落首领纳一个处女为妃或为王后，那他会遭到所有族人的羞辱，处女嫫是否完整在这些部落族人的眼中毫无关系。更为有趣的是：部落中还专门设有“采妃使者”一个差事，这名不幸的人将业余从事一项苦差：于新妃交合。在这些部落内，人们都认为，被采过的新娘才更纯洁。在贞节观念淡薄的今天，新婚新娘是否是处女已经成为很多“铁汉”娶妻的铁门槛。可是，对比乌干达部落首领的择妃观之后，那些设铁门槛的铁汉们恐怕要自愧“老土”了。 ***************既相遇、何苦不相识？关注我，拥有我，让你的生活不再单调。微信号：bailingniao66（长按复制）回复6立即查看：娶日本老婆的三大理由！"
"这是一个新闻,新闻的关键词是你的全世界，有我罩着——写给创业者的诗,摘要为风太轻，所以裹挟你的誓言。云层浮在天空，所以鸟儿喜欢唱情歌。阳光渗进皮肤，所以汗水总是无处逃逸。雨水想抱你一下，所以迫不及待降落你身边。没有,标题为你的全世界，有我罩着——写给创业者的诗,正文为风太轻，所以裹挟你的誓言。云层浮在天空，所以鸟儿喜欢唱情歌。阳光渗进皮肤，所以汗水总是无处逃逸。雨水想抱你一下，所以迫不及待降落你身边。没有心情逗留，创业就是你的全世界。这些都是你的心事，只有我读得懂，别人走得太快，看都看不见。白天你的影子都在自己脚边，晚上你的影子就变成夜，包裹城市的霓虹，和美丽的心愿。我是风，想带你去实现你的誓言。我是云，想听你唱胜利的凯歌。我是阳光，想在冬天的时候给你温暖。我是雨水，想在夏天的时候给你清凉。我是银江孵化器，想在你创业的路上相伴左右。这些都是我的心事，只有你没读懂，别人走得太慢，全都看得见。白天我的影子都在你脚边，晚上我的影子就变成灯光，照耀你创业的路，和你心中的蓝图。有一个地方，只有你不知道银江孵化器距离你的梦想只差0.1毫米我们一起奔向它以后你的全世界，有我罩着！ 银江孵化器·高新园区以文化创意产业为主，智慧城市及“互联网+”为辅，包含文化创意、动漫制作、游戏开发、新媒体、互联网新技术应用等产业领域及相关领域，旨在打造一个具有关联产业领域、可谋求共同发展的联合办公空间。空间 地址：杭州市西湖区益乐路223号中国智谷高新园区联系方式：宁笑笑 18958060850 银江孵化器·西湖园区以智慧城市产业链为主要支撑，智慧医疗、智慧交通公共技术服务平台，免费产品检测、技术指导。13000方的租赁面积、120个创业工位，1000方公共区域配备食堂、创咖、篮球场、游泳池。尽享技术云、存储云、商务云平台，智慧城市专业导师，国际创业学院创业教育课程，更有金融、人力、会所、律所等全方位第三方资源全程服务。空间 地址：杭州市西湖区西园八路2号中国智谷西湖园区联系方式：吴哥 18158110768 银江孵化器·海创园区结合“互联网+“，重点聚焦物联网、云计算、大数据、智慧城市等产业，位于国家级科创基地未来科技城核心区，毗邻浙江省委党校、阿里巴巴、梦想小镇，云集了未来科技城众多的海内外高层次人才，以及浙江大学、浙江工业大学、浙江理工大学、杭州师范大学等城西高校群组成的优质高校人才，超过25000方的可租赁面积，配备超大多功能共享活动空间，集研办公、休闲、活动、健身于一体。空间 地址：杭州市余杭区文一西路1001号中国智谷海创园区联系方式：邱邱 13777452096 银江孵化器云制造小镇创业工坊以“智能制造”为导向，“智能硬件”为特色的综合科技孵化园，尽享“云制造”小镇的集群优势，大院名校、智能制造产业聚集区，政策洼地，78%森林覆盖率、天然氧吧。12000方的孵化办公场地，3000方的配套设施，咖啡吧、接待区、路演区、会议室、专线班车、地下停车库等一应俱全。空间 地址：杭州市临安市青山湖街道星港街618号联系方式：施旻 13018902503"
"这是一个新闻,新闻的关键词是非洲选手，奖牌，沟通,摘要为【安徽卫视《每日新闻报》】非洲选手跑错路只因沟通不畅无缘奖牌。,标题为非洲选手跑错路 只因沟通不畅无缘奖牌,正文为【安徽卫视《每日新闻报》】非洲选手跑错路只因沟通不畅无缘奖牌。"
"这是一个新闻,新闻的关键词是监拍“天外飞石”击穿工厂顶棚 工人慌忙逃窜,摘要为,标题为监拍“天外飞石”击穿工厂顶棚 工人慌忙逃窜,正文为"
"这是一个新闻,新闻的关键词是事业单位面试注意事项,摘要为事业单位笔试考查的是考生答题速度与技巧，面试需要多方面的知识素养，还需要应变能力、语言表达能力、敏捷的思维能力等。今天小编为大家整理了面试注,标题为事业单位面试注意事项,正文为事业单位笔试考查的是考生答题速度与技巧，面试需要多方面的知识素养，还需要应变能力、语言表达能力、敏捷的思维能力等。今天小编为大家整理了面试注意事项，希望可以帮助大家顺利备考面试。一、正装出席事业单位面试是个严肃庄重的场合，随意着装必然出局。你的着装必须与你的职位相符合，体现出个人的内在修养和踏实负责的工作态度等。二、听清题目考官念题或者阅读题本时，考生必须认真仔细，很多考生由于题目听错而直接失分。更有的考生，明明题目一个字也没听清，为了显示自己不紧张而故作镇定地揣摩性的答题，这样会给考官留下不好的印象，而且分数自然也不会太高。如果考生没听清，可以礼貌的向考官致歉，请考官重复一遍。三、自信干练在回答问题中考生要表现自信，声音大而流畅，言语充满肯定。同时解决问题方法间接有效，不拖泥带水。中公参考"
你是谁? 我是由良睦路程序员训练的一个AI模型53652799
你是谁? 我是由良睦路程序员训练的一个AI模型26929401
"这是一个新闻,新闻的关键词是伊川活性钙厂污染被举报至中央环保督察组后仍生产,摘要为冒出的滚滚浓烟运送石料的卡车映象网洛阳讯（映象网记者）今年８月４日，中央第五环保督察组交办洛阳群众举报环境问题调查处理情况，伊川县高山天富活,标题为伊川活性钙厂污染被举报至中央环保督察组后仍生产,正文为 冒出的滚滚浓烟 运送石料的卡车映象网洛阳讯（映象网记者）今年８月４日，中央第五环保督察组交办洛阳群众举报环境问题调查处理情况，伊川县高山天富活性钙厂因存在排放烟尘、粉尘气味呛人，污染环境，且未经验收擅自生产被点名通报。事后，伊川县政府已责成有关单位加强监管，督促该企业进行废气治理提标改造。然而１０月初，有群众反映，伊川县高山天富活性钙厂还在生产，满载石料的大型重卡在厂区来来往往，铲车将大堆石料推入窑中，不时有大量烟尘腾空升起，浓烟向空中四处飘散，窑体旁烧制白灰用的矿石堆积如山。当地群众告诉记者，该厂已违规生产多年，没有环评手续。厂里的除尘器陈旧，废气排放不达标，浓烟加上灰尘不经处理直接排放，他们曾经多次向洛阳市环境监察支队及伊川县环保局举报，但该厂均以整改为借口，利用晚上时间偷偷生产。１０月７日上午，记者拨打１２３６９环保热线反映情况，接线员告诉记者，伊川县高山天富活性钙厂新上了一台除尘设备，现在还没有通过环评验收。记者问：“没有通过验收怎么可以生产？”。接线员回答：“我也说不清楚，你给中队长打电话吧”。随后记者拨通伊川县环保局中队长刘某的电话，他告诉记者：“因为没有通过环评验收，前几天已经把伊川县高山天富活性钙厂的电断了”。记者问：“具体是那一天断的电，有没有断电手续？”。刘某不予回答。知情人告诉记者，伊川县高山天富活性钙厂烧制石灰，用的是土窑，没电照样可以生产。伊川县高山天富活性钙厂自投产到现在，污染物排放一直就没有达标过。１０月８日１８时左右，记者再次来到高山镇魏庄村，远远看到伊川县高山天富活性钙厂上空的烟尘弥漫，工厂并没有停止生产。"
"这是一个新闻,新闻的关键词是纽约市，清洁,摘要为据台湾《联合晚报》5月25日报道，纽约搬运一吨垃圾需花费251美元(约人民币1565.5元)，比美国任何其他地方都贵。而相比之下，华盛顿只要,标题为纽约运垃圾费用被指全美最贵 清洁队效率遭质疑,正文为据台湾《联合晚报》5月25日报道，纽约搬运一吨垃圾需花费251美元(约人民币1565.5元)，比美国任何其他地方都贵。而相比之下，华盛顿只要182美元(约人民币1135.1元)，最便宜的德州阿灵顿，运一吨垃圾只要7美元(约人民币43.7元)。据美国财政监督组织“公民预算委员会”发现，纽约市处理垃圾的每一个步骤，都比别的地方更花钱，收集和处理一吨垃圾的整体花费高达431美元(约人民币2688.1元)，而民间垃圾处理公司做同样的工作只要185美元(约人民币1153.8元)，两者相差一倍以上。根据纽约市的资源回收作业，每收集一吨回收品更得花629美元(约人民币3923元)。为鼓励清洁队提高效率，纽约市清洁队向员工提供奖金，可是公民预算委员会发现个别员工即使没有达到收集目标，只要整个作业区达标，他们还是可以照领奖金。据报道，清洁队员工起薪为3万3746美元(约人民币21.03万元)，可是五年后即跃增至6万9339美元(约人民币43.2万元)，加上加班费和其他额外收入，2012年他们每个人平均拿到8万8870美元(约人民币55.4万元)。根据《纽约邮报》报道，再加上各种福利，他们的平均年薪超过15万美元(约人民币93.5万元)。此外，委员会也质疑工会合约使整个系统存在各种缺乏效率现象，包括所有社区每周至少得收两次垃圾，连垃圾极少的地区也不例外。据报道，纽约市一年花大约16亿美元(约人民币99.8亿元)，处理380万吨垃圾，并号称拥有全世界规模最大的清洁队，包括7197名穿制服人员和2048名文员。"
