content
"这是一个新闻,新闻的关键词是库克再次表示看好 AR 而非 VR：人类的联系无法替代,摘要为人类接触无可替代，因此需要有技术来促成实现这种体验。在接受BuzzFeed的采访，库克用这句话再次表示了对增强现实支持，他还表示，与虚拟现实,标题为库克再次表示看好 AR 而非 VR：人类的联系无法替代,正文为 人类接触无可替代，因此需要有技术来促成实现这种体验。在接受BuzzFeed的采访，库克用这句话再次表示了对增强现实支持，他还表示，与虚拟现实技术相比，增强现实技术可以增强人类的体验能力，而这一点能更容易让它取得成功。 其实在今年 7 月苹果财报的电视会议中，库克就曾经表示： Pokémon GO这款游戏非常惊人，我觉得这证实了创新的应用和平台可以创造的奇迹，虽然现在他们由于服务器的压力等原因还没能在全球市场上线，但是我想很快就可以了。此外，它也说明增强现实是非常伟大的技术，苹果自身也在这个领域进行持续投资，我们对于增强现实的长期发展非常有信心，我觉得不管是从消费者还是商业的角度来看，这里面机会都很大。我们首先要做的就是保证苹果的产品与其他类似Pokémon GO的产品的兼容。 显然，苹果已经把 AR 技术作为未来发展的一个必不可少的重点。 尽管目前仅仅是多次表示支持，并且苹果也像以往一样，对于研发产品总是保持神秘吗，但是从苹果这些年的一些收购和招聘中，还是可以看出苹果在 VR 和 AR 领域的野心。 2010 年，苹果以 2900 万美元收购瑞典面部识别技术公司 Polar Rose。 2013 年，苹果以 3.45 亿美元收购了以色列的 Prime Sense 公司。这家公司专注于开发实时 3D 动作捕捉技术。曾经为微软的 Xbox Kinect 设计了动作传感器。 2014 年 12 月， 苹果发出招聘信息，招聘有经验的 VR 和 AR 技术工程师， 有一份招聘广告中还明确写了被选中的将参与到为下一代苹果产品开发基于 VR 和 AR 的软件及工具。 2015 年 2 月，苹果申请了一项专利，把一台头戴显示装置和其他类似于 iPhone 的便携式电子设备结合以便用来观看 （形态和现在市面上的 VR 眼镜很像）。 ?2015 年 3 月， 苹果又用 3200 万美元收购德国增强现实技术公司 Metio，与此同时 171 项 AR 领域的全球专利也收入苹果囊中。 2015 年 9 月， 又有消息曝出苹果收购了一家瑞士名叫 Face Shift 的公司，这家公司的专利是快速准确的无标记面部动画捕捉技术。 ? 除了这些收购，招聘和专利申请，苹果还从竞争对手的 AR 项目团队中挖来了工程师。 Nick Thompson 曾经是微软 Hololens 工程的音频工程主管，曾经在微软参与 Hololens 项目两年的研发文章。他很有可能会成为苹果研发 AR 技术的重点人才。 回到最根本的问题，苹果究竟什么时候会推出 AR 方面的硬件？以苹果推出产品的规律和思路来看，一定会等到技术充分成熟并且消费者有足够的接受能力时，才会把产品推向市场。张博文 (zhangbowen)一个有完美主义强迫症的设备控 邮箱#欢迎关注爱范儿认证微信公众号：AppSolution（微信号：appsolution），发现新酷精华应用。爱范儿| 原文链接· 查看评论· 新浪微博"
你是谁? 我是由良睦路程序员训练的一个AI模型69931398
"这是一个新闻,新闻的关键词是大镖客，荒野,摘要为R星社（Rockstar）在10月17号在它的官方Twitter发了这么一张图片：一张红色的图片，中间可以看到一些穿着西部式服装。明显是指R,标题为荒野大镖客2:已发布,正文为 R星社（Rockstar）在10月17号在它的官方Twitter发了这么一张图片： 一张红色的图片，中间可以看到一些穿着西部式服装。明显是指R星社的荒野大镖客系列。同时也改了它的头像。但是当时还不知道是不是新作。。。在这期间，整个社区出现了各种猜测。比如泄露了这个游戏地图之类： 还有来自其他公司的恶搞：比如来自最终幻想XV，Square Enix官方Twitter 还有丧尸围城，Capcom官方Twitter 总之大家的反应很兴奋，现在R星社官方Twitter发的图片已超过22万赞和12万分享。还有在其他社交网络也很成功。在所有人的期待下，R星公司终于发布了它的新作荒野大镖客2！游戏将会在2017年秋季在PS4和Xbox One上面发售，带着GTA V和荒野大镖客前作的创造者们的签名。（游戏除了故事模式之外还包括一个崭新多人体验）Sam Houser，R星的CEO表示：这个团队正在尽力把我们娱乐互动的想法带入到真正的世界里。我们期望能给用户带来一个传奇般的体验。而这个体验就是来自我们一直以来创造游戏的经验。P.S. 图片中，远方可以看到有好几个人，可能R星社还是采取了GTA V的多个主人公系统。。。"
"这是一个新闻,新闻的关键词是盖坦:西蒙尼想要收购我很多年了,摘要为盖坦已经在今年夏天加盟了马德里竞技，这名马竞新签下的国脚已经正式来到了西班牙首都马德里，盖坦也是谈到了新赛季希望在西甲联赛的期许。——盖坦谈,标题为盖坦:西蒙尼想要收购我很多年了,正文为 盖坦已经在今年夏天加盟了马德里竞技，这名马竞新签下的国脚已经正式来到了西班牙首都马德里，盖坦也是谈到了新赛季希望在西甲联赛的期许。——盖坦谈到了离开本菲卡我在本菲卡待了很多年的时间，你知道离开一支效力多年的球队真的会让人感到难受，但我现在想到的只有马竞。”——谈和主教练西蒙尼的第一次见面我还没有和西蒙尼进行会谈话，他也不是很了解我，但我想和我的队友们现在一起然后一起训练。西蒙尼在几年前就找过我，你知道，当一名主教练2年或是3年一直来找你，这总是一件积极的事情。——谈和马竞想要签下科斯塔我不能谈论谁会来马竞，谁不会来。(编辑：小流星)继续阅读：足球 国际足球 西甲 西蒙尼此文由 热点网 编辑，未经允许不得转载！：首页 体育» 盖坦：西蒙尼想要收购我很多年了"
"这是一个新闻,新闻的关键词是健身从业者如何在客户中提升自我形象（虎杰专刊2）,摘要为（本文为原创，转载请注明出处）各位虎杰体育的朋友，大家晚上好！今晚我们就昨晚展开的话题继续，《健身从业者，如何在客户中提升自我形象》之二，会,标题为健身从业者如何在客户中提升自我形象（虎杰专刊2）,正文为（本文为原创，转载请注明出处）各位虎杰体育的朋友，大家晚上好！今晚我们就昨晚展开的话题继续，《健身从业者，如何在客户中提升自我形象》之二，会籍顾问篇。会籍顾问的服务：其实，一名优秀的会籍顾问，他是可以适应任何行业的任何营销岗位。然而，会籍顾问的准入门槛低，任何职业的任何人也都可以加入，这就造就了健身行业的从业者，流动性非常大，能留在最后，或者说能坚持三年还在一个岗位的，绝对都是英雄，从另一方面，会籍顾问也是一个高淘汰率的行业，成功者并不多。正因为成功的道路不拥挤，所以剩者为王的会籍顾问，薪水还是非常可观，当然，职位上也会适当得到提升。笔者公司在上海，除了在全国市场做相关调研，更经常会在上海各品牌健身俱乐部进行市调，毫不夸张的说，能在上海生存两年以上的会籍，在全国其它任何地方做一名销售经理，店长不过份，因为，上海的竞争实在是太激烈、太残酷了，不光只是同业竞争，还有上海人的消费观念、理性程度，你无法想像他们获取一个资源的难度。然而，正是因为这样的激烈，才造就一批批优秀的健身从业人员。好，言归正传，会籍对于普通人来说就是办理健身新会员入会，老会员续卡的一个角色。然后现实中，会籍顾问不仅要掌握营销知识，还要掌握礼节、健身常识、初级营养学、器械常识等等各方面的专业知识，一名真正意义的会籍，他会十指弹钢琴，更是多面手。从派发DM宣传单页，到把人带到或者电话邀约到会所，然后谈单成交，再服务，并不是所有的人能一气呵成完成的，也不是其它销售行业就能随意上手的，必须要经过专业的训练和逆境的磨炼。下面，我从五个方面来讲，会籍顾问如何提升自己综合水平。 一、把会所当成是自己的家到一个健身俱乐部工作，你要想着，你不是在打工，而是这家健身俱乐部就是你家开的，俱乐部的每一位同事就是我们的兄弟姐妹，每一位会员都是可亲可爱的家人，俱乐部的老板是家长，如果观念对了，持续着这种美妙的感觉，你会发现你和同事的人际关系不仅会改变，还会发现会员对你好感与日俱增。很多我们的同事，在办卡前的春风满面，到办卡后的冷若冰霜，好像这个会员跟我不认识了，没关系了，其实不是这样的。维护会员是有技巧有方法的，会员入会只是成交的开始，一个健身俱乐部成品店，凡是维护客户优秀的会籍，他的业绩也不会差到哪里去。入会后，用心的发一条入会短信，建立起自己的会员群，记得会员的生日，记得会员小孩的名字等等工作，都是日常基础工作，如果做了半年，还没有建立自己的信息库，就说不过去。会所有些礼品赠券之类的，多送些他们，维护好一个会员，记住他后面是有25个人在助力的，转介绍的成功，是因为你做人成功的开始。 二、最优秀的营销方法就是你的善良每次下到全国各地的健身俱乐部培训、内训，很多一线的健身同事说，杨老师：“如何提升自己的业绩？能把您的绝密话术告诉我吗？打电话给客户他不来怎么办？我在外面派单留不到电话？他把我微信拉黑了？”，等等很多关于健身行业营销 的话题。其实，我用一句话来归纳：“最优秀的营销方法，就是你的善良”。大家不难发现，比尔盖茨、巴菲特、中国的马云等等企业家，他们成功的另一面，就是他们的爱心，他们对社会的回馈，回馈越多，回报越多。在智能化、现代化、科技化发达的今日，什么样的人最吃香？90%的人一定会说聪明的人，学历高的人、富二代等，让我来说，就是越简单、越真诚、越“傻”的人最吃香。我们公司做了一项测试，对全国各地接近50名会籍进行了两年以上的跟踪调查，通过大数据发现，凡是在一个健身俱乐部坚持长达两年之久的，最后都获得了成功了，要不是职位获得了提升，要不是收入得到了提升，凡是那些东奔西走（集团公司正常调动除外），这跳跳，那跑跑的，很多都是原地踏步，甚至离开了健身行业，也许他过得很好，也许他比做健身那时还差，毕竟：能一个月拿10000至20000元工资的职位，在中国还是不多的。因为，现在的公务员，他们的工资也并没有10000。那，做一个真诚和善良的人，怎么跟提升业绩有关系呢？笔者在十几年从业生涯中，一直从事管理岗位，从部队管到地方管，接触最多的就是人。不难发现，人是最复杂的也是最简单的，客户有时候刷卡和买单的理由，你都想不到。有些客户刷卡，并不是你的话术有多好，而是因为他曾在你的身上，发现了他拼搏的影子，他只是想帮助一个积极向上努力工作的人，所以，他是在配合你刷价。所以，在维护客户中，一定要做好三个方面：“多微笑、多问候、多帮助”，让客户觉得，你并不是只为了成交一张健身卡而助他，无所图的帮助，才会得到最大最多的订单。 三、维护客户就是在跟自己心灵对话我们的新会员入会后，记得第一时间报备公司，然后加上她（他）的微信，并确保我们自己的微信绝对不会出现负能量、低俗、低级、抱怨之类的话语，如果有，现在立即删除。同时，记好她的电话号码和生日，方法例如：张姐0902，现在的健身软件一般也会检索到会员生日，所以要经常和前台对接，把当月过生日的会员找出来，然后要跟她发祝福短信，或者一个小红包，上心的会籍还有的送上一个小礼品。能做到第三点的，1000个业务员中，不超过5个，所以这就是你和别人的不同，礼品不在轻重，在于你的一番小小的心意，最好在淘宝上提前网购，如果是普通会员，发一条信息就可。如果你认为是有质量的会员，请用我的方法照做。对于是已经入会的会员，你在建立的群里面，每天要发布相关励志信息、课程信息、发布健身常识，对于个人，利用微信群发功能，每一个星期发两次温馨小贴士，记住，不允许发送任何推送健身卡的信息。客户因为时时都在防着你在推销呢，所以，要利用前期很好的服务，去融化客户对你的警惕，要持续在三个月以上，才可以开始你的相关业务信息，同时，多关注她的朋友圈和兴趣爱好，多为他点赞，一定要把会所每次很好的公益福利，第一时间给到自己的会员。最终，你所做的这一切，其实都是会有回报的，回报只是分来的时间早晚，不要着急，老天有时候会考验你，一件好的事情，一定要坚守下去 四、和同事之间愉快的相处大家出来工作，是一场缘份，一个会所一定是要有正常的竞争机制，取他人之长补自己之短，和同事之间处好关系，也是你成交的关键，你会发现，有些教练手中也有些会籍卡信息，他为什么喜欢推给你而不是别人？那是因为你多少在他的心中，会有那么一份好感。当然，千万不要是外貌协会的，在会所要尊重每一位同事，无论是上级领导、还是平级同事、前台，甚至是保洁阿姨，都要尊重，万一那个保洁阿姨是一个身家上千万的人呢？她只是无聊在俱乐部应聘岗位，寻求一份充实呢？所以，你的礼节好，那些会员是会看到的。这时，又有人要问了，杨老师，我们公司的同事，我跟他打招呼，他不礼我，我当然生气，下次再不跟他打招呼了。其实，他回不回你，你为什么要生气？他给了你一次免费的训练机会，你要感谢他才是。还有，有些会员也是很高傲的，没关系啊！我们热情一些，自然一些，长时间的注重养成，我们自身不就变得更优秀啦，你说，你是不是要感谢这些免费帮助你，提升 你的人？五、做别人不愿意做的事情在团队中，当上级下达一个命令后，你是等着上级叫你，还是你主动站出来说：“我能，我可以，保证完成任务”等之内词语？做事情，你越是挑那些别人不愿意干的活，不愿意做的事，恭喜你！你又成功了。每个会所，都会有保洁阿姨，你是否能主动有一天，空闲时，帮助保洁阿姨打扫卫生呢？是否看到梳妆台上的水渍，自己把它擦拭干净了？做这些 事情，其实都是微不足道，但恰好是你这微小的善良，被某个会员发现了，或者保洁阿姨也有朋友呢？他们要是续卡或者有亲戚朋友办卡，我敢肯定，他会优先于你。当然，做这些事情，一定记住，不是做给别人看的，而是做给自己良心的一个交待。平时，在团队中做任何事情积极主动，服务行业，体现的一定是你的专业，而专业又能体现出你的素养和人格魅力。跟着一个优秀的团队，你会发现，你不优秀都很难......未完，待续3 （关注虎杰公众二维码，更多精彩）上海虎杰健身商学院，24小时快速移动到全国落地培训，没有所谓高大上的课程，只有实实在在的一线落地营销技术课程，虎杰体育，为爱而生！ 上海虎杰体育发展有限公司公司地址：上海市墨玉南路888号上海国际汽车城大厦6层服务热线：18221168669 13222299200公司传真：021-3955651924H免费服务热线：400-888-2098对公账号：3105 0179 3800 0000 0245开户名：上海虎杰体育发展有限公司开户银行：中国建设银行上海市嘉定区安亭支行更多活动详情，敬请关注虎杰体育微信扫一扫关注该公众号"
"这是一个新闻,新闻的关键词是100张照片，100%还原“剖腹产”全过程！,摘要为关于剖腹产，学术上也成为“剖宫产”，普遍人的印象是：肚子上拉个口，把娃抱出来，然后再把肚子合上。听起来很轻描淡写，对吧？也难怪，除了做手术的,标题为100张照片，100%还原“剖腹产”全过程！,正文为关于剖腹产，学术上也成为“剖宫产”，普遍人的印象是：肚子上拉个口，把娃抱出来，然后再把肚子合上。听起来很轻描淡写，对吧？也难怪，除了做手术的医生护士们外，连做剖腹产的妈妈们都是不知道真实的过程是怎样的！今天这些照片，可能会引起心理不适，但绝对百分百还原了剖腹产的过程！请慎入！手术前的一个关键环节——麻醉。 在紧急情况下，全身麻醉有助于手术的快速进行，减少意外情况的发生。非紧急情况时，区域性麻醉一般都作为手术的首选。建立婴儿档案 术前准备 给即将出生的婴儿建立身份卡 术前再次检查胎心 胎心正常 术前准备 全身用消毒布盖起来，仅把手术部位露在外面 医生戴上手术手套后，再次清洁消毒，确保手术过程无毒无菌 术前的最后准备 准备开始手术 手术开始 先是轻轻划开表皮，而不是我们外行所想像的一刀拉开整个肚皮 一层层往里拉开 据说一共要拉开七层才能把胎儿取出来 好端端的肚皮就这样被拉开了一条长长的大口子，口子的长度视胎儿的头部尺寸而定，要精确到毫米 刀口肯定会流血，所以手术过程中得不停地用纱布止血，不让血流得哪儿都是 半身麻醉后，腰部以下是没有任何知觉的，所以尽管我们看着伤口血肉模糊的非常可怕，其实产妇这会儿什么感觉也没有；麻醉师给她加了点安眠的药，她睡得很平静，好像什么事情都没发生一样。 一般人的肚皮都很厚，所以得慢慢往里面开 医生们相互配合得很是默契 人的脂肪其实是这样的…… 肚皮割开了，里面露出来的应该是子宫 小心小心再小心，里面包着的应该就是胎儿的头部。 先用纱布把伤口堵住 做一台手术会用到这么多的剪刀和夹子 快要看到胎儿的头了要把伤口扩大点儿，否则一会儿孩子的头不好出来 孩子快要出来了，护士提前准备好了氧气管儿 最后一层膜就要剪开了 头，孩子的头终于露出来了 天使就这样诞生了先把孩子的头取出来后，医生又用专业手法在产妇的肚子上轻轻一推，孩子的整个身子很顺利地就出来了 这是一个健康的女婴 医生先要把连着她和母亲的脐带给剪断 宝宝刚一出来就哇哇哇地哭了起来，声音洪亮，回荡在整个产房，听了让人感到十分振奋。 护士给她处理脐带 刚来到人世间，除了她在哭之外，其他人都在笑呢 浑身糊满了血迹 护士用纱布在给婴儿进行清洁 婴儿初浴，不是用水洗，而是用纱布蘸着特殊液体擦试。 擦试干净后，用事先准备好的小包被把婴儿给包起来。 襁褓中的宝宝好乖呀~ 她这是在笑吗？ 护士就要抱着孩子出去打疫苗了，包被上还带着孩子的身份卡呢~~ 产妇还在接受手术 胎盘被取出来了，这是宝贵的生命资源的再生~~ 内部处理完之后，开始进行伤口缝合~~血肉模糊，这缝起来可要谨慎呢~~ 伤口切的时候是从外到内一层层地切开，缝的时候正好相反，由内及外一层层缝合，总共也要缝七层~这些手术用线是可以被人身吸收的，也就是说缝完之后就不用再拆线了，这样可以让人少受一次罪~~少受一次罪~~ 这是胎盘。 子宫缝完了，开始缝腹腔~~ 手术用的缝针是弯头的，这样便于操作~~手术过程中虽然也出了不少血，但没有流个不停~~ 现在采用的是内缝合技术，所以伤口不会像以前那样跟一条大蜈蚣似的爬在肚子上~~ 伤口越来越小~~ 虽然从外面看不到线，但里面还是一层一层缝起来的~ 线是缝在肉里的，从表皮上看不到针眼儿~ 手术接近尾声~ 缝合好的伤口，非常平整~ 用纱布把伤口给盖住，避免感染，到此，这台剖腹产手术圆满结束。 怎么样？是不是很震撼？这么有意义的实录，一定要让更多人看到，妈妈是多么的伟大~~"
"这是一个新闻,新闻的关键词是察右前旗加强干部包联帮扶工作,摘要为今年，察右前旗3491名干部包联贫困人口，选派120名旗直部门科级后备干部担任驻村第一书记，实现每个村都有1支驻村工作队、1名下派第一书记，,标题为察右前旗加强干部包联帮扶工作,正文为今年，察右前旗3491名干部包联贫困人口，选派120名旗直部门科级后备干部担任驻村第一书记，实现每个村都有1支驻村工作队、1名下派第一书记，每户贫困户都有1名帮扶责任人。如何把干部帮扶工作做实，该旗坚持“四个清楚”强化这一工作。建档立卡，做到“底数清楚”。帮扶干部与贫困户双方做到“五个清楚”，即清楚基本情况、清楚致贫原因、清楚帮扶计划、清楚帮扶措施、清楚帮扶实效。认真开展建档立卡“回头看”工作，对贫困人口识别不准、信息不准、数据不实等问题进行全面筛查和定期核查，并全部录入业务管理子系统。截至目前，全旗确定建档立卡未脱贫人口5928户、13123名贫困人口。强化考评，做到“责任清楚”。建立干部包扶贫困户责任制，明确包扶单位一把手是第一责任人，建立定期听取汇报制度，畅通信息渠道，为旗委、政府掌握包扶情况、扶贫整体落实进度。建立第一书记联系责任制度，掌握包联工作进展情况，督促包联干部做好包扶工作，及时报送扶贫进展情况和存在的问题。精准施策，做到“办法清楚”。该旗将旗委、政府确定的扶持产业、扶持就业、政策兜底等政策措施落实到每一户、每一人。特别是制定出台了生猪、肉牛、特种鸡养殖以及设施蔬菜种植等6项扶持政策，为每一户有劳动能力、有种养殖意愿的贫困户配套产业，增加经营性财产收入，奠定脱贫基础。经初步测算，该旗“五个一批”共计划扶持15272人次，其中发展生产5931人、发展生态600人、易地搬迁4690人、教育扶贫1267人、政策兜底2784人。细化标准，做到“要求清楚”。认真落实脱贫攻坚“453”挂图作战，切实做到内容真实、数字准确、更新及时。目前，全旗建档立卡贫困户在20户及以上的村“453”作战图全部上墙，“三本账”（脱贫计划、帮扶措施、工作台账）正在填制当中。同时，建立建档立卡贫困户收入情况对比工作制度，对贫困人口扶持前收入状况、扶持项目及扶持后收入状况进行调查监测，及时跟踪掌握扶持成效。"
"这是一个新闻,新闻的关键词是如何成为一个能赚钱的编剧？,摘要为来源：金象微电影网答案是：不要想钱，想着如何把剧本写好，钱自己会来找你的。上面这句话是我的经验。编剧的感觉作为编剧，首先要说的是，编剧也是普,标题为如何成为一个能赚钱的编剧？,正文为来源：金象微电影网答案是：不要想钱，想着如何把剧本写好，钱自己会来找你的。上面这句话是我的经验。编剧的感觉作为编剧，首先要说的是，编剧也是普通人，再说这个世界上也没有真神现身啦。首先，做编剧需要天分，正如那名言所说：成功需要百分之一的天分加百分之九十九的努力，但那百分之一的天分起决定作用。也就是说，如果没有编剧的天分，那再多的努力也是枉然。那么编剧的天分是什么呢？这基本上属于一种感觉，很难准确概括，但非要用几个词来描述的话，一定包括“强大的想象力”、“缜密的故事结构力”、“精练准确的对白写作力”、“自然充分的心理感染力”.这些是最基本的。编剧本身最好非常熟悉舞台或镜头，懂表演但不一定自己会表演，拥有很强的舞台感和镜头感是特别有帮助的，这样写出的作品才更容易被搬上舞台或荧屏。 中国的一些编剧很“作家”，也就是说，他们很容易陷入文学创作的陷阱而忽略戏剧的特点，往往忘记戏剧性和动作性而大肆渲染心理活动和背景交代，结果将剧本写成了小说，最后还得让别的编剧来修改。另外，中国编剧容易走两个极端： 一个是视艺术感染力、教育力最优，非常阳春白雪结果忽略戏剧的娱乐性； 另一个是一味的迎合低俗趣味，生造笑料，毫无精神享受可言，因此两种极端的编剧风格都不容易被更广大的观众接受。 编剧的坚持很多刚开始学编剧的朋友往往会陷入一个又一个迷魂阵，看着失败的片段于是觉得自己不是这块料。当然，如果掉进迷魂阵却再也爬不上来，那可能真的就不适合学习编剧；如果掉进了迷魂阵有一天突然醍醐灌顶，那说明可以继续走下去了，准备迎接下一个迷魂阵吧。因此适当适度的坚持很重要。当编剧的四项基本条件 1，非常热爱编剧。由此产生持久的热情。 2，热爱思考，由此领悟编剧的技巧。 3，观察能力，由此对人性有非凡的洞察。 4，怜悯之心，由此对爱恨有异常的敏感。 尽管编剧是个古老的行当，但进入这门艺术的时间则比较晚。早期的无声短片中着重向观众展示的是简单的视觉奇观，因此缺少编剧的位置。随着电影长度逐渐增加到4、5卷胶片时，对编剧的需求才开始浮现，他们帮助导演理出故事线索并编写配合画面的字幕。 而待有声片出现后，编剧的角色才开始成为电影中的固定一环。 到二战期间，欧洲的文学传统伴随着大量的德国和西欧移民涌向好莱坞，编剧的地位得到了进一步提升，并随着1950年代大制片厂体系的瓦解和独立制片的兴起继续上升。但总的来说，在好莱坞电影行业中，尽管有少数一些有票房号召力的编剧的作品会引起各大制片厂的争抢，有很强的话语权，但绝大部分编剧的角色仍然次于制片人和导演。在受雇创作一个剧本时，好莱坞编剧们通常是分阶段完成： 首先会提供一份8-10页的剧本提纲(Outline)； 然后是更详细的长达40-60页分场脚本(Treatment或Scene Breakdown)； 再然后便会写出完整的100页左右的剧本草稿( Draft)以及数量不定的后续修改版本，直至定稿。而编剧的收入也是根据工作进程分阶段获得的。 好莱坞编剧的赚钱秘密在普通人眼里，好莱坞编剧是一个闪耀着光环的职业，但现实情况却并非如此，好莱坞的竞争非常激烈，每年在美国编剧工会注册的剧本数量超过65000部，大部分编剧大部分时间都处于失业状态，往往需要干别的工作来维持生计。据美国编剧协会的数据，好莱坞电影业编剧的就业率2012年下降了6.7%，已是连续第三年下降。主要是因为六大制片厂将更多的资源集中在大片上，中等规模的电影变少。1537名编剧总收入3.434亿美元，相较于2007年的5.266亿已经下降了35%。 当然行行出状元，编剧业也有赚的盆满钵满的高手。以好莱坞最为成功的编剧沙恩?布莱克(Shane Black)为例，1987年，他的第一个剧本《致命武器》以25万美元的高价卖出，随着《致命武器》成为1980、90年代最成功的系列电影之一，布莱克的身价节节攀升。他相继以175万美元的价格卖掉了《终极尖兵》(The Last Boy Scout，1991)，《幻影英雄》(Last Action Hero，1993)，而1996年的电影剧本《特工狂花》(The Long Kiss Goodnight)，在经历一场竞标后，更卖出了400万美元，据说是当时好莱坞最高价。 下表中列出了好莱坞最昂贵的十大原创剧本，正是这些收入颇丰的案例刺激着很多人渴望成为好莱坞编剧。有趣的是，尽管表中的编剧领走了高薪，但大部分作品的票房却并不成功。《莫扎特和鲸鱼》便是一个极端的例子，因《雨人》而成名的编剧罗恩·巴斯从这部电影获得了275万美元报酬。但影片制作完成后，由于主创们对终剪版都很不满意，拒绝参与宣传活动。于是影片最终只在影片拍摄地华盛顿某处影院做短暂放映，便匆匆地发行了DVD，票房仅有可怜的36000美元。当然也有市场特别成功的作品，如乔·埃泽特哈斯仅用13天时间完成编剧工作的《本能》，靠题材的巨大争议引爆眼球，最终美国票房达到1.18亿，而全球票房超过了5亿美元。 数据来源：Listverse注：名单中仅包括以编剧为主业的人士，不包括以担当导演/制片人为主，同时也参与编剧的电影人，如乔治·卢卡斯，詹姆斯·卡梅隆。另此排名未严格考虑通货膨胀因素，相同金额按年份前后排列。身处一个充满不稳定的行业，好莱坞的编剧们为了保护自身的权益，成立了工会。好莱坞编剧工会包括东部和西部两个分会，分别成立于1951年和1954年，各自总部设在纽约和洛杉矶，两个分会独立运营，但在一些议题上会保持一致，包括编剧在电影中的署名规定、剧本注册规定等。目前两会会员总计达23000名。每三年，编剧工会与代表好莱坞制片公司利益的电影电视制片人联合会(Alliance of Motion Picture Television Producers，AMPTP)商定出一个基本合约，其中规定了编剧可以获得的最低报酬、分期付款的安排和付款期限等详细的条款。 如表2所示，根据2014年的最新合约，如果是高成本电影(投资在500万美元以上的项目)的原创剧本，编剧最少应获得127295美元的报酬，改编剧本的最低报酬为110337美元。在编剧递交剧本大纲、剧本第一稿、剧本第二稿之后的7个工作日内，制片方需按规定分期支付费用。而如果后续还要进行重写或润色，都要追加报酬。除了保底收入外，好莱坞编剧或其代理机构在与片方商定的合约中，还会规定一旦电影正式投拍时，需要给编剧支付一定的制作奖金。当影片发行之后，编剧还能获得5%左右的净收益分成——尽管在好莱坞的会计体系下，净收益往往是空中楼阁。 小贴士 三步教你置顶公众号，查看影视资讯so easy！一、进入“追梦编剧人”微信公号，点击右上角小人儿二、开启置顶公众号选项 三、如果以上步骤没有成功，请确认下微信是不是更新到了最新版哦（微信6.3.16）"
"这是一个新闻,新闻的关键词是物价，问卷,摘要为新华网北京3月20日电（记者李延霞、王培伟）人民银行20日发布的《2015年第一季度城镇储户问卷调查报告》显示，当期物价满意指数为27.7%,标题为央行问卷调查：近五成居民认为物价高难接受(图),正文为 新华网北京3月20日电 记者李延霞、王培伟人民银行20日发布的《2015年第一季度城镇储户问卷调查报告》显示，当期物价满意指数为27.7%，较上季提高2.3个百分点。其中，48.8%的居民认为物价“高，难以接受”，较上季下降4.1个百分点。 新华网北京3月20日电（记者李延霞、王培伟）人民银行20日发布的《2015年第一季度城镇储户问卷调查报告》显示，当期物价满意指数为27.7%，较上季提高2.3个百分点。其中，48.8%的居民认为物价“高，难以接受”，较上季下降4.1个百分点。根据报告，26.3%的居民预期下季物价水平“上升”，52.6%的居民预期“基本不变”，10.2%的居民预期“下降”，10.9%的居民“看不准”。报告显示，居民偏爱的前三位投资方式为基金及理财产品、债券和股票，选择这三种投资方式的居民占比分别为33.8%、15%和13.8%。房价方面，51.9%的居民认为目前房价“高，难以接受”，较上季下降6.9个百分点，44%的居民认为目前房价“可以接受”，4.1%的居民认为“令人满意”。央行同日发布的《2015年第一季度企业家问卷调查报告》显示，企业家宏观经济热度指数为29.2%，较上季下降1.9个百分点，较去年同期下降4.2个百分点。其中，43.3%的企业家认为宏观经济“偏冷”，55%认为“正常”，1.7%认为“偏热”。报告显示，经营景气指数为52.8%，较上季下降1.7 个百分点，较去年同期下降2.5个百分点。其中，23.2%的企业家认为本季企业经营状况“较好”，59.1%认为“一般”，17.7%认为“较差”。盈利指数为51%，较上季下降4个百分点，较去年同期上升0.1个百分点。"
"这是一个新闻,新闻的关键词是汉诺威，总理,摘要为资料图：印度总理莫迪。中新网4月13日电据外媒报道，德国当地时间12日傍晚，德国总理默克尔同到访的印度总理莫迪共同宣布汉诺威工业展开幕。14,标题为印总理出席汉诺威工业展 称印经济增长世界最快(图),正文为资料图：印度总理莫迪。中新网4月13日电 据外媒报道，德国当地时间12日傍晚，德国总理默克尔同到访的印度总理莫迪共同宣布汉诺威工业展开幕。14日，莫迪将抵达柏林访问。印度是今年汉诺威工业展的伙伴国。这一全球规模最大的工业展吸引了来自近70个国家的6500家展商。4月13日，莫迪同默克尔一起参观这场展览。默克尔和莫迪共同参加汉诺威工业展时，印度总理称赞了自己国家是世界上经济增长最快的国家。在场的还有戴姆勒首席执行官蔡澈(Dieter Zetsche)、西门子新总裁乔·凯瑟尔(Joe Kaeser)。面对这些企业的第一把手，到访的印度总理表示，从向印度打开欧洲市场的角度来看，德国比任何其他国家都做得多。他邀请德国企业前往印度投资。2015年3月的统计表示，2014年至2015年，印度的经济增长在7.4%。在欧盟，德国是印度最大的贸易伙伴。10年来，印度和德国的贸易额翻了一倍。莫迪在汉诺威工业展上表示，为了引进更多的外资，印度改善了基础设施、投资环境以及税收标准。今年，来汉诺威参战的印度展商达到120多个企业主，几乎占到了1/4。4月14日，总理默克尔将和到访柏林的莫迪举行会谈，德国经济部长加布里尔(Sigmar Gabriel)和德国外长施泰因迈尔也将参加会谈。结束德国访问之后，印度总理将出访加拿大，在加的印度侨民不少。"
"这是一个新闻,新闻的关键词是宏磊铜业14亿元收购广东合利 拥有三项支付业务许可,摘要为央行官网显示，广东合利法定代表人为张军红，业务类型包括互联网支付、移动电话支付、银行卡收单，业务范围覆盖全国，于2014年7月获得支付许可证,标题为宏磊铜业14亿元收购广东合利 拥有三项支付业务许可,正文为央行官网显示，广东合利法定代表人为张军红，业务类型包括互联网支付、移动电话支付、银行卡收单，业务范围覆盖全国，于2014年7月获得支付许可证。5月13日晚间，浙江宏磊铜业股份有限公司公告称，公司经过认真论证，拟通过支付现金的方式，购买深圳前海传奇互联网金融[普益]服务有限公司（下称“深圳传奇”）全体股东合计持有的深圳传奇51%股权；拟通过支付现金的方式，购买北京胜锐天晟科技有限公司（下称“北京胜锐”）持有的北京天尧信息技术有限公司（下称“北京天尧”）100%股权；拟通过支付现金的方式，购买张军红持有的广东合利金融科技服务有限公司（下称“广东合利”）90%股权。本次交易完成后，深圳传奇、广东合利将成为公司的控股子公司，北京天尧将成为公司的全资子公司。公告还称，截至基准日止，深圳传奇51%股权的预估值为48960万元、北京天尧的100%股权的预估值为42000万元、广东合利90%股权的预估值为140000万元，评估基准日为2016年3月31日。据了解，广东合利及深圳传奇从事第三方支付业务，北京天尧从事银行信用卡消费服务。央行官网显示，广东合利法定代表人为张军红，业务类型包括互联网支付、移动电话支付、银行卡收单，业务范围覆盖全国，于2014年7月获得支付许可证。（编辑：重石）"
"这是一个新闻,新闻的关键词是全市严查高温天气劳动者权益保护,摘要为郑州台消息：近日，记者从郑州市人力资源和社会保障局了解到，全市严查高温天气劳动者权益保护，用人单位须足额支付劳动者高温津贴，严禁延长职工高温,标题为全市严查高温天气劳动者权益保护,正文为郑州台消息：近日，记者从郑州市人力资源和社会保障局了解到，全市严查高温天气劳动者权益保护，用人单位须足额支付劳动者高温津贴，严禁延长职工高温作业时间和加班加点。高温天气是指35℃以上的天气。用人单位应适当增加高温工作环境下劳动者的休息时间和减轻劳动强度、减少高温时段室外作业等，因高温天气停止工作、缩短工作时间的，用人单位不得扣除或降低劳动者工资。郑州市人社部门将在全市范围开展专项检查，未按规定发放高温津贴的用人单位，逾期不整改的处2000元以上2万元以下罚款。分享："
"这是一个新闻,新闻的关键词是航道，肠梗阻,摘要为湖北日报讯（记者雷闯、通讯员王取发、李先忠）昨从长江航道规划设计研究院获悉，长江深水航道整治“645工程”模型试验已完成，为长江宜昌到安庆段,标题为为47个航道肠梗阻开“药方”,正文为湖北日报讯（记者雷闯、通讯员王取发、李先忠）昨从长江航道规划设计研究院获悉，长江深水航道整治“645工程”模型试验已完成，为长江宜昌到安庆段47个碍航水道（浅滩）开出了“药方”。其中，太平口、界牌、东流等11个浅滩被列为“重症病号”。“645工程”是指长江干流武汉至安庆水深达到6米、宜昌至武汉水深达到4.5米航道整治工程。目前，长江上游宜昌到重庆段通航水深已达4.5米，下游安庆到芜湖段水深达到6米。为何要进行模型试验？长江航道规划设计研究院航道一所所长黄成涛解释，长江宜昌到安庆段全长1026公里，约占长江干线航道2/5，全程88个水道蜿蜒曲折，河床演变剧烈，滩多水浅，是长江中游的“肠梗阻”。要实现提高水深的目标，必须先进行模型试验研究，找到科学有效的工程措施，“就像给病人诊治一样，先把脉再开药，用完药看疗效”。据悉，为实现“645工程”的治理目标，需整治的航道“肠梗阻”达47个，根据碍航程度的不同，这些水道分为三类，一是重点碍航浅滩，滩槽格局稳定性差，通航条件差，其水深完全不能满足“645”标准；二是一般碍航浅滩，滩槽调整幅度及频度相对较弱，其水深与“645”标准差距较小，仍需治理；三是潜在碍航浅滩，目前水深满足“645”要求，但今后将会朝不利的方向演变，需要未雨绸缪。据介绍，模型试验中主要采取坝体、护滩和护岸等多种治理措施，有的单一使用，有的数项兼用。“一个水道模型试验方案少则4、5组，多则近20组，需不断优化。”该院航道四所副所长邓晓丽表示，有的水道目前虽然能满足“645”通航要求，但在模拟试验中预测到在未来会发生不利变化，也要找到应对的预防治理措施。链接武汉长江航运中心前景可期（记者雷闯、通讯员王取发、李先忠）据悉，“645工程”由湖北首倡。在2009年长江中游航道治理规划中，宜昌至城陵矶段航道水深为3.5米，城陵矶至武汉段为3.7米，武汉至安庆段为4.5米。2012年，湖北省抢抓国家依托黄金水道建设长江经济带战略机遇，力争将武汉打造为长江中游航运中心，向中央提出长江宜安段“645”深水航道整治工程，并得到了国家大力支持。2013年，投资43.3亿元的荆江航道治理工程正式启动。当年底，交通运输部、水利部和湖北省联合开展长江干线宜昌至安庆段航道整治模型试验研究，旨在研究论证宜昌至武汉段航道水深提高至4.5米、武汉至安庆航道水深提高至6.0米的建设可行性。历经一年多努力，各项研究均已完成初步报告，预计6月形成总报告。长江航道局相关负责人表示，“645工程”上马后，可彻底打破中游航道瓶颈，实现4.5m以上航道水深涪陵至浏河口（2191km)全线贯通，常年通航5000吨级货船；6.0米航道由安庆进一步上延至武汉，将实现5000吨级海轮常年直达武汉，这对打造武汉长江中游航运中心意义重大。"
"这是一个新闻,新闻的关键词是库里，三分,摘要为三分球是1979-1980赛季才引入NBA的，然而随着篮球的进步三分球变得越来越重要。而现在盛极一时的小球战术更是将三分球推到了顶点，库里也,标题为NBA三分榜，现役3老头在榜，库里开挂猛追,正文为三分球是1979-1980赛季才引入NBA的，然而随着篮球的进步三分球变得越来越重要。而现在盛极一时的小球战术更是将三分球推到了顶点，库里也以颠覆式的三分不断突破球迷对三分球的认识，那历史三分榜前十又是谁呢？ 雷阿伦（2973个） 在库里之前，雷阿伦就是三分球的代言人。犹记得2014年总决赛上的那记底角三分，那教科书般的投篮动作，让人如痴如醉，当你讲到三分球之时，你无法避开他。 雷吉米勒（2560） 谈到米勒的三分球，就势必会想起他的米勒时刻。这位天生的杀手有过许多经典时刻，一生都在和顶级分卫斗争增加了他的传奇色彩。 杰森特里（2169） 喷气机的三分是他的杀器之一，2011年德克带领小牛勇夺冠军，除了老司机状态神勇八门全开之外，喷气机在外线也打的热火找不着北。 保罗皮尔斯（2128） 作为进攻万花筒，皮尔斯的关键三分威力无穷。皮队已经宣布这个赛季打完将会退役，大家且看且珍惜吧。 杰森基德（1988） 很多人觉得奇怪，基德是怎么混到这个榜单上的。生涯初期基德并不以三分见长，但后期慢慢增加了远程投射，这位数据流氓就这样杀到了三分榜前五。 文斯卡特（1937） 卡特在扣篮上的造诣太过出色，以至于掩盖了他其它方面的优秀。他一直都是联盟靠谱的得分手，三分也不在话下。 贾马尔克劳福德（1933） 克6是整个联盟最会打4分的家伙，三分自然也差不了。现在这位老家伙也已经36岁了。 凯尔科沃尔（1887） 科沃尔是典型的稳定型射手，以42.9的命中率投进了1887记三分。即使是现在，他依然是联盟最出色的三分手之一。 乔约翰逊（1832） 单打乔在进攻方面的才华十分出色，他的三分球也一样有威胁。 比卢普斯（1830） 比卢普斯是出了名的大心脏，关键时刻绝对不能放空他。 科比以1827记三分位于三分榜第11位，诺维茨基以1701记位列15位。而库里，用了495场比赛投进了1593记三分位于19位，而三分榜前十位中，只有科沃尔的场次少于1000。现役的神经刀JR以1679记三分位于17位。 -END-想看更全的篮球咨询吗?想收集最迅速的篮球视频、图片吗？那就关注我吧!微信公众号：篮球殿堂"
"这是一个新闻,新闻的关键词是心情美美、财运最好的三大生肖！,摘要为一、属蛇人属蛇人命中有春暖花开般的好运气，人生鸿运如锦绣，一辈子的贵人运都不错。属蛇人有经济头脑，擅长精打细算，所以他们很容易招财，并用智慧,标题为心情美美、财运最好的三大生肖！,正文为一、属蛇人 属蛇人命中有春暖花开般的好运气，人生鸿运如锦绣，一辈子的贵人运都不错。属蛇人有经济头脑，擅长精打细算，所以他们很容易招财，并用智慧求财，能琢磨出求财的捷径。属蛇人看事比较准，脑子精明，简直是活到老，赚到老！二、属鸡人 属鸡人个性之中带有一定的叛逆心理，敢于和现实做斗争。属鸡人天生胆子大，脑子聪明，好胜心强，无论多少岁都特别有奋斗雄心，20岁奋斗，30岁发家，40岁暴富，50岁殷实安康！属鸡人很容易抓住发财的机会，一辈子遍地黄金，能活出富贵的人生。三、属羊人 大家都觉得属羊人的命运不太好，其实不然，属羊人天生是有福命！只是属羊人早年较为艰辛，仕途不顺，命途有些坎坷，但属羊人这些经历过的千难万险，都能成为他日后的制胜法宝。属羊人依旧会坚持和努力，从不投机取巧，一步一个脚印的扎实做事，财运也会越来越好，一富就是到百岁，可贵为人上人。最近您是否感觉财路不畅，运势不佳？有没有觉得坏运缠身、诸事不顺？想了解更多财运运势问题，可添加菩宁缘悟玄大师微信 : puningyuan88 (←长按可复制)；帮你化解财运、健康、婚姻难题。教你如何化解风水，远离凡事纷扰，趋吉避凶，从官仕途高升，从商广纳财禄，得安康吉庆人生！"
"这是一个新闻,新闻的关键词是2020年老年人口将突破180万 杭州打算这么办,摘要为《杭州市养老服务业发展“十三五”规划》近日出台。预计到2020年末，杭州60岁以上老年人口将达180万。未来5年，针对日益扩大的老年人群体，,标题为2020年老年人口将突破180万 杭州打算这么办,正文为《杭州市养老服务业发展“十三五”规划》近日出台。预计到2020年末，杭州60岁以上老年人口将达180万。未来5年，针对日益扩大的老年人群体，杭州有哪些安排？2020年末，老年人口突破180万 “十二五”时期，杭州市老年人口增长34万余人，总数达到150万人，占户籍人口的20.86%，呈现出老龄化、高龄化、空巢化、失能化“四化叠加”趋势。 目前，杭州共建成居家养老服务照料中心2329家，老年食堂1198家；共有养老机构316家。 预计到2020年末，户籍60周岁以上老年人口将突破180万，老龄化比例将达24%以上，平均每年增加近0.8个百分点。 户籍80周岁以上高龄人口超过30万，高龄化比例超过18%。同时，家庭小型化、少子化、空巢化趋势加剧，失能失智老人占比增加。杭州有这些打算面对日益加剧的老龄化，“十三五”期间杭州将在这些方面发力。14个项目，投资20.53亿“十三五”期间，杭州养老服务业重点建设规划储备项目共有14个。 200个居家养老照料中心到2020年底，重点打造200个面积较大、功能齐全、具有10张及以上日托床位和餐饮服务（含配餐）功能、由社会力量整体托管或全面参与运营的综合型居家养老照料中心。民办养老机构床位数比例超70%到2020年底，市区两级公办养老机构基本实现准入评估、公开轮候。每千名老人拥有社会床位数达到50张，其中机构床位数不少于45张。民办养老机构床位数比例达到70%以上，护理型床位比例不低于60%。6%以上老人享有补贴在确保全市6%以上的老年人享有养老服务补贴的基础上，配套建立补贴标准动态调整、补贴跨区域使用、补贴智能化结算等各类机制。持证上岗率达到95%落实完善护理员入职奖补、持证奖励制度、工资自然增长机制以及各项优待举措。实现养老护理人员持证上岗率达到95%，持有初级及以上职业资格证书人员达到50%。打造10个养老产业集聚区（街区）打造10个以健康养老服务业为主的养老产业集聚区（街区），培育10个规模较大的养老服务集团和连锁服务机构，为全市提供8万个以上养老服务就业岗位。"
"这是一个新闻,新闻的关键词是陈小春“塑料普通话”呆萌逗趣 挑战综艺MC,摘要为陈小春自出道以来一直以“硬汉”形象示人，在内地“摸爬滚打”多年，他成功塑造了无数经典的荧幕形象。除此之外，陈小春的“歌手”身份更是不容小觑，,标题为陈小春“塑料普通话”呆萌逗趣 挑战综艺MC,正文为陈小春自出道以来一直以“硬汉”形象示人，在内地“摸爬滚打”多年，他成功塑造了无数经典的荧幕形象。除此之外，陈小春的“歌手”身份更是不容小觑，他的《独家记忆》、《友情岁月》、《算你狠》、《没那种命》都堪称经典。然而，尽管是一名出色的歌手，陈小春的普通话却一直不甚“灵光”，每逢遇到需讲长句的场合，霸气“大哥”也会露出些许紧张。而他一口港味十足的“塑料普通话”更是呆萌逗趣，常令人听得云里雾里，领会“只言片语”而不解其意。就连“小春哥”的兄弟郑伊健都曾调侃过他普通话退步，谢天华也曾笑指多年来陈小春的“港普”大家都听不懂。面对来自朋友的“耿直”调侃，陈小春虽一笑而过，却也常常在家中暗地“修炼”，将“精进普通话”作为一项任务提上日程。随着陈小春加盟《来吧，说做就做》消息的曝光，昔日酷痞的“大哥”再度进入人们视野。据悉，《来吧，说做就做》是湖南卫视四季度的一档大型结构式综艺，12期节目融入12个不同主题，可谓是史上最刺激的一档“综艺快闪”。而此次，性格诙谐幽默的陈小春担纲综艺MC，热血满怀誓要与队友“一较高下”。只不过“小春哥”实力虽不输，却因普通话不甚娴熟而吃亏，往往调动一切“语言细胞”也无法准确表达当下意图，常常被人“误听”而闹出“乌龙”，现场喜剧“笑果”十足。不过，网友们倒十分欢乐地表示：“小春哥的‘塑料普通话’真是萌萌哒，期待节目的看点！”“虽然不擅长讲话但是人很man啊，‘大哥’的撩妹指数max！”如此看来，尽管网友已被陈小春的“港式口音”萌“倒”，但这口“塑料普通话”的“进击”之路依旧漫长。那么，他究竟能否成功将“港式艺能”带入内地综艺？大胆出镜挑战MC的他又会抖出哪些笑料？更多“小春哥”的“爆笑囧事”，十一月我们一同揭晓！"
你是谁? 我是由良睦路程序员训练的一个AI模型228925
你是谁? 我是由良睦路程序员训练的一个AI模型63783100
"这是一个新闻,新闻的关键词是武汉旅烨：有智慧的选择来旅烨实习和职场应变,摘要为要持真诚的尊重领导的态度，领导能做到今天的位置，大多是其自己努力的结果，但领导不可能事事都能作出“圣君名主”之决断，领导时有失误，在某些方面,标题为武汉旅烨：有智慧的选择来旅烨实习和职场应变,正文为 要持真诚的尊重领导的态度，领导能做到今天的位置，大多是其自己努力的结果，但领导不可能事事都能作出“圣君名主”之决断，领导时有失误，在某些方面可能还不如你，千万不要因此而有居高临下之感而滋生傲气，只能给工作徒增阻力，尊重领导是“臣道”之中的首要前提原则，要有效表达反对意见，懂得智慧说“不”！第三要换位思考，如果我是领导我该如何处理此事而寻求对上级领导处理方法的理解！寻找合适的沟通方法与渠道十分重要。我们日常上报领导的日报、周报等在现实工作中常常被我们变成了“呼悠”应付领导差事的工具，如何有效利用日报等常规沟通工具向上达成有效沟通的效果是我们每一个被管理者要认真思考和对待的问题。被管理者要善于研究上级领导的个性与做事风格，根据领导的个性寻找到一种有效且简洁的沟通方式是沟通成功的关键！当沟通渠道被外因所阻隔要及时建立起新的沟通渠道，时刻让领导知道你在做什么？做到什么程度？遇到什么困难？需要什么帮助？一定要让你的领导知道，不要期盼你遇到问题的时候，领导都能未卜先知且能及时伸出援助之手，有效的沟通是达成成功的唯一途径！其次要掌握良好的沟通时机，善于抓住沟通契机，不一定非要在正式场合与上班时间，也不要仅仅限于工作方面上的沟通，偶尔沟通沟通其他的方面的事情也能有效增进你与领导的默契！在给足领导面子的同时不要丢失了自我个性，千万不要失了智慧。领导手上掌握着你急需的大量资源，不要抱怨领导对你的不重视或是偏见，首先去反省自己！与领导的沟通是否出现了障碍？沟通的方式是否正确？与领导沟通不等同于虚溜拍马，沟通中首先要学会倾听，对领导的指导要加以领悟与揣摩。在表达自己意见时要让上级感到这是他自己的意见，巧妙借领导的口陈述自己的观点，赢得领导的认同与好感，让沟通成为工作有效的润滑剂而不是误会的开端。日常工作中有时侯由于沟通方式或时机等不当，造成与领导沟通出现危机，让领导产生误会与不信任时，要及时寻找合适的时机积极主动的给予解释清楚，从而化解领导的“心结”。"
