content
你是谁? 我是由良睦路程序员训练的一个AI模型6116082
"这是一个新闻,新闻的关键词是最火巴黎时装周 解密2017美妆流行趋势,摘要为最火巴黎时装周解密2017美妆流行趋势巴黎时装周作为四大时装周压轴，这个想必不用我说大家也都知道。排在最后一个亮相，不仅是因为它资格最老，而,标题为最火巴黎时装周 解密2017美妆流行趋势,正文为最火巴黎时装周解密2017美妆流行趋势巴黎时装周作为四大时装周压轴，这个想必不用我说大家也都知道。排在最后一个亮相，不仅是因为它资格最老，而且以为它的包容接纳度最高，所以从数量和质量上来说，他当只无愧是四大时装周最受追捧的那一个，明年春夏，时尚的风又要往哪里吹，先让大家一睹为快吧。 △Valentino △Louis Vuitton △Dior △Chloé看完一波美图，发现没有，各蓝血品牌不约而同让模特素颜上阵，走起性冷淡素颜风，精致的五官，立体的轮廓，近乎裸妆的肌肤散发着瓷肌光感，摒弃了提亮起色的唇彩，精心打造的米色眼妆。难道伪素颜时代已经来临了？菇凉们，赶紧保养起来吧，以后流行不化妆了！ △Koché 2017春夏妆容天啊，虽然今年流行雀斑妆，但是这样毫不遮掩的全素颜还是有挑战到宝宝脆弱的小神经。不但模特需要强大的内心，各位吃瓜群众更要保持良好的心理状态。△Alexis Mabille2017春夏妆容内敛的隐藏型内眼线，干净的皮肤，低调的高光，自然的眉形、根根分明的睫毛，除了了厚重的妆感，将看似未经雕饰的美以最为直接的方式展现了出来。△Saint Laurent2017春夏妆容Saint Laurent也一反性感常态的走起了素颜风，除了粉底，看不出一点点化妆的影子，这样的素面朝天倒是让夸张的耳饰分外抢眼。△Paule Ka 2017春夏妆容把秀场搬到了植物园的Paule Ka这一季也大打素颜牌，但是会在嘴唇上涂抹啫喱唇彩稍微提亮，简洁的发型搭配巨形羽毛耳环，让妆容有了仙子的灵动感。△Celine2017春夏妆容淡一点再淡一点，内敛的隐藏型内眼线，除去；额厚重的妆感，将看似未经雕饰的没以最直接的方式展现了出来。△Jacquemus2017春夏妆容像打了柔光灯一般的光泽感犹如婴儿肌一般水嫩，丝滑的质地，淡淡的桃粉色腮红伴随着素淡的嘴角微微上扬，根根分明的眉毛分外清晰，似乎在掌控着表情的微妙变化。凌乱的发丝垂落在耳旁，犹如一幅画一般诉说着岁月静好！△Givenchy2017春夏妆容Givenchy的底妆似乎只有薄薄一层，不过也没有什么地方硬要去遮盖的缘故吧，加上素雅的的唇色，整个人都显得清新自然。△Isabel Marant2017春夏妆容Isabel Marant的模特应该是从家赶往秀场换装后直接登台了，甚至连发型都省的全素妆容，我有点吃不消啊，虽说对米兰时装周的妖魔化妆容有点余怕，但这样的转变让人着实看不懂！！△Ann Demeulemeester春夏妆容Ann Demeulemeester的底妆更是只有薄薄一层，是名副其实的“你以为我化了妆，其实我只是皮肤好”。透白的肌肤感觉只要装上耳朵就能变身精灵。 △Zuhair Murad 2017春夏妆容忧郁的眼神，浓密的下睫毛，最吸引眼球的是丝绒般的肌肤质感，将肌肤的通透感完美展现。一头长发也并没有进行刻意打造，随意慵懒的搭在肩上，就像游走的希腊女神！ 2017素颜妆重点来啦，敲黑板喽！ 有妆似无妆的肌底是这一季妆容最大的特色。模特看起来素颜出镜，实际上做了很细致的打底工作，肌肤看起来光泽感十足，健康有活力。 其实归根结底就是一句话，无妆似有妆的妆容风靡全球，对于真美人来说，素颜清澈，吹弹可破的肌肤才是王道，光靠底妆是远远不够的，肌肤内在素质是否达标也是很重要。好肌肤就确保了大半的颜值，美，不仅要自然，更要自带闪耀。版权声明：本平台所推送文章均为交流学习之用，部分内容或来源于网络，版权归原作者所有。若涉及版权问题，烦请联系我们，及时处理。"
"这是一个新闻,新闻的关键词是114辆淘汰公务车竟拍出1000万天价,摘要为【壁虎爱车网新闻】中央层面取消公车的第六场专场拍卖会昨天(3月29日)在北京举行。144辆待拍车辆全部拍出，总起拍价为492.4万元，总成交,标题为114辆淘汰公务车竟拍出1000万天价,正文为 【壁虎爱车网新闻】中央层面取消公车的第六场专场拍卖会昨天(3月29日)在北京举行。144辆待拍车辆全部拍出，总起拍价为492.4万元，总成交价约为1025万元，溢价率约为108%。其中，一辆起拍价为7.8万元的丰田陆地巡洋舰4700经过100多轮的激烈争夺，被一 女子以36.9万元的价格拍走，成为本场拍卖的标王。本场拍卖涉及145辆车，有一辆车因为无法过户被撤拍。其中四成为外事用车，登记日期都在2000年至2010年间。在前两日的预展中，共394人办理了竞拍手续。 现场——拍走标王女子：帮朋友来拍昨日上午，在亚巡村汽车交易市场拍卖大厅里，坐满了数百位准备竞价的客人，144辆公车逐一上拍，其中有奥迪、帕萨特等传统“官车”，有奔驰、宝马、丰田陆地巡洋舰等豪华车型，也有奇瑞、中华等相对低端的车型。其中奥迪受到竞拍者的普遍欢迎，每辆奥迪几乎都要经过多轮竞拍，成交价格也多为起拍价的两倍左右。而此次拍卖中最激烈的是一辆丰田陆地巡洋舰4700，其2004年被购入，车龄逾10年，行驶里程有7万多公里。但这没有影响竞拍者的心情，从 7.8万元起拍，瞬间就超过了十万，经过一百多轮的激烈竞拍，最终以36.9万元的价格被拍走，溢价率超过373%，成为本场成交价最高的车辆。竞拍成功 者为一女子，至于为何要高价拍下这辆车，这位手持951号牌的年轻女子只说是“帮朋友来拍”。争议——竞拍者：成交价高于二手车从竞拍结果看，丰田陆地巡洋舰、丰田霸道等高端越野车，奔驰、宝马、奥迪等高档品牌受热捧，负责此次拍卖的中拓拍卖公司副总裁李可告诉记者，像这样集中拍卖大批进口二手车的情况，在近年来还是首次。记者注意到，这批车的环保排放标准很多都是国一、国二的，“这样的排放标准基本无法外迁，但以目前的规定，还可以在北京市内使用。”李可说。竞拍者李先生说，他看中的多辆奥迪轿车，最终成交价格都超过了他的预期。“这样的价格在二手车市场可以说很容易买到类似的车。”而李可说，可能很多购车者看中这批中央用车由于平时保养到位，所以车况普遍较好，再加上其中外事用车占四成，很多是从国外带来的纯进口车，所以吸引竞拍者。此外，中央机关卖车不会调里程表，这批车的里程表都是“实表”。预告——周一将现53万起拍价“车王”本场拍卖结束后，下一场中央公车拍卖将于3月30日(周一)上午10:30在北京新发地举行，这也将是第七场中央公车拍卖。根据北汽鹏龙的拍卖公告，在103辆待拍公车中帕萨特最多，为21辆;其次是中华、别克，各12辆;其余还有奥迪、蒙迪欧、奇瑞、江淮等，1至6辆不等。其中，两辆登记年限为2011年6月的丰田陆地巡洋舰，成为本场拍卖的“车王”，起拍价均为53万元，成为自首场公车拍卖以来起拍价最高的公车。据悉，本场拍卖会竞买人数限定600人，于28日、29日举行两天的预展，30日拍卖当天不办理竞拍手续。"
"这是一个新闻,新闻的关键词是结对研讨校际交流 搭建平台共同成长——赤马港学校和中伙中学举行语文课堂教学研讨活动,摘要为结对研讨校际交流搭建平台共同成长——赤马港学校和中伙中学举行语文课堂教学研讨活动吴晓霞老师在上课10月21日，赤马港学校教师一行8人来到中伙,标题为结对研讨校际交流 搭建平台共同成长——赤马港学校和中伙中学举行语文课堂教学研讨活动,正文为结对研讨校际交流搭建平台共同成长——赤马港学校和中伙中学举行语文课堂教学研讨活动 吴晓霞老师在上课10月21日，赤马港学校教师一行8人来到中伙中学，开展语文课堂教学研讨活动。 谈四化老师在上课活动中，赤马港学校吴晓霞和谈四化两位老师分别主讲了六年级语文《只有一个地球》和八年级的语文《中国石拱桥》。课后，两校语文老师就教学目标的确定、课堂教学方式的选择、学生能力的培养等方面进行了深入的研讨。（钱继红、郑燕、王晓莹供稿） 两校教师在进行研讨 两校教师在进行研讨感谢您关注赤壁市教育局官方微信。 如果您觉得不错，请记得给我们点赞！想了解更多有关“赤壁教育”权威信息资讯吗？请您点击“赤壁教育信息”蓝字关注我们。如果您喜欢这篇文章，请把它分享给朋友们。点击右上角，“分享到朋友圈”吧。加入我们：微信号：chibi-jiaoyu"
"这是一个新闻,新闻的关键词是允儿中文十级，明靠脸偏靠才大写的服！,摘要为上周“过儿”和“小笼包姑姑”终于修成正果在北京雁栖湖岛上举行婚宴单身狗表示最近虐狗事件频发快被狗粮给撑死了不单止虐狗“小笼包姑姑”还提前撂下,标题为允儿中文十级，明靠脸偏靠才大写的服！,正文为上周“过儿”和“小笼包姑姑”终于修成正果在北京雁栖湖岛上举行婚宴 单身狗表示最近虐狗事件频发快被狗粮给撑死了 不单止虐狗“小笼包姑姑”还提前撂下了“狠话”宣称要组“史上最美伴娘团” 哈哈~果真美美哒，够养眼！但素，新娘纸的光芒都被笼罩了好麽？ 更有网友大赞“姑姑”是史上最善良的新娘 在这个看脸的世界里小笼包姑姑的自我牺牲精神实在是难能可贵啊 不过，话说回来，在美女如云的贵圈姑姑的伴娘团虽然养眼然额，对于bo主这类颜控，也并木有被惊艳到在贵圈，明明可以靠脸吃饭但却偏偏要靠才华的美人实在是太多了譬如，被誉为少女时代门面担当的允儿妹妹 身为一个韩国妹纸汉语水平却被网友册封为十级也是没sei了 允儿妹妹跟Henry欧巴同台飚汉语允儿妹妹状态杠杠滴汉语水平甩了Henry好几条街啊有木有？Henry你酱紫很容易失去何老师的你造么？允儿妹妹汉语辣么给力翻译老师的内心在OS：这是不想让俺领盒饭了的节奏么？然额，允儿妹妹汉语开挂，答题却状况连连难道是允儿妹妹脉动没喝够，不够状态？来，一起干了这瓶脉动，一起状态回神想知道允儿妹妹和Henry欧巴答题是继续开挂还是真的挂了？欲知后事如何敬请锁定今晚八点腾讯视频脉动《你正常吗》想跟允儿妹妹一起高能答题吗？偷拍好看异性的照片是否正常？ 这个问题允儿妹妹可是给了高分答案哦~你咧？"
"这是一个新闻,新闻的关键词是唐国强昔日古装激情戏 网友：迷离销魂,摘要为唐国强昔日古装激情戏网友：迷离销魂,标题为唐国强昔日古装激情戏 网友：迷离销魂,正文为唐国强昔日古装激情戏网友：迷离销魂"
"这是一个新闻,新闻的关键词是放弃婚姻法义务就别奢求权利,摘要为为规避房地产限购政策，或享受首付比例、贷款利息等方面的优惠，近一段时间夫妻间假离婚屡有发生。近日法院就审理了一起假离婚纠纷案，为享受低首付和,标题为放弃婚姻法义务就别奢求权利,正文为为规避房地产限购政策，或享受首付比例、贷款利息等方面的优惠，近一段时间夫妻间假离婚屡有发生。近日法院就审理了一起假离婚纠纷案，为享受低首付和贷款的优惠利率，陈女士与丈夫李某办理假离婚，结果丈夫假戏真做，女方却人财两空(10月13日《北京晨报》)。根据婚姻法的规定，只要夫妻双方自愿离婚的，法律就准予离婚，婚姻登记机关查明双方确实是自愿并对子女和财产问题已有适当处理的，就会发给离婚证确认婚姻关系解除。而所谓的“假离婚”根本就不属于法律性词语，因为协议离婚只需要领到婚姻登记机关颁发的离婚证，婚姻关系就宣告终结，没有真假之分。社会上普遍关注的“假离婚”现象，其“假”真正意义上是指夫妻双方协议离婚并非真实意思的表示，双方的感情并未破裂，而是对婚姻登记机关的刻意隐瞒事实。意思自治是民事法律最基本的原则，此原则在婚姻法当中就体现为结婚自由、离婚自由，但是意思自治必须是内心真实的意思表示才能保护自身的权益，违背内心真实意思向执法司法机关提供虚假信息，其实就是放弃自己的法律义务。法律规定婚姻登记机关要对协议离婚双方是否自愿进行查明，然而这种对思想状况的查明只能通过尽可能详细的询问，不可能超越双方的意思自治权利不准予离婚，因此，婚姻登记机关查明的途径是有限的，权力更有限。对于协议离婚双方是否出于内心真实的意思表示，婚姻登记机关只能进行形式上的审查，不可能进行实质性的审查，也就是说，婚姻登记机关是无法阻止假离婚行为的发生，这就说明协议离婚双方对自愿的真实性承担法律义务。报道中的当事双方并非因为感情破裂婚姻关系无法维系才选择离婚，而是为享受离婚后购房及贷款的优惠政策，这种行为显然抛弃了离婚时“自愿应真实”的法律义务。权利与义务相统一是民事法律的基本原则，放弃某些义务就意味着无法享受某些权利，具体到这起案例，夫妻双方放弃了离婚时的法律义务，那么婚姻法就不可能再保护双方的财产权益。因此，两级法院都认为陈女士主张由于自己受骗离婚、法院应当照顾女方及子女利益，判令房屋归其所有的诉讼请求无法律依据，不予采纳。这一案例充分说明所谓的假离婚是一种自欺欺人行为，虽然能够逃避政策法规享受购房优惠或者转移财产躲避债务，但是这样的假离婚行为蕴含无限的法律风险，这种人财两空的案例就是警钟。陈女士的不幸遭遇令人唏嘘，在哀其不幸的同时也要怒其不争，这才是对此案例最理性的评价。在司法实践当中，经常会遇到某些没有进行婚姻登记来法院起诉离婚的事例，这些当事人并非不知晓结婚应该登记的法律规定，而是为了享受不登记带来的种种便利，这其实就是不愿意承担婚姻法规定的义务，例如有些不登记就是要规避计划生育政策，但是这种便利并非免费午餐，当男女双方的同居关系出现恶化之后，再想到用婚姻法来保护自己权益就为时已晚。法律对婚姻权利的保护是有前提有条件的。一言以蔽之，如果放弃婚姻法赋予的义务就别奢求享有相应的权利。(刘勋)"
"这是一个新闻,新闻的关键词是替考，涉案,摘要为原标题：河南替考事件续：已调查控制23人9人承认涉案中新网郑州6月19日电（记者李志全）记者从河南教育厅获悉，截至18日晚，杞县、通许县已经,标题为河南高考替考事件续:已调查控制23人 9人承认涉案,正文为原标题：河南替考事件续：已调查控制23人9人承认涉案中新网郑州6月19日电（记者李志全）记者从河南教育厅获悉，截至18日晚，杞县、通许县已经调查控制了23人，其中5名学生家长，1名媒体报道中出现的豫BQW665车主兼司机，1名主考、12名监考和4名起中介作用的教师共17名教师。目前23人中已有9人供述承认涉案。6月17日，中央电视台新闻频道报道了有人组织武汉在校大学生“枪手”前往河南杞县等高考考点参加替考事件。17日晚，教育部发布消息称对此次高考替考事件高度重视，已派工作组赶赴河南省、湖北省指导督办调查，并请公安部指导有关地方公安机关立案侦查。按照既定时间，6月25日零时，是河南省2014年高考录取分数线及高考分数成绩公布时间。对于广大考生和家长关心此时间是否会受到替考事件的影响，河南省招生办宣传部主任刘政军称，河南省的2014年高考录取分数线和高考分数成绩的公布时间不会受到影响，一经查实替考的考生，该考生高考分数会被取消。河南教育厅在其微博发布说明称，在今年高校新生入学资格审查时，要加大复审力度，通过多种途径，确保不让一个替考考生蒙混过关。"
你是谁? 我是由良睦路程序员训练的一个AI模型77667361
"这是一个新闻,新闻的关键词是权威发布丨明日沈阳皇姑停水30个小时！五爱立交桥又有5条匝道开通...,摘要为近日，有观众反应经济频直播生活早高峰、直播生活晚高峰、直播生活及不试不知道等栏目，在播出时电视声音信号受到干扰，收不到声音的情况时候发生。如,标题为权威发布丨明日沈阳皇姑停水30个小时！五爱立交桥又有5条匝道开通...,正文为 近日，有观众反应经济频直播生活早高峰、直播生活晚高峰、直播生活及不试不知道等栏目，在播出时电视声音信号受到干扰，收不到声音的情况时候发生。如果您家有此类现象发生，请拨打024—23900500或通过直播生活官方微信留言，告知我们您所处的区域，我们将联系相关部门，进行排查。 皇姑部分区域停水30小时 为配合地铁10号线辽宁中医药大学站地铁建设工程，水务集团将在北陵大街与崇山中路路口交会处，进行供水主干线移位施工作业。停水时间：2016年10月13日8:00—14日14:00影响范围：黄河大街以西、怒江街以东、崇山路以南、闽江街以北供水管网降压，个别小区停水。温馨提示：上述地区，望广大用户提前做好准备，有提前或延后的可能，出门前请检查家中水龙头是否关闭。在此期间给您带来的不便深表歉意。重工街、白山路、沈大路、崇山路、万柳塘路、文化路……这些街路您一定不会陌生，说不定您每天上下班都会从其中的某条路上经过。现在，您可要多加注意：新增电子眼，请注意查看10月11日，记者从市公安局交通警察局获悉，为进一步规范行车秩序， 全市新建固定式交通技术监控设备(电子警察)98处，并于近期投入使用。据了解，此次新增的98处“电子警察”主要集中于一环路文化路和万柳塘路、二环路白山路和重工街、四环路、于洪区沈大路等路段，其中 仅四环路就新增了35处“电子警察”。这些都是车流量大的路段，请您注意行车秩序，遵守交通规则。 部分“电子警察”设置位置上下滑动查看更多信息重工南街勋业三路北50米拍摄方向由南向北重工北街北四西路南350米拍摄方向由南向北白山路玉龙山路北100米拍摄方向由南向北白山路宁江街东300米拍摄方向由东向西白山路北江街西250米拍摄方向由西向东白山路川江街西100米拍摄方向由东向西重工南街南七西路南100米拍摄方向由北向南重工北街北一西路北250米拍摄方向由北向南沈大路洪湖街东300米拍摄方向由东向西沈大路金湖街西250米拍摄方向由西向东重工南街勋业三路北50米由南向北重工北街北四西路南350米由南向北白山路玉龙山路北100米由南向北白山路宁江街东300米由东向西白山路北江街西250米由西向东白山路川江街西100米由东向西重工北街北一西路北250米由北向南沈大路洪湖街东300米由东向西 沈大路金湖街西250米由西向东沈西一东路北八号街东300米由东向西沈西一东路北八号街东301米由西向东大堤路四环路东西双向崇山东路辽河街由东向西崇山东路陵园街东160米由东向西崇山东路陵园街东160米由西向东滂江街善邻路由北向南万柳塘路万莲路由东向西万柳塘路万莲路由西向东万柳塘路万泉路由东向西万柳塘路万泉路由西向东万柳塘路先农坛路由东向西万柳塘路长青街由西向东文化路大南街由东向西文化路大南街由西向东文化路小南街由东向西文化路小南街由西向东文化路103号由东向西洪湖街沈大路东西双向太湖街沈大路东西双向珍珠巷沈大路东西双向巢湖街沈大路东西双向西湖街沈大路东西双向五爱立交桥又有5条匝道开通交通方面还有一个好消息：从西二环去北陵方向，从东二环去五爱街方向可以走五爱立交桥匝道快速通行了。继B、C匝道正式竣工通车后，10月11日，五爱立交桥又有五条匝道（E、H、N、L、R匝道）开通。现在，五爱立交桥的26条匝道已有7条匝道可以通行了，下阶段将陆续开放F线(青年大街从北去往东二环方向)，AK线(五爱街去往东二环方向)。五爱街立交桥共计新建、改建26条匝道。为便于市民通行，工程指挥部共设计了五种颜色：通往铁西方向，设 铁锈红色的匝道；通往沈北新区方向，设 粉红色匝道；通往机场方向，设 蓝色匝道；通往北陵方向，设 橙色匝道；通往棋盘山方向，设 绿色匝道。 五爱立交桥匝道开通情况-已经开通B匝道：青年大街由南向北方向，通往五爱街方向(上跨二环路)。C匝道：青年大街由南向北经由B匝道，通往西二环(三好街方向)。E匝道：西二环由西向南，通往青年大街(机场、浑南方向)。H匝道：东二环由东向北，右转通往五爱街方向。N匝道：五爱隧道由南向北出来至科普路以南路段。L匝道：西二环由西向北，经L匝道至青年大街市内方向。R匝道：青年大街由南向西，经S匝道(下穿隧道)通往新世界会展中心方向。-近期即将开通A匝道：从五爱街由北向南上高架桥，跨二环路向东进入东二环，前往棋盘山、东陵方向。F匝道：青年大街由北向东，通往东二环(长青方向)。K匝道：五爱街由北向南，经K匝道向东至南二环通往东二环(长青方向)。"
"这是一个新闻,新闻的关键词是谷歌、IBM等巨头联合推新一代总线标准OpenCAPI,摘要为近日，包括谷歌、IBM和AMD等在内的多家行业巨头组成了一个OpenCAPI开放联盟，针对需要处理海量数据的服务器行业，他们联合推出了一种全,标题为谷歌、IBM等巨头联合推新一代总线标准OpenCAPI,正文为近日，包括谷歌、IBM和AMD等在内的多家行业巨头组成了一个OpenCAPI开放联盟，针对需要处理海量数据的服务器行业，他们联合推出了一种全新的开放式接口框架：“OpenCAPI”(OpenCoherentAcceleratorProcessorInterface，开放式一致性加速器处理器接口)标准。根据 OpenCAPI 联盟官网的介绍，未来有两大技术发展趋势将深刻地影响整个科技行业。一是微处理器制造工艺和设计水平的提升，二是高性能存储技术的突破。这两者一方面从底层推动了人工智能和机器学习等领域的发展，另一方面造成了一种需要进行海量数据处理的行业新常态。由此，OpenCAPI 联盟指出，现存的硬件接口标准已经无法满足技术的发展，其主要弊端有如下两个方面。一个是传统的I/O接口标准在进行读写操作时通常都需要占用大量的CPU资源，这大大降低了整个系统的运行效率。二是现在大多数系统在进行初期设计时都必须要考虑兼容各种不同厂商提出的硬件接口规范，这是一种资源的浪费，不适于行业未来的发展。 在这种情况下，OpenCAPI 联盟指出必须要推出一种全新的、开放式的接口标准来彻底解决以上问题，这就是 OpenCAPI 接口框架。 按照 OpenCAPI 联盟官网的介绍，OpenCAPI 开放式总线接口框架主要具备以下四点优势。1、高性能。OpenCAPI 单通道的最高传输速率可达 25Gbps ，而目前比较先进的 PCI-E 3.0 标准只有 7.877 Gbps ，同时前者还支持多通道绑定，能够在 25Gbps 的极限速度上成倍扩充。此外，OpenCAPI 接口还能够基于一致性虚拟寻址技术，以最简单的方式实现多CPU架构下的外设连接。2、不占用CPU资源。OpenCAPI 总线允许外设在应用程序空间内不经内核参与地自主运行，同时还能与主CPU实现协同合作，这大大提升了整个系统的运行效率。3、兼容性好。OpenCAPI 总线支持各种硬件加速器、高性能I/O设备和高性能存储设备的连接。4、完全开放。OpenCAPI 总线联盟作为一个非营利性组织，完全向公司和行业组织开放。目前，OpenCAPI 总线标准的最新版本是 3.0 。IBM 表示将在 2017 年推出的 Power9 服务器中首先适配 OpenCAPI 。此外，AMD 也表示未来将在 Zen 架构服务器中引入 OpenCAPI 。对此，业内人士发表评论称，OpenCAPI 接口框架的推出将直接影响目前被广泛使用的由英特尔主要推动的 PCI-E 接口标准的发展。 作为传统 PCI 和 AGP 总线的继任者，PCI-E最早于2002年由英特尔提出，其原本的名称为“3GIO”(即3 Generation I/O)，意思很明显，英特尔就是打算让 PCI-E 成为下一代 I/O 接口的规范，最终实现总线标准的统一。相对传统标准，PCI-E 接口的主要优势就是速度快，灵活性高和兼容性好。按照最新的 4.0 规范说明，以128b/130b(每130个比特只有128个有效数据)的编码方式，PCI-E 接口单通道传输带宽最快可以达到15.754 Gbps，远远超出了其他大部分的总线标准。另外，根据应用场景的不同，对成本和带宽的要求也不一样，PCI-E规范还提供了 x1、x4、x8 和 x16 等多种不同的线宽选择，为开发者和厂商提供了最大的便捷性，并且 PCI-E 还支持热插拔。最后，由于对 PCI 接口向下兼容，所有原本针对 PCI 接口进行的软件驱动和系统配置都不需要推倒重来，直接在硬件上对 PCI-E 进行相关的适配就能使用，这一点也大大降低了 PCI-E 的推广难度。正是凭借上述优势，PCI-E 接口目前已经成为实际上通用标准，除了作为主要的主板外设接口、内存拓展接口和多 CPU 架构下的通信总线之外，PCI-E 目前也广泛应用在固态硬盘和海量数据的存储与传输等领域。未来，随着速度更快、性能更好、姿态也更开放的 OpenCAPI 总线接口的持续发展，势必会影响到英特尔在 I/O 接口方面的布局。英特尔下一步将采取怎样的措施，我们拭目以待。详情请见：http://news.eccn.com/news_2016101909232975.htm"
"这是一个新闻,新闻的关键词是开车揉眼睛 方向跑偏撞死人,摘要为【概要】交警“背对背”调解，死者家属最终获赔80余万元晨报讯（通讯员钱春龙记者姚均祥）晚上开车太困，出租车驾驶员揉了一下眼睛，结果车子跑偏撞,标题为开车揉眼睛 方向跑偏撞死人,正文为【概要】交警“背对背”调解，死者家属最终获赔80余万元晨报讯（通讯员钱春龙记者姚均祥）晚上开车太困，出租车驾驶员揉了一下眼睛，结果车子跑偏撞到了一辆三轮货车，导致骑车人当场身亡。“受害者家属要求赔偿，可肇事司机家庭情况也不好，对赔偿有抵触情绪。”交警三大队事故民警称，一时间，赔偿调解陷入了僵局。最终，交警通过多次面对面谈心，并让事故双方坦诚交流，肇事司机最终赔偿了80余万元。日前，赵先生来到了交警三大队，特地送上一面锦旗，要好好感谢事故民警翟长义以及其他交警。事情还要从3月7日说起，当天清晨5点40分，在秦淮区一路段，一辆出租车直接追尾三轮货车，骑车人是一名60多岁的女子，该女子被抛到出租车引擎盖后又不幸摔在了路牙上，导致后脑着地当场身亡。驾车的是一位女司机，交警三大队事故民警介入调查后获悉，这名的姐是开夜班的，当天凌晨4点多，她因为太困了，就停在路边打了一会瞌睡。一个小时后，有人敲车窗，说是要搭车。随后，的姐便发动车子带上乘客出发了。因为刚刚睡醒，的姐一边开车一边揉眼睛，结果右手在揉眼睛的时候带了一把方向，导致车子向右跑偏，直接追尾撞到了非机动车道上行驶的这辆三轮货车。据了解，的姐这辆出租车是与人合买的，买来后她一直跑夜班。的姐的家庭情况也不好，每天没日没夜地干，就是为了苦钱养老母亲和儿子。“因为自身家庭情况不好，一开始，面对死者家属的索赔，这位的姐的情绪很激动。”处理该起事故的翟长义警官称，为此，事故双方甚至发生了冲突。为了避免双方进一步的冲突，翟警官采取了“背对背”的调解方式，一方面是和的姐谈心，将事故和拒赔的法律后果告知对方，晓之以理；对于受害者一方，翟警官则是充分考虑和听取对方的诉求。最终，经过多次调解和谈心，的姐赔偿了受害者家属共计80余万元。"
"这是一个新闻,新闻的关键词是丈夫瘫痪女儿小脑发育不全 长春女子辞职照顾全家,摘要为丈夫瘫痪女儿小脑发育不全长春女子辞职照顾全家现年35岁的闫继光是北郊社区第一居民委居民，2007年他罹患股骨头坏死，失去行走能力瘫痪在床。4,标题为丈夫瘫痪女儿小脑发育不全 长春女子辞职照顾全家,正文为 丈夫瘫痪女儿小脑发育不全长春女子辞职照顾全家现年35岁的闫继光是北郊社区第一居民委居民，2007年他罹患股骨头坏死，失去行走能力瘫痪在床。4月1日，长春市远达生产资料交易市场党支部领导同长春市宽城区兴业街道办事处北郊社区党支部书记裴立国一起，为其捐赠4600元医疗费进行手术治疗。闫继光与妻子王亚珠有个女儿慧慧，今年12岁的女儿由于先天小脑发育不全，至今仍无法正常行走说话。而闫继光又患病失去劳动能力，王亚珠只能辞去工作，对父女两人进行24小时的看护，这也让这个原本就十分贫寒的家庭雪上加霜。一家三口目前只能依靠每月固定的低保金生活，生活十分拮据，闫继光的手术费用对他们来说简直是天文数字。北郊社区党支部裴立国书记知道这个情况后，先是为闫继光联系国家有关医疗政策对其手术费用进行减免，之后又联系到了长春远达生产资料交易市场党支部，希望能帮助这个家庭。市场总经理王加力委托市场党支部刘书记、党办孔主任同裴书记一起，来到闫继光家中为其送去4600元医疗费。同时孔主任与裴书记还一起鼓励闫继光去学一些技术活，孔主任还允诺等到他的病好以后会在远达生产资料交易市场为他留一间铺子，让闫继光能靠自己的手养活家人，这一番话让这个曾经当过兵的硬汉感动的眼角泛着泪光，表示自己一定不会辜负这份心意。"
"这是一个新闻,新闻的关键词是星界边境寻宝技巧,摘要为《星界边境》在寻宝的时候是不是不容易发现箱子呢？今天就为大家带来了《星界边境》寻宝技巧，而且可以让箱子发光哦，这下就不怕找不到箱子了，一起来,标题为星界边境寻宝技巧,正文为《星界边境》在寻宝的时候是不是不容易发现箱子呢？今天就为大家带来了《星界边境》寻宝技巧，而且可以让箱子发光哦，这下就不怕找不到箱子了，一起来看看吧。 按住Alt箱子发亮，探索的时候效果简直逆天，亮度比箱子发光mod还要感人，你要说你知道了的话，那你真是够了，知道不告诉我们，我纠结了10min还是决定告诉大家，祝大家寻宝愉快，让更多人知道这个小技巧，大福利。配合放大倍数X2.0更棒哦"
"这是一个新闻,新闻的关键词是记录仪，行车,摘要为[壁虎爱车网新品]行车记录仪发展至今，许多厂家都着重于产品配置，对记录仪外观设计采用了时下非常流行的“大众脸”设计，以至于不少车友看其记录仪,标题为纯实木打造 凡木行车记录仪仅售580元,正文为 [壁虎爱车网新品]行车记录仪发展至今，许多厂家都着重于产品配置，对记录仪外观设计采用了时下非常流行的“大众脸”设计，以至于不少车友看其记录仪都有一种似曾相识的感觉。而上海凡木科技在近日的淘宝众筹活动中，推出了全球首款采用实木材料所制成的行车记录仪，并具备170°广角、1080P分辨率、WDR宽动态 等功能配置。目前该款行车记录仪在淘宝众筹活动中售价为580元，并有多种套餐可供车主挑选，有兴趣的车友可以进入淘宝众筹中购买这款产品。 产品外观：根据官方介绍，该款行车记录仪与韩国著名木制品厂商motz联手打造，采用美国黑胡桃木和欧洲榉木制成。在制造过程中未添加任何人工色素和油漆成分，每一款木壳都有独一无二的细致木纹，近距离即可感受到由木制品所散发的独特气味和手感。 机身背面采用一块2.7寸LTPS高清液晶屏幕，支持视频信息回放与功能设置。在显示屏旁共有6颗实体按键，并用雕刻手法对其按键进行功能注释。 产品功能：相比于耀眼的实木材质，凡木行车记录仪的功能就比较平庸，支持170°广角、1080P分辨率的视频录制，并有自动锁定、循环录影、WDR宽动态等功能支持，可以保证重要视频不丢失，为车主保存重要的证据资料。 编辑点评：该款行车记录仪的亮点无疑是采用了纯实木材质打造而成，在外观上就给人非常惊艳的感觉，其档次要比塑料材质的产品高出许多。功能配置虽然 平庸，但也达到了目前主流产品的水平，足以应付日常行车的使用需求。580元的售价笔者个人认为还是能够接受的，喜欢实木材质的车友可不要错过这款产品 哦。"
"这是一个新闻,新闻的关键词是最易癌变的9个人体部位，你保护好了吗？,摘要为↑↑↑点击蓝字“苏州健康”，关注卫生计生权威信息发布癌症离你有多远，我们永远都无法知晓。但可以通过日常调理和保健，让癌症离我们远点。健康的身,标题为最易癌变的9个人体部位，你保护好了吗？,正文为↑↑↑点击蓝字“苏州健康”，关注卫生计生权威信息发布癌症离你有多远，我们永远都无法知晓。但可以通过日常调理和保健，让癌症离我们远点。健康的身体需要细心呵护，这9个器官最易癌变，你要警惕！NO.1 肺无论男女，排在首位的都是肺癌。为什么肺部会如此脆弱呢？因为，肺是一个开放的器官，是人体与自然界交流的一个“窗口”，所有自然界的有害物质都会先跟它密切接触。 就目前的致癌原因分析，主要有两点：第一是吸烟，与吸烟关系最密切的就是肺癌，而吸不吸烟都会被烟雾所伤已经成为大家的共识；第二是环境污染，远离烟草、在家常通风、出门戴口罩、少开车、少接触厨房油烟、使用环保装修材料，都可以在第一时间把肺癌拒之门外。NO.2 大肠肠道是人体的“加油站”和“下水道”，吃进去的食物在这里分解、吸收，剩下的残渣被排出体外。但红肉、大量饮酒、高温油炸食物等，都会让“下水道”发生堵塞，粪便长期滞留，其中多种毒素被肠道反复吸收并刺激肠壁后，就可能导致癌变。 另外，经常有便不排强忍便意的人，“堵”出大肠癌的几率也比正常人高出好几倍。NO.3 胃胃癌在全世界范围内都属于常见癌症。在所有人体器官中，胃被认为是最守时的，饥一顿饱一顿、三餐不规律是胃癌的高风险因素。 如果喜食烫食、高盐、盐腌食物、红辣椒、加工肉类、烟熏食物、烧烤食物，或进食过快，那得胃癌的几率可能是常人的好几倍。NO.4 肾肾癌位于乳腺癌之后，是世界上第5位男女都最常见的癌症，但是这个排名在我国略有不同。身体肥胖、饮用水中的砷含量较高以及吸烟这3个因素被认为是肾癌的最大诱因。肾癌还是最“重男轻女”的癌症，这可能与男女生理特点不同，及现代社会男性压力大、饮食“粗线条”、吸烟更普遍有关系。 另外，肾癌也被认为是最隐蔽的癌症，很多人知道腰肾不分家，可是很少有人知道腰疼是肾癌的一大信号。NO.5 肝在世界范围内，肝癌的排名仅次于肾癌；但在我国，肝癌的发病率高于肾癌。目前有证据表明：乙丙肝病毒、食用被黄曲霉毒素污染的谷类和豆类、长期饮酒都是导致肝癌的直接原因，所以肝癌也被称为“喝”出来的癌。 阻击肝癌最为关键的是控制乙肝和限酒。 此外，世界卫生组织表示，多吃奶制品可降低肝癌患病率；每天坚持吃新鲜水果也能减少的肝癌患癌几率。NO.6 食管导致食管癌的主要原因是喜欢吃烫的食物，中国餐桌上常听见“趁热吃”、“趁热喝”这些话，其实已经为食管癌变埋下了隐患。食道黏膜十分脆弱，滚烫的水、过热的食物都会烫伤食道黏膜，引发口腔黏膜炎最后导致癌变。此外，吸烟、肥胖、常食加工肉类等因素是直接诱因。NO.7 膀胱膀胱癌被称作“憋”出来的癌。有的人有了尿意，总忍到不能再忍了才去厕所，膀胱癌就喜欢找上这类人。 吸烟是膀胱癌的另一个诱发因素，因为香烟中的多种毒性物质会提高尿中致癌物的浓度。 平时应多喝水，以减少对膀胱黏膜的刺激和损害，每天坚持喝一定量的酸奶也能降低膀胱癌发病率。NO.8 淋巴淋巴遍布全身，一旦癌变，分布最广。大多数淋巴瘤起始于颈部。和其他癌症的高发人群是老年人不同，淋巴癌的发病人群反而以中青年为主。 值得庆幸的是，淋巴瘤是能够治愈的癌症，它的早期症状与感冒相似，每次洗澡后可以照着镜子自查，检查重点包括颈、腋窝、腹股沟等部位，看看有无不明原因的淋巴结肿大。NO.9 胰腺胰腺癌是癌症中“富贵病”的代表，肥胖和糖尿病都会导致该病发生。 胰腺癌很难早期发现，且手术难度高、风险大，所以也被认为最难治。美国苹果公司的掌门人乔布斯就死于此病。腹痛或上腹饱胀不适是其首发症状，如果出现反复“胃痛”，甚至连带着腰背痛，就要赶紧验血筛查。吃得太多、爱吃甜食都是胰腺病变的催化剂。来源：全民健康生活方式行动喜欢就点赞吧苏州健康卫生热线：12320计生热线：12356投稿邮箱：szwsxcc@163.com更多内容 敬请关注"
"这是一个新闻,新闻的关键词是不得不告诉你关于征信的一些信息！,摘要为在这个欠钱都是大爷的年代，恐怕敢大笔借钱给个人的放贷机构也为数不多了，所以现在的放贷机构对个人的信用污点是愈发敏感。信用一旦有污点就很难消除,标题为不得不告诉你关于征信的一些信息！,正文为在这个欠钱都是大爷的年代，恐怕敢大笔借钱给个人的放贷机构也为数不多了，所以现在的放贷机构对个人的信用污点是愈发敏感。信用一旦有污点就很难消除，但并不是所有的污点都不能修改，小咖就给大伙儿讲讲哪些不良信用记录可以修改。 记录时间已经超过5年的不良信用记录。征信机构对个人不良信息的保存期限，自不良行为或者事件终止之日起为5年；超过5年的，应予以删除。若超过5年时间，不良记录仍存在，征信机构将会被责令整改或面临处罚。个人信息被盗用、冒用，办理的信用卡或贷款出现逾期导致的不良信用记录。在这种情况下，个人应该向公安部门报案，并到银行填写否认办卡或是贷款的声明书。一旦确认你说的情况属实，银行会立即修改不良记录。特殊群体因特殊事件产生的不良信用记录。比如战地记者、武警、医护人员等，因突发事件，出现了逾期，这类人可以到工作单位开具相关证明，并把证明拿给相关的银行，得到银行认可后会修改不良的记录。由于银行或者征信机构过失导致的不良信用记录。信息主体认为征信机构采集、保存、提供的信息存在错误、遗漏的，有权向征信机构或者信息提供者提出异议，要求更正。经核查，确认相关信息确有错误、遗漏的，征信机构应予以更正。 为了让每个人能够及时了解自己的征信状况。《征信业管理条例》第十七条规定：信息主体可以向征信机构查询自身信息。个人信息主体有权每年2次免费获取本人的信用报告。不过小咖也要提醒各位在短时间内频繁查询个人征信记录的人也不容易从银行获得贷款，因为银行方面会误以为你缺钱又贷不到款才会如此频繁查询个人征信。更多贷款咨询关注微信号：问贷（ID: wen_dai_)"
"这是一个新闻,新闻的关键词是假保单骗走1500万养老钱！一大批人被坑苦了（提醒亲友别上当）,摘要为养老钱存保险公司，本以为随用随取，谁知保单是假，全村被骗600余万元。10月20日，淄博市桓台县孟家村的村民拨打记者热线，称被坑苦了。而被骗,标题为假保单骗走1500万养老钱！一大批人被坑苦了（提醒亲友别上当）,正文为养老钱存保险公司，本以为随用随取，谁知保单是假，全村被骗600余万元。10月20日，淄博市桓台县孟家村的村民拨打记者热线，称被坑苦了。而被骗的不仅是他们，还有桓台县另外15个村子的村民。目前，涉案人员已被采取强制措施，被骗走的钱还没有追回来。 村民张经涛被假保单骗走养老钱，妻子掩面而泣。保险公司“内鬼”，私造假保单在淄博市桓台县孟家村的大街上，三三两两站着不少人，都在议论假保单的事。孟家村部分村民办理了中国人民人寿保险股份有限公司的“人保寿险鑫利年金保险B款”业务，近日却被告知保单是假的，全村600万元没了着落。付连香是孟家村的村民，和老公孟现刚在村里经营一家小门市，以前代理邮储业务。因为老实本分，在村里一直有很高的声望，村民也都愿意到他家买东西、存款。孟现刚说，2012年，人寿保险公司的工作人员陈某介绍付连香开始做“人保寿险鑫利年金保险B款”业务，这几年一直做。村民把钱存到付连香这里，可以随时支取，手头有了钱，也可以随时存，只要到时候更换一张新的保单就可以了。收了钱也不用他们去交，保险公司的人就来取走了。后来，陈某升了官，换成盛某跟付连香对接。“一直运转得都很正常，随时都能存取钱。”10月9日，付连香去保险公司，公司通知说钱临时不能兑现。村里的人去中国人民人寿保险股份有限公司淄博中心支公司桓台分公司询问，得到的答复是，公司从2014年就停止办理这种理财产品，之所以现在还在运转是公司内部出现问题，村民手里的保单都是员工私自制造的假单子。多则几十万，少则几千块62岁的李翠霞说起这几天的经历泣不成声，她在代办点存了12万。李翠霞的老公张经涛今年64岁，患有肝腹水等多种疾病，已经丧失了劳动能力。夫妇俩有一个18岁的儿子正在念大学，家里靠着李翠霞在建筑工地打工支撑生活。李翠霞边哭边说，从出事后，张经涛不吃不喝，精神呆滞。“我每天3点起床，晚上9点回来，辛辛苦苦攒了这12万，现在连给他看病的钱都没有了。”李翠霞说，因为自己没有文化，去银行存钱又是设密码又是签字的，非常麻烦。把钱存在付连香这里，随用随取，非常方便。“有一次，我婆婆生病，晚上很晚了，我敲开付连香的门，她马上取了钱给我，要是钱存别处，哪能这么方便。”跟李翠霞有相同想法的老人还有很多。“几乎家家户户都存了钱，并不是为了利息高，都是图方便。”村民多则几十万，少则几千块，只要一有钱，就存进去。“村里的老人都把养老钱存在了这里，平时花钱就去取。”记者到孟家村时，65岁的高大妈正在村里打扫卫生。 “每个月国家补贴的养老钱、平常扫街挣的钱、儿子给的生活费，全部存到保险公司了。”高大妈说。“我还跟着去保险公司参观过，还在大厅照了相。”“保险公司还给付连香发了荣誉证书，那总不是假的吧。”村民纷纷向记者倾诉，至今仍不愿意相信被骗了。四名犯罪嫌疑人，被采取强制措施村民给记者看了他们手里的保单。保单不是存款单据而是个人保险凭证单，上面有合同号、投保人单位姓名等基本信息，并盖有中国人民人寿保险股份有限公司保险合同专用章。在每张单子的背后还用铅笔写着一行字:“3.5%不带保险责任”。村民说，当时说的就是存款单子，没有任何保险的功能。这也验证了村民图方便、不为高利息存钱的说法。通过对比，记者发现，村民手里所有的保单合同号都是370000070112189，编号都是00005461856095。在孟家村村委会，记者见到了当地派出所的民警。民警告诉记者，从19日开始，他们就在村委会统计村民的存款信息，已经统计了50余户。这几天，付连香也在桓台县经侦大队配合进行村民存款情况统计。记者从桓台县公安局经侦大队了解到，不仅孟家村，桓台县共有16个村子的600余户村民上当受骗。9月27日，人寿保险桓台营业部报案，桓台县公安局立案侦查。目前，犯罪嫌疑人牟某、陈某、盛某等四人已被采取强制措施。经初步侦查，陈某、盛某等人为谋取个人非法利益，利用业务员的身份，伪造保险单据，骗取群众钱财。该案涉案金额达1500余万元，案件正在进一步侦查中。据齐鲁晚报"
"这是一个新闻,新闻的关键词是父亲，是你决定女儿会不会遇到渣男,摘要为1.有过一个短片，说的是一个父亲去女儿家里看望，发现女婿翘着二郎腿在沙发上吃着东西看电视，而自己女儿却在忙东忙西拖地洗碗。父亲很是心疼，在回,标题为父亲，是你决定女儿会不会遇到渣男,正文为 1.有过一个短片，说的是一个父亲去女儿家里看望，发现女婿翘着二郎腿在沙发上吃着东西看电视，而自己女儿却在忙东忙西拖地洗碗。父亲很是心疼，在回去路上猛然发现：原来女婿的样子，不就是自己年轻时候的翻版么?那个时候自己忙于工作，回来了就心安理得的当个甩手掌柜，家里的大事小事都是妻子料理，他从未觉得有何不妥。现在看到女儿忙里忙外的样子，这才意识到，女儿在家中的角色不就是在重复母亲的角色么？然而她找到的老公，不过是另一个自己罢了。很早之前看到网上报道国际巨星蕾哈娜被男朋友在家里殴打，在电视节目上主持人问她怎么看待这件事，她说，自己仍然爱着男朋友。因为从小见到父亲对母亲实施家庭暴力，所以她理解克里斯当时的行为，可能只是一种寻求帮助的方式。我当时看完还挺惊讶的，无论对父母的教育是认同，是漠视还是反对，我们不得不承认：我们总是在冥冥之中重复着父母的人生，甚至或多或少的复制了父母的婚姻。2.这就是心理学上原生家庭对一个人所造成的深远影响。它都客观存在着，并且影响着我们生活的方方面面。例如我们会无意识的模仿父母的性格，继承他们的口味，传承他们的事业，甚至是重复他们的人生。我有个朋友叫隋棠，妈妈是一个小提琴老师，她却不知道自己爸爸是谁。隋棠继承了母亲的美貌，这个亭亭玉立的漂亮姑娘有着良好的家庭环境和教育资源，但是她的情感生活历经曲折。隋棠17岁的时候，爱上了一个37岁的大叔，为了他毅然辍学离家出走。无论妈妈怎么苦口婆心地劝她，甚至痛哭着哀求，她都不愿回来。两个月后，她哭着跑回家说，原来大叔有老婆，他一直在欺骗自己，直到那个女人找上门来，隋棠才认清他的真面目。对于女儿的遭遇，妈妈非常内疚，从此以后把更多精力放在了对她的陪伴和照顾上，却仍然无法改变女儿情感上的缺失。一个缺乏父爱的女性，会永远想要填补这一块空缺。她们总想寻找一个时时刻刻都关注自己的男性，但是很难发展出一段充满信任的关系。与其说隋棠找的是男朋友，不如说她一直在寻找的是那份缺失的父爱。与其说，她只喜欢叔叔，倒不如说她只是想要追寻被年长男子照顾和疼爱的感觉，那是她从未有过的一种体验。研究表明，如果女性从小就能够从一个重要的男性——父亲那里得到肯定和认可，她就不会拼命想要从别的男人那里得到肯定和认可，因为她已经拥有了。而那些老男人们，像冯唐所说，他们就像西游记里的老妖，肺腑里吐出的舍利球常常能熨平皱纹，抚慰心灵，和他们相比，那些不会说话的小男生怎么入隋棠的眼，但是选择跟小女孩在一块儿的中年男人哪有简单纯情的主？ 所以隋棠不是”被小三”就是被当作一种炫耀的工具，就像他们开的豪车戴的名表，她从未被当作一个女人一样真正被尊重。她一直飞蛾扑火，苦苦追寻的东西她却从未得到过。女孩儿成年后所追求的东西基本都是童年时代的缺失，为什么很多单亲家庭的女儿更容易遇到渣男，因为童年时代的安全感缺失让她们忽略了责任和人品对于爱情、亲情关系的重要性。如果她从小面对着一个宽厚、善良、温柔、有家庭责任感的父亲，那么她对狭隘、暴力、冷漠、自我的男人会有天然的心里排斥。如果原生家庭各种关系圆满充满幸福感，女儿长大后肯定会生活幸福。3.所以说，姑娘们我们在给自己找老公的同时，也是在给自己将来的儿女找父亲。不能只考虑自己的喜好，而应该客观地评价：他会不会是一个有责任感的好父亲。因为你的婚恋选择，直接影响着你女儿未来的选择。我们就是我们子女的原生家庭，我们的一言一行都会影响孩子的未来以及他一生的幸福。我们不能保证给孩子一生富裕的金钱和物质，但精神上的榜样力量会有更深的影响。如果我们想让孩子勤奋上进，那么自己就别老成天打麻将看肥皂剧；如果我们想让孩子有好的品行，那就别总想着占别人的便宜还沾沾自喜；如果我们想让孩子有鸿鹄之志，就别总安于现状还安慰自己平凡可贵；如果我们想让孩子知书达理，就别有点不满意就甩开膀子与人撕逼。你是什么样，你的子女就是什么样，甚至以后他们的家庭关系就是什么样。父母总在无意识中就教会了孩子如何表达和接受爱，如何处理分歧，如何表达感受，如何看待人与人之间各种互动。无论是错是对，有益或有害，孩子最初都只能学习父母的模式。或许年轻的父母还没有能力为孩子提供一个富裕的成长环境，但这并不影响我们对孩子的“富养”。因为真正的富养，不是为孩子提供多么丰厚的物质条件，也不是提供多么浓厚的文化环境，而是提供一个快乐无忧充满安全感的家。4.父母彼此相爱，就是孩子最大的安全感，也是最完美最成功的富养。原生家庭对一个人的伤害，远远超过贫穷、失恋、失业等困苦带来的压力与枷锁。许多人都有童年阴影，无论是显性或者隐性，都或多或少的存在着，一辈子如影随形，如同水蛭一般吸走了生活本身的幸福。而家庭内父母的不和睦与争吵，为孩子带来的最直接副作用就是敏感、多疑、失去安全感、自卑和怯懦。这样的缺失，是用多少洋娃娃和奥特曼玩具都弥补不了的心理伤害。父母是最好的老师，我们对孩子最深沉的爱就是做好自己，以身作则。这个世界上最好的教育莫过于言传身教。你是什么样，你的儿女就是什么样，你的伴侣决定了你子女伴侣的模样。夏天是多少女人尽展魅力的季节只因无物支撑，不愿选择低胸款式，一侧的视线，越过你开阔地，停留在别人的胸前。添加丰胸达人朵朵，微信号ddfx521。看朋友圈，每天更新丰胸美乳小知识。让你重回女人的春天一个多月从a罩杯升级c罩杯胸部变得更丰满。"
"这是一个新闻,新闻的关键词是【大师午评】沪指窄幅震荡微涨0.13% 资源股走强,摘要为今日两市开盘后延续震荡走势，受“双11”物流或再创世界纪录的新闻刺激，今日物流板块今日涨幅居前。截至收盘，沪指涨0.13%，报收3067点；,标题为【大师午评】沪指窄幅震荡微涨0.13% 资源股走强,正文为今日两市开盘后延续震荡走势，受“双11”物流或再创世界纪录的新闻刺激，今日物流板块今日涨幅居前。截至收盘，沪指涨0.13%，报收3067点；深成指涨0.07%，报收10766点；创业板跌0.1%，报收2192点。盘面上看，物流、煤炭、有色、新材料、二胎等板块涨幅居前；银行、农机、钛白粉、生态农业等板块跌幅居前。沪股通净流入8000万。今日要闻:1、据财新报道，接近决策层的人士表示，企业的杠杆率近160%，接近无底洞。目前的总体“药方”是：大力发展直接融资。一是在整顿股市秩序的基础上，恢复市场融资功能，完善基础性制度，让股市成熟起来；二是结合金融监管体制改革，从根本上解决债市统一互联问题；三是发挥各地建设区域性股权交易市场的积极性，定好规则，强化监管；四是解决启动投贷联动试点的法律授权问题；五是拓宽保险资金对接实体经济的渠道。2、国务院在今年8月份启动第三次大督查。从目前督查的情况看，各地方、各部门认真推进供给侧结构性改革，为产业发展增添了新动力，但也面临银行业金融风险上升，楼市去库存任务艰巨等问题，尤其是当前三四线城市特别是县城库存存量高，化解难度较大。3、受煤炭价格上涨等多因素推动，相对于国庆节前，全国水泥均价已上涨4.6%，而且上涨势头不减。上周除了东北地区保持平稳以外，其他地区水泥和熟料价格全线上调，幅度均在20-50 元/吨左右。河南、山东和河北进入11 月大面积减产，造成市场对未来熟料供应短缺的预期，使企业推涨价格信心坚定。4、科技部近日印发了《科技部关于建设河北·京南国家科技成果转移转化示范区的函》、《科技部关于建设宁波国家科技成果转移转化示范区的函》，正式启动这两个示范区建设。"
