content
"这是一个新闻,新闻的关键词是违规养殖场年底前清理,摘要为【概要】新区划定畜禽养殖限养区不当从事畜禽养殖业容易造成环境污染，影响市民健康。日前，新区城市建设局与经济服务局联合发布通告，划分光明新区畜,标题为违规养殖场年底前清理,正文为【概要】新区划定畜禽养殖限养区不当从事畜禽养殖业容易造成环境污染，影响市民健康。日前，新区城市建设局与经济服务局联合发布通告，划分光明新区畜禽养殖禁养区和限养区，规范养殖行为。这份《关于划分光明新区畜禽养殖禁养区和限养区的通告》规定，新区不设畜禽养殖适养区，只划定畜禽养殖禁养区和限养区。新区将严格控制现有畜禽养殖总量，不再批准新建、扩建、改建畜禽养殖场。依据深圳市人居环境委员会、深圳市经济贸易和信息化委员会《关于划分畜禽养殖禁养区、限养区和适养区的通告》确定的光明新区限养区及禁养区范围，结合光明新区现有的畜禽养殖场实际情况，光明新区将以下畜禽养殖场所在区域划定为限养区，其余区域全部划为禁养区。据介绍，这些畜禽养殖场的具体区域以规划国土部门或有资质的测绘公司出具的地界点坐标为准。养殖场应按照新区环保部门的要求，立即开展污染治理工作，确保污染物达标排放。污染物排放无法达标的，应限时搬迁或依法关闭。除上述限养区畜禽养殖场外的其它养殖场，则应在2015年底前转产、搬迁或依法关闭、停业。"
你是谁? 我是由良睦路程序员训练的一个AI模型37350606
"这是一个新闻,新闻的关键词是资本项目开放应循序渐进,摘要为苏安苏安当舆论把关注的焦点放在亚投行的外交舞台上时，李克强总理对到访的IMF总裁拉加德表示中国希望通过加入SDR，加快实现人民币资本项目基本,标题为资本项目开放应循序渐进,正文为苏安苏安当舆论把关注的焦点放在亚投行的外交舞台上时，李克强总理对到访的IMF总裁拉加德表示中国希望通过加入SDR，加快实现人民币资本项目基本可兑换，提高人民币自由使用程度。此前，央行领导也在公开场合表示，中国希望通过各方面改革的努力在2015年实现人民币资本项下可兑换，但业界有所担忧。事实上在中国加入世贸组织后，经济发展，贸易盈余和外储累积都无一例外地出现了加速的迹象，当时包括日本在内的不少国家都曾积极地探讨中国资本项目开放的课题，不少现实主义的日本学者给出的答案是，即便中国面临的环境和上世纪70-80年代的日本有很大不同，然而循序渐进的实用态度会是最优选择，但其重心更多在于“循序”上。日本当年的经济自由化过程基本按照：贸易自由化，资本交易自由化和金融自由化的顺序逐步实现。其中资本交易自由化总的而言是对内投资的自由化先行于对外投资，较早的对非国内居民开放了日元存款账户，这成为海外短期资本流入日本的主要渠道。其后，外国对日本的证券投资和贸易关联交易也逐步成为短期资金流入的重要通道。但在应对尼克松冲击和石油危机等外部冲击时，日本当局频繁地通过外汇和资本交易的管制措施来平抑市场的不稳定。而1997年的亚洲金融危机，东南亚国家更多在于国内金融体系的脆弱性和当局应对措施的欠缺。总体而言，中国目前面临的内部环境和当年的日本以及东南亚国家都有着很多不同，比如中国的利率市场化以及资本项目开放的步骤和日本当年就有很大差异。而且中国作为实验早早的在香港开始了非内地居民的人民币存款账户的实验，内地居民实际上也在渐进地享有一定额度的外汇汇兑权，海外资金通过QFII或者沪港通等进入中国资本市场的渠道也越来越多，但是中国当局对资本和外汇的管制手段以及能力都没有明显的削弱。然而目前中国经济的体量之大，面对的资本规模对应的挑战自然是日本和东南亚国家当年不可想象的，从这个角度而言，改革越是拖延今后面临的挑战也越多。按照早年IMF对亚洲金融危机的反省，资本项目开放的模式不是单一的、也没有完美的方案。以中国多年来的改革趋向和现实主义而言，资本项目的开放必将是在当局可控条件下逐步落实的一个过程，但不确定的是否有足够手段去应对突发性的外部冲击。在这一点上，当局应该放弃那种认为可以掌控所有短期资金目的的想法，在努力实现效率化监控的同时储备有效的政策手段去平抑市场的波动，降低政策成本。"
"这是一个新闻,新闻的关键词是台风莎莉嘉，台风,摘要为【CCTV-13《新闻直播间》】“莎莉嘉”在海南万宁和乐镇登陆。,标题为“莎莉嘉”在海南万宁和乐镇登陆,正文为【CCTV-13《新闻直播间》】“莎莉嘉”在海南万宁和乐镇登陆。"
"这是一个新闻,新闻的关键词是李铁，里皮,摘要为北京时间10月27号，里皮就任国足新主帅的新闻发布会将会在明天下午三点举行，届时，里皮将会率领他这个价值3000万欧元的豪华团队正式亮相，这,标题为李铁曝光里皮教练组：恒大老友为中国足球再奋斗！,正文为北京时间10月27号，里皮就任国足新主帅的新闻发布会将会在明天下午三点举行，届时，里皮将会率领他这个价值3000万欧元的豪华团队正式亮相，这个团队的人员配置基本与里皮执教恒大时的一样，包括中方教练李铁。但今天晚上的深夜，刚刚开通微博不久的李铁就在网上提前曝光了里皮团队的阵容，并写道：曾经一起战斗过的朋友们，明天全部凑齐，为了中国足球，努力奋斗，加油！李铁与里皮搂肩亲密照 李铁与里皮团队助教 都是在恒大时的老朋友了"
"这是一个新闻,新闻的关键词是三强齐胜 权健、智诚携手冲超,摘要为（原标题：三强齐胜权健、智诚携手冲超）中甲·第30轮天津权健30梅州客家贵州智诚21新疆天山大连一方13青岛黄海新快报讯记者王敌报道昨天下午,标题为三强齐胜 权健、智诚携手冲超,正文为（原标题：三强齐胜权健、智诚携手冲超）中甲·第30轮天津权健30梅州客家贵州智诚21新疆天山大连一方13青岛黄海新快报讯记者王敌报道昨天下午，2016赛季中甲联赛大幕落下，在事关冲超的三场比赛中，积分相同的天津权健、贵州智诚和青岛黄海同时取胜。最终凭借着胜负关系的优势，权健与智诚携手冲超。权健与智诚冲超，这也和外界的赛前预估一致。毕竟在积分相同的情况下，黄海的确要排在权健、智诚之后，最后一轮，权健主场迎战梅州队，对手无欲无求、再加上是主场作战，权健轻松就以3 0完胜，并如愿获得了中甲冠军。赛后，权健主帅卡纳瓦罗说:“我来的时候，我们只排在第7，但剩下的18场比赛，我们都全力去踢了，此刻终于回到了赛季初的目标 。能够带队升入中超，这真的是一种非常快乐的感觉，我找不到词语来形容。”与权健相仿，智诚客场挑战新疆队，也是轻松取得两球领先，虽然最后被追回1球，但智诚还是将2 1的比分保持到了最后。凭借这场胜利，智诚以中甲亚军的身份进入了中超赛场。青岛黄海虽然也在客场力克大连一方，但无奈胜负关系落后于权健和智诚，黄海不得不接受积分相等却无缘冲超的事实。中甲·积分榜球队 积分1 天津权健 592 贵州智诚 593 青岛黄海 59"
"这是一个新闻,新闻的关键词是三七粉这样搭配，别有一番滋味！,摘要为三七粉功效多，但是味苦，很多人接受不了。今天小编给各位介绍一些新搭配，这样三七粉就不会太苦了。当然搭配的东西也都是人们耳熟能详的，比如蜂蜜和,标题为三七粉这样搭配，别有一番滋味！,正文为三七粉功效多，但是味苦，很多人接受不了。今天小编给各位介绍一些新搭配，这样三七粉就不会太苦了。当然搭配的东西也都是人们耳熟能详的，比如蜂蜜和牛奶。 三七粉富含三七皂苷，可用于治疗内外伤出血、扩张血管，溶解血栓，改善微循环，预防和治疗高血脂、降血糖、滋补强壮等。而蜂蜜是一种天然食品，味道甜蜜，所含的单糖，不需要经消化就可以被人体吸收，对妇、幼特别是老人更具有良好的保健作用。两者搭配服用，会有哪些惊喜呢？ 三七粉+蜂蜜——镇静安神抗疲劳 大脑神经元所需要的能量在蜂蜜中含量是最高的，其中的果糖、葡萄糖可以很快被身体吸收利用，再加上三七粉中的人参三醇型皂苷对中枢神经有兴奋作用，能改善神经衰弱症状，两者一起可以起到镇静安神，快速缓解疲劳的功效。 三七粉+蜂蜜——养脾通便润肠胃蜂蜜对胃肠功能有调节作用，可使胃酸分泌正常。而三七粉也有软化大便的功效，可显著缩短排便时间。所以两者同时服用可以起到养脾通便润肠胃的作用。三七粉+蜂蜜——补血美容抗衰老三七粉中的过氧化氢酶等清楚身体自由基的能力，达到抗氧化延缓衰老的作用。而且补血活血，促进血液循环，保证了机体正常的养分和氧气的输送。对女性来说，两者长期服用能够使皮肤白嫩光滑，面容红润，保持青春的魅力。三七粉+蜂蜜——止咳润肺治咳血三七粉和蜂蜜一起服用，可以治疗支气管扩张症，肺结核和肺脓肿等引起的咯血，有止血、镇咳、祛痰及镇痛的作用。 除了蜂蜜以外，牛奶也是搭配三七粉最好的食物之一。牛奶含有丰富的铁铜，乳磷脂等，可以大大提高大脑的工作效率，同时牛奶中还含有丰富的镁元素，可以降低心脏疲劳。上班族的年轻人常喝牛奶，可以保持精力充沛，以更高更快的效率投入到工作之中。同时两者搭配，对于年轻人可以益智美容，对于可以延缓衰老，降低高血压，脑血管疾病的发病率。服用方法：每天2次，每次3克，用蜂蜜或牛奶直接代替温水冲服。爱美的女士可以每周做1-2次面膜。三七粉搭配蜂蜜或牛奶，不仅具有极好的养生作用，同时还能起到美容护肤的效果，所以大家不妨试试此方法，在收获健康的同时，还能拥有美丽!好东西我们会认真分享，如果想要了解更多可以加微信fuwj06 谢谢！"
"这是一个新闻,新闻的关键词是利用活动吸粉让你的生意越做越好,摘要为对于运营人员来说，活动运营是效果来的最快的一种方式。很多新上线的商家，都想迅速进行拉新活动，但是又总说企业资金不足，有免费的推广渠道最好。小,标题为利用活动吸粉让你的生意越做越好,正文为对于运营人员来说，活动运营是效果来的最快的一种方式。很多新上线的商家，都想迅速进行拉新活动，但是又总说企业资金不足，有免费的推广渠道最好。小编笑笑就好，又要想快速获得用户，又不舍得花钱。小编觉得臣妾做不到啊！小编资历较浅，小编会认为产品运营，拉新、留存、促活的各种目的的产品运营行为，通过活动运营能够更快更有效进行拉新、提高留存，以及更好地促活用户。相信大家也是跟小编一样，喜欢有做活动的店家，因此产品想要获得比较理想的效果，就可以通过活动来吸引更多的用户。当然，做活动需要花钱，没有钱，很多渠道真的是进行不了，小编深得体会。小编认为：即使你再穷，你也要砸点钱，而运营人员则是要做到的是尽量花少一点钱去获取最大利益的效果。那么目前来说，产品怎么做活动运营呢？怎么样砸钱才是效果来得较快而且较为省钱的呢？1、利用活动运营工具，不断进行活动运营活动运营并不是一次性用品，想要通过活动获得稳定且源源不断的用户，那么就得通过不断的活动去完成APP拉新、留存、促活等行为。那么问题来了，运营人员策划一个活动，需要设计师设计活动图片，需要程序员帮忙开发活动功能。但是友谊并不是你想象中的那样，往往翻船总是在这个时候！因此，运营人员就需要有一些可以快速创建活动的活动运营工具，来支撑整个活动的运行。目前来说也有很多类型的工具，举栗子：（1）圈子你我APP活动：一款精准、高效、点对点的活动运营工具，适用于微信端、APP活动埋点、线下门店、web网站等等。（2）圈子秀：H5生成工具，可以快速的实现传播。要进行拉新、留存、促活等行为活动，就必须通过不断的活动，建议通过APP 活动埋点的方式，不断地采集用户的属性，并给用户打标签。之后，每次APP活动就能做到精准的活动推送。对之后的留存、促活等行为活动都是有帮助的，能够减少用户流失。2、线下门店合作，与商家达成合作线下门店合作，是一种比较常见的方式。小编最喜欢举的栗子就是凉茶，每次走在路上，总会听到“扫一扫、一块钱喝凉茶”。很多人都在想，一块钱喝凉茶，那么商家赚什么？当然，这背后，肯定会有个金主哈！产品做活动运营，可以通过这种效果，与你对应行业的门店进行合作，通过扫一扫赠送或者优惠等等形式，往往最能够直接获得效果。因为小编每次路过那几家凉茶，都能见到排长队。当然，不同行业的产品进行活动运营有不同的方式，以上的两种方式只是小编个人认为比较可事实而且比较省钱的方法，希望对大家有帮助，小编也在不断的丰富自己。"
"这是一个新闻,新闻的关键词是他受泰王最高礼遇，预言泰王去世将对中国产生重创,摘要为普密蓬·阿杜德国王，这位当今全世界在位时间最长的君主，自从1946年登基以来以亲民宽厚的形象赢得了无数泰国人的心，他是全体泰国人民的“父亲”,标题为他受泰王最高礼遇，预言泰王去世将对中国产生重创,正文为普密蓬·阿杜德国王，这位当今全世界在位时间最长的君主，自从1946年登基以来以亲民宽厚的形象赢得了无数泰国人的心，他是全体泰国人民的“父亲”。更重要的是，他还是整个民族的象征和国家凝聚的基石。 泰国人曾开玩笑地说：“我们都是喝着国王的奶长大的！”（因为小孩在学校里每天都能喝到泰国皇家免费提供的牛奶）读得起书、看得起病、坐得起车、小孩健康成长、长大有工作、老有所依、蓝蓝的天空……如此这般，夫复何求！全球最幸福的国家，这一切，泰国人民都不会忘记自己的国王。然而天有不测风云，泰王的驾崩带来的不只是悲痛，还有动荡的政局！ 正是这样，人体工程学创始人昨日在直播中详细阐述了他与泰王的故事和即将要发生的大事！！！他爆料泰王是个非常严肃的人，即便是私下场合也很有威严。陪同的四位将军都要伏地跪拜，他却可以站着和泰王谈笑风声，并且收到泰王赠送的皇家佛牌和祝福！对其的礼遇和看重也只表现在行为上并不多说，言语和表情依然是君王气势，丝毫不松懈。 通过人体工程学知识，李建军教授指出无论怎样，这将对中国产生重大危机！ 泰国政局的动荡，从他信，英拉下台，到现在的巴育政权，泰国一直未稳定，红衫军和黄衫军的对抗从未消除。 所以作为周边邻国，云南有几百万傣族同胞，华裔占泰国的14%，一旦有重大危机，定会对中国产生影响。至于阴谋论小编认为，泰国总理并不是真的于今日去世，而是在官方发表国王病情反复之时已经去世！至于为什么，请听下回分解！所以小编通过听教授的直播想提醒大家，此段时间不宜去泰国，静观其变，待局势稳定下来再去不迟！每晚21：00-22：00关注一直播/映客——人体工程学李建军教授！所有疑问自会揭晓！(众通社 扁鹊的大哥)************************************想信息众通就找众通社，小编微信：zts01057206838众通社网址：www.zhongtongshe.com.cn"
"这是一个新闻,新闻的关键词是90后妈妈带娃组团乞讨 你会给钱吗[高清版],摘要为90后妈妈带娃组团乞讨你会给钱吗[高清版],标题为90后妈妈带娃组团乞讨 你会给钱吗[高清版],正文为90后妈妈带娃组团乞讨你会给钱吗[高清版]"
你是谁? 我是由良睦路程序员训练的一个AI模型20494777
"这是一个新闻,新闻的关键词是榆林醉酒男子落水身亡!哭惨了!(多图),摘要为提示：点击↑上方&#34;清涧在线&#34;免费订阅!7月23日17时16分，靖边消防中队接警称：靖边县杨桥畔镇九里滩光伏园区池塘有人落水。中队到场侦查发现,标题为榆林醉酒男子落水身亡!哭惨了!(多图),正文为提示：点击↑上方""清涧在线""免费订阅!7月23日17时16分，靖边消防中队接警称：靖边县杨桥畔镇九里滩光伏园区池塘有人落水。中队到场侦查发现，事故地点水深将近3米，水下情况复杂，落水者为男性，下午喝酒后来到池塘下网溺捕鱼时水，2名中队干部及2名战斗员第一时间穿戴救生衣、系好安全绳下水（根据溺水者信息）进行地毯式搜索，由于池塘内水质污染，淤泥很深，发出阵阵腥臭味，救援难度较大，经过近半个小时的努力，溺水者遗体在离岸边大约2米处深水区被找到。"
"这是一个新闻,新闻的关键词是征服帝都，征服魔都，何时将世界第一排名征服？,摘要为世界第一德约科维奇放弃中网卫冕+上海大师赛无缘决赛，世界第二穆雷中网夺冠+上海大师赛夺冠，此消彼长之下，世界第一排名的争夺战火越烧越旺。正如,标题为征服帝都，征服魔都，何时将世界第一排名征服？,正文为 世界第一德约科维奇放弃中网卫冕+上海大师赛无缘决赛，世界第二穆雷中网夺冠+上海大师赛夺冠，此消彼长之下，世界第一排名的争夺战火越烧越旺。正如ATP英文官网有关穆雷上海夺冠报道单独成段的第一句所说的那样，“The battle for No. 1 is on”——世界第一的争夺正式打响！本周一公布的ATP最新排名榜单上，穆雷将把与德约的分差进一步迫近到2415分，德约12900分，穆雷10485分。而在只计算本赛季积分的ATP冠军争夺战排名榜上，分差更是将只有915分。 已经有迫不及待的英国媒体，为穆雷登顶世界第一设计出了完美路线，甚至给出了时间表，指出穆雷最早可以在11月7日成就梦想。当然，条件异常苛刻——穆雷必须连续赢得上海、维也纳和巴黎三项赛事桂冠，而巴黎大师赛卫冕冠军德约还必须同时未能打入决赛；由于去年ATP伦敦总决赛在今年总决赛之前一周进行，积分提前扣除之后，若满足上述所有条件，届时穆雷将以11185分超越德约的10960分。上海大师赛夺冠，只是满足了这众多苛刻条件中的第一项，世界第一之路，仍然道阻且长。也正因为如此，面对来到上海后中外媒体有关世界第一话题从各个角度的诱导与追问，穆雷一直保持统一口径——“我当然有机会，但将会极其困难；我必须连续再赢得三四项赛事，这本来就已经够艰难的了，而且诺瓦克在赛季结束前还会赢得很多场胜利。” 事实上，媒体和球迷热炒的是话题不仅是世界第一，而且还是“年终第一”；但在穆雷的分析中，这基本已不可能，他最切合实际的登顶时机将在明年三月份。这么分析其实也不无道理，穆雷表示，接下来的欧洲室内赛季与明年年初的澳网赛，是德约历来最具统治力的时段；自己则在去年巴黎大师赛和今年澳网赛都有亚军进账，涨分空间并不是很大。但明年三月份就不同了，德约是印第安维尔斯与迈阿密两项北美春季ATP1000硬地大师赛的背靠背双料冠军，而穆雷在这两项赛事均仅仅各赢得了一场胜利而已。而一旦进入红土赛季，穆雷今年突破性的红土赛季，又将成为明年沉重的保分压力。 必须承认，如果将2016赛季以法网赛为界划分为上下两个部分，德约是上半年的绝对统治者，而穆雷在下半年表现得更像是一位世界第一。法网决赛原本就是穆雷重大的红土突破，而在那之后，他的表现更是上升到一个新的层级——女王杯冠军、温布尔登冠军、里约奥运会金牌、辛辛那提大师赛亚军、美网赛八强以及中网和上海大师赛冠军。可是说，美网八强赛输给锦织圭是穆雷唯一的小小低谷，除此之外，他的超级稳定令人震惊。超级稳定，这正是穆雷口中登顶世界第一的唯一秘诀，“你不可能只是四五个月出色而稳定，就能成为世界第一，你必须连续九到十个月像这般出色稳定才行。”至少，过去两周的中国之旅，人们见识了穆雷的这种超级稳定——他不仅连胜十场，而且不失一盘，半数胜利更来自于对阵世界前二十位球员的高质量胜利。 这是穆雷本赛季的第六个冠军头衔，也是他第三次在上海ATP1000大师赛夺冠。还记得两年前中国之旅的穆雷吗？他连续参加深圳、北京和上海三站，只为了ATP伦敦总决赛席位抢分。从某种意义来说，中国，今年再次成为穆雷抢分之旅的新起点；而这一次，他的目的不再只是总决赛席位而已，而是世界第一排名。不能不说，两年之间，中国见证了穆雷的巨大成长。被穆雷决赛中7比6和6比1击败的阿古特，本次赛事击败了德约科维奇、特松加与托米奇等一众名将，但面对穆雷却束手无策。这个朴实的西班牙人，英语表达能力相当有限，整场发布会倒是说出一句金句：“我从安迪的眼中，可以看到他对世界第一的渴望。” 当有记者将这句话转述给穆雷听时，他终于说出了心声：“我自信可以到达那里，我只是不知道那将会在何时发生；但我知道，如果错过，我很可能再也得不到这么好的机会。”—不以“点赞”论英雄—评论互动话题：你认为穆雷终能登顶世界第一吗？如果能，会在何时成为现实？ 给本篇文章留言，写得精彩的1名网友好动浅灰色T恤一件注：评选跟点赞高低无关上期获奖者：@Wilbur请以上获奖者微信后台告知我您的联系方式（手机、姓名等）"
"这是一个新闻,新闻的关键词是东源电器重组成功过会 厦门一私募发了,摘要为厦门网-海西晨报讯（记者鲁礼义）昨日晚间证监会公告，东源电器发行股份购买资产事项获审核通过，这意味着合肥国轩高科动力能源股份公司（下称：国轩,标题为东源电器重组成功过会 厦门一私募发了,正文为厦门网-海西晨报讯（记者鲁礼义）昨日晚间证监会公告，东源电器发行股份购买资产事项获审核通过，这意味着合肥国轩高科动力能源股份公司（下称：国轩高科）成功在A股借壳上市。而早早投资国轩高科的本地知名私募厦门京道产业投资基金管理有限公司（下称：京道基金），则通过该项投资赚得盆满钵满，并令几十位投资人一夜成为千万富豪。过会后，国轩高科将成为中国新能源汽车车用动力电池龙头股，也是A股市场第一只纯正的新能源汽车板块股。京道基金成立于2011年，是经厦门市政府批准注册成立的第一家产业投资基金管理公司，也是海西经济区规模最大的私募股权产业投资基金管理公司，旗下管理资金规模超过20亿元。2012年，京道基金成立了京道天能动力投资基金（下称：京道天能动力），该基金投向新能源汽车领域，于当年第四季度投资了国轩高科。记者获悉，京道天能动力的募集资金规模为1.62亿元，持有国轩高科4.77%的股份，是第三大股东。不到3年时间，该基金的净浮盈已超过10亿元，为旗下的几十位投资人带来超过7倍的回报，每位投资者的收益超过3000万元。京道基金表示，鉴于新能源汽车行业良好的前景、国轩高科优秀的业绩成长性以及国轩高科作为行业龙头股的先发优势，京道天能动力将在未来给投资者带来更好的投资回报。其实，京道基金“造富”并不是第一次。记者注意到，近年来，京道基金优秀的投资案例颇多，除了国轩高科，还有未名医药（北大之路）、国泰安、天宏阳光、硕人时代、华气科技等战略新型行业的龙头企业。未名医药（北大之路）正在等待证监会审核通过，天宏阳光等项目也正在筹备上市事宜。今年2月份，厦门设立100亿产业引导基金，京道基金是本地两家入围的基金管理人之一。另据记者了解，除了参与产业引导基金的筹备，京道基金正在建设与发行新三板基金、证券投资基金的产品。"
"这是一个新闻,新闻的关键词是超级催奶的8种食物，产后妈妈瞬间变“奶牛”,摘要为关注微信号，加我为好友，获取更多精彩文章.方法:添加朋友→搜号→2500070125→关注!以菠菜为代表的深绿色蔬菜所含营养素较全面，烹饪方,标题为超级催奶的8种食物，产后妈妈瞬间变“奶牛”,正文为关注微信号，加我为好友，获取更多精彩文章.方法:添加朋友→搜号→2500070125→关注!以菠菜为代表的深绿色蔬菜所含营养素较全面，烹饪方法也多种多样，可以爆炒，或是做汤。4、糙米与白米饭相比，糙米含有更多的膳食纤维，有助于延长饱腹感，保持血糖水平稳定。5、杏常吃杏还能增加催乳激素的分泌量。最好选择新鲜的杏，但如果时节不对，可选杏干。6、燕麦喝碗燕麦粥能让妈妈保持较长时间的饱腹感，还能增加母乳的供应量。此外，燕麦富含铁元素，适合因患缺铁性贫血而奶水不足的新妈妈。7、杏仁杏仁不仅含有大量的蛋白质，还是钙的优质来源。分泌母乳时，会有大量的钙随乳汁流出体外，容易造成母体钙的缺乏。因此，妈妈们可用杏仁替代薯片做零食。8、芝麻芝麻含钙量高，还是膳食纤维、铁、镁、磷、铜和锰的优质来源。建议早餐时吃勺芝麻酱，可抹在馒头里，或用来拌黄瓜、油麦菜等。小编提示：奶水不足的妈妈，千万不能有储奶的想法。如果你觉得这一顿宝宝不够吃，想存多点让宝宝下顿大饱口福的话，那你就大错特错了。因为只有让孩子多吸吮乳头，才能让乳汁分泌得更快，千万记住哦！"
"这是一个新闻,新闻的关键词是承建商，赌场,摘要为中新网3月23日电据香港电台报道，港珠澳大桥承建商一名高级管工，涉嫌两次向香港路政署委任的监督顾问，提供一枚面值5万港元的赌场筹码，以容许供,标题为港珠澳大桥承建商一管工涉贿 庭上否认两项罪行,正文为中新网3月23日电 据香港电台报道，港珠澳大桥承建商一名高级管工，涉嫌两次向香港路政署委任的监督顾问，提供一枚面值5万港元的赌场筹码，以容许供应不合标准物料，案件于荃湾裁判法院开审，管工否认两项行贿罪。43岁被告李树山，被控于2013年10月，两度到奥雅纳工程顾问雇员沈宝杰的办公室，向对方提供赌场筹码，遭拒绝接受。沈宝杰作供说，自己于2012年被调到大屿山人工岛工地，监督有关工程物料的品质。在2013年7、8月，发现运送来的石料有不符标准的情况，并曾2至3次退回。"
"这是一个新闻,新闻的关键词是浙江第一所“大学生邮局”开张 服务功能齐全,摘要为中新网丽水4月13日电(见习记者李婷婷)“提供普遍服务、满足用邮需求”“方寸世界、百科全书，集藏乐趣、共享幸福”……13日记者获悉，浙江第一,标题为浙江第一所“大学生邮局”开张 服务功能齐全,正文为中新网丽水4月13日电(见习记者李婷婷)“提供普遍服务、满足用邮需求”“方寸世界、百科全书，集藏乐趣、共享幸福”……13日记者获悉，浙江第一所“大学生邮局”在丽水学院正式开张营业。赶了个大早，换上了帅气的邮政工作装，丽水学院大二学生岳东国，一早就来到了学校西区的“大学生邮局”，做起了首任“局长”。和他同样兴奋并赶早来这的，还有不少爱好集邮的市民朋友和师生，一时间，占地98平方米的邮局，显得有点拥挤。今年70岁的李伟老人，退休前是邮电局的副局长，分管工作里就包含邮票一块业务。因为来的早，他还幸运地拿到了第一枚盖着邮戳的信封。对于丽水学院成立的这个“大学生邮局”，他赞不绝口，认为其能够有效地提升大家的集邮热情、增长邮票知识。记者了解到，丽水学院有1.3万余名师生，但寄个快递包裹，通常要跑远路到府前邮政局，为了缓解大学生们寄包裹寄快递老远跑的现状，“大学生邮局”应运而生。“大学生邮局”负责人王峰告诉记者，在满足广大师生投递需求的同时，“邮局”聘请的包括岳东国在内的6名“员工”都是贫困学子，这样的“创业”模式，也能为他们提供部分经济上的支持。据了解，丽水学院的集邮协会成立31年了，是浙江省集邮工作先进集体和全省青少年集邮文化示范基地。“大学生邮局”，由邮政部门命名并列入建制，由集邮协会学生会员营业和管理，主要为在校师生和部分社会集邮爱好者提供函件、包裹和集邮品服务。为了适应新变化，该局还开发了“学校特色邮品展示”“校园手绘明信片”“校园风光DIY邮寄”和智能包裹(E邮柜)等系列邮味浓郁的新业务。此外，丽水学院“大学生邮局”的成立，也填补了浙江省这一领域的空白，也使该省“少年邮局”这一大家庭的成员总数增至25个。"
"这是一个新闻,新闻的关键词是皮肤变细滑,摘要为如今微信朋友圈几乎被面膜扫屏，其中不乏亲身做模特，为自己推荐的产品直接代言者。适逢春天气候干燥，又是爱美者喜欢贴面膜的季节。于是，各类面膜搭,标题为皮肤变细滑,正文为如今微信朋友圈几乎被面膜扫屏，其中不乏亲身做模特，为自己推荐的产品直接代言者。适逢春天气候干燥，又是爱美者喜欢贴面膜的季节。于是，各类面膜搭载着友谊与信任，飞到了众多爱美人士的脸上，使用一段时间之后，也因此带来了诸多皮肤方面的烦恼，其中以过敏红肿、激素依赖性皮肤病这些问题最为突出。江苏省人民医院皮肤科苏忠兰副主任医师认为，越是见效快的面膜，其成分可能越有隐患。门诊病例贴了面膜整张脸都红透了“使用不合适的面膜导致皮肤病的病例，我们每个月都能遇见不少。”江苏省人民医院皮肤科苏忠兰副主任医师对记者说，前几天她才接诊了一个激素依赖性皮炎病人，患者是25岁的女孩小张，乍一看她整张脸都是红通通的，自述用过朋友圈里高中同学推荐的几盒面膜后就变成了现在的模样。这位患者特别提到了一点，在用面膜的初期，感觉效果特别明显，小痘痘不见了，皮肤摸起来非常光滑。可用了一段时间后不知道为什么整张脸毛细血管扩张，痘痘又跑了出来，稍微受点热脸就非常红。医生问到面膜的成分和产地时，小张回忆说袋子上写的全是英文，她没做深入了解和研究。苏忠兰介绍，激素有抗炎和抗过敏的作用。但长期外用也容易造成负面影响。不规范使用还可能导致毛细血管扩张，皮肤萎缩，还可能合并毛囊虫皮炎，令皮肤感染加重，降低皮肤免疫力，破坏皮肤的结构和功能等。因此，对于那些经常过敏的人群，皮肤科医生通常不主张用激素，即使短期内它能使红斑丘疹改善，时间长了反而形成依赖性。像小张这样患上激素依赖性皮炎的病人，治疗周期需要三个月至半年。专家提醒见效越快越要当心添加物苏忠兰告诉记者，一些美容院推销面膜产品，同样很多成分标志不清，爱美者自己也看不懂，有的介绍是纯天然产品，用了以后客人发现痘痘少了，色素淡了，皮肤也变得白嫩细滑。“这个时候要当心产品里面可能含有铅、汞等重金属物质，它只能令皮肤短期得到改善”。而且面膜中会有防腐剂、促进渗透剂，这些成分不适合所有人，过敏体质者用了就会适得其反。苏忠兰建议大家，护肤其实只要做基础的皮肤清洁，加上润肤和防晒就可以了。做得过于复杂容易出现问题。她提醒消费者，如果要使用面膜，应该选择到证照齐全、有固定经营场所的商店、超市以及合法的网站购买。对于在中国境内销售的进口面膜和护肤品，只要无中文标志均有可能是伪劣产品。此外，不要盲目迷信洋品牌，那些颗粒粗大的、强效焕肤类的产品，多数都不适合东方人使用。"
"这是一个新闻,新闻的关键词是网友想给客厅拍个全景照片...,摘要为网友想给客厅拍个全景照片，刚好家里的猫走过，整个画面一下子不好了。。。,标题为网友想给客厅拍个全景照片...,正文为网友想给客厅拍个全景照片，刚好家里的猫走过，整个画面一下子不好了。。。"
你是谁? 我是由良睦路程序员训练的一个AI模型21980017
