content
"这是一个新闻,新闻的关键词是鼻咽癌，生存率,摘要为三药联合化疗新方案可提高患者疗效一项三药联合化疗方案（多西他赛+顺铂+5-氟尿嘧啶，简称TPF）治疗局部晚期鼻咽癌的大型前瞻性Ⅲ期临床试验结,标题为【重磅】新方案使晚期鼻咽癌患者无瘤生存率提高8%,正文为 三药联合化疗新方案可提高患者疗效一项三药联合化疗方案（多西他赛+顺铂+5-氟尿嘧啶，简称TPF）治疗局部晚期鼻咽癌的大型前瞻性Ⅲ期临床试验结果表明，该方案可使患者无瘤生存率提高8%。研究结果于近日在全球顶级肿瘤专业杂志《柳叶刀·肿瘤学》在线发表。此项研究由中山大学附属肿瘤医院马骏教授团队牵头，联合四川大学华西医院、佛山市第一人民医院、华中科技大学同济医院等10个临床研究中心共同开展。中国的鼻咽癌发病率居世界之冠，由于鼻咽癌发病部位隐蔽，初次到医院就诊的患者中70%以上已经伴有周围颅骨侵犯和颈部淋巴结转移，治疗效果差。如何提高这部分局部区域晚期患者的治疗效果，一直以来都是业界的研究重点。2006年，马骏团队发现，国际指南推荐的同期放化疗后给予强化的3个疗程辅助化疗（双药方案顺铂+5-氟尿嘧啶，简称PF）不能提高疗效，反而增加了患者的痛苦和经济负担。研究结果于2012年发表于《柳叶刀·肿瘤学》上。文章发表当年，欧洲指南就采纳了该研究结果，取消了这种3个疗程的辅助化疗。次年美国指南也做了相应修订。 马骏团队通过仔细分析，发现 传统治疗策略未能“增效”的原因有两点，一个是放疗后，患者身体条件难以承受3个疗程的化疗；二是使用传统的双药，有效率不高。自2010年开始，马骏团队联合国内10家肿瘤治疗中心，开始探索在放疗前使用新的化疗方案，在双药基础上，加用新型的化疗药物——多西他赛。研究自2011年3月至2013年8月共纳入了480名病理确诊为非角化型鼻咽癌患者。结果发现，TPF诱导化疗联合同期放化疗，将3年无瘤生存率从72%提高到80%，3年总生存率从86%提高到92%，3年无远处转移生存率从83%提高到90%。TPF方案不良反应主要为中性粒细胞下降、白细胞下降、腹泻及口腔黏膜炎，但这些都有药物可以控制，并在医保目录内。 据介绍， 近10年来，在优化局部晚期鼻咽癌化疗方案的试验中，该研究是唯一可同时降低远处转移率并提高总生存率的Ⅲ期临床试验。美国芝加哥大学Michael T Spiotto教授在《柳叶刀·肿瘤学》同期发表述评，认为该研究受益人群精准，排除了局部区域晚期患者中无区域淋巴结转移的低风险亚组，避免了过度治疗。文/特约记者 黄金娟图/源自网络以上为《健康报》原创作品，如若转载须获得本报授权。点击下方“阅读原文”自助获取转载授权。"
"这是一个新闻,新闻的关键词是靠中国带动人气的黄致列回归韩国，成绩居然这样？,摘要为估计是限韩令实施了吧，黄致列从繁忙的中国事业抽身，转战韩国歌谣界，在昨天发表了新曲，搭档了GFriend银河妹子啊，GFriend今年在韩国,标题为靠中国带动人气的黄致列回归韩国，成绩居然这样？,正文为估计是限韩令实施了吧，黄致列从繁忙的中国事业抽身，转战韩国歌谣界，在昨天发表了新曲，搭档了GFriend银河妹子啊，GFriend今年在韩国可是大势啊，要说随便一个歌手出合作曲也会霸占音源榜上位圈的啊，可是这次他的回归却还是不怎么理想。 小编来分析下黄致列这次回归的音源成绩吧。新歌于今天早上0.00AM开始，几个主要的音源榜M net的最初排名（空降）17，Melon55，Naver30，Genie33，bug 24还是不错的，不知是不是小女友效应，还是朴在韩国回春了。 到现在为止，音源榜单上很多都已经出榜了，说到底，在中国的人气还不能完全带动一个明星，还有这次的歌曲初听还好，但是不耐听，mv拍摄的也好像很缺钱的感觉，所以还需打拼啊。 不过在中国的榜单还是非常证明人气的，qq音乐，酷狗都占据上位圈。"
"这是一个新闻,新闻的关键词是念错，女仆,摘要为你是否遇到过看到某个动漫人物名字，第一次就念错。或是自己很久后才发现，原来自己一直读错啊！动漫中哪些人物的名字让你第一次就念错或觉得最难念的,标题为我语文不好，这些动漫名字怎么老是念错啊！,正文为 你是否遇到过看到某个动漫人物名字，第一次就念错。或是自己很久后才发现，原来自己一直读错啊！动漫中哪些人物的名字让你第一次就念错或觉得最难念的？∑冥者之尊我老婆，阿尔托莉雅 潘多拉贡 姚琴莱月昴……还是叫486吧……这个真心的容易读错…… 昨夜星辰长谷栞奈，不是难读，而是不会读。还有宫永咲这个咲，第一次读也是读错了。 幸平创造丶伊藤诚，这个绝对不会错的 唔想打醬油，打醋得唔得网王的腿子卡部长（手冢）刚开始不会冢这个子一直读错，后来避免再发生这样的事我都是找日语发音学起来 - 没有名字四幺乃 四糸乃？？？(??? д ???)!!! Shining夏目里的场静的“的”...和柊... 柯南里的冲矢昴... 还有万年食尸鬼... 被埋葬の回忆齐神里的转学生窪谷须中的窪啊喂！woc一开始我以为这读gui的第一声，可当我想手写打出这名字，woc竟然是wa的第一声！我读书少别骗我！ 宁轩土狼，啊不对是士郎 White Chaos小鸟游六花。。小六鸟游花。。小鸟六游花。。小鸟花六游。。小花游六鸟【雾 姓名空缺有马公主。。。呸。。有马公生 星染有马公主??最初一直用错 tesia会长大人是女仆还是女仆大人是会长还是女仆是会长大人的男主那个叫拓海的，，，原谅我实在打不出他的全名，并且连番的名字也记不住，，呃，，我还是回去背字典好了(ノДＴ)， 小莜邻座的怪同学的雫（nǎ），开始的时候只会跟着日文的发音…后来才发现这个字的读法……还有一个很多角色都会用到的咲（xiào）字，这个也是后来才发现的～ 神域之寻露易丝·法兰西斯·露·布朗·杜·拉·瓦利埃尔 Dream家教里面的库洛姆·髑髅，有多少人甚至字幕组读库洛姆·骷髅？反正很多人都是"
"这是一个新闻,新闻的关键词是法法拉利LaFerrari &amp;amp; 玛莎拉蒂MC-12,摘要为.,标题为法法拉利LaFerrari &amp; 玛莎拉蒂MC-12,正文为 ."
"这是一个新闻,新闻的关键词是世界杯，扮靓,摘要为中新网义乌6月18日电(记者赵晔娇实习生董佳丽)浙江省义乌市被誉为世界小商品的王国，4年前，义乌制造的加油神器“呜呜祖啦”在南非世界杯一吹成,标题为浙江义乌制造成世界杯老面孔 扮靓全世界球迷,正文为中新网义乌6月18日电 (记者赵晔娇实习生董佳丽)浙江省义乌市被誉为世界小商品的王国，4年前，义乌制造的加油神器“呜呜祖啦”在南非世界杯一吹成名，4年后，色彩缤纷的假发、球迷手中摇曳的各国国旗和荧光棒、各色夸张的眼镜……再度席卷巴西，甚至踏上世界多国的热土，为世界杯助威，这些的大多数依旧是义乌制造的，扮靓了全世界的球迷。世界杯已经鸣哨，一场令人血脉喷张的足球饕餮盛宴触手可及。明星球员在赛场上八面威风，球迷在看台上也是尽力助威，穿着球队队服，高高举起印有球星大名的横幅，卖力挥舞国旗，甚至将国旗用彩绘绘满整脸，戴着色彩缤纷十分夸张的假发，这些都是世界杯文化不可或缺的一部分。世界杯文化在义乌商人眼中是难得的商机，早在4年前，一种根据非洲土著驱赶狒狒的乐器而仿制的超分贝大喇叭—呜呜祖拉意外在世界杯一吹成名，据义乌海关统计，这种助威神器有90%是从义乌市场售出的。世界杯效应至今仍在这个城市火热延续。记者了解到，在南非世界杯尚未落幕时，就有不少嗅觉灵敏的外商跑到义乌打听起市场行情了。“我们从2006年德国世界杯就开始做相关产品。今年世界杯产品的市场总额增加了30%。”义乌市荣成进出口有限公司总经理王荣成一边说，一边展示着假发、面具、国旗等畅销产品。摸透了世界球迷的喜好，王荣成做起了做全套球迷产品，这几年将产品细分化，生产了供女球迷用的耳环、发饰等等特色饰品，可谓是扮靓了缤纷的世界杯舞台。义乌丝黛假发公司负责人王经理说，从2013年年底，他们就接到世界杯假发的单子，做的基本都是与各国国旗颜色相关配色的假发，产品主要销往欧美，在欧洲则集中在英国、意大利等足球强国。义乌当地一家做袜子的企业还专门开发了足球元素的袜子，印上国旗LOGO，还用国旗的主色调作为产品主色调，设计出的产品颜色鲜艳活泼又非常时尚。这些足球袜被整齐地包装在收纳盒中，国旗图案统一朝上，氛围十足。与足球相关的产品不仅仅如此，义乌的饰品企业也是动足了脑筋。当地最为著名的新光饰品推出了巴西、意大利、英格兰等十国的世界杯支持者徽章。在众多产品中，最为抢眼的就是足球主题风铃，铝管的下端缀满了黑白色、蓝白色、橙白色的小足球，风一吹来，足球自然摆动，一下子就萌到了女球迷的心。这些商品放在中国移动的积分商城里供球迷兑换。据义乌海关统计，今年一季度，经义乌海关出口巴西的商品共计6422万美元，同比增长15.8%，其中体育用品出口巴西125万美元，同比增长41.7%。"
"这是一个新闻,新闻的关键词是【讲座回顾】珞珈论坛第401期 马爱农：文学作品翻译与文学作品生成,摘要为珞珈论坛第401期马爱农：文学作品翻译与文学作品生成10月22号，马爱农老师与我们相约珞珈论坛，分享了她翻译《哈利波特》的故事和她对翻译的理,标题为【讲座回顾】珞珈论坛第401期 马爱农：文学作品翻译与文学作品生成,正文为珞珈论坛第401期马爱农：文学作品翻译与文学作品生成 10月22号，马爱农老师与我们相约珞珈论坛，分享了她翻译《哈利波特》的故事和她对翻译的理解。愿一组关键词，能成为一个透视点，让你得以窥见讲座万分之一的精彩。与哈利波特的缘分马爱农老师以一个孩子的心态去接触《哈利波特》，从相识，到相知，最后紧紧相连，密不可分。在2000年之前，她已经翻译了 《绿山墙的安妮》等儿童文学作品 ，受到读者的普遍好评，所以出版社购买《哈》版权后邀请她来翻译这一个系列。第一次接触《哈利·波特与魔法石》《哈利·波特与密室》《哈利·波特与阿兹卡班的囚徒》时，马爱农老师便被其中与现实世界完全不同的魔法世界深深吸引，并在这几本书中找到了青少年成长过程中特有的情绪和经历，那种真实的友情、困惑、孤独感让她产生了 共鸣。她希望把这种奇妙的阅读体验带给更多人，就这样拉开了长达数十年的翻译战线。 马爱农老师的哈利波特情结已经出版的7本书更像是她的七个孩子，而马爱农老师直言她更喜爱第四部—— 《哈利·波特与火焰杯》。因为前三部的翻译还是一个慢慢摸索的过程，而从第四部才真正开始熟悉魔法世界里的点点滴滴。并且翻译这部书时安排相对宽松，能有更多的时间沉浸在这部书中，细细推敲每一字、每一句。再加上这部书内容本身很丰富，新增了“三强争霸赛”等等趣味盎然的情节设置，更使马爱农老师对它 偏爱有加。正如马老师所愿，《哈利波特》系列确实给广大中国读者打开了新世界的大门。与此同时，马老师自己也从这部书的翻译中获得了很多宝贵的精神财富。因为这一系列书，她为哈迷所知， 从幕后走到台前，让人们能更好的了解译者这一职业。对“忠实”的忠实马爱农老师在讲座中多次提到“忠实”这个词。传统意义上翻译要达到 “信、达、雅”的标准，但是她认为只要能达到“信”就足够了。而“信”即 忠实。马爱农老师将翻译比作天平，翻译者要做的便是保持两端文字、句子结构的 平衡，使中英读者展开的想象保持一致，即等效翻译。这就需要译者时刻保持对原文的忠实。有些译本没有了原著的美感，读起来干巴巴的，这就是本质上没能完全忠实原著的结果。诚然有时 变通也是必要的，但是这种变通要讲究尺度，其根本目的依然是为了更好的忠实。 除了忠实，马爱农老师还对翻译工作者提出了其他方面的要求：对作品怀有真正的 热爱，大量阅读中文作品（马老师还透露了她最喜欢读 虚构类的小说），有意识地扩大自己的知识面，与此同时还应保持英文知识量的扩充。 翻译苦乐马爱农老师还给同学们分享了她与翻译的故事。她出生在一个书香家庭，母亲是出版社的编辑，祖父马清槐也是一名英语翻译家。在这种环境的熏陶下，她和妹妹小时候就 把各类教科书当作课外书来读，扩大了自己的阅读量。其实她决定做一名翻译者的过程也是 循序渐进的。中学的时候她就喜欢把英语课本上的课文翻译成中文，但是从来没有想过以后要成为一名翻译家。大四偶然选了编辑学的一门课，有一次作业是模拟向出版社提交选题，她提交了《绿山墙的安妮》。在老师的鼓励下，她开始尝试翻译这部当时已经在外国文坛上取得一定地位的作品。那时候没有电脑，她就像以前的翻译家一样“爬格子”。她的祖父还特地过来帮助她一个字一个字地修改。但是毕业之后她并没有顺其自然地成为一位翻译者，而是当了几年英语老师，不变的是她每天都在坚持翻译。在发现教学和翻译相互冲突之后，她决定辞职，专心致志地进行翻译。 在翻译过程中有时会遇到各种各样的 问题。以《哈》为例，英文的魔法咒语在字典里是查不到的，并且这一部分的工作战线拉得很长，一些伏笔、言外之意可能在刚开始的时候会处理不当，也留下了一些遗憾。但是她依然坚定，她对翻译的 喜爱大过对于困难的惧怕，所以积极地讨论、交流，并与J·K·罗琳的代理人沟通。马老师说，她最享受的时刻就是想到巧妙的译法时的豁然开朗。她的喜与忧早已与翻译融为一体了。心忧翻译界一张书桌、一把椅子、一支笔、一本纸质字典，这就是马爱农老师心中的翻译状态，简单而朴实。她说很多译者都是 默默无闻的，甚至当自己翻译的版权受到侵犯时，宁可多翻译一点文字，也不愿意花费太多的时间与精力去维权。并且如今很多译者本身也缺乏译者应有的文学素养、道德原则和职业操守，忍不了十年寒窗，造成了翻译市场作品 良莠不齐的现象。她举例说，9月30日淘宝就有商家开始卖起了尚未官方发售的《哈里波特与被诅咒的孩子》，而实际上却是假译本。乱象丛生的翻译市场让马爱农老师 倍感心忧。此前引起翻译界广泛关注的马爱农《绿山墙的安妮》被抄袭盗版事件最终虽以马爱农方胜诉告终，但是对侵权者的较低处罚还是让马爱农老师 喜忧参半。她希望法律能够更加健全，不要让译者的维权变得如此无力。精彩提问 同学A您认为作者与译者之间有什么区别和联系？他们都是文学的创造者，但是作者侧重原创，而译者侧重转达，即再创造。译者需要尽量把原作百分百传达给读者，包括作品的风格、情绪、氛围等等，所以有人提倡译者要成为一个“隐身人”。 马爱农 同学B在翻译界你最敬仰的人是谁？老一代翻译家中的很多人都是值得敬仰的，比如90多岁高龄依然坚持翻译的屠岸老先生，他是我进入工作单位后接触到的第一位翻译家，耐心的回答过我很多很幼稚的问题。还有王永年、李文俊老先生，他们的谦和、宽容的做人做事的方法给了我很多影响。 马爱农 同学C《哈》中你最喜欢的角色是什么？我喜欢罗恩的父亲韦斯莱先生，因为他是很有个性的人，他对麻瓜的热爱超越了所有。还有罗恩，我喜欢他超过喜欢哈利，因为他就是一个成长的大男孩，有嫉妒心、有情绪，自然亲切真实。就像《绿山墙的安妮》还有第二版，安妮上大学、结婚、生子，但是销量远不如前，因为第二部的安妮太完美了，缺少了一种亲切感。 马爱农 同学D现在网上翻译开始发展，这是否意味着笔头翻译的路会越走越窄？机器永远无法取代文学翻译。翻译中确实需要一些硬知识，但还是有一些软的、微妙的东西，比如情绪、比如形容词的选择等等，都是需要人脑和思想感情的糅合的。 马爱农 同学E您对儿童文学中加入的道德教育怎么看？充满道德教育的不是真正好的儿童文学，无法打动我。经典的儿童文学其实是反映童真的。 马爱农 同学F如果您带上分院帽，您想被分去哪个院？应该是格兰芬多吧，因为我喜欢他们衣服的颜色，是暖色调的，我比较喜欢暖色，而他们的围巾是橘黄色加红色，这两种颜色我都蛮喜欢的，特别是橘黄色。我可能本身算不上乐观，但是我喜欢乐观的人，我也喜欢乐观的颜色。就比如说我非常喜欢韦斯莱的孪生兄弟，我觉得他们是乐观、能够给人带来欢乐的人，我喜欢这样的人。 马爱农谦和、耐心，简简单单又让人印象深刻。聆听马爱农，从此明白什么是优婉不迫。这是马爱农，也是一位译者应有的姿态。编辑排版 | 张辰部分图片来源于网络"
"这是一个新闻,新闻的关键词是锂电池，油价,摘要为全景网3月25日讯路翔股份（002192）2014年网上业绩说明会正在全景网举行。公司董事长吕向阳表示，国际油价下跌，也许短期内对新能源汽车,标题为路翔股份:油价下跌对锂电池影响甚微,正文为全景网3月25日讯路翔股份（002192）2014年网上业绩说明会正在全景网举行。公司董事长吕向阳表示，国际油价下跌，也许短期内对新能源汽车的发展会产生一些影响，但对锂电池的影响微乎其微。他认为，锂电池的用途中用于新能源汽车的目前只占很小的比例。无论油价什么趋势，国家发展新能源汽车的动力和决心并未受到影响。"
"这是一个新闻,新闻的关键词是科鲁兹，经典，优惠,摘要为促销时间：2015.4.10-2015.4.16【搜狐汽车杭州站讯】编辑从上汽通用雪佛兰浙江兰通汽车4S店获悉，近期购买科鲁兹车型最高优惠1,标题为[杭州]科鲁兹经典:优惠1.9万元 少量现车,正文为促销时间：2015.4.10-2015.4.16【搜狐汽车杭州站讯】编辑从上汽通用雪佛兰浙江兰通汽车4S店获悉，近期购买科鲁兹车型最高优惠1.9万元，其中1.5LSLMT车型报价8.09万元。目前店内仅有少量科鲁兹经典现车储备。感兴趣的网友可致电经销商咨询详情，免费电话400-888-1212转24550。具体车型优惠政策如下：雪佛兰科鲁兹 厂商指导价 直降 现价 现车情况 询价1.5 SE 自动经典版 11.99万 ↓1.9万 10.09万 少量现车1.5 SE 手动经典版 10.99万 ↓1.5万 9.49万 少量现车1.5 SL 手动经典版 9.99万 ↓1.9万 8.09万 少量现车致电商家，获取更多优惠信息！ 免费电话：400-888-1212转24550制表：搜狐汽车杭州站查看更多降价信息请进 降价栏目首页 雪佛兰科鲁兹 科鲁兹经典版在传承上一代科鲁兹乘用空间、底盘性能等方面领先优势的同时，外观更加大气、内饰更具品质感。科鲁兹经典版车型提供了6种车身颜色选择，包括珍珠白、晶石黑、奥丁灰、流光银、波尔红和卡其金。新车在造型设计方面进行了细节调整，前大灯采用了悬浮镀铬饰圈的设计，前保险杠以及下格栅等处也进行了调整。动力方面，科鲁兹经典版搭载了1.5L DVVT发动机，最大功率可达83kW，峰值扭矩为141Nm，与之匹配的是全新一代6速手自一体变速箱和5速手动变速箱。科鲁兹经典版拥有3年或10万公里的整车保修期，常规保养周期为5000公里，小保养更换机油、机滤费用大约为280元，而大保养更换机油、三滤等费用根据车况决定，以到店保养价格为准。保险价格：科鲁兹首年的保险费用约为6000元左右。编辑建议：在精准洞悉并把握时下年轻消费者用车需求的基础上，科鲁兹经典版以更高效的动力、更实用的空间和更亲民的价格进入市场，无论在运动感还是家用舒适性方面，都能满足消费者的个性化需求。近期，科鲁兹经典版车型优惠幅度不低，消费者可适时出手。（信息来源：杭州 信息员干晓磊） 新车团购报名：姓名* :电话* :意向车型* :所在城市* :扫描二维码，或搜索并关注搜狐汽车杭州站微信公众号：杭州购车指南 杭州购车指南 提及搜狐汽车，您将享受更优质的服务。 声明：此价格为经销商个体行为，不代表全部经销商。由于市场价格变化多端，文中所报价格仅供参考。本文系搜狐汽车独家稿件，版权归搜狐汽车所有，未经许可，不得转载。一经发现，必将追究。 车型信息备注：● 标配○ 选配- 无 雪佛兰 科鲁兹 雪佛兰 科鲁兹 雪佛兰 科鲁兹车款信息 雪佛兰 科鲁兹[2015款]1.5 SL 手动经典版 雪佛兰 科鲁兹[2015款]1.5 SE 手动经典版 雪佛兰 科鲁兹[2015款]1.5 SE 自动经典版有奖报错-车辆基本信息厂商指导价： 9.99万元 10.99万元 11.99万元经销商报价： 8.19~9.99万元 9.19~10.99万元 10.19~11.99万元车厂： 上海通用 上海通用 上海通用级别： 紧凑型车 紧凑型车 紧凑型车车体结构： 4门5座三厢轿车 4门5座三厢轿车 4门5座三厢轿车长x宽x高(mm)： 4643×1797×1477 4643×1797×1477 4643×1797×1479发动机： 1.5L 113马力 L4 1.5L 113马力 L4 1.5L 113马力 L4变速箱： 5挡手动 5挡手动 6挡自动动力类型： 汽油机 汽油机 汽油机官方最高车速(km/h)： 178 178 172工信部油耗(L/100km)(城市/市郊/综合)： 8/5/6.1 8/5/6.1 8/5.2/6.2官方0-100加速(s)： 13.2 13.2 13.9保养周期： 每5000公里 每5000公里 每5000公里保养费用：(元，6万公里合计)： - - -保修政策： 整车3年/10万公里 整车3年/10万公里 整车3年/10万公里碰撞星级： ★★★★★ ★★★★★ ★★★★★更多实测参数： - - -有奖报错-车身长度(mm)： 4643 4643 4643宽度(mm)： 1797 1797 1797高度(mm)： 1477 1477 1479轴距(mm)： 2685 2685 2685前轮距(mm)： 1544 1544 1544后轮距(mm)： 1565 1565 1565整备质量(kg)： 1320 1320 1360车身结构： 三厢轿车 三厢轿车 三厢轿车车门数(个)： 4 4 4座位数(个)： 5 5 5油箱容积(L)： 54 54 54行李厢容积(L)： 461 461 461最小离地间隙(mm)： - - -最小转弯半径(m)： - - -接近角(°)： - - -离去角(°)： - - -有奖报错-发动机/变速箱发动机描述： 1.5L 113马力 L4 1.5L 113马力 L4 1.5L 113马力 L4发动机型号： -排量(L)： 1.5L 1.5L 1.5L汽缸容积(cc)： 1485 1485 1485工作方式： 自然吸气 自然吸气 自然吸气汽缸数(个)： 4 4 4汽缸排列形式： 直列 直列 直列每缸气门数(个)： 4 4 4气门结构： 双顶置 双顶置 双顶置压缩比： 10.8:1 10.8:1 10.8:1最大马力(ps)： 113 113 113最大功率(kW/rpm)： 83/6000 83/6000 83/6000最大扭矩(N·m/rpm)： 141/4000 141/4000 141/4000升功率(kW/l)： 55.33 55.33 55.33燃料： 93号汽油(京92号) 93号汽油(京92号) 93号汽油(京92号)供油方式： 电喷 电喷 电喷缸盖材料： 铝合金 铝合金 铝合金缸体材料： 铸铁 铸铁 铸铁排放标准： 国IV 国IV 国IV变速箱简称： 5挡手动 5挡手动 6挡自动挡位个数： 5 5 6变速箱类型： 手动 手动 自动有奖报错-底盘/车轮制动驱动方式： 前置前驱 前置前驱 前置前驱前悬挂类型： 麦弗逊式独立悬挂 麦弗逊式独立悬挂 麦弗逊式独立悬挂后悬挂类型： 纵臂扭转梁式半独立悬挂 纵臂扭转梁式半独立悬挂 纵臂扭转梁式半独立悬挂底盘结构： 承载式车身 承载式车身 承载式车身前轮胎规格： 205/65 R15 205/60 R16 205/60 R16后轮胎规格： 205/65 R15 205/60 R16 205/60 R16轮毂材料： 钢制 铝合金 铝合金备胎规格： 非全尺寸备胎 非全尺寸备胎 非全尺寸备胎前制动器类型： 通风盘式 通风盘式 通风盘式后制动器类型： 鼓式 盘式 盘式驻车制动类型： 手刹式制动 手刹式制动 手刹式制动分动器类型格： - - -转向助力： 电动随速助力转向 电动随速助力转向 电动随速助力转向可调悬挂： - - -空气悬挂： - - -有奖报错-安全装备驾驶座安全气囊： ● ● ●副驾驶安全气囊： ● ● ●前排侧气囊： - ● ●后排侧气囊： - - -头部气帘： - - -膝部气囊： - - -安全带未系提示： ● ● ●自动防抱死(ABS等)： ● ● ●制动力分配(EBD/CBC等)： ● ● ●刹车辅助(EBA/BAS/BA等)： - - -牵引力控制(ASR/TCS/TRC等)： - - -车身稳定控制(ESP/DSC/VSC等)： - - -主动刹车/安全系统： - - -自动驻车/上坡辅助： - - -陡坡缓降： - - -发动机电子防盗： ● ● ●车内中控锁： ● ● ●遥控钥匙： ● ● ●无钥匙启动系统： - - -胎压监测装置： - - -零胎压继续行驶： - - -并线辅助： - - -全景摄像头： - - -夜视系统： - - -有奖报错-儿童安全装置ISO FIX儿童座椅接口： ● ● ●LATCH座椅接口(兼容ISO FIX)： - - -儿童安全锁： ● ● ●气囊锁止功能： - - -有奖报错-车身功能天窗形式： - 电动 电动运动外观套件： - - -电动后舱/行李箱盖： - - -电动吸合门： - - -有奖报错-车内功能真皮方向盘： - - -方向盘上下调节： ● ● ●方向盘前后调节： ● ● ●方向盘电动调节： - - -多功能方向盘： - - -方向盘换挡： - - -定速巡航： - - -自适应巡航： - - -行车电脑显示屏： ● ● ●自发光仪表盘： - - -HUD抬头数字显示： - - -倒车雷达： - - ●倒车影像： - - -自动停车入位： - - -行李舱灯： - - -独立电源接口： - - -中控液晶屏分屏显示： - - -有奖报错-座椅配置真皮/仿皮座椅： - ● ●运动座椅： - - -座椅高低调节： - - -腰部支撑调节： - - -肩部支撑调节： - - -驾驶席座椅电动调节： - - -副驾驶座椅电动调节： - - -后排座椅调节： - - -电动座椅记忆： - - -前排座椅加热： - - -后排座椅加热： - - -座椅通风： - - -座椅按摩： - - -后排座椅整体放倒： - - -后排座椅比例放倒： ● ● ●第三排座椅： - - -前座中央扶手： - ● ●后座中央扶手： - ● ●有奖报错-多媒体配置CD/DVD： 单碟CD 单碟CD 单碟CDCD支持MP3/WMA： ● ● ●外接音源接口(AUX/USB/iPod等)： ● ● ●扬声器喇叭数量(个)： 6 6 6音响品牌： - - -蓝牙/车载电话： - - -车载电视： - - -中控台液晶屏： - - -后排液晶屏： - - -GPS导航系统： - - -内置硬盘： - - -车载信息服务： - ○ ○人机交互系统(MMI/iDrive等)： - - -有奖报错-灯光配置大灯形式： 卤素大灯 卤素大灯 卤素大灯日间行车灯： - - -前雾灯： - ● ●大灯自动开闭： - - -大灯随动调节： - - -大灯清洗装置： - - -车内氛围灯： - - -有奖报错-车窗及后视镜前排电动车窗： ● ● ●后排电动车窗： ● ● ●车窗一键功能： - - -车窗防夹手功能： - - -防紫外线/隔热玻璃： - - -后视镜防眩目： - - -后视镜电动调节： - - -后视镜加热： - - -后视镜电动折叠： - - -内后视镜防眩目： - - -前感应雨刷： - - -后雨刷： - - -后风挡遮阳帘： - - -后排侧遮阳帘： - - -有奖报错-空调/冰箱空调： 手动 手动 手动后排出风口： - - -前排温度分区控制： - - -后排独立温区控制： - - -空气调节/花粉过滤： - - -车载冰箱： - - -风冷手套箱： - - -有奖报错-颜色车身可选颜色： ■ 珍珠白■ 流光银■ 晶石黑■ 波尔红■ 奥丁灰■ 冰海蓝■ 蜂黄(同时有深色真皮内饰可选)■ 卡其金■ 冰晶蓝■ 爵士黑■ 魔力红 ■ 珍珠白■ 流光银■ 晶石黑■ 波尔红■ 奥丁灰■ 冰海蓝■ 蜂黄(同时有深色真皮内饰可选)■ 卡其金■ 冰晶蓝■ 爵士黑■ 魔力红 ■ 珍珠白■ 流光银■ 晶石黑■ 波尔红■ 奥丁灰■ 冰海蓝■ 蜂黄(同时有深色真皮内饰可选)■ 卡其金■ 冰晶蓝■ 爵士黑■ 魔力红内饰可选颜色： ■ 深色织物内饰■ 浅色织物内饰■ 蓝色织物内饰■ 黄色织物内饰 ■ 深色织物内饰■ 浅色织物内饰■ 蓝色织物内饰■ 黄色织物内饰 ■ 深色织物内饰■ 浅色织物内饰■ 蓝色织物内饰■ 黄色织物内饰（信息来源：杭州 信息员干晓磊） 新车团购报名：姓名* :电话* :意向车型* :所在城市* :扫描二维码，或搜索并关注搜狐汽车杭州站微信公众号：杭州购车指南 杭州购车指南 提及搜狐汽车，您将享受更优质的服务。 声明：此价格为经销商个体行为，不代表全部经销商。由于市场价格变化多端，文中所报价格仅供参考。本文系搜狐汽车独家稿件，版权归搜狐汽车所有，未经许可，不得转载。一经发现，必将追究。"
"这是一个新闻,新闻的关键词是中俄，军演,摘要为针对日媒报道的中国军队飞机在东海“异常接近”日自卫队飞机事，国防部新闻事务局25日表示，5月24日上午，日本自卫队OP-3C和YS-11EB,标题为日飞机监视中俄军演 被中国战机“异常接近”,正文为针对日媒报道的中国军队飞机在东海“异常接近”日自卫队飞机事，国防部新闻事务局25日表示，5月24日上午，日本自卫队OP-3C和YS-11EB飞机各一架，闯入中国东海防空识别区，对中俄海上联合演习实施侦察干扰。中国军队飞机紧急升空并采取了必要的识别、防范措施，以维护参演舰机安全，确保演习顺利进行。中方已向日方紧急提出交涉，要求日方尊重中俄海军的合法权利，对有关人员严加管束，停止一切侦察和干扰活动，否则，可能由此引发的一切后果将由日方承担。据日本防卫省介绍，发生“异常接近”的空域位于东海中央，是日本“防空识别区”和中国东海防空识别区的重叠部分。当地时间24日上午11点左右，中国军队的2架苏-27战斗机从后方靠近日本海上自卫队的一架OP-3C飞机，12点左右则从后方靠近航空自卫队的一架YS-11EB。日本防卫省称，其中一架苏-27与日方飞机发生了约几秒的异常接近。该机最近时距离OP-3C仅50米左右，距离YS-11EB仅30米左右。报道称，这是中国战斗机首次与日本自卫队飞机发生异常接近。"
"这是一个新闻,新闻的关键词是浦东新区，宗教,摘要为2012年初，浦东新区民宗委根据少数民族人口多、宗教活动场所多而民宗委人手少、工作量大的实际情况，经过研究，率先在全市民族宗教工作中引进项目,标题为浦东新区民宗委实施工作项目化管理成效明显,正文为2012年初，浦东新区民宗委根据少数民族人口多、宗教活动场所多而民宗委人手少、工作量大的实际情况，经过研究，率先在全市民族宗教工作中引进项目化管理模式。将民族宗教工作分为6大类项目，每个大项目又细化成数十个小项目，每个小项目明确时间节点、联系人员、负责人员，制作详细的项目推进表，及时跟踪管理项目进展情况。为配合做好工作项目化管理，浦东新区民宗委一是建立研究督查制度，对项目进展情况进行专项监督；二是建立项目考评制度，采取平时督促指导和年底考核的方式，激励项目管理工作；三是建立研讨交流制度，定期总结项目实施中发现的问题，提出整改意见，加以推进。实施工作项目化管理三年来，浦东新区民宗委在提高工作效率、政务公开、服务民族宗教界等方面取得了明显效果，获得了市、区、街镇相关部门和民族宗教界的广泛好评。"
"这是一个新闻,新闻的关键词是腹肌，饮食,摘要为这两天真的是春暖花开，一个不小心就掉入减脂大潮中去了，就怕这个夏天还是一大坨肚皮，你是否在尝试一切减低体脂的可能，以让你的腹肌层次分明的显露,标题为想要有腹肌，训练+饮食一个都不能少,正文为 这两天真的是春暖花开，一个不小心就掉入减脂大潮中去了，就怕这个夏天还是一大坨肚皮，你是否在尝试一切减低体脂的可能，以让你的腹肌层次分明的显露出来！ 在接下来的时间，你将会从本文获得四个关键性塑造腹肌的准则！他们会从训练方法、饮食结构等方面给你专业的指导，这些都是被世界健美认可和实践的。现在是时候检验你的训练程序重塑你的腹肌了。转型之旅重启！你的营养目标就是要尽可能的减少脂肪的生成，并降低体脂。要做到这一点，你必须有一个针对性的饮食计划，可以健康的为肌肉提供必要的营养和碳水！一个最基本的准则就是多餐少食。对于绝大多数的健美者都会采用这样的方法，为肌肉提供足够的营养，这也可以提高你身体的代谢水平。实际上，这是一个健身界广为认可的最有效的饮食方法！这个饮食策略可以让你的脂肪持续燃烧，多餐少食通过反复的饮食刺激代谢，这是食物的生热效应！通过对碳水和整体饮食的控制，你也可以让你的血糖和胰岛素维持健康水平。少食不会去伸拉胃，这会让你的腰腹保持紧致远离臃肿。下面是健康的腹肌饮食食谱，他们会通过上述的作用来尽可能提高你的代谢和营养，让你的腹肌显露出来。这是一个根据200磅（大约91kg）的人为基准的营养食谱：腹肌饮食计划第一餐：8:00 全蛋2个 鸡蛋蛋清4个 麦片1/2杯第二餐：10:30 低脂奶酪1杯 杏仁20个第三餐：13:00 鸡肉2两 长粒糙米1/4杯第四餐：15:30 鱼肉2两 生菜1份 橄榄油1勺第五餐：18:00-训练后 乳清蛋白2勺零度分离乳清，0脂肪0糖，纯增肌，购买链接戳“阅读原文” 麦片半杯—少量第六餐：19:00 牛肋排2量 西兰花1份第七餐：21:30 全蛋2个 鸡蛋蛋清蛋4个 花生酱1勺一个健美爱好者不能显示腹肌的主要原因是因为训练的强度不够大，这让他们没有办法有更多的腹部肌肉显露出来。事实上，如果你想要你腹肌显露出来，你必须从多角度给它们足够的刺激，就像你锻炼其他部位一样，每组追求力竭。从生理的角度，腹肌和其他肌肉组织并没有什么太大的不同，它就像你的小腿，前臂一样，呈层状带肌肉纤维。很多专家认为，他们需要高组数和多次数来获取更多更大的肌肉纤维！从训练技术上来说，你的训练应该集中在腹直肌的增大增厚，而不是增加腹斜肌！通过这些腹肌撕裂程序，这会让你的腹肌脱颖而出，让你成为沙滩上的焦点。这个训练程序要求你每周完成三次，给腹部肌肉足够的恢复时间。来看看这个腹肌撕裂计划：腹肌锻炼计划 悬垂腿举4组，每组15-30次！ 绳索卷腹4组，每组15-30次！ 坐姿扭转4组，每组50 另外一个没有显露腹肌的主要原因是，很多人都没有办法燃烧到身体储存的脂肪，这让腹肌深深的藏在脂肪的下面。我们大多数的人，都需要通过心肺训练有氧来进行减低身体的脂肪含量。如果你的有氧强度进入到了脂肪燃烧区，那么持续时间和频率也是非常重要的。一般控制有氧在45分钟之内，让你的身体恢复和修复。"
"这是一个新闻,新闻的关键词是冰棒，酸奶,摘要为吃货的创造力是无法想象的，任何好吃或不好吃的，在吃货的世界里都可以变得更美味。1.剩饭剩菜放进微波炉之前铺上一层奶酪那就是焗千层面焗饭啊，味,标题为一夜之间在朋友圈火了的神一样的吃法,正文为吃货的创造力是无法想象的，任何好吃或不好吃的，在吃货的世界里都可以变得更美味。 1.剩饭剩菜放进微波炉之前铺上一层奶酪那就是焗千层面焗饭啊，味道那叫一个销魂！ 2.酸奶里面放任何水果都好吃！！！ 3.吃面的时候加一些火锅底料这才叫面！ 4.烤面包+干妈好吃到死！ 5.椰子汁里泡剥好皮的荔枝味道那叫一个销魂！ 6.当西瓜遇上葡萄干把西瓜切个盖儿，然后放一把碎葡萄干进去，再盖好在冰箱里冰一下午。 7.煮咖喱时里面加点苹果咖喱苹果味道萌萌哒！ 8.用牛奶泡立顿红茶包用微波炉加热口感好得秒杀一切饮料！ 9.葡萄放速冻里冷冻好剥皮又好吃！ 10.小土豆煮过压扁放烤箱里烤出来再撒盐外皮香脆的让人颤抖！ 11.花生酱+面包在微波炉叮半分钟，好吃到爆！ 12.面包加冰激凌超好吃啊，最好是硬一点的面包！ 13.煮泡面的时候可以加个番茄切碎放进去煮或者直接丢适量的番茄酱，好吃到升天！ 14.费列罗的巧克力酱加上光明冰砖美味啊！ 15.烫蛋挞加上冰淇淋烫烫的蛋挞拿小勺子挖掉中间的一点蛋然后放一点冰淇淋进去人间美味啊！ 16.花生粒在冷冻半天简直就是巧克力豆豆的味道和感觉好吗！ 17.棉花糖在炉子上明火烤烤烤到表面淡淡的焦黄，外酥里嫩啊超好吃！ 18.西红柿凉拌加点果粒橙再放冰箱冷藏秒杀一切饮料有木有！！ 19.香蕉放冰箱里冻的刚刚硬拿出来啃有一股奶香，好吃胜过任何冰淇淋，肯定会上瘾。 20.青芒果不削皮切块蘸酱油一辈子都难忘的味道！ 21.疯狂晃动生鸡蛋煮熟后你便得到一个金黄鸡蛋！ 22.草莓泡进酸奶里冷冻后就就变成美味的酸奶草莓！ 23.面包鸡蛋灌饼面包中间挖掉，打入蛋，加入黄瓜、芝士片、火腿等，烤熟后浇上番茄酱！ 24.自制酸奶冰棒盒装酸奶顶部开小口，插入冰棒棍儿放冰箱冷冻室冻硬！ 25.烤马铃薯蛋挞土豆洗净蒸熟，挖空后塞点蔬菜培根之类的，打入一个鸡蛋，放入烤箱烤熟！ 26.超好吃无敌自制卤蛋鸡蛋加水煮熟，剥壳后加入啤酒和白糖、酱油以及盐一起煮，煮干即可！ 27.香菇蛋将香菇洗净，每个蘑菇里面打进一个鹌鹑蛋，撒盐；放进蒸锅里蒸10分钟！ 28.如何优雅滴吃柿子以后再也不用担心会弄一手汁了！ 29.巧克力猕猴桃冰棒将猕猴桃切成片，然后裹上巧克力酱，入冰柜冷冻，尽情享受美味吧！ © 版权声明：本内容UFO之家网小编整理编辑，来源网络 公益分享，转载请注明出处近期课程火热报名中7月份北京上海韩式课程上海：北京、韩裱2016年7月23日——7月28日（6天）8月份北京上海韩式课程上海：北京、韩裱2016年7月30日——8月4日（6天）上海：北京、韩裱2016年8月6日——8月11日（6天）上海：北京、韩裱2016年8月13日——8月18日（6天）上海：北京、韩裱2016年8月20日——8月25日（6天）上海：北京、韩裱2016年8月27日——9月1日（6天）联系方式：13681986568报名加微信其他勿扰QQ：26824599687，8月份手工星空巧克力与手工玫瑰花慕斯课程上海：2016.7.29-2016.8.1（4天）上海：2016.8.10-2016.8.13（4天）北京：2016.7.22-2016.7.25 （4天）北京：2016.8.5-2016.8.8（4天）北京：！2016.8.26-2016.8.29（4天）7，8月份法式西点课程上海：2016.8.19-2016.8.25（7天）联系方式：13681986568报名加微信其他勿扰QQ：2682459968全球烘焙达人周刊《hbdr001》▼如果你还未关注我们，请按住下方二维码微博：@全球烘焙达人周刊 微信公众ID：hbdr001皇家烘焙西点培训《hjhbxy001》▼如果你还未关注我们，请按住下方二维码烘焙时尚周刊hbsszk520▼微信公众ID：hbsszk520微博：@烘焙时尚周刊 ▼戳“阅读原文、查看历史消息"
"这是一个新闻,新闻的关键词是婆婆，卖菜,摘要为楚天都市报讯市民张女士反映，前两天，她搭乘215路公交车时，看到司机不让一名卖菜的婆婆上车。她觉得司机此举是拒载。张女士介绍，22日上午10,标题为215路司机拒绝卖菜婆婆上车？,正文为楚天都市报讯市民张女士反映，前两天，她搭乘215路公交车时，看到司机不让一名卖菜的婆婆上车。她觉得司机此举是拒载。张女士介绍，22日上午10点多，她在青山群力村起点站坐上了215路公交车，一名60来岁的婆婆挑着两筐菜，准备从前门上车，司机却关上前门说：“你的东西太多，占的位置太大，不能上车。”随后，婆婆随其他乘客从后门挤上了车，但司机拒绝发车，僵持一会后，婆婆无奈下了车。张女士说，看到这一幕她心里有些不舒服，觉得司机无权拒载乘客；即使乘客携带了货物，司机也可以让其买货票。对此，215路公交车队工作人员向楚天都市报记者介绍，张女士是误会了。由于该线路从城郊接合地带发车，每天早上有不少菜农乘该趟车到市中心卖菜，车队每天安排两趟车专门搭载菜农，分别是早上5点32分和5点34分。因为大筐的蔬菜确实很占位置，导致其他乘客乘车不便，因此他们希望菜农只在那两趟上车，希望得到对方的理解。"
"这是一个新闻,新闻的关键词是骑电动车上路要小心 3城市5小时内连发惨剧4人身亡,摘要为10月12日，在5个小时时间内，南京、常州、扬州3座城市接连发生交通事故，共造成4人身亡。这3起悲剧，都是电动车和机动车之间发生碰撞，而且死,标题为骑电动车上路要小心 3城市5小时内连发惨剧4人身亡,正文为10月12日，在5个小时时间内，南京、常州、扬州3座城市接连发生交通事故，共造成4人身亡。这3起悲剧，都是电动车和机动车之间发生碰撞，而且死者均为电动车骑手或乘客。当下，电动车已经成为交通事故的“参与主力”。仅南京一地，半数有人员伤亡的交通事故中都有它们的身影。闯红灯、走快车道和逆行，是酿成电动车车祸的三大“杀手”。惨剧接二连三南京时间：10月12日凌晨2点多她停在快车道上，被面包车撞飞昨天凌晨2点多，南京浦口大桥北路弘阳广场南侧快车道上，一名骑电动车的女子被后方的面包车撞飞。被撞女子落在旁边的车道上，当时正好有一辆商务车经过，女子被卷入车轮拖行200多米。警方赶到现场，把女子从商务车右后轮抬出后，发现她已当场身亡。扬子晚报记者赶到现场时看到，当时正下着雨，地面湿滑且光线暗淡。一辆被撞得破烂的电动车躺在路面上，旁边一左一右留有受害人的两只鞋子。女子从车下被抬出时，上身的衣服已被拖烂。据介绍，从路边的临控来看，当时这名女子骑着电动车行驶到大桥北路北向南方向的快车道里时，在路中间停了下来，后方驶过的车辆纷纷避让。约1分钟后，电动车被一辆从后面开来的小型面包车撞飞。几乎同时，旁边车道上的商务车把女子卷入车轮下，拖行了200多米远。一位路过的市民称，当时商务车司机还不知道拖着个人，在前方一处红绿灯处被发现后拦下，周边的市民立即报警。很快，南京交警九大队民警和120救护车赶到现场，把女子从商务车右后轮下抬出，经120现场检查，女子已无生命迹象。目前，此案仍在调查处理中。常州时间：10月12日清晨5点40分母亲送女儿上学被撞，双双身亡昨天早上5点多，一位母亲骑电动车送上高三的孩子上学，在常州市横林镇瑞丰花苑门口被一辆汽车撞倒，母女俩受伤严重不幸身亡。昨天一早，有网友在常州当地网络爆料称，“在横林瑞丰花苑门口发生车祸！母亲送高三的孩子上学，被白色依维柯撞到。希望周围目击者能提供线索！”当天中午，常州警方通报了事故相关情况。记者从经开区交警大队了解到，10月12日5时43分，经开区交警大队横林中队接110指令：横林镇横林大道汽车与电动车相撞，两人受伤，已通知120急救中心。经警方初步调查，12日清晨5时40分，50岁的常州本地人孟某，驾驶一辆白色依维柯轻型封闭货车沿横林大道由东向西行驶，与同方向横林居民张某驾驶的电动车相撞，导致张某及电动车后座的17岁女儿俞某受伤。后经120急救医生抢救无效，受伤的母女两人于事故现场死亡。 事发后，同车随行的帮厨李某用手机报警。民警到场后，肇事者孟某配合警方调查。经现场酒精测试仪初检，孟某未饮酒驾驶。目前，肇事司机及同车随行人员均已抽血送检，将进行血液酒精及毒品含量测试，具体以血检报告为准。该案正在进一步调查处理之中。（扬子晚报全媒体记者 毕俊星）扬州时间：10月12日清晨7点20分大车转弯，直行电动车被卷入轮下昨天早上7点20分左右，扬州市润扬路与扬瓜路交叉口，一辆混凝土搅拌车与一辆电动车相撞，电动车被“卷”进车底。经赶到的120医护人员确认，骑车女子已经死亡。记者发稿时，警方正在调查事故具体原因。记者了解到，由于事发地相对偏僻且时值一清早，目击群众并不多。据当时在路边的市民王师傅介绍，他听到有人喊“不好”，便立即掉头去看，只见一名骑电动车的女子已经被压在车轮下。随后，120救护人员赶到，遗憾的是，经确认人已经死亡。据了解，当时电动车由南向北骑行，搅拌车由南向东右转弯。骑电动车女子不幸被搅拌车卷进车轮，当场身亡。死者大约40岁，目前具体车祸原因，警方还在调查中。（通讯员 徐久建 扬子晚报全媒体记者 陈咏）这些是生命换来的提醒南京半数有人员伤亡的交通事故中，都有电动自行车的身影，全市非机动车交通事故中，90%以上和电动自行车相关。南京交警对电动车交通违法行为的整治一直在持续中，并多次开展专项整治。对于行车安全，警方也给出了提醒。哪些人骑电动车易出事故？快递员、外卖小哥、房产中介“我们统计发现，快递员、外卖小哥以及中介业务员最易发生交通事故。”交管人士介绍说，网购带火了快递业务、电话网络订餐带火了外卖业务，走在路上经常会看到，快递员、送餐员骑着电动车，驮着大包小包货物穿梭于大街小巷。此外，市民购房的需求也让房产中介公司的业务员多了很多的看房客户。快递员、送餐小哥等人员因为工作需要，都是骑着电动自行车在道路上频繁奔波。快递员、送餐小哥的工资更是直接和送件、送餐的数量挂钩，部分快递人员、送餐员在派送货物或送餐时，从个人利益出发，盲目追求速度，而把交通安全置于脑后，导致交通行为时有发生。哪些行为最容易引发车祸？闯红灯、走快车道、逆行电动自行车属于非机动车，但街头的违法行为很常见。交警总结车祸发现，闯红灯、走快车道和逆行，是诱发电动车车祸的三大“杀手”。在交管部门的统计中，在电动车违法行为中，闯红灯最为常见，引发的车祸也最多。排名第二的电动车交通违法行为是走快车道，第三名是逆行。此外，骑车带人也是引发交通事故的重要因素之一，按照规定，自行车和电动车限载1名12周岁以下未成年人，搭载学龄前儿童的应使用固定座椅。交管人士举例说，在南京中山路与长江路路口时，一名骑电动车载着孩子的男子由西往东行驶至路口时，闯红灯横穿马路，结果被一辆由南向北的小轿车撞飞，后被送至医院救治，所幸父子俩均是轻伤。秦淮区一处路口，一辆电动自行车与一辆汽车相撞，骑车人经抢救无效身亡。据目击者称，事发时电动车不仅在快车道上行驶，而且是逆行。老老实实骑车就万事大吉？小心机动车视觉盲区和开门被撞交管人士提醒骑车人，除了遵守法规外，还有两点需要特别注意。远离大型车辆：水泥罐车、渣土车等大型工程车车身较长，尤其是车头转过去后，还有很长的车身没有转过来，极易形成大型车辆司机的“视觉盲区”。非机动车或者行人步入内轮的“视觉盲区”范围后，由于紧贴车身，可能会被拖入车轮下。防止开车门被撞：电动车经过停在路旁的车辆，一定要注意观察，特别是刚停下来的车辆时，注意保持与车辆的横向距离，防范车门突然开启。"
"这是一个新闻,新闻的关键词是VASP后处理软件视频5:VESTA的使用介绍,摘要为唐刚●北京理工大学博士●直答理工网个人专家VASP入门教程及后处理软件介绍系列视频5VESTA的使用介绍原视频发布于直答理工网www.gos,标题为VASP后处理软件视频5:VESTA的使用介绍,正文为 唐刚●北京理工大学博士●直答理工网个人专家VASP入门教程及后处理软件介绍系列视频5VESTA的使用介绍 原视频发布于直答理工网www.goscience.cn/user/uservideo?id=34 更多科研视频，请电脑登录www.goscience.cn/user唐刚在直答理工网上发表的文章（部分）●有效质量计算●VASP入门系列文章●vasp后处理各种脚本●姜-泰勒效应(Jahn-Teller effect)总结●VASP中输入文件一些参数设置经验●关于VASP收敛判据EDIFF和EDIFFG参数的一点体会●推荐灯塔守望者最新开发的vasp结果处理小程序vaspkit.0.50●轨道分辨能带图or A Code to Sort the Band Dispersions from VASP更多原创文章，请电脑登录www.goscience.cn/mycenter/bookAll?type=2id=252直答理工网www.goscience.cn最精准的科研问答平台"
"这是一个新闻,新闻的关键词是后续天气状况无法预测 今冬提前供暖可能性小,摘要为千龙-法晚联合报道（记者赵颖彦耿学清）冷空气一波未平又起一波。今天（29日），京城的最低气温仅有2℃，但下周一更是在新一轮冷空气的影响下将冷,标题为后续天气状况无法预测 今冬提前供暖可能性小,正文为千龙-法晚联合报道（记者赵颖彦耿学清）冷空气一波未平又起一波。今天（29日），京城的最低气温仅有2℃，但下周一更是在新一轮冷空气的影响下将冷出新高度。据法晚记者了解，下周一的最低气温仅有-3℃，是今年下半年以来气温首次跌破冰点，较常年提早6天。天气越来越冷，让人也越来越渴望热腾腾的室内。昨天，经过首轮供暖“圆桌会议”，从目前天气看，提前供暖可能性非常小。下周五，还将进行第二轮气象会商“看天供暖”。今天清晨5时，南郊观象台的气温仅有1℃，眼瞅着就“出溜”到冰点。不过，日出之后，气温直线回升，至上午10时，气温已经回升至8℃。据预计，今天的最高气温将在11℃左右。截至上午发稿时，京城解除霜冻蓝色预警。明天起，又一股冷空气从内蒙古启程，周一将会波及京城。在其影响之下，下周一京城冷感加剧，最低气温仅有-3℃，成为下半年来首次跌破冰点的一天。统计数据显示，北京气温首次跌破0℃的常年平均日期是11月6日，今年较常年提前6天。除了最低气温跌到冰点之下，下周一的最高气温也不高，仅有7℃。随着气温的下降，什么时候供暖成为人们关心的话题。按照往年程序，一般是10月下旬到11月上旬期间，由市城管委、市发改委、市财政局、市气象局会同供热单位、企业等进行三次“圆桌会议”，根据天气预报研判是否需要提前供热。按照相关规定，连续5天平均气温低于5℃是开始供暖的“标准线”。昨天下午，首次供热“圆桌会议”启动。从目前的气象资料来看，暂不能得出是否会出现“连续5天日平均气温低于5℃”的法定提前供暖情形。由于后续的天气状况目前尚无法预测，因此，从首轮气象会商的结果来看，今冬提前供暖的可能性非常小。据了解，第二次气象会商暂定11月4日举行。"
"这是一个新闻,新闻的关键词是安仔默认与郑秀文完婚,摘要为前日，许志安（安仔）、洪卓立等出席慈善活动。正为演唱会和代言品牌修身的安仔笑言自己刚好不用吃东西，更希望之后的时间都少吃东西维持身材。提到早,标题为安仔默认与郑秀文完婚,正文为前日，许志安（安仔）、洪卓立等出席慈善活动。正为演唱会和代言品牌修身的安仔笑言自己刚好不用吃东西，更希望之后的时间都少吃东西维持身材。提到早前香港造型师兼艺人许愿在微博指郑秀文亲证能叫她许太，对此，安仔表示：“那天我们刚好吃饭碰到他，其实都是一句了，不要叫我人夫阿，叫我安仔可以。”今年4月2日香港造型师兼艺人许愿在微博放上和两人合照，也替他们首次证实完婚。他感性写道：“这么多年我看到你们的努力打拼，分分合合，各自各发亮。今天当郑秀文告诉我说‘你可以叫我许太了’，我真心为你们高兴，愿你们执子之手，与子偕老。”"
"这是一个新闻,新闻的关键词是谁家里有这种一角钱？可以买一台车啦!！,摘要为发到圈子让朋友们都看看！一起致富吧！小编有话说以下是小编为大家挑选的2016年最火的微信，不同类型，不同内容，希望给你的生活添加别样的风采！,标题为谁家里有这种一角钱？可以买一台车啦!！,正文为发到圈子让朋友们都看看！一起致富吧！ 小编有话说以下是小编为大家挑选的2016年最火的微信，不同类型，不同内容，希望给你的生活添加别样的风采！★长按二维码，选择“识别图中二维码”进行关注★ 教你轻松扎头发 微信号：rrmei8 ..长按二维码识别关注.. 简介:每天教你扎1000种头发，女人的发型真的很重要，三分长相，七分发型，发型对了，怎么搭都美！免费订阅哦~ ▽▽▽▽ 教你搞定男人 微信号：rrnan6 ..长按二维码识别关注.. 简介: 教你轻轻松松搞定男神，让他死心塌地爱着你！教你轻松制服他！ 免费订阅哦~ ▽▽▽▽ 女人学读心术 微信号：nvrenlsit ..长按二维码识别关注.. 简介: 健康、塑身、时尚、情感，为女性提供更多有效信息!教你做一个内外兼修的美丽女人 ！ 免费订阅哦~ ▽▽▽▽ 教女人抗衰老 微信号：rrmei5 ..长按二维码识别关注.. 简介:??世界上没有丑女人，只有懒女人！免费提供美白养颜瘦身知识，化妆护肤技巧，让每个女人都蜕变为靓丽的美女！免费订阅哦~ ▽▽▽▽ 教你每天瘦一点 微信号：rshou8 ..长按二维码识别关注.. 简介:你知道吗肥胖不是病，胖起来真要命！每天教你减肥瘦身秘籍，让自己每天都瘦一点，美一点！免费订阅哦~ ▽▽▽▽ 女人该懂那些事 微信号：chuanyidaban66 ..长按二维码识别关注.. 简介:??女人要狠，地位才稳 !问世间情为何物，不过是一物降一物!人在情场，怎能没有一招半式防身呢？免费订阅哦~ ▽▽▽▽ 教你健康养生 微信号：rshen6 ..长按二维码识别关注.. 简介:教你最专业的中医养生，养生是一种生活态度，使你增强体质！ 免费订阅哦~ ▽▽▽▽ 祛痘美白日记 微信号：rrmei6 ..长按二维码识别关注.. 简介:每天教你享美白、护肤、养颜、美容小知识，让菇凉们成为美丽女人!免费订阅哦~ ▽▽▽▽如何关注① 长按复制“微信号或红色ID”，在“添加朋友”中粘贴搜索号码关注。 ② 长按二维码，选择“识别图中二维码”进行关注。目前100000+人已关注加入我们"
"这是一个新闻,新闻的关键词是哪个生肖年轻波折较多，但晚年幸福安康，尽享清福,摘要为莫肖狗男八字为：壬戌甲辰戊辰甲寅此肖狗男称骨重量为4两4钱，是好学近贵、巧智财禄富厚之人。性格方面是忠厚老实，心地良善。做事深谋远虑，心中多,标题为哪个生肖年轻波折较多，但晚年幸福安康，尽享清福,正文为莫肖狗男八字为：壬戌甲辰戊辰甲寅此肖狗男称骨重量为4两4钱，是好学近贵、巧智财禄富厚之人。 性格方面是忠厚老实，心地良善。做事深谋远虑，心中多劳，贵人敬重，与人做事反为不美，六亲冰炭，初限不足，中限渐渐佳境，名利可佳，刚柔有济。 此人称骨之后，判定此人易盲目从众，看见谁的项目赚钱，就也跟随做此行业，殊不知这样最容易错失时机，干百件事不如专一事，盲目从众只会与成功擦肩而过。但是晚景还是幸福之人，能享清福。想知道你命里五行缺什么吗？关注微信：jnfs666，用中国传统周易文化解读您的前生后世及运程"
"这是一个新闻,新闻的关键词是二维码，长按,摘要为1.不满现状的人2.穷怕的人3.爱动的人4.效率高的人5.有自信心的人6.充满好奇心的人7.有人生目标的人8.果断勇敢的人9.善于总结的人1,标题为混社会跟这15种人，不成老板都难！,正文为1.不满现状的人2.穷怕的人3.爱动的人4.效率高的人5.有自信心的人6.充满好奇心的人7.有人生目标的人8.果断勇敢的人9.善于总结的人10.珍惜时间的人11.心态好的人12.吃苦耐劳的人13.不断进取的人14.善于抓住机遇的人 15.坚持不懈的人关注以下顶尖公众号，积累经验，轻松工作！如何关注长按二维码识别关注起来吧！《管理艺术》免费讲座ID：glys365长按二维码关注简介：管理是一门艺术，更是一门科学！学习中外管理大师思想精华！学习中外名企名家的管理艺术。每天播出一集《管理艺术讲座》，分享最实用的管理案例与技巧。豪车世界ID：hcsjwx长按二维码关注简介：汇聚全球豪车美女，触碰顶级人生。世界名车、新款发布、老款怀念、经典传奇、豪车生活、豪车排行、尽在豪车世界！豪车是一种生活方式，与贫富无关。头条早知道ID：zao-888888长按二维码关注简介：新闻读头条，资讯早知道!每天爆料热门新闻，分享财经内参，解密事件幕后，第一时间为您放送精彩内容！不贱笑不卖萌，有温度，有态度，知道越早越好，赶紧关注以深度取胜的头条早知道！车闻ID：chewencom长按二维码关注简介：车闻天下事，一个号了解汽车的一切事儿，有趣生动、实用实在还有重磅车闻、用车保养、驾车技巧、精彩小视频，条条内容都精彩，点击关注，马上用起来！互联网金融网ID：hlwjrcn长按二维码关注简介：互联网金融网是关注最多影响最大的互联网金融相关公众微信。分享互联网金融最新最及时的重要资讯信息和发展趋势。互联网理财、金融电商、P2P网贷、众筹、支付、数字货币等互联网金融信息一网打尽。企业家商道ID：shangdao2012长按二维码关注简介：多年持续关注企业家阶层的生意与生活。打造最快捷高效的商业资讯交互平台，实现您的商业梦想与精神追求。投稿合作请添加QQ：343767892；创业者、管理者、投资者、有梦想者必看！《商界心理学》免费讲座ID：sjxlx365长按二维码关注简介：学习《情商心理学》，《销售心理学》、《管理心理学》、《健康心理养生》等精华知识，帮助你事业成功！每天播出1期免费《管理讲座》等！股票涨停宝ID：gpztba长按二维码关注简介：专业狙击涨停板股票，我们的目标是提前布局涨停板股票！每天早上6:30点前发送当天将有可能涨停的股票信息，以及更多内部消息！ipo头条ID：IPO2013长按二维码关注简介：这是一次规模空前的财富的大转移，一线大城市和部分二线城市的有房居民自动成为财富转移的受益者，而全国其他地方居民的财富却在浑然不觉中悄然缩水。结果穷人越来越穷，富人越来越富！未来赚钱机会究竟在哪？快快关注下方微信号，了解各位专家、学者的建议可看法！财富商机ID：CF1797长按二维码关注简介：关于赚钱，从来都不是辛苦的事情。你赚钱很辛苦，说明你正在挣小钱，挣大钱靠的是趋势。赚钱很容易，只是你暂时还不知道方法。【财富商机】为你揭晓财富玄机！ 有志创业、成功创业的青年、未来老板都在这里！创业者俱乐部ID：cy1681长按二维码关注简介：由创业8年，有着多行业实战经验的创业人主编。在大学的时候他创造年入十万的校园传奇，毕业后实现了一年买豪车，两年买别墅的生活理想。现为多家公司股东，涉入自媒体行业，创立创业者俱乐部，分享创业故事、创业项目、创业点子、创业趋势及企业经营智慧等。创业汇ID：bolixin0长按二维码关注简介：从无到有，从小到大，从大到新，个人与公司，凡推陈出新皆为创业；获取财富，圆梦人生，回馈社会。财经资讯、创业案例、深度观察、待选项目、管理方法、营销手段、创业技能、科技发展、社会热点、感悟生活等等。经商ID：jsh867长按二维码关注简介：君子爱财，取之有道！人最怕的不是笨，也不是文化低，而且比你优秀的人在拼命努力的时候，你却在安逸的享受懒惰带来的罪恶感。如果你对现状不满，对生活不满意，对自己的收入不满意，关注@经商，我给您指一条明路。老板精英会ID：laobanjingyinghui 长按二维码关注简介：老板精英会由一群老板、社会精英、行业高端人才组成。与他们为伴，能够让你永远处于社会顶端。"
