content
"这是一个新闻,新闻的关键词是王牌特工，特工学院高空跳伞爆头特辑，王牌特工，特工学院高空跳伞爆头特辑高清，王牌特工，特工学院高空跳伞爆头特辑完整版，王牌特工，特工学院高空跳伞爆头特辑电影，惊悚片,摘要为17年前，英国秘密特工组织金士曼的一位特工在任务中为保护同伴而牺牲，他的牺牲保护了所有同伴，金士曼成员之一的哈利（柯林·菲尔斯ColinFi,标题为《王牌特工：特工学院》高空跳伞爆头特辑,正文为17年前，英国秘密特工组织金士曼的一位特工在任务中为保护同伴而牺牲，他的牺牲保护了所有同伴，金士曼成员之一的哈利（柯林·菲尔斯ColinFirth饰）找到其家属并且赠予了其子一枚属于金士曼特有的项链徽章。 17年后，这个小男孩埃格西（塔伦·埃格顿 Taron Egerton 饰）长大成人，但因家庭境遇无选择地成为小混混。因为一次事件，哈利重遇埃格西，并意识到他有着过人却深藏不露胆量与智慧。埃格西的忠诚与聪慧打动了哈利，哈利决定改造埃格西成为下一任金士曼。此时，一位叫瓦伦丁（塞缪尔·杰克逊 Samuel L. Jackson 饰）的百万富翁正计划着自己的正义诡计去维护、规划世界。"
"这是一个新闻,新闻的关键词是居委会，牌匾,摘要为湖北日报讯堂吉伟德据新华社报道，近日网曝湖北襄阳一居委会社区挂163块牌匾，制作费用3万多元，引发网民热议。记者调查了解到，当地正在试点基层,标题为社区清牌重在去行政化,正文为湖北日报讯堂吉伟德据新华社报道，近日网曝湖北襄阳一居委会社区挂163块牌匾，制作费用3万多元，引发网民热议。记者调查了解到，当地正在试点基层组织清理规范制度、匾牌工作。经精简，163块牌匾保留31块。如今，“社区多吊牌”已成为普遍现象，小社区几乎变成了“大牌坊”。有社区干部直言不讳地说，“牌子太多了没办法全部挂起来，只好谁来检查就挂谁的。”一块牌子的后面，对应的就是一项工作。牌子多，原因还在于变了味的“工作下沉”，让社区这一自治组织，成了一个什么事情都要解决的行政综合体。其结果自然是疲于奔命—考核检查多、表彰评比多、重复统计多、台账资料多，社区工作人员80%精力都用在了应对各类检查上，很少有时间联系服务居民。很显然，社区居委会行政化倾向严重，过多地承担上级布置的任务，就会导致只对上负责而不对下负责，行政权与自治权发生冲突。唯有彻底给社区居委会等自治组织松绑减负，才能让其从繁重的行政事务中解放出来，集中时间和精力更好地为民众服务。这就要求上下之间职能要规范，什么职能可以进社区，什么不能进入，都要有明确的标准，就像政府晒权力清单一样，严把入口关。更重要的是，政府行政部门必须实行简政放权，把应当由市场解决的交由市场，可以服务外包的进行外包，让社区居委会真正回归自治和公益。“密密麻麻的牌子”不过是表象，而“翻来覆去的评比”、“铺天盖地的报表”才是其难以承受之重。如果只注重“摘牌”而无去行政化之实，社区居委会的减负行动就无以根治。一直以来，“社区清牌”活动在全国开展了一轮又一轮，显性的吊牌被拆了，但隐性的行政化职能没有被剔出，或者堵了前门却忘了关后门，从而陷入摘牌—膨胀—再摘牌的循环。只有让自治组织真正发挥自我管理、自我监督和自我约束的功能，“社区清牌”才达到了其预期的目标。“社区清牌”其实是行政改革的一个切口。“社区多牌匾”的治理之难，折射出行政体制的自我改革之难。居委会要清牌匾更要去行政化，这是一种现实选择，也是改革取得成功的必然要求。"
"这是一个新闻,新闻的关键词是线束，宝马,摘要为日前，宝马（中国）汽车贸易有限公司向质检总局备案了召回计划，自2015年4月13日起，将召回部分进口X3，在中国大陆地区共涉及53，317辆,标题为供油系统电控线束干涉存隐患 宝马召回X3,正文为 日前，宝马（中国）汽车贸易有限公司向质检总局备案了召回计划，自2015年4月13日起，将召回部分进口X3，在中国大陆地区共涉及53，317辆。 涉及车型：自2015年4月13日起，召回生产日期在2011年10月1日至2013年12月1日期间的部分进口X3 xDrive 20i， X3 xDrive 28i， X3 xDrive35i车型。据统计，在中国大陆地区共涉及53，317辆问题车辆。召回原因：本次召回范围内的车辆，电动燃油泵的供电线束与燃油输送单元上的压力调节阀可能有干涉，在车辆使用过程中，会导致线束损坏，特定情况下，可能产生内部短路。缺陷发生时，将导致发动机功率下降，抖动，不排除车辆熄火的可能，存在安全隐患。解决方式：宝马（中国）汽车贸易有限公司将为召回范围内车辆进行检查，为存在问题的车辆免费维修或更换燃油输送单元，以消除安全隐患。宝马（中国）汽车贸易有限公司将通过授权经销商主动联系相关车主，安排维修事宜。用户可以拨打宝马客户服务热线400-800-6666进行咨询。"
"这是一个新闻,新闻的关键词是广交会家电企业秀身段 智能家电最吸睛,摘要为[中国家电网]10月15日，第120届广交会在广州琶洲国际会议展览中心开幕，海尔、格力、美的、TCL、志高等国内知名家电企业集体亮相。作为中,标题为广交会家电企业秀身段 智能家电最吸睛,正文为[中国家电网]10月15日，第120届广交会在广州琶洲国际会议展览中心开幕，海尔、格力、美的、TCL、志高等国内知名家电企业集体亮相。作为中国外贸“晴雨表”和“风向标”，广交会展现了我国家电出口风向与趋势的变化。与往届相比，本次广交会家电企业依然主推高端化、智能化家电精品产品，但其产品的智能化水平更胜以往，正在成为国内家电企业撬动海外市场的新利刃。智能家电火爆广交会在本届广交会上，家电龙头企业海尔展示了全新打造的智慧厨房、智慧浴室生活场景，互通的场景体验引发了众多国际采购商的驻足，主推产品包括可以推荐食谱且可以和灶具、吸油烟机、烤箱、洗碗机等互联互通的馨厨冰箱，能够智能控制浴室的浴霸、排风扇、灯光等多个设备的海尔魔镜，以及“会洗澡”的自清洁空调、能给予真丝、羊毛等高贵面料手洗般呵护的紫水晶洗衣机等。美国采购商Tony看后表示，“海尔的智能产品不仅先进而且品类全，为消费者带来了更好体验和选择机会。” 海尔洗衣机“空调一哥”格力在其智能家居主题展区展示了可以语音控制、人机交互的空调新品“领御”系列、“金贝”系列，以及可以实现私人订制的画时代空调。在美的展台，比佛利二代滚筒洗衣机周围聚拢了大量的参展观众，这台具有触摸显示屏、多模智能投放系统，支持指纹识别、语音控制等功能的产品是美的洗衣机的最新力作。在志高展区，其最新发布的第3代“智能王”空调吸引了大量的海外采购商。据悉，“智能王”3代空调除了传承前两代产品智能云定制、智能云诊断等功能，还增加了“智能清洗”、“智能生态”、“智能感应”及“智能云端”等智能化功能。志高董事局主席李兴浩来到广交会现场，为自家产品站台。“志高近年在产品质量上下苦功夫，50%的变频空调产品都实现智能化，三年内100%的产品都将实现智能化。”李兴浩说。 TCL冰箱洗衣机前人头攒动近两年快速崛起的白电新秀TCL冰箱洗衣机携最新发布的免污式滚筒洗衣机与风健康十字四门风冷双变频冰箱亮相，这些创新产品让TCL白电展区人气爆棚。在小家电展区，西摩电器展示了其智能健康电水壶等小家电产品，九阳、苏泊尔等企业则展示了智能电饭煲、多功能豆浆机等高端小家电。高端智能家电撬动海外市场广交会被成为我国外贸的“风向标”，透过本届广交会不难发现，国内家电企业正在把高端、智能的家电产品作为吸引海外买家、提升在海外市场竞争力的拳头产品。据《上海证券报》的报道，海尔海外电器产业有限公司副总裁张庆福在接受媒体采访时说，高端的智能化产品最受消费者青睐，这让海尔在全国外贸形势低迷的背景下，出口量得以逆势上扬。“高端、差异化、智能产品是海尔出口增长的主要拉动力量。例如，受智能空调出口高增长的带动，海尔空调今年的出口表现尤其突出，增速达到行业出口增速的三倍。”据了解，得益于海尔的智慧战略落地和高端化转型，2016年上半年海尔出口增势频现新亮点，其中，海尔智能空调出口意大利、法国、巴基斯坦、印度等海外24国，逐渐成为国际用户的主流选择，2016上半年海尔空调海外出口增幅近行业3倍，海尔智能空调在意大利市场已经进入TOP3;海尔子母机免清洗将出口印度、泰国、印尼、马来西亚、巴基斯坦等5个东南亚和南亚国家，其中印度会最快在明年4月率先上市;而明年初，海尔整套智慧家电还将出口欧洲，海尔智慧家电的海外市场版图不断扩大。格兰仕海外市场总监刘清宇在接受《广州日报》采访时表示，由于互联网+智能产品带来中高端产品升级，助长了企业前三季度出口总额整体有10%左右的增长。"
"这是一个新闻,新闻的关键词是前男友说虎门十五块吃不饱，换个男朋友继续吃,摘要为你们总是觉得我们推荐吃的很贵，贵怎么成了产品的缺点？难道不是你的缺点吗！？今天又是SoWhat美食探索官阿西带着她的贪吃分队二巡虎门，上次你,标题为前男友说虎门十五块吃不饱，换个男朋友继续吃,正文为 你们总是觉得我们推荐吃的很贵，贵怎么成了产品的缺点？难道不是你的缺点吗！？今天又是SoWhat美食探索官阿西带着她的贪吃分队二巡虎门，上次你们呼声最高的我们都有去噢（文末有小型一期一会，我们要正式招募分队成员啦！）第一站 | 庆嘉肠粉店 这家店是我们的意见领袖和CEO坚力推的早餐店，都是从小吃到胖至今还会去。肠粉作为广东的一种特色又普遍的早餐，各有各处的特色，一贯吃的都是鸡蛋加肉，而这里的肠粉只有一个名字——三合一。(三合一)三合一是指猪肝、瘦肉、蛋。薄滑晶莹的肠粉包裹着蛋、肉、猪肝，这家的猪肝不会腥，而且猪肉嫩滑。最重要的是量多划算！！这是一份多肉早餐。听说猪肝是护眼的，可是阿西却对猪肝不感冒，难怪她会又近视又夜盲。人均：6元/人地址：虎门镇解放路69号第二站 | 荣华甜品小时候上学最喜欢吃的早餐就是豆腐花，白花花滑溜溜的，而且还喜欢加很多白糖水混着吃。这家藏身于市场内民楼下的小档口，依旧卖着传统的早餐和小吃，无论是咸粥类还是卤水类，都是一贯的传统风味。(豆腐花)(卤水豆腐串)豆腐花最精髓的地方大概就是手工制作，黄豆研磨到加热，每一步都是一手一脚做出来，也把黄豆最原始的味道保留住。猪红粥也是这里的hot sale，不会腥，且粥绵米香。（听说附近还有一档豆腐花挺好吃，但是当天没开档。你们如果找到的话，记得试一下！）(猪红粥)人均：5元/人地址：虎门寨市场内第三站 | 东莹熟食店这家是上期呼声最高的小吃店，而且我们发现这里的小吃包罗万有，上到糖水，下到麻辣烫这里应有尽有。牛腩萝卜是头牌，牛腩焖得恰到好处，进口酥烂醇香，经过卤汁浸泡的萝卜越发清甜。 (牛腩萝卜)(自选菜式)因为地处步行街内，都会有很多人逛完街都会来这里小憩下午茶。在这里无论春夏秋冬，糖水都是热的，因为老板追求的是新鲜，所有糖水都是当天新鲜熬煮售卖，食材用料十足，从不会马虎。（牛筋）（麻辣烫）各式小吃经过卤水的洗礼，又是一个新的味觉体验。煎炸也不可少，老板当天还十分慷慨送了我们一份韭菜饺（比心），超好吃。脆而不焦，吃完再思考热不热气这个问题吧。（韭菜饺）人均：20元/人地址：虎门镇仁德街73号第四站 | 肥姨食店开了20多年的肥姨小吃店，应该是在虎门人尽皆知的小吃店，也是很多人学生时期的黄金伴侣。如今主要都是熟客带着新客来光顾。肉丸和特色鸡柳应该是得意之作，不过也是萝卜青菜各有所爱，阿西最爱吃的鸡柳，一人点了3串，让原本经费不足的分队陷入的财政危机，难道这就是传说的“食穷郎”？ （肉丸）（炸物什锦）各种煎炸都是有着童年的味道，小时候吃煎炸都要苦苦哀求并差点满地滚才乞求到妈妈买一串煎炸，如今长大了，虽然还是那么穷，可是对着吃的总是会有一副腰缠万金的气势。据食客阿贞反应，这里的鸭喉也是相当不错，每次来都会点！人均：20元/人地址：东莞市虎门镇太平派出所斜对面第五站 | 新辉港式茶餐厅这家茶餐厅在CEO朋友圈里出现次数不少于10次，他也说这家茶餐厅在虎门是一个神奇的存在。（至于原因是什么我也不想听），相闻阿西有个朋友一个星期有6天半在新辉茶餐厅，一天有3餐，其中有4餐也是在新辉，突然有点相信CEO的神奇存在说。(柠檬茶)（西多士配薯条）新辉茶餐厅在虎门应该也是无人不知，招牌的柠檬茶、奶茶都是港味十足。澳门猪仔包的猪排够嫩多汁，面包香酥可口，搭配酱汁，应该甩某堡王几条街，据线人微微报料，牛排包也很好吃(餐牌上是没有的)。能成为虎门人民首选饭堂，应该味道不会差到哪里去。（澳门猪仔包）（肠仔榨菜肉丝公仔面）人均：25元/人地址：虎门镇北栅龙源酒店楼下贪吃分队成员征集每次都推荐这么多美食，这一次我们真的带你去！美食探索官西西亲自领队并征集贪吃分队成员啦！第一站：虎门冰火两重天本次征集名额：8名时间：10月31号晚上7点地点：虎门（具体地点先不告诉你）费用：反正不会很贵征集要求1真·吃货(吃到肠胃炎也要吃)2拥有自己才知道的几个美食秘密花园3能侃能玩，饭桌如战场，以交友为目的入队荣誉1成为SoWhat贪吃分队成员，跟着美食探索官阿西探索东莞美食2日后有优先权参与分队觅食行动报名方式1关注SoWhat公众号，后台回复“美食探索官”2发送个人信息至后台（例：美食探索官，面面酱[即你的姓名]，139XXXXXXXX）3爆照爆照爆照（重要的事情说三次，爆照成功率更高哦）4报名截止时间为2016年10月28日18:00吃东西吧 平淡朴素的就已经很好了那种豪华奢侈的山珍海味肯定更好啊点击阅读原文即可查看《地道》系列回顾▼虎门十五块吃饱男朋友攻略摄影| +0后期| football视频| Chilam文案| 查理?关注SoWhat搜获，一起看山珍海味吃平淡朴素。 一个人吃饭的时候，你会吃什么？ 进入精选评论，截止至29日24:00点赞数前10名即可获得SoWhat虎门手机壳一个 领取地点：SoWhat工作室地址：广东省东莞市南城万科769文创园4栋501上门领取时间：10月28号-11月11号（除周六）"
"这是一个新闻,新闻的关键词是在麻涌的“活化”古祠堂里，掀起了读书风潮？,摘要为点击上方▲「美丽麻涌」可快速关注河水环绕、杨柳依依，坐落在麻涌的一座座古祠堂，正逐渐被“活化”为一处处基层群众文化活动场所。作为祭祀祖先和先,标题为在麻涌的“活化”古祠堂里，掀起了读书风潮？,正文为点击上方▲「美丽麻涌」可快速关注河水环绕、杨柳依依，坐落在麻涌的一座座古祠堂，正逐渐被“活化”为一处处基层群众文化活动场所。作为祭祀祖先和先贤的场所，祠堂在历史上承担着维系家族情感、传播地区文化的重要作用。而在新时期，麻涌正赋予祠堂新的功能与意义。 细心的街坊可以发现，迈入新基莫氏祠堂，在祠堂大门左侧的一个图书架格外引人注目，这就是近期正式落户莫氏祠堂的图书流动服务站。听管理人员说，自从图书流动服务站进驻莫氏祠堂后，常来这里散步的村民逐渐爱上了阅读，新基祠堂刮起了一股“阅读风潮”。 在莫氏祠堂如此美的环境下读书，究竟是种怎样的享受？ 粉丝是这样回答的 图书流动服务站的进驻，让祠堂这座充满古韵的建筑“活化”了。除了满足村民群众的阅读需求外，麻涌图书馆早在2010年开始在部分企业中建立图书流动服务站，方便企业员工，特别对鸥涌、大盛等距离镇图书馆较远的企业。 而且每个流动点不仅有500本图书的基本配置，还能定期向镇图书馆预约、更新图书，极大地方便了读者的借阅需求。在秋天里驻点古祠堂里看书享受历史古迹的熏陶难道只有我一个觉得棒棒哒？扫描二维码美丽麻涌（dgmlmc）麻涌最权威资讯平台报料请联系：0769-88230932金麻妹微信：mc0769news ↓↓↓点击阅读原文查看更多历史消息"
"这是一个新闻,新闻的关键词是全液晶仪表，适用于宝马五系，七系，五系GT，X3，,摘要为全液晶仪表到货，适用于宝马五系，七系，五系GT，X3，X5，数量有限，预购从速,标题为全液晶仪表，适用于宝马五系，七系，五系GT，X3，,正文为全液晶仪表到货，适用于宝马五系，七系，五系GT，X3，X5，数量有限，预购从速"
"这是一个新闻,新闻的关键词是千万别忽视！21个悄无声息的“癌症信号”,摘要为①没有节食或加大运动量，体重骤减。②腹胀每天发生，持续几个星期不缓解。③突然皮下出血或大面积角质化。④感觉极度疲劳，休息后不见好转。⑤大小便,标题为千万别忽视！21个悄无声息的“癌症信号”,正文为①没有节食或加大运动量，体重骤减。②腹胀每天发生，持续几个星期不缓解。③突然皮下出血或大面积角质化。④感觉极度疲劳，休息后不见好转。⑤大小便、痰中带血。⑥持续消化不良…如果出现这些症状，快去医院检查，让你远离癌症！"
"这是一个新闻,新闻的关键词是星月菩提子盘成后图片欣赏,摘要为星月菩提子手串是很多文玩爱好者极度热爱的一种佛珠手串，在文玩界称为盘玩，通常需要1-3年时间，才能盘完成功一串菩提手串，而盘玩成功之后，星月,标题为星月菩提子盘成后图片欣赏,正文为星月菩提子手串是很多文玩爱好者极度热爱的一种佛珠手串，在文玩界称为盘玩，通常需要1-3年时间，才能盘完成功一串菩提手串，而盘玩成功之后，星月菩提的颜色会发生重大变化，以下分享的一些星月菩提子盘成后图片，大家可以看一下自己盘玩的是否到位哦。 由此可见星月菩提盘成后会由之前的白沙类颜色变成血红类，而笔者并非盘玩玩家，所以如果让我选，我更喜欢她最初的模样。"
"这是一个新闻,新闻的关键词是林韦君，马拉松，田家达，搜狐新闻，10公里,摘要为搜狐新闻马拉松林韦君田家达10公里采访,标题为搜狐新闻马拉松 林韦君田家达10公里采访,正文为搜狐新闻马拉松林韦君田家达10公里采访"
"这是一个新闻,新闻的关键词是荒唐！表妹一直在家啃老，居然能心安理得,摘要为真的快被我表妹烦死了，她啃完我舅舅开始啃我们家。表妹27岁的人了，从来没找过工作，一直在家啃老，更重要的是带着老公和孩子一起在家啃老，舅舅早,标题为荒唐！表妹一直在家啃老，居然能心安理得,正文为真的快被我表妹烦死了，她啃完我舅舅开始啃我们家。 表妹27岁的人了，从来没找过工作，一直在家啃老，更重要的是带着老公和孩子一起在家啃老，舅舅早年离婚，一个人辛苦把表妹养大，吃的用的从来没亏待过表妹，在我们还用杂牌山寨手机的时候，表妹就有苹果手机了，舅舅简直把这个女儿宠上天了。舅舅家里条件不错，周围的朋友就介绍门当户对的小伙给她认识，可她找了个只会吃软饭的男人，表妹老公家里挺穷的，但这也没什么，要紧的是没有一点上进心，天天和表妹两个人待着，也不出去找工作，孩子交给舅舅照顾，舅舅有时忙不开，就把孩子送到我店里来，我帮表妹她们带孩子。 表妹的老公很过分，他们家娶表妹不但什么彩礼没给，连新房也没准备，一直在舅舅家住着，但现在竟然让舅舅给他们买新房，舅舅耳根子软，经不住表妹的哀求，于是就答应了帮她们付首付，剩下的他们自己找工作还房贷，后来我妈知道了这件事，把舅舅一顿数落，但最后，也还是给表妹买了新房。舅舅本来以为有房贷要还，就可以让他们安心找份工作了，可谁能想到，两人找工作也是嫌弃这个嫌弃那个的，十多天没找到一份工作，表妹老公找了份卖保险的工作，表妹来我的母婴店里当销售。 工作第一天，我就对表妹说，我是这家爱亲母婴店的店长，你现在是我的员工，不能像在家里的时候，什么事情都让我帮你。表妹一开始还对这份工作挺新奇的，挺有干劲的，第二天就回到本来面目了，店里来了顾客，我让她给顾客倒杯水都懒得动弹，真是扶不起的阿斗！这还不算完，表妹还偷吃店里的幼儿食品，什么果条、磨牙棒啊，只要我不注意就顺手拿来吃，我实在忍无可忍就对她说，你当这是哪？家里吗，这么随便，你吃的这些我都会从这个月工资里扣，表妹觉得委屈，竟然向舅舅告状说我，自己开店了不起了，看不起她了......总之，上了一个星期的班，就又回家里待着了。 表妹老公那份工作也干的不怎么样，一直签不到客户，经理都要把他开除了，无奈舅舅买了一份保险，保住了他的颜面，再说回来，他俩的房贷也没交过多少钱，就算工作了，钱也不够自己花的，很多时候都是舅舅帮他们还房贷。我妈那个爱管闲事的性格，经常跑去跟舅舅说，别再给表妹花钱了，自己留着点养老钱。后来这些话也不知道怎么就进表妹耳朵里去了，她抱着孩子就去我家作妖，把我妈心脏病都气犯了。都说穷养儿，富养女，可大家看看，我表妹现在这么大人了，什么都不会干，只会向家里要钱花，真是愁死人了~"
"这是一个新闻,新闻的关键词是2016年10月23日，三分钟全球能源资讯,摘要为紧跟全球能源热点，掌握全球能源最新动向，欢迎收看今日全球能源资讯，每天三分钟，知晓天下石油事。欢迎关注海贝能源公众号，并点击右上角的分享朋友,标题为2016年10月23日，三分钟全球能源资讯,正文为紧跟全球能源热点，掌握全球能源最新动向，欢迎收看今日全球能源资讯，每天三分钟，知晓天下石油事。欢迎关注海贝能源公众号，并点击右上角的分享朋友圈把每天的石油资讯分享给自己的石油朋友，小编（hboilgas）带给你及时的能源资讯。您的朋友圈分享是对小编努力的最好回报，海贝在这里祝所有石油人永远健康快乐！结交天下石油人，天下石油是一家！【美国水力压裂“霸权”地位遭威胁】官方数据表明，2016年上半年美国进口的原油量增加了7个百分点，这是六年来原油进口的首次上涨，上涨的原油进口主要来自尼日利亚，伊拉克以及其他石油输出国组织的成员国。该迹象表明，美国水力压裂法的霸权地位似乎面临着威胁，而水力压裂法一直被视为美国页岩油气繁荣背后沉默的助推手。（PressTV）【贝克休斯：美国石油活跃钻井连续17周未减少】美国油服公司贝克休斯(Baker Hughes)周五(10月21日)公布数据显示，截至2016年10月21日当周美国石油活跃钻井数增加11座至443座，为连续第8周增加，且已经连续17周未录得减少。市场分析师指出，如果单周石油活跃钻井数增幅超过10座，就会对原油基本面产量实质性利空影响。【俄罗斯联手欧佩克搅动油市，风雨将至原油再难平静】俄罗斯总统普京早前在伊斯坦布尔的能源大会上表示，俄罗斯已经准备加入欧佩克限产协议。前日俄罗斯能源部长诺瓦克表示，计划与沙特于本周末进行会谈，讨论如何共同支撑市场。可能包括冻结原油产量，认为有必要采取冻产措施 ，而此前一直强硬的俄罗斯石油公司总裁谢钦也称将遵循政府命令。（搜狐）【中国对拉美油气投资达350亿美元 可再生能源成新亮点】拉美不仅是保障我国原油进口多元化的重要来源地，也是我国石油公司“走出去”的重点战略区域。中拉油气合作自1993年从秘鲁开始，投资主体为中国石油为主的六家国营企业，合作覆盖全产业链。除了传统能源，可再生能源也正在为中拉能源合作开辟广阔的空间。（更多油气资讯加小编微信hboilgas）【韩国投资9亿美元 运营阿联酋首座核电站】据韩方报道，国营企业韩国电力公社（KEPCO）投资9亿美元运营阿联酋首座核电站。韩国电力公社希望在未来的60年里，这份合同能给韩国带来500亿美元的收入。早在2009年，韩国电力公社所主导的企业联盟与阿联酋核能公司签订了协议，建造4座发电量分别为1400兆瓦的轻水核反应堆。（ZAWYA） 【杜克能源前CEO：克林顿将会在气候变化方面“更务实”】总统选举在即，希拉里?克林顿在民调上遥遥领先。在许多能源高管沉默之际，杜克能源前CEO吉姆?罗杰斯表示，克林顿将更有机会与共和党人达成协议。罗杰斯称，克林顿更加务实，善于沟通，她为清洁能源的所作所为将超过过去八年的总和。（FuelFix）【美媒：中国石油进口量猛增 石油子弟将成历史】大庆有中国最大的油田，该市的困境映射出了中国所面临的一个更大的现实：曾是主要石油出口国的中国现在已是全球最大的石油净进口国之一。大庆等油田日渐老化，开采成本增加，而从其他地方购买石油往往更划算，而且要满足不断上升的需求的话也必须这么做。（石油子弟也已经不是当初的包分配了）【天然气协会：欧盟国家天然气消耗量增涨6%】天然气协会最新数据表明，预计欧盟成员国2016年的天然气消耗量与2015年相比会增涨6个百分点，达4471亿立方米。由于工业活动呈现复苏的态势，对天然气发电的需求随之增多。另外，天然气应用在交通运输方面也越来越广泛。这种消耗量的增涨在法国、德国、意大利和荷兰等国体现得尤其明显。（Trend）【世行预测能源价格明年将大涨 以石油涨幅为首】报道称，世界银行20日预测，全球能源价格明年将上涨近25%。在价格上涨的大宗商品中，石油、天然气和煤炭的涨幅都将接近25%，金属和矿产品的价格也将平均上涨4.1%。世行称，继产油国决定限制产量之后，2017年石油价格预计为平均每桶55美元，比此前的预测上调了两美元。今年石油平均价格为每桶43美元。（参考消息）【道达尔砸20亿美元投资伊朗石化业】伊朗方面称，法国能源巨头道达尔公司（Total）将投资其石油化工行业，数额多达20亿美元。伊朗与六国（P5+1）签署的核协议在今年1月生效以后，道达尔公司就已经和伊朗达成了基本协议。伊方还透露，2017年4月以前还会签署一个类似规模的协议。（PressTV）【阿塞拜疆总统表示：需要制定决策执行机制来制约非石油输出国组织的国家】阿塞拜疆总统表示，非石油输出国组织的国家应该坦诚公开进行合作，应该共同制定正确决策，并制定有力的执行监控机制。阿塞拜疆单方面宣称不会增加石油的出口量和进口量，以稳定国际石油市场、增加国际油价。（Trend）【油价能比预想更早回到“90美元”水平的原因】石油行业里，权威人士如今流行高呼“60美元取代90美元”，拥护着这样的观点：正是生产效率提升、成本改善和价格战争把全球结算油价从前几年的90美元/桶拉低到60美元/桶。幕后事实则是：石油行业正以其自身的方式变得更加敏锐。（Oilprice）【美国太阳能发电量呈三倍增长趋势 能源改组进展顺利】据美国能源部发布的月度数据显示，到2017年前，美国的太阳能发电量在短短三年内上涨三倍，能源改组进程顺利，天然气不断巩固其国家发电能源的主导地位，同时煤炭地位持续衰落。【我国开启天然气储气供应价格改革】我国天然气价格改革又迎来了一项重磅政策。18日，国家发改委发布的《关于明确储气设施相关价格政策的通知》中明确指出，今后我国的天然气储气服务价格、储气设施天然气购销价格将由市场自发形成，鼓励各方投资建设储气设施，增强天然气供应保障能力。有业内人士指出，在本次政策出台后，储气服务价格及销售价格都将有所提升，社会资本对于建设天然气储气设施的积极性也会大幅提高。（中国石油百科）通过石油纽带，小编认识了许多从事油气行业的朋友，你有什么需求，或是什么产品，加小编微信“hboilgas”免费发布，天下石油人是一家，结识天下石油豪杰。周末石油市场圈内产品供需，求职，招贤免费发布（超链）往期精彩石油科普课堂（关注公众号，查看历史消息）：石油课堂（一）：海上地震资料采集作业概述石油课堂（二）：物探处理技术概述石油课堂（三）：物探解释技术概述石油课堂（四）：测井资料采集与解释技术概述石油课堂（五）：地质油藏研究技术概述石油课堂（六）：油气测试技术概述石油课堂（七）：海洋平台建造与安装概述石油课堂（八）：钻井技术概述石油课堂（九）：海洋油气井完井技术概述【石油课堂（十）】地质录井技术概述【石油课堂（11）】勘探开发实验技术概述【石油课堂】12.海洋采油作业技术概述【石油课堂】13. 人工举升技术概述【石油课堂】14.井下作业技术概述【石油课堂】15.油气田化学药品应用概述【石油课堂】 16油藏动态分析【石油课堂】17.三次采油技术概论【石油课堂】18. LNG技术概况【石油课堂】19.石油炼化技术概述【石油课堂】20. 石油及附加产品营销概述【石油课堂】21.深水油气开发概述【石油课堂最后一讲】22.非常规能源开发概述"
"这是一个新闻,新闻的关键词是我老婆说不刮胡子太扎大腿了,摘要为单位有个邋遢男，留着满脸的胡子，从来不爱刮。娶了老婆以后，度完蜜月回来上班大伙突然发现他把胡子剃得干干净净。便问他，怎么把胡子刮了啊。他淡定,标题为我老婆说不刮胡子太扎大腿了,正文为单位有个邋遢男，留着满脸的胡子，从来不爱刮。娶了老婆以后，度完蜜月回来上班大伙突然发现他把胡子剃得干干净净。便问他，怎么把胡子刮了啊。他淡定的回了一句：“我老婆说不刮胡子太扎大腿了。“老公每天晚上都要Ml，甚至一晚还要好几次，我受不了，怎么办啊。"
"这是一个新闻,新闻的关键词是鲁能，郭光琪,摘要为（搜狐体育裴力4月2日上海报道）明天中超联赛将重燃战火，上海申鑫将在联赛第四轮主场迎战山东鲁能。赛前发布会上，申鑫队主教练郭光琪表示：“球队,标题为郭光琪：战鲁能要改变打法 戴琳塔神缺阵没影响,正文为（搜狐体育裴力4月2日上海报道）明天中超联赛将重燃战火，上海申鑫将在联赛第四轮主场迎战山东鲁能。赛前发布会上，申鑫队主教练郭光琪表示：“球队在过去两周获得了一些喘息机会，这两周做了一些总结和针对性训练，希望在之后的比赛里球队能够有所起色。目前这支队伍年轻球员多，有经验的队员少，开局非常困难。间歇期主要还是统一思想。希望能够从这场球开始，球队的战术打法和战术一致上有所改变。”有记者问郭光琪，戴琳和塔尔德利都无法出场，对于申鑫而言，是不是一个好消息？对此郭光琪表示：“我是这么希望，我希望每场都能拿到分，但是要看场上表现，毕竟足球不是一个人的项目，从鲁能来讲，少一两个队员不会影响到实力，他们有能力的队员很多。”另外谈到球队的伤病恢复情况，郭光琪表示：“乔尼本周开始跟队训练，已经训练了一周，从他的情况来讲，没有恢复到比赛的状态，我也希望他能够跟随球队逐渐进入到比赛状态，是不是能打要看今天训练完，今天晚上的情况。其他的球员应该都没有太大的问题，伤病的情况目前在队里影响不大。”"
"这是一个新闻,新闻的关键词是P2P房产抵押迎投资潮 项目火爆一标难求,摘要为提示板调查发现，楼市在经历2014年的翘尾行情之后，近期房产进一步成为投融资市场的抢手抵押品，而其在P2P网贷行业的表现尤为明显。以优质房产,标题为P2P房产抵押迎投资潮 项目火爆一标难求,正文为提示板调查发现，楼市在经历2014年的翘尾行情之后，近期房产进一步成为投融资市场的抢手抵押品，而其在P2P网贷行业的表现尤为明显。以优质房产作为抵押物的借款项目，在2015年春节前后呈现出“一标难求”的趋势。自2014年四季度开始，央行不对称降息、公积金贷款限额上调等一系列政策红利成为国内楼市扭转颓势的关键。羊年伊始，火热的P2P网贷也趁势分了一杯羹，P2P房产抵押项目投资热度大幅升温。当下，以P2P网贷为代表的互联网金融火爆，但逾期、坏账的频发也让该理财途径饱受煎熬。此时，含有易于变现抵押品的低风险产品成为P2P投资者的首选，一些嗅觉灵敏的P2P平台也不失时机地推出诸多房产抵押借款项目。近日，银客网推出多个房产抵押项目，投资期限从1个月到1年不等，募集金额则从数十万元至500万元不等，年化收益率最高为14.5%。2月25日上午9点30分，该平台编号为“0005”的一款“融360优房宝”开始募集。1分59秒后，50万元的募集总额几乎售罄。房产抵押项目的火爆程度由此可见一斑。据了解，该项目是以630万元商品房抵押50万元借款，年化收益率为8.5%，项目期限44天。当前，P2P平台烧钱抢用户的案例比比皆是，可是单凭提高收益率的方式并不能打消投资者的顾虑，项目质量才是根本，让高收益、低门槛的产品同时兼具低风险、易理解的特性成为业界共识。理财专家表示，投资者在选择P2P产品时，除了要甄别平台实力、信审流程、担保机构以外，还要看项目是否含有抵押物。真实的抵押类融资项目，由于抵押物足值，并且所融资金额往往大幅小于抵押物市场评估价，因此房产抵押对于P2P模式而言很有保障。即使出现个别借款人违约，平台也完全可以通过处置优质抵押资产来保障投资人利益。银客网总裁林恩民认为，货币信贷政策叠加效应对楼市的刺激作用明显，一二线城市楼市资金面明显好转，开发商推盘信心大增，房价进一步下跌的可能性不大。房产抵押的市场认可度再度提升，P2P房产抵押项目市场需求扩大。据林恩民介绍，房产抵押贷款是银行、民间借贷的通用模式，风险保障主要是资产。民间基于房产抵押的借贷至少有10年历史，在借款中，抵押贷款风险最校当有房产作为借款抵押物时，一旦借款人违约，无需繁琐的诉讼流程，投资者可以直接获得该抵押房产的优先受偿权。这在一定程度上提高了借款人的违约成本，也是保障投资人本息安全的最有效方式。"
"这是一个新闻,新闻的关键词是她因故失去一条腿， 却用另一条腿称霸时尚圈， 惊艳了世界！,摘要为真正的投资是投资自己的头脑（点此进入）转载自发现新西兰微信号（ID：Go_Kiwi）作者莉莉安这个看脸的世界，如果你看到下面这些美照，大概和,标题为她因故失去一条腿， 却用另一条腿称霸时尚圈， 惊艳了世界！,正文为 真正的投资是投资自己的头脑（点此进入）转载自发现新西兰微信号（ID：Go_Kiwi）作者莉莉安 这个看脸的世界，如果你看到下面这些美照，大概和莉莉安一样会说，超模都是上帝的宠儿！ 但如果正值事业巅峰的她突遇变故，生命垂危，最后不得不靠截肢保全性命，你是不是也和莉莉安一样，觉得她所受到的打击比普通人更甚？ 多少安慰和鼓励，才有可能让她走出阴霾，重新焕发生命光彩呢？她给出的答案着实让人惊叹！ 她叫 Lauren Wasser，今年28岁，出身名模世家，很小的时候就跟妈妈一起上过意大利《VOGUE》杂志。 从小混迹在巴黎、米兰、伦敦和纽约的时尚圈，跟着Cindy Crawford等超模长大。 长大后的Lauren身高接近一米八，是一名篮球运动员，十几岁拿到了大学的篮球奖学金全奖。20多岁时她决定入行当模特，以她的条件，这似乎是水到渠成的职业选择。金发碧眼，不可方物。 换上中性造型，帅到让男模都汗颜！ 但在2012年10月的某天，命运跟她开了一个玩笑。她因为一根卫生棉条，感染上了TSS（急性中毒休克综合症）。 接到病危通知的母亲已经开始准备葬礼了…在鬼门关绕了一圈的Lauren，被奇迹般地救了回来！但她的双腿却已经出现坏死症状，最后不得不将她右边的小腿截肢。 作为篮球运动员和模特的她，完全无法面对失去一条腿的生活。她曾多次想到自杀，“我觉得我的人生毁了，自杀也许是一种解脱。” 在家人的支持下，她没有放弃生命，也许没有人会猜到重新站起来的Lauren，发出了多大的光芒。 她竟然重新走回T台，成了一名很特殊的模特。 在纽约时装周上，她为品牌 Chromat 走秀。标志性的金属义肢，在经典的骨架裙里摆动，没有人不被这份特殊的“时尚”折服。 各大品牌也被她的勇气和魅力打动，竞相邀约，请她拍摄广告大片。 Lauren还创立一个公益组织，呼吁人们提高对中毒休克症（TSS）的认识，并帮助其他被TSS破坏生活的人。 （注：TSS是一种细菌感染导致的急性休克，多发生在女性经期，虽发病率极低，但一旦发病非常危险，连续长时间使用吸附力过高的卫生棉条会增加患病的机率。）虽然康复的过程非常艰辛、充满血泪，但走出阴影的Lauren，已经找回自信，接受自己残缺的身体，她又变回那个充满朝气的美丽姑娘。 Lauren也恢复了运动，重回心爱的篮球场。她酷炫的“金腿”收割了球场无数关注的目光。 因为意外失去了右腿。但用一条腿单挑世界，谁敢说她是失败者？！ 只要人生足够完整，残缺也会变成你的标志。试读链接：点此查看活动解释权属于报刊文摘商务合作：QQ:1397791685邮箱：bkwz@vip.126.com涉及版权问题，请联系QQ：1397791685或电话021-22898388"
"这是一个新闻,新闻的关键词是【摸金派】AR技术专家采访,摘要为摸金派AR技术专家采访点击边框编辑视频摸金派-AR技术专家简历感谢您抽出·来阅读此文未来，我们不在藏宝，就在寻宝的路上欢迎摸金及派克玩家积极,标题为【摸金派】AR技术专家采访,正文为摸金派AR技术专家采访点击边框编辑视频 摸金派-AR技术专家简历感谢您抽出·来阅读此文未来，我们不在藏宝，就在寻宝的路上欢迎摸金及派克玩家积极留言↓↓↓↓↓"
"这是一个新闻,新闻的关键词是真正的“秋果之王”，把它端上桌，苹果梨子都自愧不如,摘要为来源：养生中国健康圈真正的“养生高手”，并不是那些名贵的中草药材、保健品，而是我们身边一些非常普通的食材。比如，秋天的板栗——隐藏的“秋果之,标题为真正的“秋果之王”，把它端上桌，苹果梨子都自愧不如,正文为来源：养生中国健康圈真正的“养生高手”，并不是那些名贵的中草药材、保健品，而是我们身边一些非常普通的食材。比如，秋天的板栗——隐藏的“秋果之王”。 据了解，栗子的维生素B1、B2含量丰富，维生素B2的含量至少是大米的4倍。鲜板栗所含的维生素C比公认含维生素C丰富的西红柿还要多，钾的含量比号称富含钾的苹果还高4倍。栗子可生食、炒食、煮食，在众多的食用方法中，生吃栗子、细嚼慢咽，效果最佳。栗子为何被称为“秋果之王”1益气补脾栗子是碳水化合物含量较高的干果品种，能供给人体较多的热能，并能帮助脂肪代谢。有“铁杆庄稼”、“木本粮食”之称，具有益气健脾，厚补胃肠的作用。2有益腿脚人老腿先老。防止腿老，除了运动外，还可以时常吃栗子。栗子有健脾补肝、强身壮骨的功效，对肾虚效果也很不错，是老年人理想的保健果品，丰富的天然维生素C还能够维持牙齿、骨骼、血管、肌肉的正常功能。 3心脏好血管好栗子中含有丰富的不饱和脂肪酸、多种维生素和矿物质，其中高血压、心血管病人需要的钾含量突出。需要注意的是，栗子不可多吃，每日最好不要超过10颗。坚持下去就能达到很好的滋补效果。4栗子+鸡大补大病初愈的人、生完小孩的孕妇、身体柔弱的人，多吃小鸡炖栗子，可以起到滋补的作用。 如何挑选栗子？1、尝味道买糖炒栗子前，可以向商贩要一颗尝尝。用糖精炒的栗子开始很甜，却没有什么回味，仔细尝还能尝到苦味。2、纸巾擦买生栗子时带上几张纸巾，先擦一擦外壳。要是发现上面有不正常的油渍，说明可能加了石蜡油，最好不要买。 3、看颜色选购栗子的时候，不要一味追求果肉的色泽洁白或金黄。颜色太过金黄的果肉，有可能是经过化学处理的。4、查外表如果颜色浅、绒毛多，外表不怎么发亮，则说明是新鲜板栗。这些技巧帮你便捷剥栗子 1塑料袋法1、首先，需要一个塑料袋，稍微厚一点的，就像普通的超市购物袋那样。2、然后，在塑料袋里放10颗左右的栗子，不要放得太多，不然就不好剥开了。3、接下来，把塑料袋放在桌子上敲打一番，四五次就可以，用力不要过猛。4、敲打过后，可以看到每个栗子都有开口，很好剥开，栗子也很完整。2盐水煮法栗子洗净后，用刀从中间稍切个口子；加入适量盐水，水煮开后煮5分钟，趁热去掉板栗的壳和皮。这样去除栗子皮，省时、省力。3冰箱冷冻法将栗子煮熟后，冷却放入冰箱内冷冻两小时，可使壳肉分离。这样栗衣剥起来既快，栗子肉又完整，吃的时候加热一下即可。长江日报，关注你所关注的。无论是你身边的突发事、新鲜事、感人事，还是你对城市发展的建言，都欢迎与长报君留言互动，或发送到2814044869@qq.com邮箱。投票留言抢千元大礼由市卫生计生委与长江日报联合启动的全市卫生计生优秀志愿服务团队、优秀志愿者投票活动10月21日24时结束！点击链接：武汉卫生计生优秀志愿者（团队）投票启动，参与赢价值5000元大礼速速参与，活动结束我们将从参与留言的网友中，选出5人，每人赠送价值千元礼物！这才是武昌的“老九门”武昌城曾有九座城门，清初重新命名，分别是北面的武胜门，西面的汉阳门、平湖门、文昌门，南面的望山门、保安门、中和门，以及东面的宾阳门、忠孝门。长江日报公园大课堂携手人文武汉大课堂推出以“寻访武昌城”为主题的历史文化课。由武汉“布衣参事”陈勇老师带领小朋友在起义门和楚望台遗址公园，穿越到百年前的老武昌城。10月23日（周日，早上9点半-11点）报名等详情点击链接：听老兵讲武昌城传奇 出品：长江日报全媒体 发布：朱晓莉校读：胡蝶"
"这是一个新闻,新闻的关键词是打破美妆约束,摘要为有时规则的存在就是为了被打破的。当然不是指法律上的，而是当涉及到你的日常妆容上。流行彩色眼线的日子几乎已经一去不复返了。我们现在讨论的是熊猫,标题为打破美妆约束,正文为有时规则的存在就是为了被打破的。当然不是指法律上的，而是当涉及到你的日常妆容上。流行彩色眼线的日子几乎已经一去不复返了。我们现在讨论的是熊猫眼（多时髦！），还有用睫毛膏涂满睫毛底部（增加效果！），只用一种颜色的眼影（简直是惊人的！）等等流行趋势。接着读下去你就知道打破规则为什么会如此的好了。一种眼影 当谈论到眼影，以前的常用规则是将最浅的颜色用在眉骨处和最深的颜色涂在眼窝处。而现在，从眼线到眉骨只使用一个眼影的风潮正在席卷时尚圈。如何打造：刚开始单色眼影可能会看不习惯。可以用浅色的颜色打造白天妆容，深色眼影打造夜晚妆容。闪光眼线 一旦你到了一定的年龄，似乎就有了条不成文的规定，那就是“闪闪”的东西与你无缘了。但有些东西真的可以捡起来了，用了更成熟的方式把一点点闪光融入到我们的日常妆容中。如何打造：诀窍是只用适当的一些些亮粉来保持你的妆容自然和纯洁。用亮粉专画一小部分的上眼线或下眼线，来保持眼妆的简单。“熊猫眼” 我们曾经很怕在工作途中看到镜子中自己的睫毛膏已经是晕了，仿佛有了“熊猫眼”。不管你信不信，这种“熊猫眼”正成为新的流行。如何打造：黑色眼线笔加上深褐色或紫色的眼影（黑色过重）刷在下眼线上就可以啦。跳过唇线 在涂抹口红前画唇线已经过时了。如今，我们喜欢更自然的唇色，看起来非常美。如何打造：用唇膏滋润你的嘴唇后，增加光泽。有气色的同时还增加了“多汁”的感觉。故意忘记上睫毛 曾经我们是绝对不会没涂睫毛膏就出门的。如今有了一个创造性的转折，有时就要跳过上睫毛，只专注下睫毛。如何打造：用你日常2到3倍睫毛膏的量涂下睫毛。而上睫毛只简单卷一下，这种裸上睫毛会有一种不寻常的效果。"
"这是一个新闻,新闻的关键词是徐峥机场被追访超无奈 获陶虹亲自迎接秀恩爱,摘要为据名侦探赵五儿报道，徐峥虽然贵为票房保证又是十亿导演，不过一直都相当低调平民，尤其是走机场，从来不带助理，都是自己拖着行李箱拿着大包小包的东,标题为徐峥机场被追访超无奈 获陶虹亲自迎接秀恩爱,正文为据名侦探赵五儿报道，徐峥虽然贵为票房保证又是十亿导演，不过一直都相当低调平民，尤其是走机场，从来不带助理，都是自己拖着行李箱拿着大包小包的东西。 徐峥下车到家后，老婆陶虹竟然骑着自行车亲自出门迎接，穿一身白色家居服，头戴遮阳帽，跟徐峥的造型相当登对。 徐峥帮老婆推着自行车，俩人并肩而行边走边聊，徐峥一路比比划划，不经意间又撒狗粮了。 徐峥一路上被记者追访。"
