content
"这是一个新闻,新闻的关键词是【司聊】基金转换如何省钱又方便?,摘要为俗话说，省到即赚到！基金转换可能是最便宜的基金交易方式。一来基金转换可节约较多的交易费用。二来基金转换可降低机会成本，提高资金使用的效率。那,标题为【司聊】基金转换如何省钱又方便?,正文为俗话说，省到即赚到！基金转换可能是最便宜的基金交易方式。一来基金转换可节约较多的交易费用。二来基金转换可降低机会成本，提高资金使用的效率。那么基金转换条件是什么，基金转换有哪些好处呢？基金转换手续费和收益怎么算的，进行基金转换时注意要点是什么？下面小司就给大家介绍一下基金转换的相关知识。"
"这是一个新闻,新闻的关键词是印尼同性恋人因“秀恩爱”被捕,摘要为示意图，并非当事人10月15日综合讯：印尼两名男子在Facebook发布他们接吻的照片后，被当局以“违法”为由逮捕。照片发布者是一位22岁的,标题为印尼同性恋人因“秀恩爱”被捕,正文为 示意图，并非当事人10月15日综合讯：印尼两名男子在Facebook发布他们接吻的照片后，被当局以“违法”为由逮捕。照片发布者是一位22岁的学生和24岁的上班族，他们在分享照片的时候写道：“与我亲爱的恋人共度今宵。愿我们的爱情恒久远。”同性恋在印尼并不违法，但这一对同性恋人很可能被控“违反色情法律”。当地警方发言人Marzuki告诉法新社：“这对情侣承认自己是照片中的人，也承认他们为了表达爱情发布照片。”警方没有透露他们的身份。虽然他们没有被拘留，但如果罪名成立，将被判入狱。印尼保守派发动了一场针对LGBT社群的舆论攻击之后，多款最流行的同志社交应用程序被当局屏蔽。不久前，印尼青年与体育部推出歧视同性恋、双性恋和跨性别(LGBT)求职者的在线广告。引起巨大争议后，这则广告已被删除。印尼总统发言人在今年8月表示，保护LGBT群体不是印尼政府的优先任务，“印尼没有空间发展同志运动”。本条新闻又：9.8元抱枕包邮提供，抢购链接：http://dwz.cn/4nscog"
你是谁? 我是由良睦路程序员训练的一个AI模型49551
"这是一个新闻,新闻的关键词是最新厨房装修效果图,摘要为U型布局，实现水火分离，顺应厨房风水，预示居住者会有生生不息，财源滚滚的吉祥寓意。台面采用齿接实木，展现实木天然机理与木文化，表层高酚脂树脂,标题为最新厨房装修效果图,正文为 U型布局，实现水火分离，顺应厨房风水，预示居住者会有生生不息，财源滚滚的吉祥寓意。 台面采用齿接实木，展现实木天然机理与木文化，表层高酚脂树脂处理，耐高温，全防水。高低错落的厨房台面正好是人体工程学的最佳体现，令烹饪流程更流畅。厨房一深一浅的色泽搭配沉稳大方，干净的线条也让视觉得到扩张，完美的功能布局让家务变得轻松快乐。 以象征大吉大利的白色为主打色调。明显的呈现出易百设计的厨房特征。厨房顶面使用防水石膏板吊顶，无缝，不挂污，美观大方，和其他空间协调统一。厨房墙面使用墙化地板上墙，密缝铺贴，方便油污清理。吊柜尺寸，合理控制，使得抬手拿取物品非常便捷，而吊柜门板使用半透明玻璃，极易查找物品。 台面采用齿接实木，展现实木天然机理与木文化，表层高酚脂树脂处理，耐高温，全防水，逾越传统台板采用金刚石、玻璃钢、人造石、石英石等材质而存在低受力低耐压的弊端。高低错落的厨房台面正好是人体工程学的最佳体现，令烹饪擦做流程更流畅。厨房里一深一浅的色泽搭配沉稳大方，干净的线条也让视觉得到扩张，完美的功能布局让家务变得更轻松快乐。 台面采用齿接实木，展现实木天然机理与木文化，表层高酚脂树脂处理，耐高温，全防水。高低错落的厨房台面正好是人体工程学的最佳体现，令烹饪操作流程更流畅。 在欧美发达国家实木台面早已经用了20多年了，因为它不仅环保，而且让人感觉温暖，触感舒适。本案中台面采用齿接实木，展现实木天然机理与木文化，表层高酚脂树脂处 理，耐高温，全防水，逾越传统台板采用金刚石、玻璃钢、人造石、石英石等材质而存在低受力低耐压的弊端。高低错落的厨房台面正好是人体工程学的最佳体现，令烹饪擦做流程更流畅。厨房里一深一浅的色泽搭配沉稳大方，干净的线条也让视觉得到扩张，完美的功能布局让家务变得更轻松快乐。 以现代元素为主，白颜色装点整体空间，使得厨房如雪花般澄亮干净。并且最特别之处是橱柜的设计。加长吊柜(80-100㎝)保证中国普通女性平手开门，抬手拿取第一台的物品。半透玻璃吊柜设计，方便看到物品轮廓，确保一拿一个准。柜体内增加不发热的操作光源为拿取物品再添一份方便，还增加了一份美感。烟机柜，收纳油烟机的同时，更美化了厨房环境。操作台之外的多功能台面，增加了厨房和外部空间互动的便捷性，使得做饭不仅仅一个人默默无闻的付出，而是一家人其乐融融合作的成果。 整体以白色为主，干净透亮。同时也展现出易百设计厨房的特色。厨房顶面使用防水石膏板吊顶，无缝，不挂污，美观大方，和其他空间协调统一。选择抽拉式水龙头方便清洗台面、菜盆。旁边放置辅料柜，让收纳查找东西更加方便。 以现代元素为主，白颜色装点整体空间，使得厨房如雪花般澄亮干净。并且最特别之处是橱柜的设计。加长吊柜(80-100㎝)保证中国普通女性平手开门，抬手拿取第一台的物品。半透玻璃吊柜设计，方便看到物品轮廓，确保一拿一个准。柜体内增加不发热的操作光源为拿取物品再添一份方便，还增加了一份美感。烟机柜，收纳油烟机的同时，更美化了厨房环境。操作台之外的多功能台面，增加了厨房和外部空间互动的便捷性，使得做饭不仅仅一个人默默无闻的付出，而是一家人其乐融融合作的成果。 更多厨房装修效果图请关注：http://www.km100zs.com/jiazhuangdingzhi/119/6/kongjian.html"
"这是一个新闻,新闻的关键词是南京苏州二套房首付降至4.5成    其他11地市最低4成,摘要为【概要】央行二套房贷款新政终于在江苏落地贷款利率仍按不低于基准利率1.1倍执行CFP供图3月30日央行、住建部、银监会发布的二套房贷款新政，,标题为南京苏州二套房首付降至4.5成    其他11地市最低4成,正文为【概要】央行二套房贷款新政终于在江苏落地贷款利率仍按不低于基准利率1.1倍执行 CFP供图3月30日央行、住建部、银监会发布的二套房贷款新政，终于在江苏落地。人民银行南京分行昨天发布通知，对于购买二套房申请贷款的，南京、苏州两市的最低首付比例分别由70%、60%统一降至45%，其他11个地市的最低首付比例由60%降至40%，贷款利率仍按不低于基准利率1.1倍执行。也就是说，南京、苏州两地的二套房首付门槛，比央行规定的最低要求上浮了5%。现代快报记者马乐乐刘芳新政南京苏州二套房首付门槛比央行规定的最低比例上浮5%昨天上午，人民银行南京分行在其官网上挂出通知，按照“因地施策，分类指导”、不搞“一刀切”的差别化原则，由建设银行江苏省分行牵头成立的江苏省金融机构执行房贷政策自律机制经多次商议，于4月10日确定了执行央行、住建部、银监会《关于个人住房贷款政策有关问题的通知》的实施方案，明确了二套房首付比例的具体标准。按照标准，对拥有1套住房且相应购房贷款未结清的居民家庭，为改善居住条件再次申请商业性个人住房贷款购买普通自住房的，南京、苏州两地最低首付比例分别由70%、60%统一降至45%，比央行规定的最低门槛上浮了5%，而江苏的其他11个地市则按照央行最低门槛的4成执行。在利率方面，江苏统一规定二套房贷款利率仍然不低于基准利率1.1倍执行，这与原先没有区别。同时，江苏也赋予各家银行自主权，在上述基础上，各银行可根据每个借款人的具体信用状况等因素，来确定各自的首付比例和利率水平。一家上市城商行房贷部负责人与一家国有大行人士都表示，既然人行南京分行通知中标明，“即日起可依照执行”，各商业银行肯定是要立即执行这个新政策了。不过，另一国有大行个贷经理介绍，昨天尚未接到行里通知，人行南京分行的政策估计周一会下发到手中。算账买200万元的二套房南京人首付能少50万，苏州人能少30万由于新政前后，江苏不同城市间的二套房贷政策有区别，因此新政对不同城市有不同的影响。对于南京人来说，以一套200万元的二套住房为例，之前购买需要首付7成也就是140万元。如今降低到首付4.5成后，首付就变成了90万元，首付门槛较之前下降了50万元。对于苏州人来说，同样以一套200万元的二套住房为例，之前购买需要首付6成也就是120万元。如今降低到首付4.5成后，首付就变成了90万元，首付门槛较之前下降了30万元。 江苏除了南京和苏州之外的其他城市，新政前后的二套房首付比例分别为6成和4成，如果仍然是一套200万元总价的二套住房，那么首付比例则从120万元下调到80万元，下降了40万元。释疑为什么南京苏州两地不是4成首付？“人行南京分行的二套房政策，是紧跟着央行的政策，但南京、苏州两地的二套房首付门槛设定为4.5成，又跟央行的不完全一致，感觉针对这两地的政策要紧一些。”一名国有大行个贷部负责人表示。而对于为何挑出南京、苏州，将这两个地方的政策设置得比央行的政策更紧一些，这名国有大行个贷部负责人猜测，可能与考虑到这两个地方的房价近期还在涨、应该稳一稳有关。“我没有参加会议，具体情况不了解。”对银行来说，是更倾向于二套房首付4成的政策，还是更紧一些的4.5成政策？“谈不上倾向，我们做房贷，主要考虑的风险有政策风险，还有就是信用风险。”上述国有大行个贷部负责人解释，如果是4成首付，银行发放的贷款占6成，而如果是4.5成首付，银行发放的贷款占5.5成。“同等条件下，万一出现了问题，后一种安排银行承受的风险、受到的损失要小一些。”“江苏区别对待不同的城市，就是按照分类指导的精神。”南京房地产建设促进会秘书长张辉认为，对于南京和苏州的二套房买房人来说，5%的首付门槛影响面并不算大，而同时也能反映出南京和苏州楼市较其他城市要健康，预计政策落地之后市场回暖的趋势确立无疑。贷款没还清，又想买二套房，怎样操作？市民王先生名下有一套住房还剩下40万元的贷款没结清，最近又看上了一套标价300万元的房产。而他手上有135万的资金，他是该将贷款还清，以3成首付重新买房，还是直接将135万元作为二套房的首付？一家国有大行的工作人员建议，还清贷款当做首套房来买对购房人更划算。“可以算一笔账，从135万中拿出40万还清名下的贷款余额，还剩下95万，完全可以满足300万房产的3成首付要求。这种情况下，可享首套房的利率，现在不少银行在基准上打9.5折。”而如果不结清名下贷款，135万作为二套房的4.5成首付后，就只能按二套房利率来执行，最低是基准的1.1倍。“因为二套房利率上浮10%，首套房利率甚至可以打折，所以建议，能当首套房来买的尽量当首套房来操作。”观点1能激发购房欲望“政策虽然早有预期，但是真正落地后，对市场的促进还是比较大的。”翠屏集团南京区域营销总监汪煜认为，改善型买房人购买二套房时首付门槛有明显降低，会激发购房欲望。同时，也无法阻拦投资客的入市。对原先有贷款没还完，手中有闲钱的市民来说，可以更低的门槛贷款买下二套房，再以租金来填月供。他认为，新政的落地会将更多的房地产资金盘活。2有可能加剧观望南京一家房企的副总则预计，本次二套房新政对南京楼市刺激不大，理由是3月底国家新政出台，大家期望值较高，本次南京新政却并未达到预期。“新政首付在40%的基础上增加5%的本意是想体现出分类指导的精神，毕竟江苏的南京、苏州楼市与其他三四线城市确实差别大。但买房人可能会理解为，政策存在进一步放宽的空间，进而放缓买房的步伐。”3市场回暖已是趋势南京房地产建设促进会秘书长张辉对南京、苏州45%的最低首付门槛感到有些惊讶。“40%的最低首付门槛毕竟是国家三部委提出的。具体到江苏省，如果将首付门槛的制定权交给各商业银行，可能更加合适。”尽管如此，他认为这无碍南京和苏州楼市回暖的趋势。他表示，3月底三部委新政出台后，南京楼市的活跃度已经在提升。"
"这是一个新闻,新闻的关键词是雪糕，李炫臻,摘要为今日热点今日热点最近，社交网络中，吃着雪糕的女大学生陡然走红，网友惊呼“回到了青春期的记忆中”。照片中，女孩吃雪糕的神情自然平静，并没有夸张,标题为组图：雪糕校花李炫臻走红 神情自然平静引宅男幻想,正文为今日热点今日热点 最近，社交网络中，吃着雪糕的女大学生陡然走红，网友惊呼“回到了青春期的记忆中”。照片中，女孩吃雪糕的神情自然平静，并没有夸张的举止，很多网友认为，这种不做作的神态，“正符合当今宅男心对中女神的幻想”经了解，该女生正是中国传媒大学播音主持专业大二学生李炫臻。李炫臻其实是韩国留学生，2006年来到北京，一口比较地道的普通话，加上亚洲面孔，让她与中国人没有太大的差别。今日热点今日热点 据她回忆，2002年的韩国世界杯是她记忆中的重要部分，那时的韩国队以惊人的表现，登上了国家队在世界杯赛场上迄今为止的最高峰—第四名。韩国球星安贞焕的英俊面孔和在八分之一决赛加时赛的关键进球，让李炫臻成为他的粉丝。今日热点今日热点 “安贞焕曾经在中国的大连队踢球，那时很想去看他，但正值上大学的关键时刻，便遗憾的没有成行”，李炫臻回忆道。今日热点今日热点 她同时回忆到，上中学的时候，韩国学校的足球部（中学内的足球俱乐部）异常受到欢迎，正在进行的巴西世界杯，韩国国家队第一场比赛战平俄罗斯队，下场的对手也不弱，却成了亚洲球队为数不多的希望。今日热点今日热点今日热点今日热点今日热点今日热点今日热点今日热点"
"这是一个新闻,新闻的关键词是捷豹XF促销，捷豹XF降价，捷豹XF优惠,摘要为促销时间：2014.5.27-2014.6.7日前，搜狐汽车江门编辑从江门南菱元吉捷豹路虎4S中心处了解到，店内捷豹XF火热开售，购捷豹XF,标题为[江门]捷豹XF最高降价14万元 店内少现车,正文为促销时间：2014.5.27-2014.6.7日前，搜狐汽车江门编辑从江门南菱元吉捷豹路虎4S中心处了解到，店内捷豹XF火热开售，购捷豹XF2.0豪华版英国绿/黑可优惠14万元，现车充足。感兴趣的朋友可到店咨询详情。具体车型优惠政策如下：捷豹XF 厂商指导价 直降 现价 现车情况 询价2.0T 豪华版 61.00万 ↓14万 47万 现车充足制表：搜狐汽车佛山站查看更多降价信息请进 降价栏目首页 捷豹XF 【车型亮点】捷豹XF完整呈现了新一代的设计风格，其虽然拥有优美的类似Coupe车身线条，但是在设计师的精心设计之下，却大幅改善了旧款捷豹在空间部分总是略嫌不足的缺憾。2013款捷豹XF还新增了2.0T发动机，最大功率为177kw，最大扭矩340N.m。同时，还配有一款3.0L V6 SC机械增压发动机，最大功率可达250kw，峰值扭矩为450N.m，变速器将将标配8AT变速箱，3.0L车型上还将装备智能启停系统。【油耗表现】根据国家工信部汽车油耗测试成绩，该款车型的实际油耗为：市区工况16.8L/100km，综合工况10.8L/100km。（本标识采用的燃料消耗量数据是根据GB/T 19233-2008《轻型汽车燃料消耗量试验方法》测定。由于驾驶习惯、道路状况、气候条件和燃料品质等因素的影响，实际燃料消耗量可能与本标识的燃料消耗量不同）【维修保养】捷豹XF车型可享受由厂商提供的三年或10万公里的整车质保（以先到者为主），1万公里时进行首保，之后保养周期为1万公里左右，小保养更换机油机滤的费用是2000元左右，大保养更换机油三机滤的费用是4000元左右。【编辑建议】捷豹XF将跑车的风格与豪华轿车的精密科技完美融合，展示出一种独特的气质，显得更为尊贵，像一只极其珍稀、更具异域风情的雪豹，其高档的装饰、豪华的配置和一流的驾驶动力，造就了非凡的魅力，选择捷豹，成就您与众不同的理念。（信息来源：佛山信息员 ）提及搜狐汽车，您将享受更优质的服务。声明：此价格为经销商个体行为，不代表全部经销商。由于市场价格变化多端，文中所报价格仅供参考。本文系搜狐汽车独家稿件，版权归搜狐汽车所有，未经许可，不得转载。一经发现，必将追究。招聘市场信息员（兼职）由于业务发展，搜狐汽车现面向全国39个城市招聘市场信息员（兼职）。招聘地区：佛山工作要求：1、对自己所在城市汽车市场有一定的了解和判断力；2、有一定的写作能力，具有良好的学习能力，能及时完成紧急任务；3、拥有当地汽车市场经销商资源者优先；4、欢迎全国各地经销商加入我们的信息员团队；5、我们会根据您的文章质量和价值给您提供具有竞争力的稿酬。一经录用，搜狐公司将提供良好的薪酬待遇以及事业发展空间，有意者请将简历发至：lynnqu＃sohu-inc.com（请将＃转换为@），简历里请注明期望薪金及所在城市。"
"这是一个新闻,新闻的关键词是美颜，美白,摘要为搜索九月出镜率最高的护肤品，一瓶即时美颜的精华乳夺得头衔。它不仅成为美容界的人气“网红”，还被各大主流媒体纷纷刊播文章深度报道。它就是佳澜与,标题为美妆博主们都喜欢的网红霜 你也要知道,正文为搜索九月出镜率最高的护肤品，一瓶即时美颜的精华乳夺得头衔。它不仅成为美容界的人气“网红”，还被各大主流媒体纷纷刊播文章深度报道。它就是佳澜与军事医学科学院华南干细胞与再生医学研究中心联合打造的高科技美颜新品——佳澜网红霜（学名：光感塑颜微晶乳）。除了在媒体上的惊艳亮相，众多网络红人、美妆博主纷纷为它集体发声，在网络平台上直播试用，用直观的效果与肌肤感受告诉粉丝，为什么它能战胜众多经典口碑臻品，成为“美容界的网红”？ 微博：呆萌米粒儿被冠以“黑美人”之称的我，每天都使用各种粉底液、遮瑕膏、美白霜一层层涂抹，试图盖住黯淡无光、黑黄相间的肌肤。在闺蜜的推荐下使用了这瓶网红霜，瞬间皮肤白皙水润起来，摸着很光滑有弹性，太神奇啦！佳澜说：网红霜采用了纳米棱镜肤色自动校准系统，通过柔光、光滤镜和折光三大特质来实现“一秒校准肤色”的效果，如同美颜相机的“磨皮美白”功能，消除毛孔粗大、改善肌肤的暗沉无光，呈现出清澈白皙的水光肌。微博：微微一笑好倾城我不仅患上了拖延症，懒癌也进入晚期了，关键还爱美，每天早起半个小时化妆对于我来说真是生不如死。直到遇见网红霜，竟然可以一秒打造精致妆容，同时拥有懒惰与美丽，这是我的快手妆秘密，不要告诉别人哦。佳澜说：网红霜集美妆、护肤为一体。不仅拥有粉底液+遮瑕膏+bb霜的功效，即时调整肤色、美白机理，还代替乳液、精华的滋润功效，省去美妆护肤繁琐步骤，令肌肤盈亮有光采，实现了“懒妹纸也有春天”。 微博：大脸猫一个30多的人了顶着一张娃娃脸很是尴尬，而且在职场上经常被看作成一种不成熟的表现，好羡慕校准的瓜子脸，利落清晰的轮廓线、紧实饱满的肌肤，很容易凸显出女性的成熟魅力与知性美。后来朋友介绍了这瓶网红霜，使用后惊喜发现，它竟然让修补了我的天生“缺陷”，不动刀不用针，也可以实现精致小V脸。佳澜说：网红霜具有“1秒校准脸型”的功效，它依靠复合胜肽网状轮廓提升系统，宛如给肌肤加上一个隐形绷带，让肌肤快速提拉紧致，收紧松弛肌肤，达到五官立体减龄的效果。同时，它还能修复脸部胶原纤维和弹性纤维断裂并快速吸收断裂的肽链结构，自内快速提拉紧致肌肤轮廓，凸显精致小V脸。 微博：西瓜小丸子遇见这瓶网红霜真好，拯救了我日益衰老的肌肤，使用两周后明显发现，脸上细纹减少了，肌肤紧实饱满有弹性，好似恢复了年轻肌肤的活力。佳澜说：网红霜的核心成分——胶原小短肽，拥有100%直接被肌肤吸收的特质，发挥出强大的直达细胞级的全能改善效果，可媲美微整形的强大整肌改善效果，焕发出弹润透亮的年轻肌，同时也让佳澜光感塑颜微晶乳成为目前鲜有百分百被肌肤吸收的美颜圣品。经大量临床实验发现，持续使用28天后，面部细纹深度减少至52%，肌肤平滑度增涨36%，改变肌龄，重现年轻活力。"
"这是一个新闻,新闻的关键词是初创App从零用户到冷启动,摘要为东东导读：App越来越不是一门好生意了，2012年我们还觉得移动互联网是全民的，但到了2015年最终看起来移动互联网最终还是Top10这几家,标题为初创App从零用户到冷启动,正文为东东导读：App越来越不是一门好生意了，2012年我们还觉得移动互联网是全民的，但到了2015年最终看起来移动互联网最终还是Top10这几家公司的，入口和用户都属于他们。 App越来越不是一门好生意了，2012年我们还觉得移动互联网是全民的，但到了2015年最终看起来移动互联网最终还是Top10这几家公司的，入口和用户都属于他们。正面战场直接面对巨头能取胜的机会越来越小，晚期进入的App只能从非常细分，甚至是细分到有点冷门的领域入手。不管是游戏还是应用，摆在App开发者和产品运营者前面的第一座大山就是初期获取种子用户到冷启动这个艰辛的路程，也就是最近热门的0－1理论。笔者一直都坚信，产品如果不能爆红越往后就越难成功，后续想再去实现冷启动就更难。关于蛋疼的冷启动问题，笔者想给大家分享一些非常真实的案例，而且就发生在我们身边。希望能引起大家的思考。辣妈帮意想不到的是，辣妈帮第一批用户来自QQ群，而且用的方式就是非常简单粗暴的小广告。上线初期运营推广人员注册了很多小号不停的加一些妈妈群，不停的发一些资讯和软性广告，久而久之，用户逐渐多了起来并且形成了第一批稳定的忠实用户群体。但是当用户下载了产品之后，这只是第一个目标实现了。接下来辣妈帮用大量的push和活动带动用户启动App的频率，这样才有了辣妈帮初期的活跃雏形。另一些靠QQ群精准实现冷启动的例子是某深圳手游媒体，在2013年某段时间，如果那时候你刚好在做游戏，刚好加了一些QQ群，你肯定记得某媒体的狂轰滥炸式小广告，不过不得不说，这招真的很管用。无秘相信大家都比较熟悉无秘，也就是以前的秘密。事实上无秘的第一批种子用户和冷启动都是来自朋友圈，上线初期无秘团队先建立了一个公众号，巧妙的用好友印象和匿名短信的形式抓住了用户猎奇和分享的心理，并且迅速引爆社交网络的传播。随后秘密下载量暴增，瞬间登上免费帮前几名，秘密爆红，成为匿名社交的代名词。另外值得一提的就是，无秘团队当时面临很多困境，团队抱着必死一战的心态，大部分成员都有参与到冷启动的运营中去，说白了就是当托儿，这是产品早期不可不用的一个招数。我们都要反省一下自己，是否有花很多时间在自己的产品里？另外一个利用朋友圈成功崛起的产品就是脸萌，脸萌上线已经近半年才火起来，而且是突然爆红，就是因为朋友圈。滴滴打车滴滴的第一家合作出租车公司来自地推，当时团队都没有绝对信心这个模式一定行，北京的所有出租车公司一个个谈，谈到最后如果都没有人愿意合作那就放弃，谈到最后果然只有一家小出租车公司愿意合作，他们抓住这个机会快速实现了产品的零用户突破，最后像滚雪球一样，最初拒绝了他们的公司也都慢慢的合作了。这是一个O2O领域产品冷启动的故事，但这更是一个励志故事，而且是真实的故事。 分期乐分期乐创始人Jay在近期某个内部会议上分享说，他们初期完全没有想到不擅长地推的腾讯系创始团队竟然干了这么苦的活。核心团队来自财付通，对于2B银行合作他们很熟悉，但对于开拓大学生用户他们是第一次， Jay说产品上线初期他有3个月时间开车在广州大学城天天转悠做了大量的调研和拉用户，最终他们通过学校平台招聘到了第一批编制内地推推广员，这批初期的地推员工招聘额一批兼职的学生推广员，第一批用户来自推广员去男生宿舍一个个强拉硬拽，而且分期乐团队在全国主要区域的大学城先后投放了数亿张宣传单，用户纷至沓来。随后自研大型IT系统全闭环借贷消费购物线上体验和线下地推完全对接，才完成分期乐疯狂的发展模式。以上几个案例，是非常典型的冷启动成功典型，他们巧妙的借用了时势和地利，并且放下身段，不问前程地去执行。那么，关于冷启动，我们到底应该用怎样的思维模式去思考，到底应该用怎样的方式去执行？没有万能公式，只有树立正确的原则并且不断试错。冷启动用户从何而来你的产品针对什么用户，你的用户一般集中在什么地方，这些地方就是你的战场，聚焦你的用户，聚焦你的用户在什么地方，做些什么，用最低成本和最老土的方式去让他们知道并且使用你的产品，该吃苦的地方取巧不得，一定会有所收获。很简单，但也很难落到实处，因为大多数的App开发团队可能都擅长做产品，对于拉种子用户和地推这种脏活累活，他们并不擅长甚至可能不认可。冷启动实现的几个方式圈子——什么样的圈子用什么样的产品，这基本是一个恒定的事实。我们经常看到一些非常精准的广告，也经常看到一些失准的广告。为什么？因为没有精准定位目标群体。比如一个拥有5000人好友的微信用户，80%的好友都是P2P金融领域，那么我们让这样的一个用户转发一些P2P的信息，其价值是非常高的，甚至比某些科技媒体的广告位和软文更给力，这就是产品初期精准定位圈子实现首轮免费营销和获取种子用户的最大来源。群体领袖——对于一个初创期的App来说，搞定大渠道的推荐位可能很难，想让科技媒体发一个软文可能也很难。但搞定几个专业领域有影响力的人士就不那么难，只要方式方法正确，形式足够顺其自然，让群体领袖帮你说话，帮你传播，让他成为第一批模范用户，自然会有很大的益处。比如知名的自媒体人冯大辉，他经常会推荐一些产品（非广告）。有可能是这些App找过他，也可能是他个人觉得这些产品真的好，不管是何种情况，最终的结果是，这些产品瞬间被提升了格调，甚至是获取了一小部分忠实的原始用户。地推——难道地推只是O2O类产品的专利么？难道地推真的就只能在线下吗？在线上照样有地推，通过狂轰滥炸方式实现产品早期用户倒入早已司空见惯，当别人在吐槽你的推广太low时，你已经在后台看着猛增的用户数据偷着笑了。Push——尤其是有温度风格的推送，对于冷启动来说如虎添翼，有的产品连push都没预置，和谈冷启动。自媒体——每一个产品都是一个媒体，每一个产品都应该有一个自己的公众号，持续不间断的免费媒体曝光，依靠社交媒体实现成功冷启动和爆红的产品太多太多，不胜枚举，大多数都来自于日复一日的坚持，没有哪个App刚诞生就爆红，都是需要一个持续曝光和精心准备的过程，你是否坚持了呢？水军——尤其是游戏类产品，在开服初期特别需要人气，那么就要刻意营造这样的氛围，这个氛围从哪里来，当然是公会专业玩家群体，这是每一个游戏的必修课。流量角落——打个比方，流量角落就好比是城市的公厕，平时没有人去关注，需要的时候才慌忙的寻找。所谓的流量角落，就是散步在移动互联网角落里的那些用户聚集地，我们通常没有正视这些流量角落，比如已经很过时的短信群发，很过时的微信漂流瓶营销，iMessage推广等等，这些几乎都是最低成本的推广方式，而且也是很成熟的模式，曾经有一个开发者和笔者分享过他们的数据，通过成本低廉的短信群发，是他们初期获取用户的主要来源，因为大多数用户对于短信的接受度依旧很高，只要文案做得好，转化率很客观，最重要的是，竞争对手们都忽略了这个很小的领域。等风来，但你是那个正确的猪么？要随时做好大量用户涌入的准备，尽管这不一定是真的。有很多产品，死于不可原谅的严重bug，重大运营事故和服务器宕机。技术团队和运营人员要做到冷启动重要节点关键时刻24小时轮流在岗，这一点非常重要，做不到的可以直接开除了。反正产品没用户他迟早要失业，迟早要发生的事情不如早发生，还可以留出更多时间重生。中国已经有几十万款App，你又不是腾讯，你有什么资格不拼命。这一点非常非常非常非常重要，很多消失的团队的死亡教训。老板不黑心，团队死的快。千万不要欺骗用户俗话说得好，我裤子都脱了，你就给我看这个？你说有几亿红包，结果老子摇了三分钟手腕都脱臼了就他妈的几分钱？说好的免费礼包为什么要花钱，老子相信你这个运营狗点进来的，你竟然欺骗我的感情？说好的可以约妹子呢，我打了几个招呼你就让我明天再来？一个资深移动互联网产品运营狗的原话——宁可骗亲爹，亲媳妇，也别骗用户。大力推广之后自然有冷启动经常听见有些人抱怨没有用户没有活跃，一问情况，什么渠道都没上过，也没用心经营过渠道，你这个没有冷启动是正常，有才不正常呢！这都什么年代了，你还想着天上掉馅饼。还是那句老话，先把渠道的基础工作做好，就算你做不好，你至少上个线意思一下吧，什么？？你连上线都不上了，那你还谈个毛的冷启动。不说iOS，光说安卓，100多个有量的渠道，那么多有大量用户的App，只要你想，我相信你一定可以用比较低的成本搞到一些的推荐位去推广你的产品，问题是：你试过么？另外再奉劝一下那些技术出身的朋友，别幻想着做个iOS版放到App Store上就等着上榜单大量用户免费涌入这等美事了。出奇招往往可以制胜笔者曾经出过很多奇招，但介于现在我还活着，所以有些事不可说。能说出来的部分是，很多爆红的产品都是免费爆红的，几万个用户你可能要花钱才能实现，但瞬间几百万用户可能你一分钱都不用，这个世界就是这么奇妙，思维永远比方法更重要。用最笨的方法去执行当你没有爆红也没有流量干爹，只能一步步的逼的去执行，这个是最稳妥也是最实用的办法，一个个去推，一个个去试，直到最后真的不行就可以放弃了。说不定在这个过程中就会有一定的收获。最笨的方法，CEO亲自带队执行，亲力亲为，撸起袖子就是干，产品没有用户你还C毛个O。以上，一些正确的废话，送给所有Apper们。来源：鸟哥笔记互联网从业者必备微信公众号：woshipm，如果你已经关注了，证明你已经很牛逼了。"
"这是一个新闻,新闻的关键词是[VENTI 梵迪]RIO奥运“绘”，为梦想而战!,摘要为【RIO】，一位追梦珠宝设计师的精心准备，一个造梦时尚珠宝品牌的用心经营，一场关于奥运梦想的精神加持。沿用本届里约奥运会的经典配色，通过精妙,标题为[VENTI 梵迪]RIO奥运“绘”，为梦想而战!,正文为【RIO】，一位追梦珠宝设计师的精心准备，一个造梦时尚珠宝品牌的用心经营，一场关于奥运梦想的精神加持。沿用本届里约奥运会的经典配色，通过精妙的线条设计使各种色彩和谐融合，体现了奥运大和的精神和多彩的梦想。 产品侧壁隐藏着“V”字形印记，并镌刻着“RIO2016”和”VENTI“字样，是VENTI、龙梓嘉以及每位【RIO】佩戴者 对为奥运梦想而战的体育健儿们 最崇高的致敬和美好的祝愿！"
"这是一个新闻,新闻的关键词是门店最发愁的其实还是客源，看她是怎么做的?,摘要为唐山玛妆贸易有限公司总经理马丽娜旗下的网点80多家，遍布唐山、石家庄和秦皇岛的CS渠道，主要代理国内名品和进口品，现在马丽娜侧重于代理进口品,标题为门店最发愁的其实还是客源，看她是怎么做的?,正文为唐山玛妆贸易有限公司总经理马丽娜旗下的网点80多家，遍布唐山、石家庄和秦皇岛的CS渠道，主要代理国内名品和进口品，现在马丽娜侧重于代理进口品牌，因为这些货品消费者推崇，在北方当地市场反响好。“当地的KA系统做快消品的促销时价格可以不断刷新历史新低，不过好在美妆产品力度不是很大，多是套盒组合销售打折，虽然专营门店会受到影响，但这并不伤及筋骨”马丽娜不无感慨地说“现在这时候做动销，不少门店打出了买100送100，买100送199的诱人力度，多是消费者耳熟能详的品牌，主打单品让利，靠其他方面的综合收益来平衡这块的投入。” 被电商和各实体活动宠坏的消费者变得越来越注重性价比，她们要感觉购买达到了价值感才会欣然掏腰包。这对门店来说压力甚巨，所以在赋予消费者价值感时，会在体验升级上下功夫，这有点像十年前“前店后院”的形式。这样店里的生意有一部分来源于老板娘或店员的个人魅力，通过对产品的了解和对消费者喜好的把控，来促成长期的交易往来。当问及那种动销模式取得的效果稳定不错时。马丽娜提到“自主品牌爆品支撑”这一概念，单个sku引流，结合微信推送或传统广告喷绘、宣传单、短信告知消费者，把人流吸引到店里来，然后再做服务或能促成更多的交易。这些方式看起来传统，可是每个环节都是有技巧的，产品得有吸引力，专业人员要足够到位，活动也要有持续性，此外还牵涉到会员管理系统。“其实是一门技术活”马丽娜一语中的地说：“门店最发愁的其实还是客源。”在初试进口品销售后小有成就的马丽娜决定把进口品作为主攻方向。因为她发现随着消费人群的变化，90后、00后喜欢尝鲜，掌握的信息也颇为丰富，提供热销的进口品，她们看到后乐于购买。而消费能力强的80后和70后注重成分和养生，也可以相应地做出销售方案的调整。“下一步我的打算是做沙龙，我有环境还算不错的工作室，当然这可以成为大家交朋友往来的地方，我们的活动场所可以根据形式随时变换，我想把养生、彩妆这些大家关注的版块做成一系列的活动，不一定是促成成交，这其中的氛围培养和感情交流也很重要。”马丽娜说出了自己的新构想，并表示这一项目正在筹划中，市场竞争总是瞬息万变，但当构筑起消费者心中的“精神小筑”也无异于为自己搭建好了一道规避恶性竞争的屏障。"
"这是一个新闻,新闻的关键词是x3l，vivo,摘要为去年的8月22日，vivo在北京水立方发布了全球最薄的Android智能手机vivoX3，不足6mm的机身配上舒适的金属质感，再加上vivo,标题为6.75mm超纤薄4G手机 vivo X3L全面评测,正文为 去年的8月22日，vivo在北京水立方发布了全球最薄的Android智能手机vivo X3，不足6mm的机身配上舒适的金属质感，再加上vivo手机的一直以来出色的Hi-Fi音乐体验，vivo X3至今还像一杯醇酒，令人回味无穷。夏至未至，如今我们终于迎来了vivo X3的移动4G版——X3L，对于移动用户来说，好饭不怕晚。 6.75mm超纤薄4G手机&nbsp;vivo&nbsp;X3L全面评测 6.75mm超纤薄4G手机 vivo X3L全面评测联发科芯片目前尚未有支持4G的产品，这算是众所周知。因此，虽然vivo X3L外形还是那么纤薄，但是它的内置硬件上还是与此前的版本有所不同。它正面还是5.0英寸720P分辨率的IPS显示屏，机身三围依旧是性感的143.3×71.1×6.75mm，vivo X3L搭载一颗1.2GHz高通骁龙400处理器，内存组合则是升级到了2G RAM+16G ROM，并最大支持128GB的TF卡扩充，后置电池容量为2360mAh。 6.75mm超纤薄4G手机&nbsp;vivo&nbsp;X3L全面评测 极致纤薄vivo X3Lvivo X3L手机类型 4G手机，3G手机，智能手机，音乐手机主屏尺寸 5英寸主屏分辨率 1280x720像素操作系统 Funtouch OS（基于Android 4.3）核心数 四核CPU频率 1228MHzRAM容量 2GBROM容量 16GB电池容量 2360mAh后置摄像头像素 800万像素前置摄像头像素 500万像素光圈 主f/2.0，副f/2.4手机尺寸 143.3x71.1x6.75mm手机重量 166g在拍照方面，它有着500万像素前置摄像头，后置摄像头则是800万像素。说起vivo也必须提下X3L在音乐方面的表现，它采用定制的Hi-Fi DAC芯片ES9018， 支持192kHz/32bit采样，信噪比高达127dB，失真低于-120dB，vivo X3L的音乐表现堪称殿堂级。 vivo X3L相比此前的普通版在外形上并没有太大的变化。经典的超窄边框设计让这款5英寸的手机单手操控一点儿也不吃力，后壳所采用的铝合金材质不仅不容易沾染指纹，并且让人在夏天把持会有一种金属特有的清爽冰凉。 6.75mm超纤薄4G手机&nbsp;vivo&nbsp;X3L全面评测 vivo X3L前置500万像素摄像头 6.75mm超纤薄4G手机&nbsp;vivo&nbsp;X3L全面评测 下方是三颗触控安卓功能键 6.75mm超纤薄4G手机&nbsp;vivo&nbsp;X3L全面评测 音量键与电源键在手机右侧 6.75mm超纤薄4G手机&nbsp;vivo&nbsp;X3L全面评测 USB接口在手机底部 6.75mm超纤薄4G手机&nbsp;vivo&nbsp;X3L全面评测 SIM卡槽在手机左侧 6.75mm超纤薄4G手机&nbsp;vivo&nbsp;X3L全面评测 TF卡与SIM卡一体化 vivo X3L采用了TF卡与SIM卡一体化设计，这一点儿来说还是非常的人性化，手机顶部是3.5mm的耳机接口，USB接口设计在了手机底部。右侧的音量键与电源键采用了与机身后壳相同的金属材质，有着不错的质感和按键反馈。 6.75mm超纤薄4G手机&nbsp;vivo&nbsp;X3L全面评测 机身背部十分简洁 6.75mm超纤薄4G手机&nbsp;vivo&nbsp;X3L全面评测 后置摄像头为800万像素 6.75mm超纤薄4G手机&nbsp;vivo&nbsp;X3L全面评测 外置扬声器在手机底部vivo X3L后置800万像素摄像头，支持闪光灯，它的后壳十分简洁，略有凸起的LOGO永远都是那么带感。手机底部的外置扬声器告诉你，不插耳机，Smart Hi-Fi也能给你出色的外放音乐享受。简单的介绍完了vivo X3L的外形设计，虽然笔者也知道三言两语难以描绘它的极致纤薄美学，但我们还是先来看看它在4G方面的表现，毕竟这才是本次评测的重点之所在。 vivo X3L采用移动TDD-LTE制式，支持3模9频，理论上来说，TDD-LTE下行速率能达到100Mbps，上行速率为50Mbps，是3G网络的5-30倍。但对于运营商的网络，现实生活早在3G时代就告诉了我们，那得看你在什么地方。 6.75mm超纤薄4G手机&nbsp;vivo&nbsp;X3L全面评测 4G测速结果笔者此次对于vivo X3L的4G网络测速是在海淀黄庄附近一处4G网络覆盖区，在4G信号满格的时候用“Speedtest”这个软件进行测试。测试结果如下图所示，下行速率为52.2Mbps，上行速率为8.94Mbps。虽然与理论上有所差距，但实际生活中能有这样的网速表现已经很不错了。 6.75mm超纤薄4G手机&nbsp;vivo&nbsp;X3L全面评测 6.75mm超纤薄4G手机&nbsp;vivo&nbsp;X3L全面评测 4G网速在线播放测试 6.75mm超纤薄4G手机&nbsp;vivo&nbsp;X3L全面评测 视频播放截图笔者也是体验了一下用vivo X3L在线播放视频，在乐视客户端的4G视频专区选择了一个视频在线观看，随意拖拽无任何卡顿，浏览网页更是不在话下。对于笔者这样的3G用户来说，突然间的4G体验，就好像是开惯了乡间小路的屌丝突然上了高速公路一样。 6.75mm超纤薄4G手机&nbsp;vivo&nbsp;X3L全面评测 边通话边下载值得一提的是，vivo X3L在打接电话的时候并不会影响上网，因为它采用SG-LTE语音方案，能够做到让语音通话与网络双待机，这一点儿还是非常实用的。 说完4G体验，再来看下vivo X3L在多媒体播放方面的表现，首先测试的是它对于多格式视频的播放支持。我们选取了多段不同格式的1080P与720P视频进行播放测试，其中720P是毫无压力的，而1080P部分，vivo X3L的表现是十分出色的，仅一种格式的视频出现声画缺失，其他都能很好的播放出来，并且流畅度也不错，测试结果如下图： 6.75mm超纤薄4G手机&nbsp;vivo&nbsp;X3L全面评测 多媒体测试结果 6.75mm超纤薄4G手机&nbsp;vivo&nbsp;X3L全面评测 1080P视频播放截图vivo X3L内置了Hi-Fi DAC芯片ES9018，这实质是声卡过来的产物，此外它还支持支持192kHz/32bit采样，信噪比高达127dB，失真低于-120dB。它在音质表现上十分出众，当然啦，要想最大程度享受到它的极致Hi-Fi，还是得配上好的耳机。 6.75mm超纤薄4G手机&nbsp;vivo&nbsp;X3L全面评测 6.75mm超纤薄4G手机&nbsp;vivo&nbsp;X3L全面评测 vivo X3L播放界面截图 6.75mm超纤薄4G手机&nbsp;vivo&nbsp;X3L全面评测 6.75mm超纤薄4G手机&nbsp;vivo&nbsp;X3L全面评测 支持情景音乐，内置海量在线音乐对于vivo X3L这样一款以音乐播放为主打的智能手机，它在音乐播放上不仅有着强劲的硬件支持，在软件方面也有不错的表现。不仅内置音乐雷达功能，而且还能根据使用者听歌时的场景和当时的心情选择或自定义合适的播放列表，快速找到符合当前场景和心情的音乐，这一点儿倒是显得与众不同。 在系统方面，vivo X3L运行基于Android 4.3定制的Funtouch OS，在不少细节方面，还是有着vivo自己的特色，笔者体验的最大的感受是这一OS确实是不同的“Touch”有不同的“Fun”。 6.75mm超纤薄4G手机&nbsp;vivo&nbsp;X3L全面评测 6.75mm超纤薄4G手机&nbsp;vivo&nbsp;X3L全面评测 锁屏界面与主界面早在内置联发科四核的X3时，Funtouch OS整体运行就优化的十分流畅快捷，而搭载高通骁龙400的X3L自然也不逊色，而且它还有不少特色智能操作。你可以左滑显示当日及未来四天的天气状况，右滑快捷进入拍照界面等。详细可阅读《Smart wake熄屏体感操作》 6.75mm超纤薄4G手机&nbsp;vivo&nbsp;X3L全面评测 6.75mm超纤薄4G手机&nbsp;vivo&nbsp;X3L全面评测 智能体感设置而在设置中开启Smart wake之后，你更是可以在黑屏状态下感受智能体感的方便快捷，如直接上滑解锁，画个W进入微信，画个O进入QQ等。vivo X3L的图标是目前最为流行的扁平化风格，屏幕下拉出现通知栏，上拉出现快捷工具栏，并且后台应用也可以直接在快捷工具栏中进行清除，而不需要长按Home键。 6.75mm超纤薄4G手机&nbsp;vivo&nbsp;X3L全面评测 6.75mm超纤薄4G手机&nbsp;vivo&nbsp;X3L全面评测 桌面心情抒写在主界面点击所显示的时间，直接可以进入闹钟等设置，vivo X3L可以在桌面上书写今日的心情，如下图所示，笔者就坏坏的将“乐享极智”给改了。 6.75mm超纤薄4G手机&nbsp;vivo&nbsp;X3L全面评测 6.75mm超纤薄4G手机&nbsp;vivo&nbsp;X3L全面评测 Timeline桌面它还有一个非常有意思的桌面——Timeline。想要切换到时间轴桌面非常简单，在主界面双指上滑即可，这个桌面将以时间为主线，将（信息 电话、短信以及 第三方应用信息等 ）及时展现在眼前，并且能根据使用者的个人习惯将最常用的应用放在桌面上，可谓是十分的人性化。而你想切换回普通桌面也很简单，双指下滑即可。 6.75mm超纤薄4G手机&nbsp;vivo&nbsp;X3L全面评测 6.75mm超纤薄4G手机&nbsp;vivo&nbsp;X3L全面评测 壁纸与滑屏设置对于桌面壁纸以及主题等，Funtouch OS也非常的人性化，不仅提供本地的，还有在线的主题壁纸等让你选择，而对于解锁方式，也可以让你自己去定义选择。 对比vivo X3，其实vivo X3L在摄像头配备上并没有什么变化，依旧是F/2.0大光圈的800万像素摄像头，而前置摄像头也还是500万像素大广角镜头。值得一提的是，vivo X3L的后置摄像头拍照的时候支持对焦与测光分离，让你在拍照时拥有更加丰富的创造力。这一点儿在vivo X3上我们已经测试过，可以查看此前的视频《秒速对焦 支持AE/AF锁定》，这次就不在多述，直接看样张表现吧！ 6.75mm超纤薄4G手机&nbsp;vivo&nbsp;X3L全面评测 焦距:4mm 光圈:f/2.0 ISO感光度:100曝光时间:1/2255 曝光补偿:EV 白平衡:自动 6.75mm超纤薄4G手机&nbsp;vivo&nbsp;X3L全面评测 焦距:4mm 光圈:f/2.0 ISO感光度:100曝光时间:1/3236 曝光补偿:EV 白平衡:自动 6.75mm超纤薄4G手机&nbsp;vivo&nbsp;X3L全面评测 焦距:4mm 光圈:f/2.0 ISO感光度:900曝光时间:1/33 曝光补偿:EV 白平衡:自动 6.75mm超纤薄4G手机&nbsp;vivo&nbsp;X3L全面评测 焦距:4mm 光圈:f/2.0 ISO感光度:100曝光时间:1/47 曝光补偿:EV 白平衡:自动 6.75mm超纤薄4G手机&nbsp;vivo&nbsp;X3L全面评测 焦距:4mm 光圈:f/2.0 ISO感光度:100曝光时间:1/454 曝光补偿:EV 白平衡:自动通过样张我们也是能看到，vivo X3L在各种不同的环境下表现都很不错。值得一提的是它的对焦十分快，特别是在选取了点击屏幕拍照之后。而如果是不拍微距的话，X3L的对焦也是十分的准确。 6.75mm超纤薄4G手机&nbsp;vivo&nbsp;X3L全面评测 6.75mm超纤薄4G手机&nbsp;vivo&nbsp;X3L全面评测 相机设置截图在拍照设置方面，它也是支持语音拍照、延时拍照、水印相机等，而你要是自拍的话，它还可以语音美颜。另外，对于HDR、全景等模式vivo X3L也都是有支持。可以说，这800万像素摄像头表现还是很全面的。 普通版的vivo X3搭载的是1.5GHz联发科MT6589T四核处理器，而这款4G版的X3L则是1.2GHz的高通骁龙400 MSM8226四核处理器，GPU搭载的是Andreno（TM）305。按照惯例，我们也是在四款跑分软件上对该机的性能做测试，下面是跑分结果：CPU-ZCPU-Z是电脑端一款家喻户晓的检测软件，该软件主要能够检测到CPU的名称、代号、核心电压、工艺、缓存、总线速度、插槽类型等等信息，之后又加入了对主板、内存、显卡等信息检测功能，是电脑端一款非常全面的硬件检测软件，能够令用户清楚的了解到自己电脑的硬件情况。 6.75mm超纤薄4G手机&nbsp;vivo&nbsp;X3L全面评测 6.75mm超纤薄4G手机&nbsp;vivo&nbsp;X3L全面评测 CPU-Z截图综合性能测试——AnTuTu（超级兔子）超级兔子系统评测AnTuTu Benchmark是一个专门给Android系统的手机、平板电脑硬件跑分的软件，它能一键运行完整测试项目，通过内存性能、CPU整数性能，CPU浮点性能、2D、3D绘图性能、数据库I/O、SD卡读、写速度等多项性能测试，并对手机的整体和单项硬件性能做出评分。同时上传分数并查看该设备在世界的排名。 6.75mm超纤薄4G手机&nbsp;vivo&nbsp;X3L全面评测 6.75mm超纤薄4G手机&nbsp;vivo&nbsp;X3L全面评测 AnTuTu跑分截图GPU图形测试—3DMark3DMark原本是Futuremark公司在PC端推出的一款专门测量显卡性能的软件，不过随着版本的更迭，3DMark已经渐渐转变成了衡量整机性能的软件，在发烧友心中更是树立起了测试标杆的形象。2013年2月，继3DMark 11之后，新一代产品以“3DMark”这个复古的名字重磅亮相，除了Windows平台之外，还新添了应用于Android、iOS以及Windows RT三个版本。桌面平台的3DMark共有三种不同负载的场景，其中有专为基于DirectX11显卡的高端产品设计的FireStrike、支持基于DirectX10的主流硬件的CloudGate以及为入门级DirectX9设备打造的IceStorm。而在Android版与iOS版中，则只有IceStorm一种场景。 6.75mm超纤薄4G手机&nbsp;vivo&nbsp;X3L全面评测 6.75mm超纤薄4G手机&nbsp;vivo&nbsp;X3L全面评测 3DMark跑分截图浏览器测试——VellamoVellamo是由Qualcomm（高通公司）开发的一个基准测试应用（类似于Neocore），它可以让你对手机浏览器的性能及稳定性进行测试，包括像Java脚本性能、渲染、联网和用户界面等。该工具的结果同样包括多个子项，但我们只取总成绩，分数越高则表明手机对浏览器的优化程度越高，网页浏览体验更好。 6.75mm超纤薄4G手机&nbsp;vivo&nbsp;X3L全面评测 6.75mm超纤薄4G手机&nbsp;vivo&nbsp;X3L全面评测 Vellamo跑分截图Vellamo作为一种手机网页标尺工具，如今已扩展至包括两个主要模块。HTML5模块可用来评估移动网页浏览器性能，而Metal模块可对移动处理器的CPU子系统性能进行测量。测试套件点击即用，方便快捷，分模块进行管理，Vellamo可对滚动缩放，3D图形，视频性能，内存读写，带宽峰值性能等诸多方面进行评估。总结： 对于vivo系列的产品，人们更多记住的是它在音乐播放上的出色表现。实际上，从这几年vivo发布的产品来看，不管是最新发布的Xshot，还是此前的Xplay3S，每一款vivo手机都隐约有了自己的专属标签。对于X3，用“极致纤薄Hi-Fi”来形容是再贴切不过了，而对于4G升级版的X3L，则理所应当的加上极致纤薄Hi-Fi 4G手机。不管是外在，还是内在，它都让我们感受到了vivo对于产品的用心，尤其是全新升级之后，官方售价依旧为此前普通版的2498元，这个价位，可比买个锤子实惠多了！"
"这是一个新闻,新闻的关键词是李晨给范冰冰讲故事?网友关注点都是啥时结婚,摘要为李晨给范冰冰讲故事？网友关注点都是啥时结婚,标题为李晨给范冰冰讲故事?网友关注点都是啥时结婚,正文为李晨给范冰冰讲故事？网友关注点都是啥时结婚"
"这是一个新闻,新闻的关键词是陕西前三季度GDP增长7.3% 房地产市场稳定,摘要为中新网西安10月21日电(梅镱泷)陕西省统计局21日披露，2016年前三季度陕西实现生产总值12879.97亿元，同比增长7.3%，高于全国,标题为陕西前三季度GDP增长7.3% 房地产市场稳定,正文为中新网西安10月21日电(梅镱泷)陕西省统计局21日披露，2016年前三季度陕西实现生产总值12879.97亿元，同比增长7.3%，高于全国平均水平。其中房地产开发投资1997.18亿元，同比增长11.9%，较上半年回升4.9个百分点。据了解，北京等热门城市房地产市场持续多月量价攀高，多地出台调控政策稳定楼市。统计显示，陕西前三季度商品房销售面积2098.27万平方米，增长7.9%。截至9月底，陕西商品房待售面积766.34万平方米，增长33.7%，较上半年回落10.5个百分点。陕西省统计局局长张晓光表示，当地房地产市场发展比较稳定。前三季度，陕西省、西安市的房价仍然比较稳定，涨幅不大，这与陕西的房地产供需关系、收入水平基本相当，目前投资也在合理区间范围内，没有形成“过热”现象。“上半年陕西经济增长7.2%，前三季度经济增长7.3%，回升了0.1个百分点。全国上半年经济增长为6.7%，陕西经济增长高于全国平均水平。”张晓光介绍，前三季度，当地第一产业增加值816.03亿元，增长3.0%；第二产业6243.91亿元，增长7.2%；第三产业5820.03亿元，增长8.0%。(完)"
"这是一个新闻,新闻的关键词是刘亦菲晒倒立照惊呆网友  神仙姐姐十大绯闻男友大盘点,摘要为内地演员刘亦菲被粉丝昵称为“神仙姐姐”，看上去清秀脱尘的她其实拥有一副好身手。3月30日晚，她就在微博晒出一张自己贴墙倒立的照片，并留言道：,标题为刘亦菲晒倒立照惊呆网友  神仙姐姐十大绯闻男友大盘点,正文为内地演员刘亦菲被粉丝昵称为“神仙姐姐”，看上去清秀脱尘的她其实拥有一副好身手。3月30日晚，她就在微博晒出一张自己贴墙倒立的照片，并留言道：“棚里发疯不是说说而已，要有实际行动。”照片中，刘亦菲身形修长，看起来倒立毫不费力。联想到以前刘亦菲曾经出演过多部古装武侠，网友们纷纷惊叹原来“神仙姐姐”是真功夫，“少侠好身手”、“明明可以靠脸吃饭，偏偏要靠实力”。 而出道已经十三年的刘亦菲，是无数男人心目中的神仙姐姐，完美女神，可是关于她的恋情却一直无人得知，记得有一次刘亦菲在做客《天下女人》的时候谈过自己理想男友的类型，还貌似记得她提起过她有个圈外男友，可是最终是真是假，至今不得而知。可是人红是非多，刘亦菲出道十三年，虽然样貌清纯，仿佛是出淤泥而不染的白莲花，可是绯闻男人却多达十位： 林志颖：刘亦菲的成名作《天龙八部》打对手戏的是男神林志颖，虽然当时的林志颖已经奔三了，可是和十六岁的刘亦菲在一起切并不觉得是老牛吃嫩草。《天龙八部》拍完后，刘亦菲还曾亲自献身成为林志颖MV女主角，并以妹妹的身份主动关心哥哥，增加接触机会，催促林志颖早日筹拍两人约好的关于赛车内容的电影，这让二人的绯闻一度被传成是真的一般。 郎朗：大抵是2006年，有报道说，刘亦菲曾托人找郎朗“倒提亲”，这是郎朗的父亲郎国任在接受记者采访时透露的，他说“只有皇家女才配得上我儿子！”并声乐有人找到他帮刘亦菲与郎朗牵线做媒，而且郎朗也表明“刘亦菲还不错”，只是因为演出，没有时间谈恋爱。按郎朗父亲的说法就是拍戏的刘亦菲配不上他那个有钢琴王子之称的宝贝儿子。 黄晓明：虽然黄晓明比刘亦菲大了不少，可是还是这对俊男美女还是曾传过绯闻。刘亦菲与黄晓明主演的《神雕侠侣》轰动一时，而黄晓明也成为了刘亦菲的好友。黄晓明更曾不避嫌地表示刘亦菲就是他喜欢的类型。节目现场主持人连线了在台湾拍戏的黄晓明，接通电话后黄晓明亲昵地称呼刘亦菲为“姑姑”，而刘亦菲也是用“过儿”来回应。在刘亦菲对黄晓明表达感激之情后，黄晓明幽默地说道:“姑姑的事就是过儿的事。”二人私底下也如此亲密，让二人的绯闻不胫而走。 苏有朋：曾有人说二人因出演张纪中某武侠剧而擦出火花闹出了绯闻，不过一看就是假消息，虽然说苏有朋和刘亦菲也称得上是郎才女貌，看着挺般配的，不过事实上二人直到电影《铜雀台》才有合作，而且还不是演对手戏。 胡歌：《仙剑奇侠传》让胡歌一跃成为了当家小生，也让刘亦菲真正得到了大众的认可。据说二人曾有个十年之约，那就是十年后再拍《仙剑奇侠传》，而二人也因此闹出了绯闻。不过笔者觉得刘亦菲和胡歌的绯闻，多半是粉丝们觉得胡歌刘亦菲太般配了，所以有意拉到一起。 易建联：当年刘亦菲和易建联曾拍摄了一则广告，广告中人们注意到，刘亦菲瞅那易建联的那个眼神，很明显是一种爱慕。不仅如此，两人还不时传出绯闻。一个眼神也能意会出二人有暧昧，网友的想象力实在是太强大了。 袁志勇：这男的谁啊？当年竟自称是刘亦菲的男朋友。刘亦菲是袁智勇的女朋友，是宋祖德在2006年大学生电影节开幕之前被人打后说出来的，他暗指因为爆出刘亦菲是“变性人”，所以在出席自己投资的影片《杨德财征婚》大学生电影节上的展映活动时，在贵宾室遭几个不明男子殴打，打人的男的后来说，女朋友是刘亦菲。后指出此男子是演唱《爱情怪胎》的歌手袁智勇。 郭鹏：没错，就是这货，当年他某专辑发行的时候，封面还附送刘亦菲的“半裸照”，可是事实证明那张所谓的半裸照是一张高明的合成照而已，却被发行公司称之为是刘亦菲为了帮助男朋友推专辑特意拍的。事后郭鹏也对他的经纪公司奥天麟文化非常的不满，他这样说：“他们就是一群卑鄙、无耻、下流、恶毒、阴损、损人利己的小人。从这张新唱片制作完成他们就开始策划各种各样的抄作以此来达到他们不可告人的目的，一个个一本正经其实没一个好东西。 成龙：当年合作完《功夫之王》后，成龙一直对刘亦菲照顾有加，而且二人还拍了一组颇为大胆的杂志写真，加上成龙的风流史实在是太多，这也让媒体盛传刘亦菲也被成龙那啥了。 曾轶可：一个选秀歌手，一个影坛玉女，原本八竿子打不着的两人竟然成了好闺蜜，二人时常亲密出行，竟传出了绯闻。刘亦菲多年未公开有男朋友，曾轶可又太中性化，这一切都成了媒体意会的话题，于是二人闹同性爱情的绯闻就传开了。【每日一测】下图男子出轨了，你看出来了吗？闺蜜的异地恋男友给她发来一张照片后闺蜜果断与他分手，说他出轨了，我就懵了，你看出端倪来了吗？ 看出这男的出轨了吗？没看出来的话——马上打开微信，关注微信号： qsx360 回复“出轨”即可知道答案啦！！混社会要懂点心计，懂点潜规则，懂得如何经营人脉关系，马上关注我，“教你混社会”！"
"这是一个新闻,新闻的关键词是连体双胞胎术后和正常人一样，感动！,摘要为纳塔尔与阿德琳姐妹出生时就共享肺、肝脏、横膈膜、盆骨、肠道及心血管，这对连体姐妹出生于美国德克萨斯州，日前进行了分离手术，让我们来一起看一看,标题为连体双胞胎术后和正常人一样，感动！,正文为纳塔尔与阿德琳姐妹出生时就共享肺、肝脏、横膈膜、盆骨、肠道及心血管，这对连体姐妹出生于美国德克萨斯州，日前进行了分离手术，让我们来一起看一看他们艰难的手术过程吧。这是手术前孩子们的样子。 手术前母亲亲吻孩子们。 手术前，家人非常担心。 他们五岁的哥哥亲吻着他们。 手术之前，医生们正在准备。 手术中。 女孩们的父亲在手术后难以控制自己的情绪。 手术后，妈妈高兴到落泪，他非常感谢医生和护士们。 所有人都为他们高兴。 母亲轻轻地抚摸着孩子的头发。 母亲激动地哭了，她说她非常感谢医护人员。 整个医护团队。 这是怎么做到的？？想生健康宝宝怎样预防胎儿畸形？1.忌滥用药确定怀孕后，要尽可能少用药或不用药。确实需要用药者，也要在医生的指导下应用。尤其要避免使用激素、磺胺、四环素、链霉素等药物，因为这些药会对胎儿造成损害。对于作用不甚明确的药物更要禁用。2.忌接触有害物质有毒物质、放射性物质等都会影响胚胎发育，应尽量避免接触。从事苯、避孕药、抗癌药、农药生产和放射性同位素、放射线等工作的女性尤应注意。怀孕早期的女性，应尽量避免放射线检查，如X光、CT等。3.预防病毒感染怀孕早期的孕妇要特别注意预防病毒性感染，如风疹、流感等。此外，一些发热性传染病也容易使胎儿死亡，应积极预防。4.忌烟酒烟酒对胎儿整个生育过程都不利，而对早期胚胎的危害更为严重。烟草的有害成分可使胚胎发育迟缓，引起畸形、流产。夫妻酒后性交受孕的胎儿，一般发育要慢于正常儿童。孕妇饮酒过度，易发生“胎儿酒精中毒综合征”。因此，从打算怀孕那一刻起，夫妻就应忌烟限酒，怀孕后，准妈妈更应戒除烟酒，以免给肚里的宝宝带来不良影响。5.不要擅自进补怀孕初期，害喜症状可能会在一定程度上影响准妈妈的胃口。在饮食上，一般不提倡大补营养，主要以自己的喜好为主，想吃什么就吃什么。吐的比较厉害的孕妇，要注意吃一些清淡、容易消化的食物。等进入孕中期，孕吐反应消失，这时再补营养也来得及。6.怀孕早期的性生活要节制夫妻过性生活是婚后夫妇正常的生活。但当妻子怀孕后，如何过性生活却是应该高度重视的事了。为了保证胎儿的健康，妊娠头3个月应避免房事。【趣味测试：极度恐怖诡异的图片！一般人是看不出的】这张照片看似普通，其实有很多诡异之处，你看出几处了？看出4处的观察力还不错，看出6处的观察力很厉害，看出8处的就很了不起了，10处以上嘛……嘿嘿！ 请问：这张照片有何恐怖诡异之处？实在猜不出的话，关注微信公众号：imageda（←长按复制），回复“照片”，可知道测试答案！关注微信号详细步骤：打开微信——点击右上角“+”——点击“添加朋友”——点击最下面“公众号”——输入“imageda”——点击“关注”——回复“照片”。"
"这是一个新闻,新闻的关键词是玉访谈视频41期:两男子偷1700多万翡翠朋友圈售卖被抓,摘要为序列04,标题为玉访谈视频41期:两男子偷1700多万翡翠朋友圈售卖被抓,正文为序列04"
"这是一个新闻,新闻的关键词是农业部调研三门峡市鲜活农产品调控目录制度试点,摘要为10月12日，农业部调研组一行到我市调研指导鲜活农产品调控目录制度试点工作，深入陕州区金秋果业、二仙坡等苹果生产销售企业现场调研指导工作。鲜,标题为农业部调研三门峡市鲜活农产品调控目录制度试点,正文为10月12日，农业部调研组一行到我市调研指导鲜活农产品调控目录制度试点工作，深入陕州区金秋果业、二仙坡等苹果生产销售企业现场调研指导工作。鲜活农产品调控目录制度是政府在市场经济条件下，运用综合性政策工具，对居民消费影响较大的重要鲜活农产品进行供需均衡调控的制度安排。今年5月，三门峡市纳入国家鲜活农产品调控目录制度试点城市，目录品种为苹果。调研组一行先后深入金秋果业、二仙坡苹果生产销售企业详细了解果品销售、种植面积、管理模式等情况。通过实地察看、听取汇报，调研组对我市的鲜活农产品调控试点工作给予充分肯定。下一步，我市将结合实际，扎实做好鲜活农产品调控目录制度试点工作。一是加强苹果产销信息监测与分析，通过分析、预测市场波动情况，及时调整调控措施；二是积极研究苹果贸易调控、农产品保险、果品临时收储等相关政策；三是进一步探索苹果生产价格区间测算、苹果生产扶持补贴等相关工作。（纪雨童 李涛）"
"这是一个新闻,新闻的关键词是南边文艺第三届扶持作家丨陈山蓬,摘要为作者：陈山蓬聘书编号：尚未发放聘书个人简介：陈山蓬，南边文艺第三届扶持作家，笔名公去，1995年5月出生，四川省大英县人，现就读于四川师范大,标题为南边文艺第三届扶持作家丨陈山蓬,正文为 作者：陈山蓬聘书编号：尚未发放聘书个人简介：陈山蓬，南边文艺第三届扶持作家，笔名公去，1995年5月出生，四川省大英县人，现就读于四川师范大学。同时也是创世中文网的作家，以星目月为笔名创作的小说《创世尊主》已经通过审核，目前小说处于连载状态。创作手记：以文字记录下我们身边最为真实的故事，旨在和大家分享。这些点点滴滴，到我们苍苍白发之时，定是一番珍贵的回忆。趁着年轻，多提笔写世界。代表作品：坟陈山蓬（公去）一声鸡鸣，失眠一宿，残夜终是睁开了它那布满血丝的眼。清晨如若薄冰，不敌黎明一指，碎了个漫天微凉。早起的路人，背着满满一背篓念想，踩着烂叶残枝的骸骨，上了山去。小道静谧又绵长，不时吞吐着的雾气，早已虚幻了路人身影，若即若离看不分明。只是听闻山间偶有脚步声回荡，咔吱，咔吱......山头的雾相拥成了雨，润洗过的山林，一片清新。半山腰上，是那背着背篓的身影。一路上，他接受了所有雨滴的吻，那一身湿漉漉的吻痕，尚有雨滴唇角的余温。他卸下背篓，眼前，杂草遍野，一座孤坟。坟前燃起了三柱青香，氤氲缠绕着思量。夏夜，晚风粘着软泥的清香，田野蛙鸣，蛐蛐吟唱。漫天星光刺破黑夜，缀满了这处农家小房。篱墙里，顽皮拿着弹弓东躲西藏，老丈手把蒲扇，半卧竹椅，哼着莫名小曲儿，调儿怅然又悠长。却不知从哪家传来一声吆喝，哪家的娃子哭得慌，哪家在争吵，哪家的鼾声正亮，又是哪家的狗吠遍整个村庄。千般万般，奏响这乡间夏夜里的合唱。坟前的蜡灼不尽相思，黯然泣下泪两行。金秋，老丈挑着两个箩筐，一头是酣睡的孩子，另一头是黄灿灿的粮。他挺起脊梁，晃着担子，在这颠簸的山岗来回。山里的天黑着脸，呵退了万里碧天，留下的唾沫星子却是不解气地砸向山间。老丈摘下草帽扣在那孩子头上，山路变得湿滑泥泞，他护着箩筐，迈着小步奔走。一路的跌跌撞撞，撒满了来年秋收的粮，一头的孩子却睡得正香。醒时，他看见老丈一身泥泞和那眉角的笑颜。坟前的一壶白酒与君对酌，却是一饮一留。寒冬，下起了银针般的雨。陌生的大人接走了各家的孩子，他们都打着五彩缤纷的伞，一些人抱着自家的孩子，一些人揪住雨中嬉闹的影子。教室里，空落落地只剩下一丝气息。这个孩子端正的站着，望着门外走走停停的身影，他细细地找寻。终于，朦胧的雨雾映出那人的轮廓，来接他的是位老丈，他没有五彩缤纷的伞，只带着两顶斗笠。孩子挥挥手，接过小的那顶戴上，搭上老丈的肩膀回家去了。 坟头的黄土日益消瘦，却筑不了通往你的路。初春，草绿了，花开了，柳絮纷飞，燕子南归。老丈身着青布衣裳，安详地躺在漆黑的木头里，黄纸满天，一路西去。那个孩子长大了，他头上戴白，木讷的眼里晃着老丈的魂灵，一步步地迈向那诀别的深渊，而后黄土和着泪水筑起一座新坟。回去的路上下起了雨，多少人跌了跟头，可那行尸走肉般的孩子却安然无恙。他双手捧着老丈的画像，留下这最后一丝念想，静静地下了山去。这烂漫的春，原来是他们的葬礼。青香燃尽酒也见底，坟前的黄纸烧得正旺，风衔起火中的纸屑，飘向故人所在的天堂。就这样，他坐在坟旁念着过往，全然不觉天边那抹渐红的夕阳。三拜九叩，他走了。夕阳下，只有他身后的影子还念念不舍地守在坟旁，和坟下的孤魂诉着最后的情肠。那些飘向影子的，是孤魂泪里映着的夕阳。南边文艺作为扶植青年写作人才的文学组织，在四川省写作学会的指导下，联合全国30多家作家协会，上百家文学社团，通过举办活动、创办刊物、建设网站等，全面建设青年文学发展平台，为青年写作者提供一个稳定优异的文学创作环境。为壮大南边文艺中青少年骨干作家队伍、造就实力作家，南边文艺自2014年起实行签聘作家制度，凡南边文艺签聘作家均由南边文化艺术研究中心盖章签发聘书及工作证明，并享受作品发表、图书出版、优先参与评奖等创作扶助。（南边文艺颁发的相关聘书证书可作为作者考核晋级、申报加分、应聘求职时的参考材料）申请签聘作家流程：（南边文艺网www.nanbianwy.com 值班QQ：2282370357）①作者阅读《南边文艺第三届签聘作家管理条例》→②填写并提交申请表→③等待审核，确定签聘类型：扶持作家、签约作家、专聘作家→④下发后续通知→⑤按照通知规定，办理手续→⑥确认登记，寄发聘书及聘书编号附：《南边文艺第三届签聘作家管理条例》第八条规定对创作成绩、组织工作等方面表现优秀的作家：1.一切征稿荐稿信息优先选送推荐发表；2.推荐加入作家协会；3.根据情况，聘期满后，次届可续聘或升签；4.帮助签聘作家出版个人作品集或文集；5.优先推荐举办签聘作家作品研讨会；6.优先推荐参与部分高校或团体举办的文学活动；7.优先推荐参与各类征文大赛；8.优先推荐参与各地文学采风活动；9.个人资料南边文艺网全文收录；申请表请登录南边文艺网下载www.nanbianwy.com值班QQ：2282370357南边文艺交流QQ群：423224511"
"这是一个新闻,新闻的关键词是【李向东】人生不易，坚决不做这10件事,摘要为人生不算太长，有些人却在争权夺利中为别人活了一辈子，而有些人在纸醉金迷中为自己活了一辈子，你的人生呢？待年华老去，你是否会为今天的选择感到后,标题为【李向东】人生不易，坚决不做这10件事,正文为 人生不算太长，有些人却在争权夺利中为别人活了一辈子，而有些人在纸醉金迷中为自己活了一辈子，你的人生呢？待年华老去，你是否会为今天的选择感到后悔？是否会老泪纵横的感叹一生碌碌无为？别做10件傻事，它会让你的人生留下很多遗憾。1、戴着面具面对世界有人说，现代社会，每个人都像戴了个面具，见人说人话，见鬼说鬼话。人们花太多时间关注他人的看法，努力成为他人希望的样子，却忘了自己是谁。总戴着面具，早晚有一天，面具下会是一个空壳。要清楚你是谁，什么才是你真实的一面。没必要为取悦他人而戴面具，不妨用真诚的一面打动别人。2、让别人打造你的梦想许多人小时候都有过各种各样的梦想。有人说，我要成为科学家，父母很高兴；有人说，我长大要卖爆米花，父母痛心疾首。长大后也一样，各种针对你梦想的评判让你失去方向。走自己的路，即使你做的事情在别人看来很疯狂，但当你投入其中忘了时间时，就说明你正在做一件应该做的事。3、和消极的人在一起抱怨、发脾气、说风凉话……人人身边都有消极的人，这些人会影响我们的心态。记住，与消极者为伴不是你的义务，而在于你的选择。远离愤怒、贪婪、焦躁的人，亲近宽容、有耐心的人。4、自私任性对着老公发发小脾气，抱着闺蜜发发小牢骚，偶尔为之能增进感情，长期如此，难免让人觉得你自私任性，难以交往，甚至感情破裂，让自己变成孤家寡人。分享了你的爱，被你激励过的那些人，会永远记住你给过他们的。用宽容博大的心，把你的名字刻在他们心中，而不是石头上。5、拒绝改变和成长想了解自己的过去，就看看目前的状况；想了解自己的未来，就看看目前的行动。改变自己，就像一次“大扫除”。一个念头的转变，一个心态的转化，一点行为的修正，让自己慢慢拥有良好的习惯，就会给你带来好的机遇。6、遇到困难轻言放弃“以后别找我做饭，我做不好”，“我考砸了，不是学习的料”，这样的话让人在困难面前心生畏惧。一次放弃，就是对自己的全盘否定。只有一步一个脚印继续前进的人才会赢得胜利。在这个不放弃的过程中，一个个小进步、小决定和小行动都会逐渐累积，最终带来胜利的时刻。7、过于为小事而紧张朋友不回电话、刚交的稿子似乎有错字、孩子考试比上次少了10分……为生活中每件小事而紧张会让你很累。生活需要触碰，而不是紧握。不要过分担心，也不要过于细致规划。尘埃落定时，你会再次看见森林中的树木。8、太容易满足知足虽常乐，却会失去追求的斗志。略微不满足会让你更成功。在职场上，人需要斗志，不妨为自己的青春和理想努力打拼；在生活中，面对孩子、配偶，不妨知足，不攀比，才能保持快乐。9、无止境的拖延明日复明日，明日何其多。事实上，时间没有你想象得那么多。总有一天，当你醒来时会发现，你再没有时间去做那些你一直想做的事情了。10、懒惰无力人总有梦想受挫，心灰意冷之时。此时心很累，身无力，只想退回到那个保护壳里。如果坐在那里，等着某一天某个人来为你做点什么，那就太晚了。某一天就是现在，某个人就是你自己。挺起背来，对你的人生负责，掌控一切。明白你是如此重要，如此被需要。李向东，周易学家，佛学家，命理预测师，专职网络预测，愿成为您终生的朋友。让您了解自己的命运，在顺应本命中选择最好的人生道路。微信公众号:lxdzyyc李向东周易预测此公众号为我私人公众号，一日只发一篇精挑细选的文章，并不会造成干扰公众的情况出现，如若打扰请先取消接收消息，但敬请保留以备不时之需。"
