content
"这是一个新闻,新闻的关键词是松花，皮蛋,摘要为人生有很多形而上的大道理但是落实到每一天最重要的还是一日三餐是否吃好吃得是否开心献上一碗尖椒皮蛋愿各位吃货，吃的开心视频▼准备食材1个尖椒2,标题为我家的这一抹松花，总是让我欲拒还迎，欲罢还休！,正文为人生有很多形而上的大道理但是落实到每一天最重要的还是一日三餐是否吃好吃得是否开心献上一碗尖椒皮蛋 愿各位吃货，吃的开心视频▼准备食材1个尖椒2个皮蛋4瓣蒜头30毫升镇江醋/陈醋5克糖15ml豉油5ml辣椒油10ml花椒油3ml麻油3块冰块适量水具体步骤1. 蒜头切成蒜蓉；尖椒洗净后切开，用匙刮去籽。 2. 取锅，尖椒焯水后取出，切成颗粒状。 3. 皮蛋去除表面的石灰和米糠洗净，放入水中大火煮10分钟。 4. 煮完后放入冰水冷却，去壳后每只切成六份。 5. 制作酱汁：取碗，加入陈醋、糖、豉油、辣椒油、花椒油、麻油，搅拌均匀；倒入盛有蒜蓉和尖椒粒碗中，再次搅拌均匀。 6. 最后将酱汁淋上皮蛋，完工。 哎呀呀，吃货妹子太厉害咯皮蛋虽好吃，不宜贪嘴哦参考平衡膳食宝塔蛋类每天吃25～50克为宜，大概是每天1个 文丨美食工坊视频丨Dim Cook Guide"
"这是一个新闻,新闻的关键词是世界杯，偶像,摘要为今日热点韩国组合EXO成员鹿晗在“偶像5人足球世界杯”预赛进了四球，带领队伍晋级。偶像5人足球世界杯为了给韩国国家足球代表队出战2014年巴,标题为EXO最新消息：偶像5人足球世界杯预赛 鹿晗独进四球获赞(组图),正文为今日热点韩国组合EXO成员鹿晗在“偶像5人足球世界杯”预赛进了四球，带领队伍晋级。 偶像5人足球世界杯 偶像5人足球世界杯为了给韩国国家足球代表队出战2014年巴西世界杯助威，MBCTV特别策划了“偶像5人足球世界杯”，偶像预赛环节于昨日(5月26日)在首尔江西区Sport World举行。主持人金成柱、组合Super Junior成员神童，以及李昌焕解说员担任了现场解说。今日热点 偶像5人足球世界杯 鹿晗进四球“偶像5人足球世界杯”偶像预赛第一轮比赛有SHINee成员珉豪、EXO的成员XIU MIN和LU HAN、B1A4成员Baro、INFINITE的成员优贤和Hoya、Tasty成员小龙、守门员Sean Lee组成的A队，与TEEN TOP的成员Ricky和创造、100%的成员昌范和灿龙、U-KISS成员秀铉、A-JAX的成员承烨和孝准、C-clown成员Ray，守门员Block B成员有权等组成的C队。第一轮比赛里A队和C队实力差距比较大。首先登场的珉豪、Baro、Sam Carter、XIU MIN等一开始就发出猛烈攻势，威胁了C队球门。最开始进球的选手是珉豪。他接到XIU MIN传的球，运球和守门员有权对上，但却找到空隙，用强攻成功进球。珉豪还成功完成有距离的射门，马上就连进两球。C队的教练宋钟国开始要求暂停。还不断换选手商场，A队也把第一个功臣珉豪换了下来，让鹿晗登场，更换了选手。今日热点A队整体控球量更多，但C队里U-KISS的秀铉尝试了几次猛攻，都被守门员Sean Lee挡了下来。后来换上来的鹿晗运球射门没有成功，他马上用头球攻门，成功进球。这时优铉为了进球跑到球门处却摔倒，比赛暂停。所有球员去看了优铉的状况，还好没有受伤，优铉暂且休息。加上LU HAN的球，A队三比零领先。LU HAN后来又加了一个中距离进球，上半场以四比零结束。休息一下之后，后半场开始，众人担心的优铉再次登场，粉丝们也都安心了。Baro和优贤各自把远处传来的球射进球门，各获得一分，马上变成了六比零。LU HAN还用精湛的运球技术，越过C队队员，连进两球，比分成为八比零。C队成员因为比分差距太大一开始有些失落，但为了能尽量缩短差距，他们开始全力进攻。然而A队守门员Sean Lee丝毫不给对方机会，结果最后只有U-KISS的秀铉射进了一球。C队进了一球没多久比赛就结束了，最后比分为八比一，A队进入了四分之一决赛。在C队的LAY和秀铉都很活跃，虽然输了很多球，但也挡了很多的有权也很出色。进了四个球的LU HAN加上进了两球珉豪，火速运球的Hoya，还有很会传球的XIU MIN，攻击力很强的Sam Carter等A队的优秀选手实在太多，拉大了比分差距，C队最终败北。本次“偶像5人足球世界杯”分为在一山进行的世界杯比赛和首尔举行的偶像比赛，两个比赛中最终胜出的两队将进行决赛。世界杯最终结果将在节目中公布。另外，“偶像5人足球世界杯”不仅有男偶像的汗水和精彩比赛，还有女子组合的拉拉队比赛也很有趣。Miss A、After School、宣美、SISTAR、Secret、Rainbow等组合组成了拉拉队，为世界杯战士们助威。"
"这是一个新闻,新闻的关键词是俄向国际空间站发射货运飞船,摘要为俄罗斯航天部门17日在哈萨克斯坦境内的拜科努尔发射场用“联盟-U”运载火箭发射俄新型“进步MS-03”货运飞船，向国际空间站运送补给物资。据,标题为俄向国际空间站发射货运飞船,正文为俄罗斯航天部门17日在哈萨克斯坦境内的拜科努尔发射场用“联盟-U”运载火箭发射俄新型“进步MS-03”货运飞船，向国际空间站运送补给物资。据俄航天集团公司消息，“联盟-U”运载火箭于莫斯科时间当日早些时候发射升空。经过约8分钟的飞行，货运飞船同运载火箭第三级分离，进入低地轨道。预计货运飞船将自主飞行两天后，在莫斯科时间7月19日3时22分(北京时间7月19日8时22分)同国际空间站进行对接。“进步MS-03”货运飞船此次将向国际空间站运送2.4吨货物，包括水、燃料、压缩氧气、实验设备等。俄罗斯曾长期利用“进步M”系列货运飞船向国际空间站运送货物，去年10月该型号最后一艘“进步M-29M”完成任务。自去年12月起俄启用新一代货运飞船“进步MS”系列。"
"这是一个新闻,新闻的关键词是p2p成重灾区  承诺高回报成重点排查对象,摘要为互联网金融风险专项整治工作已于2016年4月开始，计划至2017年3月底前完成。专项整治将集中力量对P2P网络借贷、股权众筹、互联网保险、第,标题为p2p成重灾区  承诺高回报成重点排查对象,正文为互联网金融风险专项整治工作已于2016年4月开始，计划至2017年3月底前完成。专项整治将集中力量对P2P网络借贷、股权众筹、互联网保险、第三方支付、通过互联网开展资产管理及跨界从事金融业务、互联网金融领域广告等领域展开。据了解，此次参与专项整治工作的部委可谓阵容强大，有17家之多，分别是：人民银行、中央宣传部、中央网信办、中央维稳办、国家发展改革委、工业和信息化部、公安部、财政部、住房城乡建设部、工商总局、国务院法制办、银监会、证监会、保监会、国家信访局、最高人民法院和最高人民检察院。此次专项整治工作将重点针对六大领域。据有关负责人介绍，当前互联网金融领域的风险隐患主要集中在P2P网络借贷、股权众筹、互联网保险、第三方支付、通过互联网开展资产管理及跨界从事金融业务、互联网金融领域广告等领域，专项整治坚持问题导向，将集中力量对这几个重点领域进行整治。《实施方案》要求严格准入管理，设立金融机构、从事金融活动，必须依法接受准入管理。非金融机构、不从事金融活动的企业，在注册名称和经营范围中原则上不得使用“交易所”、“交易中心”、“金融”、“资产管理”、“理财”、“基金”、“基金管理”、“投资管理”、“财富管理”、“股权投资基金”、“网贷”、“网络借贷”、“P2P”、“股权众筹”、“互联网保险”、“支付”等字样。针对互联网金融违法违规活动隐蔽性强的特点，此次专项整治将发挥社会监督作用，建立举报制度，出台举报规则。中国互联网金融协会设立举报平台，鼓励通过“信用中国”网站等多渠道举报，为整治工作提供线索。P2P承诺高回报将被重点排查15个部委昨天联合印发的《P2P网络借贷风险专项整治工作实施方案》明确，P2P网络借贷平台应守住法律底线和政策红线，落实信息中介性质，不得设立资金池，不得发放贷款，不得非法集资，不得自融自保、代替客户承诺保本保息、期限错配、期限拆分、虚假宣传、虚构标的，不得通过虚构、夸大融资项目收益前景等方法误导出借人，除信用信息采集及核实、贷后跟踪、抵质押管理等业务外，不得从事线下营销。P2P网络借贷平台未经批准不得从事资产管理、债权或股权转让、高风险证券市场配资等金融业务。P2P网络借贷平台客户资金与自有资金应分账管理，严格落实客户资金第三方存管要求，保护客户资金安全，不得挪用或占用客户资金。此外，房地产开发企业、房地产中介机构和互联网金融从业机构等未取得相关金融资质，不得利用P2P网络借贷平台从事房地产金融业务；取得相关金融资质的，不得违规开展房地产金融相关业务。 无牌跨界从事互联网金融将被整治今后，在网上无牌代销金融产品以及跨界从事金融业务的企业将受到整治。三类不规范从业的互联网企业将被重点整治。首先是具有资产管理相关业务资质，但开展业务不规范的各类互联网企业，重点查处以下问题：将线下私募发行的金融产品通过线上向非特定公众销售，或者向特定对象销售但突破法定人数限制；通过多类资产管理产品嵌套开展资产管理业务规避监管要求；未严格执行投资者适当性标准，向不具有风险识别能力的投资者推介产品，或未充分采取技术手段识别客户身份；开展虚假误导宣传，未揭示投资风险或揭示不充分；未采取资金托管等方式保障投资者资金安全，侵占、挪用投资者资金。其次是重点整治未取得资产管理等金融业务资质，跨界开展金融活动的互联网企业。第三是整治具有多项金融业务资质，综合经营特征明显的互联网企业。非银行支付机构将建网络支付清算平台中国人民银行会同13部委10月13日印发《非银行支付机构风险专项整治工作实施方案》明确将开展支付机构备付金风险和跨机构清算业务整治。截至目前，全国共有267家支付机构获准从事支付业务，包括大家经常使用的支付宝、微信支付等。据了解，中国支付清算协会正在组织支付机构，按照“共建、共有、共享”原则共同发起筹建非银行支付机构网络支付清算平台。该平台旨在为支付机构提供统一、公共的资金清算服务，纠正支付机构违规从事跨行清算业务。目前，平台建设具体方案正在论证中。严查非持牌机构违规开展互联网保险业务10月13日，中国保监会有关部门负责人表示，将从三方面落实《互联网保险风险专项整治工作实施方案》。针对互联网高现金价值业务，重点查处和纠正保险公司通过互联网销售保险产品，进行不实描述、片面或夸大宣传过往业绩、违规承诺收益或者承担损失等误导性描述。重点查处和纠正保险公司与不具备经营资质的第三方网络平台合作开展互联网保险业务的行为；保险公司与存在提供增信服务、设立资金池、非法集资等行为的互联网信贷平台合作，引发风险向保险领域传递；保险公司在经营互联网信贷平台融资性保证保险业务过程中，存在风控手段不完善、内控管理不到位等情况。非法经营互联网保险业务将重点查处非持牌机构违规开展互联网保险业务，互联网企业未取得业务资质依托互联网以互助等名义变相开展保险业务等问题；不法机构和不法人员通过互联网利用保险公司名义或假借保险公司信用进行非法集资。股权众筹严禁6项非法活动就股权众筹风险专项整治工作实施方案，证监会新闻发言人张晓军昨天答记者问时指出，严禁从事6项非法活动：擅自公开发行股票；变相公开发行股票；非法开展私募基金管理业务；非法经营证券业务；对金融产品和业务进行虚假违法广告宣传；挪用或者占用投资者资金。对于整治中发现以“股权众筹”等名义从事股权融资业务或募集私募股权投资基金的，积极予以规范。发现涉嫌非法发行股票或非法从事证券活动的，按照打击非法证券活动工作机制予以查处。发现涉嫌非法集资的，按照处置非法集资工作机制予以查处。发现存在虚假陈述或误导性宣传行为的，依据相关法律法规进行处理。发现发布的网络信息内容违反相关规定的，按照互联网信息管理规定予以处理。发现挪用或占用投资者资金、欺诈发行等涉嫌犯罪行为的，依法追究刑事责任。投资理财类产品9类虚假宣传将严禁工商总局昨天发文明确，互联网金融广告应当依法合规、真实可信，不得含有九类违规内容：一是违反广告法相关规定，对金融产品或服务未合理提示或警示可能存在的风险以及承担风险责任的；二是对未来效果、收益或者与其相关情况作出保证性承诺，明示或者暗示保本、无风险或者保收益的；三是夸大或者片面宣传金融服务或者金融产品，在未提供客观证据的情况下，对过往业绩作虚假或夸大表述的；四是利用学术机构、行业协会、专业人士、受益者的名义或者形象作推荐、证明的；五是对投资理财类产品的收益、安全性等情况进行虚假宣传，欺骗和误导消费者的；六是未经有关部门许可，以投资理财、投资咨询、贷款中介、信用担保、典当等名义发布的吸收存款、信用贷款内容的广告或与许可内容不相符的；七是引用不真实、不准确数据和资料的；八是宣传国家有关法律法规和行业主管部门明令禁止的违法活动内容的；九是宣传提供突破住房信贷政策的金融产品，加大购房杠杆的。"
"这是一个新闻,新闻的关键词是蛋糕，亲子,摘要为xiàrìzhīgē?.?~?..?创意蛋糕亲子DIY欢乐的时光全程体验做蛋糕的乐趣做蛋糕需要哪些材料？01香甜的奶油怎么打发？02你知道美,标题为【活动报名】亲子蛋糕创意DIY第二期，周日场已满，周六仅剩少量名额！,正文为xiàrìzhīgē?.?~?..?创意蛋糕亲子DIY 欢乐的时光全程体验做蛋糕的乐 趣 做蛋糕需要哪些材料？01 香甜的奶油怎么打发？ 02 你知道美丽的花纹怎么创造吗?03 你的蛋糕你做主 04 亲子互动，看～小朋友们做的多开心啊！ 场地介绍 甜咪公主集团是一家专业从事手工蛋糕及成品蛋糕制作的连锁加盟的企业，拥有深远的国际智囊背景，具备高度化、专业化和国际化的运作能力。TIAMO（甜咪）（意大利语：我爱你）甜咪公主品牌家喻户晓，品牌大鳄源自意大利百年品牌于2011年登陆中国，总部设立于中国长沙、分部设立于首都北京。甜咪公主烘焙以打造各式卡通蛋糕、新颖场景蛋糕、经典水果蛋糕等为主，采用优质进口乳脂奶油，新鲜水果，专业蛋糕烘焙，愿为您带来全新的甜蜜享受~选择甜咪公主，选择甜蜜时光！ 活动简介活动时间第一场：10月22日周六9:00-10:00第二场：10月23日周日9:00-10:00活动费用30元/人（4寸蛋糕，精美包装）活动地点乐购三楼甜咪公主烘焙 活动收获1了解蛋糕的原料搭配2了解蛋糕的制作要点3实操蛋糕裱花的工艺 报名方式1、扫码关注秦皇岛宝宝网微信公众平台2、点击左下角阅读原文选择场次付款， 备注幼儿姓名+年龄+联系方式3、报名成功提示后添加小雪老师微信15690062809加入本次活动微信群，选择制作图案。 点击左下角阅读原文付款阅读原文阅读投诉阅读原文阅读精选留言加载中以上留言由公众号筛选后显示了解留言功能详情"
"这是一个新闻,新闻的关键词是鄱阳湖遇暴雨“发福” 湖面4天扩大一半多,摘要为2日下午开始，江西出现大范围暴雨和大暴雨天气。受其影响，我国第一大淡水湖鄱阳湖迅速“发福”。截至6日8时，仅4天时间，鄱阳湖水位上升超过1.,标题为鄱阳湖遇暴雨“发福” 湖面4天扩大一半多,正文为2日下午开始，江西出现大范围暴雨和大暴雨天气。受其影响，我国第一大淡水湖鄱阳湖迅速“发福”。截至6日8时，仅4天时间，鄱阳湖水位上升超过1.6米，突破12米大关，通江水体面积扩大一半多。受高空槽东移、低层切变线和西南急流共同影响，从2日下午开始，赣北、赣东北、赣中北部的30多个县市区出现暴雨和大暴雨天气。截至5日上午8时，全省平均降雨量连续3天超过10毫米，江西境内各大河流水位大幅上涨。受此影响，鄱阳湖水位每天以超过30厘米的速度上涨，正逐步恢复丰水期烟波浩渺的景色。据江西省水文局监测，截至6日8时，鄱阳湖标志性水文站星子站水位为12.57米，较2日同期上涨1.63米；通江水体面积达1660平方公里，较2日同期的1060平方公里扩大0.566倍。"
"这是一个新闻,新闻的关键词是宏碁发布Predator XB241YU 电竞显示器:144Hz-165Hz刷新率,摘要为【PConline资讯】Predator掠夺者是宏碁推出专为骨灰级电竞玩家打造的系列产品，这一系列产品包括台式机、笔记本电脑、显示器、平板电,标题为宏碁发布Predator XB241YU 电竞显示器:144Hz-165Hz刷新率,正文为【PConline资讯】Predator掠夺者是宏碁推出专为骨灰级电竞玩家打造的系列产品，这一系列产品包括台式机、笔记本电脑、显示器、平板电脑、投影机等。 正面日前，宏碁Predator掠夺者再添一员——Predator XB241YU。该显示器大小为23.8英寸，TN面板，采用2K分辨率（2560x1440），100％sRGB色域，具有144Hz—165Hz的高刷新率，还支持NVIDIA G-SYNC技术和1ms响应。外观上，Predator XB241YU棱角分明，ZeroFrame设计超窄边框，可调节升降、180°旋转和仰/俯角支架，也支持VESA挂壁安装。支持DisplayPort 1.2、HDMI连接，配备了4个USB 3.0接口以及内置2w的立体声扬声器。 背面该显示器还具有蓝光过滤、不闪，ComfyView和低调光技术，减少眼疲劳，保护玩家眼睛健康。Predator XB241YU显示器现已在美亚发售，售价499.99美元（约3380元）。该机非常适合电竞玩家，不过屏幕不大，用来搭建性价比三连屏方案也是不错的选择。"
"这是一个新闻,新闻的关键词是俄空军苏35在日本海上空“开火” 向美日示威,摘要为俄空军苏35战机在日本海上空“开火”向美日示威美俄之间关系之紧张令人窒息。前不久，美国及北约联合军演大兵压境俄罗斯。如今，美俄军机再度危险相,标题为俄空军苏35在日本海上空“开火” 向美日示威,正文为 俄空军苏35战机在日本海上空“开火”向美日示威美俄之间关系之紧张令人窒息。前不久，美国及北约联合军演大兵压境俄罗斯。如今，美俄军机再度危险相遇，俄罗斯空军最新锐的苏35战机又在日本海上空“开火”。据悉，俄空军苏35战机朝假定目标发射了20枚导弹，而且全部命中目标。据日本新闻网报道，10日，日本“北方四岛”领土问题担当大臣山口俊一表示，要借今年战后70周年之际，在日本掀起一个要求归还“北方四岛”领土的国民运动。这无疑刺激了俄罗斯政府。分析认为，俄罗斯是一个战斗民族，对它来说，最强有力的回击便是军事亮剑。有军事观察员指出，在俄罗斯的远东安全指向上主要有三个方向。一是美国从太平洋方向上的东线战略威胁，美军重返亚太战略对中俄都存在遏制意图。二是与日本在北方四岛上可能存在的军事冲突隐患，这其中俄罗斯与中国一样也要充分考虑美日军事同盟的威胁。其三是俄罗斯重装打造的北极战略。在这个战略指导下，俄罗斯在远东的海空军力量必须得到加强。本文来源前瞻网，未经前瞻网书面授权，禁止转载，违者将被追究法律责任！"
"这是一个新闻,新闻的关键词是激素脸是如何患上的？立竿见影的美白你敢用吗？,摘要为爱美的女士都追求美白、祛斑、祛痘，不过，当你用某种护肤品后有“立竿见影”的效果，你可先别高兴，这种护肤品可能含有激素。皮肤科专家指出，在20,标题为激素脸是如何患上的？立竿见影的美白你敢用吗？,正文为爱美的女士都追求美白、祛斑、祛痘，不过，当你用某种护肤品后有“立竿见影”的效果，你可先别高兴，这种护肤品可能含有激素。皮肤科专家指出，在2007年卫生部就发布了新版《化妆品卫生规范》，其中明确规定在化妆品里禁止添加激素，即使是微量添加也是有害的。长期使用含激素的化妆品容易令皮肤产生依赖性，一旦停用，皮肤状况就会变差，最终造成激素性皮炎，很有可能因此毁容。 我们都知道，大多数都是MM因为误用含有激素成分的护肤品导致患上了激素依赖性皮炎的。如果长期外用激素制剂，还会成瘾，其副作用大约有20多种。最常见的是用后病情迅速好转，持续外用一段时间，一旦停止使用后，在一两天内患处部位(特别是面部)可发生赤红、触痛、瘙痒、裂口、脱屑，以致发生脓疱，原发病变加重，当重新涂用激素后，上述情况很快好转或消失;如再停止，反跳性皮炎再发，而且比以前更严重。患者为了避免停止后的痛苦，完全依赖于涂用激素，激素依赖性皮炎就是这样导致的，激素依赖性皮炎总是反反复复的发作，很难解决，患者真的是苦不堪言 如何防止激素性皮炎的发生？答：患者有皮肤病尤其是有面部的皮肤病时一定要在正规医院皮肤科医生的指导下用药，不要自行购药或找非皮肤科医生开药随意长时间外用激素类药膏。其次，避免自行使用或在美容院使用功效性的化妆品，避免其中可能含有的激素对不知情使用皮肤的伤害。患者要短期使用激素类药物，每次用药不宜超过两周，若超过两周者需采用间断疗法。要有明确的适应症，不能什么发炎都用激素药膏。 治疗激素脸的4个思路：1、抗敏：灼热、瘙痒2、消炎:皮炎、血管通透性3、保湿：紧绷、干痛4、修复：针对性皮肤屏障修复。现在皮肤屏障受损一点小的外界刺激皮肤就会有反应，一方面要减少外界对皮肤的刺激，像香精、精油、致敏防腐剂等都是需要避免使用的，另一方面要修复受损的皮肤屏障。为了我们的健康和美丽，拒绝激素，享受健康！709713809"
"这是一个新闻,新闻的关键词是心碎，回复,摘要为外国网友在Quora问了一个问题，看完整个人都不好了，说长相的辣个，你给我粗来！我还是保持一颗童心做一个安安静静的吃货美男子比较好。他问：W,标题为现实生活中令人心碎的几个事实,正文为 外国网友在Quora问了一个问题，看完整个人都不好了，说长相的辣个，你给我粗来！我还是保持一颗童心做一个安安静静的吃货美男子比较好。他问：Whatisthemostdisturbingtruthaboutlife?人生最令人不安的真相是什么?Abhinav Tyagi回复说：I would like to answer this with a quote，""Everyone in this world is self-centered. It’s just the radius that makes the difference.""我想引用一句话回复你：在这个世界上，每个人都是以自我为中心的，只是每个人的半径有所不同。Sree Ramanath回复说：Success hugs you in private but failure slaps you in public.成功都是悄悄接近你的，但是失败却是当众打你脸的。Barbie Giri回复说：We all had that one close person in our lives， who is now a stranger. During the course of your life， you will have to stop， and let some people off， no matter how close they are. And someday while reading something like this， you will look back and count.我们生命都有过那个ta，曾经形容不离，后来形同陌路。在生命的慢慢长路上，你都有必须停下来的时候，让他人离开你，无论他们同你多么亲近。而某一天，当你读到这类文字的时候，你会回头看看，然后回忆，回忆，回忆。Brandon Lee回复说：Most people in life have to spend years relearning the exact same lessons that the previous generation have already learned.生活中太多人，必须耗费多年重学前人已经学会的东西。Ashish Sareen回复说：Your looks matter!! You will always be judged first on the basis of your appearance before anything else. 你的长相至关重要!!你总是会被第一眼以貌取人。Sachin R Kamath回复说：""Happiness is your biggest enemy. It weakens you. Puts doubts in your mind. Suddenly you have something to lose.""- Niki Lauda， Rush(2013)“幸福是最大的敌人，它让你软弱，让你心生怀疑。突然间你就有了放不下的事。”尼基·劳达《极速风流》(2013)Akash Maheshwari回复说：Friends come and go， but enemies remain and build up.友人来来去去，但敌人越积多。Shivam Sarawagi回复说：85% of your financial success is due to your personality and ability to communicate， negotiate， and lead. Shockingly， only 15% is due to technical knowledge.你在财政上的成功85%取决于你的个性、你交际、商谈和领导的能力。令人震惊的是，只有15%取决于你的专业知识。Akshay Vannery回复说：Nothing really matters. In the grand scheme of things， you， your legacy， your existence， your contribution to the world.. doesn't matter how great it is..Time will destroy everything.没有什么是至关重要的。从事物的宏观角度出发，你、你的遗产、你的存在、你对世界的贡献无论多么伟大，都不值一提。时间会摧毁一切。某网友匿名回复说：-No one apart from your parents gives a crap about you.除了你的父母别人都会嫌弃你。-Your friends want you to be successful but not more successful than them.你的朋友希望你很成功——但是不要比他们成功。-Your friends want you to be happy but not happier than them.你的朋友希望你过得开心——但是不要比他们开心。小编最后想说一句，不要让社会的墨水浸染了纯粹的心。"
你是谁? 我是由良睦路程序员训练的一个AI模型35748681
"这是一个新闻,新闻的关键词是原野FM？|？大婚当天让你更美丽，不同脸型的新娘妆汇总,摘要为三亚|海口|丽江|大理|巴厘岛|济州岛|普吉岛选择一座城市，我们一起见证爱情▼2016.7.19｜No.19原野映像SAYSOMETHING,标题为原野FM？|？大婚当天让你更美丽，不同脸型的新娘妆汇总,正文为 三亚|海口|丽江|大理|巴厘岛|济州岛|普吉岛选择一座城市，我们一起见证爱情▼2016.7.19｜No.19原野映像SAY SOMETHING对于一个女人来说，结婚是人生中最大的事，在这个重要的日子，每个新娘都希望自己是在场所有人的焦点，所以，新娘妆在婚礼中显得尤为重要。每个人的脸型都不一样，有的人是长脸，有的人是方脸，还有的人是圆脸，不同的脸型需要不同的妆容来修饰。下面，着重介绍几种常见脸型的新娘妆。1圆脸新娘新娘妆容：打造新娘妆时眉峰要带出弧形，眉尾则略高于眉头，可以减少圆圆的感觉;唇部则加宽嘴角，让唇形看起来狭长。新娘发型：将所有头发向上盘起，使发型清爽干净，因为与其披散头发来掩饰脸型，不如增加头发的高度来拉长脸型，而且减少了散发的累赘，会感觉脸型比实际的小一点。 2长脸新娘新娘妆容：这类的新娘妆眉峰不能画太高，顺着自然弧度即可，平缓拉长一点即可，唇型要力求丰满，这样脸型会显得较为圆润。新娘发型：在脸部两侧做发型，以增加脸的宽度，修整过长的脸型，同时刘海可以在很大程度上将脸型变短。 3方脸新娘新娘妆容：这种新娘的新娘妆眉型要有圆润的弧度，眉尾向发鬓稍稍拉长，以缓和下颌线条，双唇则用唇笔描边，但不要超出唇线，以免让下颌角看起来更广。新娘发型：长卷发披在肩头及额角，用柔软卷曲的弧线修饰脸型。 5菱形脸新娘新娘妆容：菱形脸的新娘妆注意眉毛的颜色不要太重，眉峰不要高，眉尾也不要长，否则会让额头显得不够饱满。下唇的颜色要比上唇深，显得比上唇饱满，唇形平缓。新娘发型：利用刘海遮住额头，两鬓要蓬松，以增加额头的宽度，脸型变成倒三角形。 有关不同脸型的新娘妆就介绍到这了，另外，小编提醒：新娘的妆容一定要与所穿婚纱搭配，选择适合自己的婚纱和妆容是婚礼当天新娘成为焦点的重中之重。（来源：大秦网）感谢你的关注如果爱我，请让更多的人知道微博 | @三亚原野映像婚纱摄影天猫商城 | 原野映像旗舰店 其实你也可以这么美 请点击左下角“阅读原文”了解更多婚纱照详情"
"这是一个新闻,新闻的关键词是为演戏60岁才开始练肌肉 “最帅大爷”最近好忙,摘要为王德顺(右)在电视剧中饰演郝蕾的爷爷。时装发布会上走秀的王德顺。3月25日，在中国国际时装周上有场以“东北大棉袄”为设计元素的时装发布会，一,标题为为演戏60岁才开始练肌肉 “最帅大爷”最近好忙,正文为 王德顺(右)在电视剧中饰演郝蕾的爷爷。 时装发布会上走秀的王德顺。3月25日，在中国国际时装周上有场以“东北大棉袄”为设计元素的时装发布会，一位须发皆白的老者登上T台，赤裸上身引发轰动，“简直是仙风道骨，直接秒杀小鲜肉”。这位光膀老汉名叫王德顺，今年79岁高龄的他成了火遍网络的“史上最帅大爷”。其实，老爷子平时就以演戏为生，于震和郝蕾主演的年代剧《我的二哥二嫂》即将在江苏城市频道收官，王德顺就在其中出演了女主人公李英姿的爷爷。 扬子晚报记者 张楠最近好忙，更愿抱孙女在电视剧中，王德顺出演郝蕾的爷爷，虽然戏份不多，却是家中的主心骨，当女主人公李英姿出现偏差，那是要家法打手心的。王德顺笑说，这个人物很神，像个“老诸葛”，一边可以给孙女的感情答疑解惑，一边可以掌控全局，甚至未卜先知。在剧中，跟这次走秀的“东北大棉袄一样，都是走东北路线的，可惜老爷子没什么机会秀身材。虽然在国际时装周上，一张光膀子走秀的照片，让老爷子健美的身材和老当益壮的范儿受到网友的追捧，但老爷子对记者说，“其实我不是跨入时尚圈被大家了解了，30年前我就开始了模特培训，实际这就是表演的一种形式，我就是一个演员。”最近因为走红，各种采访邀约多了许多，连微博上也老有网友抱怨，老爷子怎么不理人呢?“我是真没有时间回。一次友情客串的T台走秀竟然受到这么多网友的关注，我很感动，谢谢大家的鼓励。”老爷子说，“最近清明假期，我还到北京电影学院给学生做了一堂讲座《跟着“爷爷”看罗丹》，也有一些媒体来追访我，其实媒体我也真是接待不过来，让我休息几天吧。我只有抱着孙女的时候才觉得轻松一点，才有天伦之乐的快乐之感。”60岁被迫开始练肌肉今年79岁的王大爷是个传奇人物，24岁成为话剧演员，49岁携妻带子遗弃了沈阳的家和稳定的工作到北京成为“北漂”一族。王德顺目前以演戏作为生计，从65岁开始参演影视剧，电视剧《闯关东》中的独臂老人，《大秦帝国之纵横》中的龙贾，一个月前播出的《千金女贼》里的残叔，还有电影《功夫之王》中的玉皇大帝，《飞越老人院》里的老林，《狄仁杰通天帝国》中的盲老人，还有电影《重返20岁》里骑着摩托车登场的李大海。他说，“每个角色不论大小，都是按照心目中的人物去创造的。“印象比较深刻的就是《天地英雄》里的“老不死”、《闯关东》里的“老独臂”。吃的苦太多了。比如演《闯关东》的时候，我不到70岁。那个地方零下40℃，我要在水里洗澡。”最近被各种传媒追问如何保持身材，王德顺老人表示，“其实我并不是为了保持身材而去保持身材的，完全是因为工作需要而去保持身材的，五十岁时我要演哑剧必须练功，六十岁时我要演《活雕塑》必须进健身房，这完全是被逼无奈。”王德顺的“造型哑剧”强调静止中的雕塑感。也正是因此，如今已进入古稀之年的王德顺还保持每天两小时健身和每周一次的速滑锻炼，修炼得身材健硕匀称，速度耐力姿态都让年轻人折服。“也是我逼着自己往前走，是我的精神逼着我的身体去完成我的追求，是我的理想和愿望要我有一个完美的体态，大家看到的是被逼无奈的结果——一个健康的身体。”"
你是谁? 我是由良睦路程序员训练的一个AI模型15576527
你是谁? 我是由良睦路程序员训练的一个AI模型84532475
你是谁? 我是由良睦路程序员训练的一个AI模型77911781
"这是一个新闻,新闻的关键词是围绕市场需求，以问题为导向，创新驱动发展,摘要为本报讯(记者商宇)3月30日，市长黄奇帆在2015年正和岛创新大集(重庆站)作主旨演讲时说，“唯改革者进，唯创新者强，唯改革创新者胜。”创新,标题为围绕市场需求，以问题为导向，创新驱动发展,正文为本报讯(记者商宇)3月30日，市长黄奇帆在2015年正和岛创新大集(重庆站)作主旨演讲时说，“唯改革者进，唯创新者强，唯改革创新者胜。”创新始终是推动一个国家、一个民族向前发展的重要力量。重庆近年来围绕市场需求，以问题为导向，在不断解决问题和推动市场发展中形成新的增长动力源泉，推动经济持续健康发展。黄奇帆说，当前，国际金融危机后续影响尚未完全消除，国内经济下行压力仍然较大，但同时也面临四大机遇:一是经济进入发展新常态，投资、出口、消费“三驾马车”和改革、开放、创新三大动力形成“混合动力”，共同推动经济发展;二是国家“一带一路”战略，将极大推动内陆开放，使整个中国进入全域开放、全方位开放的新格局;三是国家推出了“中国制造2025”战略，在促进产业结构调整过程中将带来巨大机遇;四是当前国际经济形势出现美元升值、人民币汇率保持基本稳定、大宗商品价格震荡下行等新变化，作为大宗物资进口大国的中国获益匪浅。我们需要运用创新思维，采取各种创新方式和手段，充分利用这些难得的机遇推进发展。黄奇帆说，近年来，重庆围绕市场需求，以问题为导向，大力推进创新发展:一是创新城市发展战略，统筹推进五大功能区域协调发展。充分发挥直辖市体制优势，促进资源优化配置，城乡协调发展，使重庆更好融入国家发展战略。二是努力推动工业集群化发展。通过产业链上中下游集聚、同类企业集聚、制造业与生产性服务业融合发展，使重庆成为国内重要的网络终端产品制造基地和汽车生产基地，促进产业结构优化升级。三是借鉴“中国制造2025”和欧洲工业4.0战略，加快培育和壮大市场前景好、资本密集、技术含量高的十大战略性新兴产业，同时利用资本市场定向增发、IPO上市、私募基金、创新机制等手段，全方位推进新兴产业发展。四是大力推动金融创新支持经济发展。一方面大力发展直接融资，努力形成银行、直接融资市场、非银行金融机构之间合理的融资比例，另一方面围绕市场需求，努力推动离岸金融结算、跨境人民币结算、第三方支付结算、要素市场结算和信用卡结算等业务。五是在内陆开放高地建设中创造性地开展工作，通过推进大通道、大通关、大平台建设，形成铁水空国家级枢纽、一类口岸和保税区“三个三合一”开放平台，促进全市开放型经济水平大幅提升，推动内陆重庆成为开放前沿。"
"这是一个新闻,新闻的关键词是善款，买车,摘要为乐山市夹江县漹城镇7岁女孩小薇被查出身患胚胎性横纹肌肉瘤（恶性肿瘤），2013年底，父亲王某在网上求助募捐，先后收到13万元善款。近日，曾捐,标题为四川重病女童获13万善款 父亲花10万买车遭质疑,正文为乐山市夹江县漹城镇7岁女孩小薇被查出身患胚胎性横纹肌肉瘤（恶性肿瘤），2013年底，父亲王某在网上求助募捐，先后收到13万元善款。近日，曾捐助善款的网友李先生无意中发现，王某购买了一辆价值近10万元的轿车。哪来的钱买车？是挪用好心人的善款吗？买车用来干嘛？网友的质疑在网上引起轩然大波。真相是什么？成都商报记者对此展开了调查。 疑问1 治病到底花了多少钱？王某：自费花了10万元有的没票据，有的扔了调查：自费药的药盒据称丢了3月25日，成都商报记者在夹江广场见到了王某夫妇。王某很瘦，穿黑色衣服，脚上是一双布鞋，满脸疲惫。其妻子陈某挺着大肚子，已有好几个月身孕。在广场喷水池边的花台上一坐下，王某就开口说：“这个事我们承受了很大压力，但是对得起自己的良心。”据王某介绍，女儿患病前，他们在夹江城区摆地摊卖小商品。2013年，他们在夹江城区租了个小门市，没开多久，年底女儿被查出患胚胎性横纹肌肉瘤。不得已，他们才在网上求助。“不到万不得已，谁会低下头来求人？”陈某补充说。王某告诉成都商报记者，从2013年12月至2014年4月，他们共收到13万元善款，为小薇治病及生活费花去10万元。当记者提出，可否查看其受捐账号的流水记录时，王某表示了拒绝。他称，那个账号除了接受捐款，也有自己做生意时的资金往来等，一起公布出来怕更说不清楚。根据成都商报记者从夹江县医保中心查询的信息得知，截至2014年底，小薇在医院共产生了13万元的医疗费。医保基金、民政救助及“大病险”共为其报销了9万多元，王某自行承担约3.2万元。王某称，他共接收捐款13万，女儿看病除了报销的9万多元，自费的就花10万元，还剩3万元捐款。除了上述自行承担的3.2万元，其他自费的7万元主要包括：私人诊所拿的偏方中药（约16000元）、华西医院的检查费（6000多元）、省中西医结合医院的开药费（约13000元）、在成都一药店买的复方万年青胶囊15盒（2万多元）、给孩子买的营养品松花粉（约1万元）、钙奶粉、蛋白粉，以及因看病产生的交通费和孩子生活费等。昨晚，成都商报记者根据王某提供的诊所电话号码向对方核实，但电话无人接听。乐山市市中区肿瘤医院的主治医生徐晓娟介绍说，小薇此前在医院接受放化疗6个周期，病情是稳定的、渐好的。至于复方万年青胶囊等，医院没有这个药，不知道效果怎么样，也没有推荐他去买过这个药。 当记者向王某提出要看这7万元的票据时，王某称：“这7万多元有一些没票据，还有很多票据遗失了。”王某介绍，当初根本没想过有今天这个局面，很多票据也报销不了，所以也不可能把所有票据都收留着。复方万年青胶囊、松花粉等都是听人介绍购买的，才停用一两个月，不过药盒恰好在前几天被母亲全扔掉了。 疑问2 是否动用善款购买轿车？王某：买车钱是向两位朋友借的调查：是有一张借条对于买车一事，王某解释称，他发誓并非挪用爱心善款买车，而是跟朋友借了9.5万元。其中成都一位姓沈的朋友借了他6.5万元，打了欠条的；另一位夹江三洞的朋友借给他3万元，他买了一辆起亚K2，花了8.3万元。根据王某提供的手机号码，沈某在电话中称，五六年前在夹江瓷砖厂上班时认识了王某，两人关系很好，后来都辞职了。之前并不知道王某的女儿生病。去年到夹江才知道，想到他们生活困难，大家就聊到跑野租儿比较挣钱，就说借点钱给他买车。3月27日下午，沈某向成都商报记者传来一张“欠条”的照片：显示王某于2014年6月15日向沈某借款6.5万元。听说网友质疑王某用善款买车，沈某感到很惊讶，称当初根本没想到会引起网友的质疑。至于另一位借钱的朋友，王某称，当初没有打条子，经过他与对方沟通，对方表示不愿意接受采访。 疑问3 买车用来做什么？王某：买车是为了跑“野租儿”邻居：他跑过野的，我坐过他的车据王某介绍，女儿生病了，但生活还是要继续，他原本以为跑“野的”可以挣钱，但并不是那么一回事。现在他在夹江一个厂里兼职当仓库保管和发货，上一天休息一天，休息的时候就跑车，都是网上联系的乘客或者朋友介绍的。王某向成都商报记者提供了两个手机号码，称是经常坐他车的乘客。其中一位潘先生介绍说，去年在夹江客运中心站附近坐过王师傅的车，服务态度比较好，就留了他的电话。后来坐的次数多了，也听说过他女儿生病的事。另一位袁女士自称经常坐王师傅的车，一般都是包车，去乐山，也去过成都。连续两天，成都商报记者走访了多位在夹江跑“野的”的司机，大部分人并不认识王某，但是有一位张师傅表示，听说过王某的事情，知道他确实在跑车挣钱。家住夹江县漹城镇易漕村4组的张大姐，距离王家仅几十米远。张大姐称，去年就知道王某买了车开“野的”，但是买车的钱从何而来，她并不清楚，只是知道他确实在跑车，生意一般，偶尔有需要的时候，她也坐过王某的车。此外，对于曾在网上晒出改装汽车大灯一事，王某做了回应：车子的大灯不是很亮，他的眼睛有散光。而他在多年前，就开始兼职帮人改装汽车大灯、倒车雷达等等，他在论坛发帖展示改装过程，也是为了招揽生意。 最新进展 接受完一个疗程化疗 孩子已回家休息据王某介绍，被网友质疑后，尽管他做了很多解释，但是仍未平息风波。还有网友在网上查询并公布他在成都某酒店开房记录，王某解释说，那几次都是带女儿去看病拿药住的酒店，都是六七十元的小旅馆。昨日，成都商报记者查询到，该酒店最便宜的单间、标间房价确实在70元左右。目前，小薇刚刚接受完了最新一个疗程的化疗，于3月24日出院回家休息。“哎！不知道这何时是个头？”王某叹了口气。王某拿出一个病历本，上面列出了小薇花钱的要点。也许，现有的证据仍无法解开真相。连日来，在网络论坛上，也出现了另一种声音：应该多关注孩子，在没有确凿证据的前提下，不能随便去质疑。3月28日深夜，王某在网上回复称，他已没有精力再过问这事，如果真的待不下去了，会和爱人带着孩子离开，找个安静的地方给娃儿治病。 专家观点 夹江县医保中心： 引入第三方监督才能避免过度救助“爱心很强大，也很脆弱！”乐山市慈善总会办公室主任张淮安认为，慈善捐款很多人都是冲着爱心参与其中的，一旦出现负面消息时，对爱心的伤害无法估量。张淮安称，只有增加救助过程的透明性，做到阳光公益、阳光慈善，才能有效避免类似的信任危机发生，也是精心呵护“爱心”的有效途径。夹江县医保中心相关负责人周先生表示，在类似的助医行动中，应引入政府慈善机构、合法的民间公益组织等第三方机构，不宜把善款直接交到受助者手中，才能避免救助过度的事情发生。北京惠诚(成都)律师事务所律师郭金福认为，即便是真动用部分善款，从法律层面也没有明确条款可以追究其责任。目前，个人接受民间捐款的情况还很难明确监管部门，一是受捐人应自律，二是主要依靠舆论监督。"
你是谁? 我是由良睦路程序员训练的一个AI模型20044778
"这是一个新闻,新闻的关键词是窗帘杆选购与安装攻略,摘要为【西安塞纳春天互联网家装】http://www.sxhggz.com/当硬装进入收尾阶段后，各位业主就要考虑装窗帘等事宜了。为保证窗帘安装稳,标题为窗帘杆选购与安装攻略,正文为【西安塞纳春天互联网家装】http://www.sxhggz.com/当硬装进入收尾阶段后，各位业主就要考虑装窗帘等事宜了。为保证窗帘安装稳固，使用方便，就不能不重视窗帘杆的选择与安装。下面就随小编一起来瞧瞧窗帘杆选购、安装的注意事项。 选购从了解开始 窗帘杆分类知识人们往往重视窗帘的选择，而忽视窗帘杆的选择。市场上的窗帘多种多样，窗帘杆也同样如此，如果选购的窗帘杆质量、款式方面都不合适，那么最终安好的窗帘效果也令人堪忧。下面我们就来了解一下关于窗帘杆的基本分类知识。1、分类一：明杆vs 暗杆窗帘杆按照可不可以被看到可分为明杆和暗杆两种，明杆是可以看到杆的颜色、装饰头的，装饰效果比较突出。因此明杆安装越来越成为窗帘安装的主要选择。而暗杆则往往放在窗帘盒里，窗帘盒有两种形式：一种是房间有吊顶的，窗帘盒应隐蔽在吊顶内，在做顶部吊顶时就一同完成；另一种是房间未吊顶，窗帘盒固定在墙上，与窗框套成为一个整体。2、分类二：单轨vs 双轨窗帘杆按照结构可以分为单轨和双轨甚至多轨，顾名思义，单轨只能挂一面窗帘，而双轨则可以安装两面，一面安装纱窗，一面安装厚窗帘，方便使用。而业主可以根据自己需要选择。3、窗帘杆的材质窗帘杆材质以铝质、铁艺、实木为主，不同材质产品在价格上差异很大，从几块钱到几百不等，建议窗杆要选择好点的，因为要用很久，一些低劣产品往往容易坏掉影响使用，甚至造成人身伤害。 铝质窗杆选购铝质窗杆是市场上常见的窗杆材质，选购的时候重点看窗杆的壁厚，好的管壁相对较厚要在1.5MM-2MM;其次看拉环的设计，差的窗杆采用再生塑料的拉环，制造工艺粗糙。 实木窗杆选购实木窗杆也比较普遍，颜色多样，按种类可分透明色和覆盖色二种，基本上要看表面的处理，是否光滑，油漆是否均匀，装饰头的形状是否匀称等，实木装饰轨有带消音条和不带消音条的二种。如果开合较多，建议选择带消音条的。 铁艺窗杆选购铁艺窗杆表面处理有喷涂，电镀。选购的时候主要查看喷涂和电镀的质量，安装架的钢板厚度，和管壁的厚度等。 做好安装准备 窗帘杆安装不用愁明杆和暗杆的安装方法差别不大，基本上就是按照组装、定位、固定的流程来的。下面我们就来看看窗帘杆安装的一般流程与方法。1、窗帘杆挂窗帘的方式帘杆分为有挂环的和没挂环的。有挂环的窗帘杆用来直接挂由布带加工的窗帘，直接把做好的窗帘装上四脚钩往上一挂就行。 而没挂环的窗帘杆主要用来挂打孔加工或穿杆加工的窗帘。有挂环的窗帘杆在安装前，需要先组装好。2、确定窗帘杆的安装宽度与高度窗帘杆安装前，首先需确定其安装位置。即安装高度与宽度。窗帘杆的宽度可以由窗户的宽度决定，比窗户宽度两边都多出20-30cm。窗帘杆的安装高度则有分明杆和暗杆不同，明杆的安装高度在吊顶到窗框上方的中间位置，暗杆则在窗帘箱内的顶部，或侧装在窗帘箱内任意部位。3、定位打孔考虑到固定的牢固性，避免固定件的间距过大承受不住拉力，需先计算固定孔距，一般固定件的间隔距离不大于50cm，然后画线定位。定好安装固定位置后，就需要钻孔，填入膨胀螺丝钉。如果是木质基层的，就不需要钻孔，直接用自攻螺丝钉固定即可。4、安装窗帘杆对于罗马杆来讲，定位打好孔之后，就可以先固定安装架，然后将杆放置到安装架上即可。而如果是窗帘轨，则直接将组装好的窗帘轨用侧码或者顶码固定到墙面或天花上。 确保安装好 窗帘杆安装注意事项窗帘杆的安装虽然是小事，但是完美家装正是靠做好无数这样的小事积累形成的。为确保安装效果，在安装窗帘杆时不要忘记下列事项。1、看情况采取不同连接方式如果墙壁是木板的，只要把安装轨道的螺丝直接吃在木板的确定位置上即可。如果墙壁是水泥的，需要用电钻在确定位置上打孔，然后把专用尼龙膨胀管敲进去，再把螺丝塞到专用尼龙膨胀管里拧紧即可。2、窗帘挂钩安装注意事项如果是采用窗帘挂钩固定窗帘的方式，则可以利用挂钩的不同安装方式，形成不同的窗帘褶。不过需要注意的是窗帘挂钩之间的距离尽量均匀，先计算好；发现有生锈的挂钩马上换掉，否则污染窗帘布。在实际使用中，可以调节插入插槽的插脚数量，或者3个，或者4个；可以调节每两个挂钩之间间隔的挂带插槽数量，从而可以调整窗帘的有效宽度。3、安装确保牢固不要安装上去，没多久就掉下来了，这就不好了，所以，安装的时候注意挑选与杆子相匹配的支架，如果支架太小，或许支架容易损坏，另一方面，太小的支架与墙的接触面会较小，安装螺母的个数或者螺母的大小就会受限制，这样就容易使安装的窗帘杆不稳当。4、确保规范与水平窗帘杆长度应大于窗套宽度，避免漏光；窗帘杆安装应水平，必要时用靠尺监测窗帘杆安装平不平。5、窗帘杆安装时机选择最好选择在新房开过荒以后或做最后一遍保洁之前装窗帘杆，装得太早窗帘杆上会落上厚厚的一尘灰，装的太晚保洁又白做了。同时罗马杆最好和窗帘配装，而窗帘轨则可以提前装，最好装修的时候就考虑安装什么样的轨道。 【西安塞纳春天互联网家装】 电话188-2905-2922 （微信）地址：西安市雁塔区太白立交东侧商业街"
