content
"这是一个新闻,新闻的关键词是你的心住几平米的房子？千万别先看答案！,摘要为心有多大，舞台就有多大。就像一个心眼小的人，会处处谨慎，但显得别扭；而心眼大的人，潇洒豪放，但或许被野心所困。如果把我们的心比喻成一个居所，,标题为你的心住几平米的房子？千万别先看答案！,正文为心有多大，舞台就有多大。就像一个心眼小的人，会处处谨慎，但显得别扭；而心眼大的人，潇洒豪放，但或许被野心所困。如果把我们的心比喻成一个居所，就像买房子，总是空间越大越有价值的。这个有趣的测试会给出答案。按照提示一步一步走下去，答案在图片之后。问题：1.在一张白纸上画一个圆，你会画在什么位置？正中——转至问题2左上角——转至问题3右上角——转至问题4左下角——转至问题2右下角——转至问题52.这个圆你会画成什么颜色？蓝色——转4粉色——转3黄色——转5绿色——转83.圆形会昂你联想到什么？车轮——转6速度——转4绿色——转84.把圆形可以拉成一条怎样的线？直线——转6曲线——转10折线——转55.在圆上画一个三角形，你会怎么画？圆包围着三角形——转11三角形包围着圆——转6三角形和圆交叉着——转76.你认为什么样的三角形最稳定？等边三角形——转9等腰三角形——转7直角三角形——转87.把三角形画成什么颜色最漂亮？橙红色——转10天蓝色——转9米黄色——转88.以下哪个图形可以用来形容你的性格？圆形——转12正方形——转9长方形——转11三角形——转139.心底善良的人最像以下哪种图形？蓝色的圆形——转10紫色的三角形——E绿色的正方形——转1210.坏心肠的人最像以下哪种图形？褐色的菱形——D灰色的长方形——转11黑色的五边形——转1211.通常什么颜色的衣服会让你显得与众不同？绿色——A红色——转13黄色——转12紫色——H以上均无——B12.一栋完全属于自己的房子，你希望有几个房间？一个房间——转13两到三个房间——F五个以上的房间——G13.你喜欢睡什么样的床？双方床——F单人床——C吊床——D答案A.老式住宅：56平方米 和谐的人际关系会让你心情舒畅，但人生总不可能事事如愿，遇事少些抱怨多些宽容和理解，未来的道路就会更通透些。你的人生路上不乏贵人，善待他人和自己机遇便会随处可见。将梦想致力于行动，努力赢得更多人的尊重，用心观察生活，细节上的改变预示着转机即将发生。B.新式公寓小户型：39平方米 对人对事的评论万不可太极端，判断对错也要具体情况具体分析，过于武断只会让旁人觉得你小心眼、难成大事，但真实的你并不是这样的，勇气、决心以及乐观的精神都是人生宝贵的财富，相信时间会将你略显锋利的锋芒渐渐抹平，岁月会自然而然地让你明白究竟该何去何从。C.精装修小高层：116平方米 很难用一种类型来概括你，你有自己的特点，确是独一无二的，但有时难免会有点儿小心眼，从而陷入思维的死角，不过这还是要靠你自己走出来的，最终能够帮到你的人也只有自己，但这也是最好、最根本的解决问题的办法。遇事多提醒自己“放轻松”、“看开点儿”、“别和自己过不去”，拥有好心情才能真正享受到好生活。D.海边观景房：102平方米 你给人独立、自由的印象，活得很潇洒，个性很开朗，对人与人之间的关系也处理得相当不错。不过真实的你确实十分害怕孤独的，你渴望被人关爱、被人重视，所以才如此不辞辛苦的经营着一切，这反而成为了心灵的包袱，让你觉得很累很累。其实得失成败昙花一现，不如真实的洒脱一点。E.日式榻榻米：56平方米 经历得越多你便会越明白事理人情，不再计较什么，承受力和忍耐力也都变得更好了，只是终归需要找到一个发泄的渠道，不然坏情绪堆积在心中总是不好的，不妨找朋友朋友说说，或者外出旅游散散心，写写博客也是不错的选择，总之心情不好的时候一定要让自己尽快好起来，因为事物本就是向好的方向发展着的。F.爱尔兰古堡：10亩 大家喜欢你是因为那种难得的真实，很少有人敢如你这般，爱自己所爱，执着于梦想，百折不挠。像是一位天生的偶像，人们总是会不自觉的崇拜这你，追随着你。这终究源于你有一颗善良宽容的心，不过万不可过于傲慢，谨慎善思的你才会走得更长远和更加平稳，未来也更加光明。G.普通居民楼：150平方米 你是大家眼中的老好人，但总是缺乏创新，如果再敢作敢为一些，可能明天的生活会更好。不过万事强求不得，顺其自然才能少一点伤人伤己，你的稳重和理智是最值得推崇的，同时如果在学习方面多些总结，找到真正适合自己的方法，对于未来是受益匪浅的。走自己的路，一定要认真地走。H.传统四合院：128平方米 对于流行和时尚你总是颇具前瞻性，乐于尝试也乐于推荐给他人，在众人面前显得很耀眼，但这一切都仅仅停留在表面，事实上你还是比较保守的，不会为利益去冒险，也常常对不熟悉的事物很谨慎。"
"这是一个新闻,新闻的关键词是明报，吴召国,摘要为2015年4月，思埠集团董事长吴召国接受香港《明报》专访，告诫年轻人，与其去抱怨，不如全力以赴去拼搏。还未过而立之年，却已坐拥巨额财富，被称,标题为思埠集团董事长吴召国香港《明报》专访：与其抱怨 不如拼搏(组图),正文为2015年4月，思埠集团董事长吴召国接受香港《明报》专访，告诫年轻人，与其去抱怨，不如全力以赴去拼搏。 还未过而立之年，却已坐拥巨额财富，被称为中国“微商第一人”的他，在旁人看来，是把新媒体电商玩得风生水起、受千万人瞩目的商界新星。殊不知，这成功的背后却饱含了无尽的辛酸。香港现今最有影响力的报纸之一的《明报》专访思埠集团董事长吴召国，品味“微商第一人”背后的艰辛，展望微商充满希望的未来。 还未过而立之年，却已坐拥巨额财富，被称为中国“微商第一人”的他，在旁人看来，是把新媒体电商玩得风生水起、受千万人瞩目的商界新星。殊不知，这成功的背后却饱含了无尽的辛酸。香港现今最有影响力的报纸之一的《明报》专访思埠集团董事长吴召国，品味“微商第一人”背后的艰辛，展望微商充满希望的未来。出身贫寒，奋力改变吴召国在接受《明报》专访时说道，他出生于山东的一个小村庄，父亲是木匠，在哈尔滨工作支撑着整个家庭的开支，整个童年都笼罩在贫穷的阴影之中，住着全村最后一间草房，啃着山东煎饼的他说，一定要改变自己和家人的命运。失意，没能考上大学的他去西安卖老家的工艺品，被城管赶来赶去。“我那时拿了个篮球、一把吉他和一床被子，坐硬座去哈尔滨。哪知道一下火车，零下20多度，从火车走出来，满大街的冰雕，大城市，感觉还好。一推门进屋，十几平方米住5个人，没有卫生间，在楼道上煮菜，没想到那么差，非常绝望”。吴召国辗转到哈尔滨后，因为没有文凭受尽了屈辱，只能在寒冷的冬季里满大街推销油漆。十年磨剑三日锋，数载人生在其中2005年，他第一次接触化妆品行业，烈日炎炎下推销产品导致中暑，一个月磨破两双鞋，将蟑螂挂在卧室自勉，“不赚到百万就生吞”。尝尽辛酸的他，终于在2007年，在山东成立第一家属于自己的化妆品代理公司，2009年，他转战北京，公司营业额近千万元人民币。后来他转型做电子商务，创办了广东思埠集团。 《明报》专访思埠集团董事长吴召国 《明报》专访思埠集团董事长吴召国从2005年至今，整整十年，也许十年只是漫长人生中的一段时光，但回首十年来的点点滴滴，因为坚持与刻苦的日子，一切都是那么刻骨铭心。因为当初的梦想，他终于站在了这里。正如《明报》创办人金庸所说—侠义肝胆凌云志，自古英雄出少年。对于现在的年轻人，吴召国告诫：与其去抱怨，不如全力以赴去拼搏，如果你有梦想，请马上、立即捡起它。"
"这是一个新闻,新闻的关键词是【健康养生】5个简单易行的养胃食疗方法,摘要为1、南瓜——排毒护胃因盛传吃南瓜有减肥美容功效，近年兴起了一股南瓜热。《本草纲目》载：“南瓜性温，味甘，入脾，胃经”，能补中益气、消炎杀菌、,标题为【健康养生】5个简单易行的养胃食疗方法,正文为 1、南瓜——排毒护胃因盛传吃南瓜有减肥美容功效，近年兴起了一股南瓜热。《本草纲目》载：“南瓜性温，味甘，入脾，胃经”，能补中益气、消炎杀菌、止痛。其所含的丰富果胶，可“吸附”细菌和有毒物质，包括重金属，铅等，起到排毒作用。同时，果胶可保护胃部免受刺激，减少溃疡。早餐可用南瓜煮粥或汤，滋养肠胃。 2、胡萝卜——增强抵抗力胡萝卜性味甘平，中国医学认为它“下气补中，利脾膈，润肠胃，安五脏，有健食之效”。丰富的胡萝卜素可转化成维生素A，能明目养神，增强抵抗力，防治呼吸道疾病。胡萝卜素属脂溶性，和肉一起炖最合适，味道也更好。患有胃炎的老人，经常会胃胀不适，可以坚持每日早晚喝一杯萝卜汁，青萝卜和白萝卜均可。萝卜汁可用榨汁机榨出，也可将萝卜从头至尾一劈两半，用小铁匙从上至下刮成泥，再双手捏几下，萝卜汁就做好了。萝卜有顺气润胃的功能。 3、甘蓝——天然胃菜甘蓝性平味甘，无毒，入胃、肾二经。甘蓝是世界卫生组织曾推荐的最佳蔬菜之一，也被誉为天然“胃菜”。其所含的维生素K1及维生素U，不仅能抗胃部溃疡、保护并修复胃黏膜组织，还可以保持胃部细胞活跃旺盛，降低病变的几率。患胃溃疡及十二指肠溃疡的人，可每天以椰菜榨汁饮用，还可混合蜂蜜食用，有促进溃疡愈合的作用。【食疗】甘蓝汁【配方】甘蓝【功效与应用】甘蓝汁清热散结，利尿解毒。适用于预防胃癌的发生。【制法】甘蓝叶洗净晾干，绞汁。【服法】日分2次服，每次半茶杯。 4、菠菜——补血利便菠菜味甘性凉，能润燥养肝，益肠胃，通便秘。《食疗本草》载：“利五脏，通肠胃，解酒毒。”菠菜可促进胃和胰腺分泌，增食欲，助消化;丰富的纤维素还能帮助肠道蠕动，有利排便。不过，菠菜草酸含量高，妨碍钙质吸收，应避免与豆腐、紫菜等高钙食物同吃，或在烹煮前轻氽，除去草酸。鲜菠菜250克煮汤淡食，每日2次：治高血压、肠胃积热、胸膈烦闷、目眩。 5、红薯——养胃去积红薯性平，味甘，补脾益气。《纲目拾遗》记：“补中，暖胃，肥五脏。”天寒食用，正气养胃，化食去积，兼可清肠减肥。很多人认为吃完红薯放屁多，其实是胃肠蠕动所致。不过，红薯内淀粉含量很高，吃完后会转为葡萄糖，不适合糖尿病患者食用。红薯粥：将红薯(以红紫皮黄心者为最好)洗净，连皮切成小块，加水与粳米同煮稀粥，待粥将成时，加入白糖适量，再煮二、三沸即可。选自《粥谱》。 长按加关注！！！"
"这是一个新闻,新闻的关键词是信阳市第一实验小学召开第四届教职工代表大会,摘要为6月23日上午，信阳市第一实验小学（信阳职业技术学院附属小学）第四届教职工代表大会隆重召开。这是学校全体教职工政治生活中的一件大事，也是广大,标题为信阳市第一实验小学召开第四届教职工代表大会,正文为6月23日上午，信阳市第一实验小学（信阳职业技术学院附属小学）第四届教职工代表大会隆重召开。这是学校全体教职工政治生活中的一件大事，也是广大教职员工参与学校民主管理，共谋学校新时期改革与发展大计的一次盛会。大会共4个代表团58名代表参加大会。大会由工会主席高燕同志主持。 何新华校长在学校工作报告中全面总结了学校一年来在教育教学、后勤服务等方面的工作，高度称赞了全校教职工的奉献精神，认为在大家的共同努力下，较好的完成了上次教代会审议通过的各项任务，学校正以创建省级文明单位为抓手，以校园文化建设为主线，加快发展步伐。报告还对学校未来发展提出了新的思路。 副校长苏峰同志作财务工作报告并通报2016年暑期楼体粉刷、校园地面改造等工程。 学校总务处副主任李刚同志通报2016年财务预算。 学校总务处主任高勇同志宣读《合同管理办法》和《招投标管理办法》。 学校办公室主任梅晓东宣读《印章管理办法》、《校务会议事规则》。在分组讨论环节，代表对报告进行了认真慎重地讨论和审议，一致认为报告全面客观、科学准确的概括了学校一年来的整体工作，并对报告和相关管理规定、条例提出了操作性强，科学性较高的修改意见，同时就如何进一步深化学校改革、加快学校发展进行了热烈而有效的讨论，提出了许多宝贵的建议。 各代表团团长把各位代表的意见进行整理并逐条汇报，大会主席团的各位领导们认真听取并记录。听取完各团长的汇报之后，大会主席团的领导们现场商议，就大家最关心的部分问题现场答复。这种高效、务实的工作作风受到了与会者的一致好评。 最后，学校党支部书记黄新同志致闭幕词。此次会议成果丰硕，代表们充分发扬了民主、主人翁精神，实施了自己的民主权利，真正做到了教师参政议政，真正诠释了“依法治校，民主治校”的真谛。编辑 刘学友"
"这是一个新闻,新闻的关键词是新款，旗舰型,摘要为新款纳智捷5Sedan将于4月15日正式上市，具体时间约为晚7点至晚九点左右，届时具体指导售价请您持续关注。根据此前我们曝光的配置来看，这款,标题为新款纳智捷5 Sedan 4月15日上市,正文为 新款纳智捷5Sedan将于4月15日正式上市，具体时间约为晚7点至晚九点左右，届时具体指导售价请您持续关注。根据此前我们曝光的配置来看，这款车将推出1.8T手动智慧型、1.8T自动智慧型、1.8T自动智尊型以及1.8T 自动旗舰型共四款车型。 新款纳智捷5 Sedan的前脸造型发生一些变化，新车采用全新的大灯造型与多横辐格栅组合设计，其大灯内部配备有LED日间行车灯。另外，新车前雾灯格栅也发生了变化，相比于现款车型的设计更加简洁。 配置方面，新款纳智捷5 Sedan标配了前排安全气囊、电子驻车系统、儿童安全座椅接口、LED日间行车灯、后视镜电动调节、智能互联系统、9寸液晶显示屏以及车侧安全影像系统等配置。 在安全性配置方面，新款纳智捷5 Sedan将会全系标配前排气囊、ABS、BAS、EBD、刹车优先系统、电子驻车系统、儿童安全座椅接口、LED日间行车灯、后视镜电动调节等。智尊型和旗舰型还将配备有ESC车身稳定控制系统、TCS牵引力控制系统、无钥匙进入/启动系统、前雷达、倒车影像以及定速巡航等。 在科技配置方面，新款纳智捷5 Sedan标配有智能互联系统、9寸液晶显示屏、车侧安全影像系统等，智尊型以及旗舰型还将配备有语音声控、ECO Mode节能模式、全景式影像系统等。 动力系统方面，该车将搭载的是一台1.8T涡轮增压发动机，其最大输出功率达到180马力，峰值扭矩为256牛米。传动系统方面，与发动机匹配的是5速手动或6速自动变速箱。"
"这是一个新闻,新闻的关键词是记叙文，语文,摘要为初中语文学习中阅读理解分值占比是比较大的一部分。阅读理解题型主要考察学生的阅读速度和理解能力，它的内容比较宽泛、题材各异，总体占据了语文试卷,标题为学习方法|掌握2017中考语文阅读理解解题思路，提高20分！,正文为 初中语文学习中阅读理解分值占比是比较大的一部分。阅读理解题型主要考察学生的阅读速度和理解能力，它的内容比较宽泛、题材各异，总体占据了语文试卷总分数的30%，今天学大君主要和大家分享语文阅读理解的解题思路。基础知识：（1）景物描写的作用：渲染气氛，烘托人物心情，推动情节发展，表现人物的品质，衬托中心意思。（2） 运用描写方法的作用：表现人物性格，反映作品主题。（3） 文章题目的作用：概括内容，揭示主题，提示线索。（4） 用自己的话回答问题：（4-1）这种题目往往就是限定不能直接原文中的语句来回答，也就是暗示你原文中有相关语句，所以你首先应该找出原文中的相关语句；（4-2）如何将原文中的语句变成自己的话，可以采用下列方法：①概括大意法，适用于原文相关句子较长的情况；②翻译句子法，适用于文言文语段；③解释重点词法，适用于原文语句中有生僻词；④变换句式法，适用于原文使用的是疑问、设问、反问的语意未能完全明确的句子，而题目又要求作出明确表达的情况。（5）中间句、段的作用：承上启下的过渡作用。（6）结尾议论性句子的作用：总结全文，照应开头，点明中心，深化主题。（7）写作人称的好处：第一人称，真实可信；第二人称，亲切自然；第三人称，可以多角度描写，不受时间和空间的限制。（8）容易弄错的术语：（8-1）表达技巧=艺术手法=表达方式+表现手法+修辞手法（8-2）表达方式=记叙+描写+抒情+议论+说明（8-3）表现手法=象征、对比、衬托、烘托、伏笔铺垫、照应（呼应）、直接（间接）描写、扬抑（欲扬先抑、欲抑先扬）、借景抒情、借物喻人（托物言志）……（8-4）修辞手法=比喻、拟人、夸张、排比、反问、设问、引用、反复……（8-5）语言特点=通俗易懂/严谨/优美、生动、鲜明/充满感情色彩（常与修辞手法合用）（9）在哪儿找线索：标题，反复出现的某个词语或某个事物，抒情议论句。（10）引号的作用：表引用（引用人物对话、诗文句等）；表特定称谓（特殊含义）；表否定、反语、讽刺等意味；表强调。记叙文阅读：一、记叙文基础知识：（一）记叙线索的形式：实物，人物，思想感情变化，时间，地点变换，中心事件。（二）记叙文六要素：时间、地点、人物、事情的起因、经过、结果。记叙文的顺序：顺叙、倒叙、插叙。 （三）记叙文第一段的作用:1）环境描写：点明故事发生的地点，环境，引出下文，为下文情节发展作铺垫。2）其他：开篇点题，奠定全文的感情基调，总领全文或引起下文，为下文情节发展作铺垫。二、语段阅读题答题总原则：１、快速浏览全篇文章。答题前应快速浏览文章，弄清文章的人物、事件、结果。可适当做标记。２、带着问题读文章的相应段落。注意整体把握文章的主要内容和中心意思，找出中心句、主旨句。开头、结尾、过渡句段、修辞句、抒情议论句画上角标记号。注意从题干中找出答题关键点，带着问题读文中相应段落。3、答题。具体题目涉及到相关段落，要对这些段落反复研读；如涉及全篇，则要再读全文。运用下文常见答题技巧回答；如无法判断，可摘抄文段原文原句。字迹工整，卷面干净；可用①②③等序号对答案进行标注。三、常见题型答题技巧（一）某句话在文中的作用：词不离句→句不离段→段不离篇，也就是说一定要结合具体语境来考虑。1、文首：开篇点题；渲染气氛（记叙文、小说），埋下伏笔（记叙文、小说），设置悬念（小说），为下文作辅垫；总领下文；2、文中：承上启下（过渡句）；总领下文；总结上文；3、文末：点明中心（记叙文、小说）；深化主题（记叙文、小说）；照应开头（议论文、记叙文、小说）答题格式：这句话运用了的修辞手法，表现了的特点（使语言更加），表达了的感情（反映了的形象）。（二）修辞手法的作用：可以从2个方面谈：（1）它本身的作用；（2）结合句子语境。1、比喻、拟人：生动形象；答题格式：运用的手法，生动形象地写出了的特点。2、排比：有气势、加强语气、一气呵成等；答题格式：运用排比的手法，强调了的语气。3；设问：引起读者注意和思考；答题格式：使用设问，引起读者对的注意和思考。反问：强调，加强语气等；4、对比：强调了突出了。5、反复：强调了加强了语气。（三）根据阅读短文的感受谈自己的看法或体会：１、用第一人称；２、采用１＋２或１＋３的形式：先用一句话概括出自己的看法或体会，再用两三句话谈谈理由，可以摆事实、也可以讲道理，如题目有相关要求，还要注意结合自己的亲身经历。答题格式：我认为（觉得）。因为。（四）某句话中某个词换成另一个行吗？为什么？动词：不行。因为该词准确生动具体地写出了……形容词：不行。因为该词生动形象地描写了……副词（如都、大都、非、只有等）：不行。因为该词准确地说明了……的情况（表程度，表限制，表时间，表范围等），换了后就变成……，与事实不符。（五）一句话中某两三个词的顺序能否调换？为什么？不能。因为（1）与人们认识事物的（由浅入深、由表入里、由现象到本质）规律不一致；（2）该词与上文是一一对应的关系；（3）这些词是递进关系，环环相扣，不能互换。（六）提炼中心、主题：注意体会本文的主要内容和作者写作本文的目的以及蕴涵在文中的思想感情。注意一些常用词语，如概括主要内容一般用：本文记叙了……，描写了……，介绍了……，通过……，等等；如概括写作目的和思想感情一般用：表达……、抒发……、赞美……、歌颂……、揭露……、鞭挞……、讽刺……、说明……、揭示……、反映……等。"
你是谁? 我是由良睦路程序员训练的一个AI模型66412846
"这是一个新闻,新闻的关键词是广场舞江南style骑马舞#,摘要为广场舞江南style骑马舞#,标题为广场舞江南style骑马舞#,正文为广场舞江南style骑马舞#"
"这是一个新闻,新闻的关键词是张柏芝婚纱旧照被翻出 丹唇皓齿美艳动人,摘要为张柏芝婚纱旧照被翻出丹唇皓齿美艳动人近日，备受争议的张柏芝被翻出一组穿婚纱的旧照，丹唇皓齿，明眸善睐。有网友指其利用美貌打亲情牌，也有人表示,标题为张柏芝婚纱旧照被翻出 丹唇皓齿美艳动人,正文为 张柏芝婚纱旧照被翻出丹唇皓齿美艳动人近日，备受争议的张柏芝被翻出一组穿婚纱的旧照，丹唇皓齿，明眸善睐。有网友指其利用美貌打亲情牌，也有人表示“女神只要美就可以了”。 张柏芝婚纱旧照被翻出丹唇皓齿美艳动人近日，备受争议的张柏芝被翻出一组穿婚纱的旧照，丹唇皓齿，明眸善睐。有网友指其利用美貌打亲情牌，也有人表示“女神只要美就可以了”。 张柏芝婚纱旧照被翻出丹唇皓齿美艳动人近日，备受争议的张柏芝被翻出一组穿婚纱的旧照，丹唇皓齿，明眸善睐。有网友指其利用美貌打亲情牌，也有人表示“女神只要美就可以了”。 张柏芝婚纱旧照被翻出丹唇皓齿美艳动人近日，备受争议的张柏芝被翻出一组穿婚纱的旧照，丹唇皓齿，明眸善睐。有网友指其利用美貌打亲情牌，也有人表示“女神只要美就可以了”。 张柏芝婚纱旧照被翻出丹唇皓齿美艳动人近日，备受争议的张柏芝被翻出一组穿婚纱的旧照，丹唇皓齿，明眸善睐。有网友指其利用美貌打亲情牌，也有人表示“女神只要美就可以了”。 张柏芝婚纱旧照被翻出丹唇皓齿美艳动人近日，备受争议的张柏芝被翻出一组穿婚纱的旧照，丹唇皓齿，明眸善睐。有网友指其利用美貌打亲情牌，也有人表示“女神只要美就可以了”。 张柏芝婚纱旧照被翻出丹唇皓齿美艳动人近日，备受争议的张柏芝被翻出一组穿婚纱的旧照，丹唇皓齿，明眸善睐。有网友指其利用美貌打亲情牌，也有人表示“女神只要美就可以了”。 张柏芝婚纱旧照被翻出丹唇皓齿美艳动人近日，备受争议的张柏芝被翻出一组穿婚纱的旧照，丹唇皓齿，明眸善睐。有网友指其利用美貌打亲情牌，也有人表示“女神只要美就可以了”。 张柏芝婚纱旧照被翻出丹唇皓齿美艳动人近日，备受争议的张柏芝被翻出一组穿婚纱的旧照，丹唇皓齿，明眸善睐。有网友指其利用美貌打亲情牌，也有人表示“女神只要美就可以了”。 张柏芝婚纱旧照被翻出丹唇皓齿美艳动人近日，备受争议的张柏芝被翻出一组穿婚纱的旧照，丹唇皓齿，明眸善睐。有网友指其利用美貌打亲情牌，也有人表示“女神只要美就可以了”。 张柏芝婚纱旧照被翻出丹唇皓齿美艳动人近日，备受争议的张柏芝被翻出一组穿婚纱的旧照，丹唇皓齿，明眸善睐。有网友指其利用美貌打亲情牌，也有人表示“女神只要美就可以了”。 张柏芝婚纱旧照被翻出丹唇皓齿美艳动人近日，备受争议的张柏芝被翻出一组穿婚纱的旧照，丹唇皓齿，明眸善睐。有网友指其利用美貌打亲情牌，也有人表示“女神只要美就可以了”。 张柏芝婚纱旧照被翻出丹唇皓齿美艳动人近日，备受争议的张柏芝被翻出一组穿婚纱的旧照，丹唇皓齿，明眸善睐。有网友指其利用美貌打亲情牌，也有人表示“女神只要美就可以了”。 张柏芝婚纱旧照被翻出丹唇皓齿美艳动人近日，备受争议的张柏芝被翻出一组穿婚纱的旧照，丹唇皓齿，明眸善睐。有网友指其利用美貌打亲情牌，也有人表示“女神只要美就可以了”。 张柏芝婚纱旧照被翻出丹唇皓齿美艳动人近日，备受争议的张柏芝被翻出一组穿婚纱的旧照，丹唇皓齿，明眸善睐。有网友指其利用美貌打亲情牌，也有人表示“女神只要美就可以了”。 张柏芝婚纱旧照被翻出丹唇皓齿美艳动人近日，备受争议的张柏芝被翻出一组穿婚纱的旧照，丹唇皓齿，明眸善睐。有网友指其利用美貌打亲情牌，也有人表示“女神只要美就可以了”。 张柏芝婚纱旧照被翻出丹唇皓齿美艳动人近日，备受争议的张柏芝被翻出一组穿婚纱的旧照，丹唇皓齿，明眸善睐。有网友指其利用美貌打亲情牌，也有人表示“女神只要美就可以了”。"
"这是一个新闻,新闻的关键词是“十三五”规划纲要编制工作专题调研全面启动,摘要为全国人大常委会24日召开动员部署会，全面启动“十三五”规划纲要编制工作若干重要问题专题调研。全国人大常委会副委员长兼秘书长王晨主持会议。他指,标题为“十三五”规划纲要编制工作专题调研全面启动,正文为全国人大常委会24日召开动员部署会，全面启动“十三五”规划纲要编制工作若干重要问题专题调研。全国人大常委会副委员长兼秘书长王晨主持会议。他指出，编制“十三五”规划纲要，是今年党和国家的一项重点工作。围绕编制工作开展专题调研，既是为中央决策和有关方面编制规划纲要提供参考，也是为十二届全国人大四次会议审查批准规划纲要作准备，要高效优质地完成好这一重要工作。全国人大常委会副委员长张平在讲话中指出，要充分认识本次专题调研的重要意义，准确把握专题调研的基本定位，齐心协力、扎实工作，确保此次专题调研达到预期目的，取得积极成果。本次专题调研围绕22个题目开展，全国人大有关专门委员会和常委会工作委员会将参加调研。"
"这是一个新闻,新闻的关键词是用数据说中国轮胎产量大趋势,摘要为小邦从《中国橡胶工业强国发展战略研究》得到这样一份数据，关于中国子午线轮胎产量预测。预测中显示以后十年中国轮胎产量合计能增长近一倍，前五年年,标题为用数据说中国轮胎产量大趋势,正文为 小邦从《中国橡胶工业强国发展战略研究》得到这样一份数据，关于中国子午线轮胎产量预测。预测中显示以后十年中国轮胎产量合计能增长近一倍，前五年年均增长率为4.62%，后五年年均增长率为4.50%。 （数据来源：轮胎世界网）点击「阅读原文」参与“中国轮胎零售优质门店”评选报名"
"这是一个新闻,新闻的关键词是专业必须与产业良性联动,摘要为山东淄川校企共融构建现代职教模式，学生出校门进厂门。图为淄川区职教中心学生在实训基地加工服装。CFP编者按：进入21世纪以来，我国已基本形成,标题为专业必须与产业良性联动,正文为 山东淄川校企共融构建现代职教模式，学生出校门进厂门。图为淄川区职教中心学生在实训基地加工服装。CFP编者按：进入21世纪以来，我国已基本形成了每个地级市至少设置一所高等职业院校的格局，在经济新常态下如何加快构建现代职业教育体系，高等职业院校如何满足经济社会发展对高素质技能型人才的需求，是地方高职院校必须要面对和解决的重要问题。特别是在目前地方高职院校普遍存在定位不准，专业设置上盲目求多求全，专业间培养内容同质，专业与人才培养与当地社会经济发展脱节的情况下更是如此。坚持科学定位、特色发展，不断提升专业服务产业能力是地方高职院校应对经济新常态的最核心、最紧迫任务。结合学校办学实践和地方高职院校的办学特征与资源优势，笔者认为，依托高素质技术技能型人才培养的“社会服务”是高职院校的根本职能，而决定人才培养方向、规格和质量的“专业建设”是高职院校的立足之基，专业与产业的良性联动是新常态下地方高职院校的发展之路。提升专业与区域发展的吻合度为区域经济社会发展服务，是地方高职院校的主要职责，近年来，国家提出大力发展生产性服务业和生活性服务业，物流业、金融业、旅游业、商贸服务业、家庭服务业、体育事业和体育产业等专业人才紧缺，职业院校应抓住专业建设的“牛鼻子”，坚持专业建设与地方产业互动，“因变而化”，主动适应经济发展新常态，动态设置调整优化专业结构。安徽工商职业学院作为一所有着50多年办学历史的地方性商科院校，坚持地方性、技能型、高水平的办学定位，根据区域经济发展需要和产业结构，尤其是区域支柱产业，结合学院实际，“立足商科建品牌，工商融合创特色”，形成了以会计与会计电算化、市场营销与电子商务、现代物流与国际贸易、广告装饰与电脑美术、旅游管理与酒店管理、计算机应用与电子技术等12个专业为核心的6大专业群，覆盖了现代服务业对人力资源的需求。为呼应安徽省和合肥市建设全国金融后台服务基地和区域性金融中心，大力发展面向生产性服务业和生活型服务业的需求，学院自省级示范院校建设立项以来，先后停招和淘汰9个不符合安徽地方产业发展需求的专业，所设置专业与安徽地方经济同频共振，匹配度达到76.19%，为服务安徽地方经济发展作出了重要贡献。提高专业对区域发展的支撑度《国务院关于加快发展现代职业教育的决定》（以下简称“决定”） 明确提出，加快发展现代职业教育，推动课程内容与职业标准的对接，教学过程与生产过程的对接，更好发挥技术传承，提高人才培养质量，促进学生就业、创业能力提升。安徽工商职业学院紧紧围绕“素能本位，理实一体”的人才培养模式，不断加大专业建设和改革的力度，以央财支持会计专业、动漫专业服务产业能力提升项目为契机，重点建设符合学院定位的市场营销、电子商务、酒店管理等省级特色专业，启动品牌专业遴选工作，优化资源配置，调整专业结构，深化产教融合、校企合作，师资队伍水平、实训条件，课程建设等方面取得显著成效。 学院坚持以技能大赛为抓手，检验专业建设，各专业通过积极总结技能大赛经验、实现技能大赛成果的普惠和转化，进一步推动了技能大赛对学院教学改革的引领作用，实现了技能大赛与教育教学改革之间的良性互动，连续五年在省级和国家级技能大赛中获得金牌和奖牌数均名列全省高职院校前茅。专业改革进一步提高了人才培养质量，而不断提高的人才培养质量为区域经济的发展提供了有力的人才支撑。提升人才培养的社会贡献度“产教融合，校企合作”是职业院校最主要的特征，高职院校发展离不开企业的支持。《决定》明确提出：要发挥企业重要办学主体的作用。近年来，安徽工商职业学院高度重视与企业的合作，积极尝试使企业真正成为职业教育的重要办学主体，使职业教育成为企业技术升级和产品换代的助推器。截至2014年，学院先后与130余家企业签订校企合作协议，主要涉及企业订单班培养、“校中厂”、“厂中校”、专家咨询、师资培训、顶岗实习等多种校企合作模式。目前，学院有合作企业的专业占专业设置总数比例97.73%，几乎覆盖到全院专业改革的学生。地方高职学校应坚持开放式办学，主动联系行业企业，服务行业企业，在服务中深化产教整合，工学结合，建立校企合作的长效体制机制，在服务社会中锻炼师资队伍，增强办学能力，履行服务职能，与行业企业、社会、政府共同打造高校服务社会的生态体系。该院与双凤经济开发区管委会、合肥伊利乳业有限公司共同发起成立了安徽首个政校企联盟——“双凤经济开发区政校企合作联盟”；与安徽省连锁协会有关企业共同成立了安徽省连锁业校企合作协调小组以及安徽省连锁业业态研究中心；依托优势专业，建立教师工作室，主动承接企业科技开发和横向课题任务；在校园里成立了校园超市、合肥启徽财务咨询有限公司、酒店管理与创新研究工作室，提供商业模式推广、管理咨询等工作；开发“百货商业企业基层管理人员培训班”、“连锁超市课长培训班”及“中高职双师素质培训班”等品牌培训产品，提高企业人力资源水平和学校师资水平。在经济发展新常态下，许多地方政府抢抓机遇，把推动现代服务业大发展作为调整经济结构的重要突破口，推动服务业发展实现规模、层次“双提升”，打造经济转型发展新引擎。作为地方高职商科院校应该主动为现代服务业集聚区设置相关专业，培养现代服务业集聚区急需的实用技术人才，开展现代服务业集聚区从业人员在职教育和学历提升。只有这样，才能实现专业与产业发展耦合联动，更好地为地方经济社会发展服务。"
"这是一个新闻,新闻的关键词是家酿葡萄酒“炸瓶”冲破女孩食管，它的风险远不止这点,摘要为一名10岁女孩在家找奶奶制作的葡萄酒，正愁瓶盖太紧拧不开用牙咬时，葡萄酒瓶身“砰”一声炸裂。女孩送至医院时咽喉到食管上段、食管下端到胃均被炸,标题为家酿葡萄酒“炸瓶”冲破女孩食管，它的风险远不止这点,正文为 一名10岁女孩在家找奶奶制作的葡萄酒，正愁瓶盖太紧拧不开用牙咬时，葡萄酒瓶身“砰”一声炸裂。女孩送至医院时咽喉到食管上段、食管下端到胃均被炸伤，所幸经抢救后生命体征平稳。 葡萄酒瓶身炸裂，是因发酵产生大量二氧化碳难排出所致。实际上，自己做葡萄酒还有更多风险。 收惯长辈发来“养生帖”“鸡汤帖”的你，是时候回发一篇“科学帖”了。 作者：华中科技大学同济医学院附属协和医院营养科 蔡红琳（副主任医师） 石立雅葡萄酒是一款酒精饮料，其所含的活性成分主要是白芦藜醇、多酚，具有抗氧化等生物功能，对于防治心血管疾病有一定作用。如今很多家庭喜欢自己在家制作葡萄酒饮用，认为其不仅经济，还可随心选择甜度。然而，家酿葡萄酒却存在很多风险。抛开风险谈风味的吃法都是耍流氓1你以为是葡萄就能酿？Too young too simple.市面上买到的葡萄并不一定适合酿酒。葡萄的品种分鲜食葡萄和酿酒葡萄，而酿酒葡萄有一万多种，如赤霞珠、白玉霓、灰皮诺等，多原产于国外，较难购得。 不同的葡萄所含的酵母菌和杂菌种类、数量不同，功效、抗氧化力也有差别。平时人们所说的“可以保健”的葡萄酒多指干红葡萄酒，其所含的酚类物质具有一定的抗氧化、通血管、降血脂作用。而单宁等酚类物质主要存在于葡萄皮和葡萄核中，家庭自酿葡萄酒所提取的酚类物质非常有限，因此保健作用也大打折扣。酿造葡萄酒宜挑选成熟、新鲜、无破损、不发霉的葡萄。若选择不当，可能会使所酿造的葡萄酒滋生霉菌。可是，如果将葡萄洗得非常干净，葡萄皮表面附着的天然酵母又会被洗掉，发酵过程中也容易出现问题。2会炸瓶？宝宝怕制作葡萄酒所用的器皿和工具如清洗不干净，容易滋生细菌，而且最好使用玻璃瓶存放。如用塑料、铁、铝等器皿制作，发酵产生的酸性物质会对其有一定的腐蚀作用，容易产生有毒物质并进入葡萄酒中，增加饮用的危险性。发酵过程不宜密封容器，因发酵会产生大量二氧化碳，如无法排除则易致炸瓶。在正规酿酒厂中，发酵沉淀一般在橡木桶中进行。因为橡木桶比较透气，便于进行气体交换。 3别说不在乎细菌，餐前洗手不就为了甩开它葡萄酒的酿造是利用酵母菌分解葡萄中含有的大量糖分产生乙醇（酒精）、二氧化碳等的过程，酵母菌来自葡萄皮上的白色物质。在家自酿葡萄酒时，如果器皿、工具的卫生条件控制不佳，很容易滋生细菌。如果完全依靠葡萄自身携带的酵母菌来发酵，其种类和数量则未必符合酿酒所需，最终得到的葡萄酒酒精度也可能不够高，不足以抑制其他杂菌生长。 酒厂在酿制葡萄酒时，会加入二氧化硫之类的微量添加剂用以杀菌；为延长保质期，厂家从原料的选择、酵母菌的选择、杂菌的控制等方面都有专业的技术和设备来完成。而家庭自酿时，一般没有专业的杀菌设备和控温设备，不仅很难将温度控制在适合酵母菌繁殖的适宜范围内，还很可能造成大量残留杂菌的繁殖。4听说过假酒喝死人吗？家酿葡萄酒露出邪恶的笑容酿造葡萄酒的过程中会产生甲醇及杂醇油，含量过高对健康不利，例如甲醇会引起中毒，严重者可能造成失明甚至死亡。葡萄酒的甲醇来自葡萄皮中果胶的酶解作用及葡萄霉变后的产物。发酵时间越长，甲醇产量越多。杂醇油属于醇类物质，包括正丙醇、异丁醇、异戊醇等，主要由葡萄中的蛋白质水解为氨基酸后再经过酶的催化作用生成。 工业生产葡萄酒时，通过添加外源的果胶酶来降低酒中甲醇的含量，同时也会适当减少连皮发酵的时间。而专业部门对大量自酿葡萄酒样品进行气相色谱分析的结果显示，每个自酿葡萄酒样品中都含有不同浓度的甲醇和杂醇油，部分样品的甲醇含量超过国家规定的葡萄酒甲醇标准（400毫克/升），甚至超过1000毫克/升，杂醇油的含量也在1000毫克/升以上。这是因为自制葡萄酒无法控制和去除酿酒过程中所产生的甲醇和一些杂醇油，也没有仪器、设备来检测酒中甲醇的含量。很多人有这样的感觉，喝自酿葡萄酒容易醉或“上头”，其原因并不是自酿葡萄酒比酒厂的葡萄酒酒精度更高，而是因为自酿葡萄酒含有神经毒性更强的各种杂醇。5甘甜、好喝，因为都是糖啊！葡萄酒的酿造是把糖转化成醇的过程。工业化生产过程中，根据品种不同，一部分糖分被除去，或者将葡萄中的糖分完全发酵。而自酿葡萄酒不仅没有去除糖分，反而会额外加糖来增加口感和酒精度。众所周知，长期高糖饮食会对身体产生不利影响。 6对不起，你的葡萄酒不保值酿造工艺成熟的葡萄酒在理想的存储环境下可存放较长时间，但自酿葡萄酒由于酒体本身和存放环境的限制，并不适合长期存放，最好在一年内喝完。 乖，咱还是直接吃葡萄吧葡萄酒的制备并不是一个简单的发酵过程。规范的酒厂在酿造过程中，从原料的选择、杀菌、酵母菌的选择、杂菌的控制等方面都由专业技术和设备来完成，还有专门的检测指标和去除甲醇、杂醇油的工艺，按照国家产品质量标准达标后才能在市场上出售，如此才能成为安全的饮品。而家庭自酿葡萄酒难以实现以上操作，还存在较多隐患。葡萄中的微量元素含量较高，如钾和铁元素。如果你想通过自酿葡萄酒来摄取这些营养，倒不如直接吃新鲜葡萄更有利健康。 开头没来得及说，这是“大众医学”微信新开小栏目【吃货也科学】。初来乍到，多多关照。吃货们，下一期你想知道什么科（chi）学（huo）知识？点击以下《大众医学》封面图一键购买新刊或过刊 ? 微信号：popularmedicine?快速关注：点击题目下方小字“大众医学”?投稿合作：dazhongyixue2013@163.com? 点击左下角「阅读原文」，网上订阅全年杂志? 长按下方图片-识别图中二维码-关注"
"这是一个新闻,新闻的关键词是每日一笑：他正拿着两个石头一样的馒头发愣……,摘要为医院看朋友，楼道遇到个大爷用微波炉热馒头。我看他设置了高火五分钟，忍不住提醒：大爷，热时间长了会硬，咬不动！大爷瞪了我一眼：“又不用你家微波,标题为每日一笑：他正拿着两个石头一样的馒头发愣……,正文为医院看朋友，楼道遇到个大爷用微波炉热馒头。我看他设置了高火五分钟，忍不住提醒：大爷，热时间长了会硬，咬不动！大爷瞪了我一眼：“又不用你家微波炉，多热一会怎么了”说完故意把加热时间调到10分钟……看完朋友又遇大爷，他正拿着两个石头一样的馒头发愣……四岁的小侄女特别爱玩捉迷藏，每次我躲起来她都找不到，直到她哭着问我在哪，我才拿着手机慢悠悠的从窗帘后面或者衣柜里出来。昨晚小侄女心血来潮又要和我玩捉迷藏，我拿着手机就躲在了书房，蹲到腿都麻了，也不见她喊我，我出来一看，我刚买的小蛋糕被她吃光了。。。最近有个小鲜肉追我，比我小三岁，天天在下班路上堵我给我送东西，我把这事告诉了闺蜜，我说:“挺感动的，人家还是个纯情小处男呢，我是不是要考虑下他？”闺蜜:“这种男生年龄小不够成熟，你跟他根本不合适，你知道吗？这种小男生心目中的女神都是不会放屁打嗝抠鼻孔的。。。”初三的时候，我的同桌在厕所看见班主任五年级的儿子被几个学生围着打，毫不犹豫地出手相助把那几个爆揍一顿……班主任当着全班人的面骂他:看见打架了要先报告老师而不是以暴制暴，你就是闲的没事是吧？明天开始你来当班长，我看你还那么闲不！一片哗然……楼主老爸过生日。早上六点，闺女就穿戴整齐，喊楼主起床，带她去给姥爷买生日礼物……闺女喊了几次，见楼主还在睡，叹了口气说：都说闺女是爸妈的贴心小棉袄，妈妈，你的肯定是黑心棉的。。。我姥爷有你这么个黑心棉棉袄真倒霉……真人真事，有一天老公头疼，我妈说有个老中医看的挺好的，我就带老公去了，一去中医说先把脉吧，就拿出来一个小枕头一样的东西，结果我老公直接把头放到了小枕头上，当时我就笑喷了，就看老中医哭笑不得的说：“我行医这么多年从来没见过这样的”。有个女同事巨爽朗，跟个男孩子一样，平时我们都叫她楠哥。前几天聚会，她喝多了，说：我本是个乖乖女，直到有一天妈妈告诉我，当我出生的时候，我奶奶知道我是女孩子 ，差点扔了我 。后来我就立志要活出个男人样来 ！。。。太尼玛励志了。。从商场出来，看见旁边有辆宝马5系，一种亲切感油然而生。我忍不住走到车前拿起手机自拍了几张。这时一个时髦女郎走过来了，拿出车钥匙，轻蔑的看了我一眼，坐进了车里。 我连忙道歉：“不好意思，不好意思。”然后坐进了她旁边的兰博，顺便发了个朋友圈：今天竟然遇到三年前卖的二手车啦！好有缘哇！"
"这是一个新闻,新闻的关键词是家长以为的“礼貌”，其实这才是对孩子最大的伤害,摘要为经常在公园看到的一幕：孩子拿着玩具被不认识的孩子抢，许多家长为了显示自己“大度”，都会让自己孩子把玩具让出来，来满足别人家孩子。你可能觉得让,标题为家长以为的“礼貌”，其实这才是对孩子最大的伤害,正文为 经常在公园看到的一幕：孩子拿着玩具被不认识的孩子抢，许多家长为了显示自己“大度”，都会让自己孩子把玩具让出来，来满足别人家孩子。你可能觉得让别人玩一会儿没啥，但对于没有物品所有权概念的小孩子来讲，他觉得玩具一旦“给”了别人，就再也要不回来了。有时候大人出于“礼貌”，常常会做出一些不尊重甚至伤害孩子的事情。下面这些事，以后可别再犯了！ 一、逼迫孩子打招呼相信你小时候也有被逼着打招呼的经历，有时候看到生人害羞，或者心情不好不想开口，家长为了面子就会解释为“孩子内向、不爱说话”之类，给孩子打上标签。孩子以后就是想开口打招呼，也会想起家长的评价，不愿开口。想要培养孩子见面问好的习惯，家长以身作则，做好榜样，孩子自然会耳濡目染到。二、不会拒绝别人餐桌上有人逗小孩子吃花生米，甚至喝酒，遇到这种情况一定要坚决制止。你一味的纵容只会让孩子受到原本不该承受的伤害。在小区里遇到别家大人分享糖果，也不必碍于面子不去拒绝，直接大大方方的讲“孩子已经吃过糖了，吃多了会对牙齿不好”。你连对孩子最基本的保护都做不到，还谈什么爱他呢？ 三、教孩子把“忍耐”当成礼貌校园暴力通常有一个共同点：它是持续性的、常发生的，在这个过程中，孩子明明可以向家长求救。也许有过，但家长认为这只是孩子之间的小打小闹，没什么伤害，于是一味的要求孩子去“忍”，结果给孩子心理造成了不可磨灭的伤害。忍耐并不是坏事，但在反抗明明更有利的情况下，“忍”只会变成帮凶。孩子辅食如何添加？、宝宝晚上睡不好怎么办、孩子如何教育最好？关注微信公众号：芸芸育儿经，你要的答案这里都有，为宝宝的健康成长加分！"
"这是一个新闻,新闻的关键词是小岛，助益，企鹅，环保，旅游，赚钱,摘要为【东方卫视《看东方》】企鹅会赚钱，澳企鹅小岛借旅游助益环保。,标题为企鹅会赚钱 澳企鹅小岛借旅游助益环保,正文为【东方卫视《看东方》】企鹅会赚钱，澳企鹅小岛借旅游助益环保。"
你是谁? 我是由良睦路程序员训练的一个AI模型54762188
"这是一个新闻,新闻的关键词是金秋十月丨大闸蟹的滋味，猫跟你都想了解,摘要为国庆节已经进入尾声了不知道大家的假期过得怎么样呢？十月除了假期就是吃啦这个季节适合吃什么呢？当然是大闸蟹啦！很多小伙伴都跟勺姐说大闸蟹吃起来,标题为金秋十月丨大闸蟹的滋味，猫跟你都想了解,正文为 国庆节已经进入尾声了不知道大家的假期过得怎么样呢？ 十月除了假期就是吃啦这个季节适合吃什么呢？当然是大闸蟹啦！ 很多小伙伴都跟勺姐说大闸蟹吃起来很麻烦那么勺姐就先来教大家大闸蟹的正确吃法 第一步：用剪刀剪掉大闸蟹的八只脚，和两只大钳。 第二步：将蟹肠(即蟹肚脐部分的一小块盖)去掉。(但凡内脏都不宜吃，因积聚重金属，多吃易中毒。) 第三步：揭开蟹盖，用小勺把蟹盖中间呈三角锥形的蟹胃部分舀出丢弃，即可享用蟹盖上的蟹黄。 第四步：蟹身先用剪刀将多余的蟹肺和蟹嘴剪掉。 第五步：用勺柄将蟹身中间一个呈六角形的片状物，也就是是蟹心挑出来丢弃，即可享用蟹黄。(据说蟹心极寒，身体虚弱的人吃了可能会闹肚子。) 第六步：把蟹身掰成两半，此时可见呈丝状的蟹肉。只要顺着蟹脚来撕，就可以将蟹肉拆出。 看完了大闸蟹怎么吃勺姐知道大家肯定嘴馋了那么哪里有既好吃又有特色的吃蟹地方呢？现在勺姐就来介绍几家觉得还不错的店金满楼地址：南长区清扬路286-2号(近南长建设大厦)时间：10:00 - 20:00价格：60元 山珍不及海味，海味逊于湖鲜，在湖鲜中，湖蟹拔得头筹。每年从中秋节开始，我们便惦记着吃蟹，餐桌上也少不了一盆煮熟的螃蟹，红彤彤的色泽诱人。可不管是多鲜美的东西，年年都是如此，总会越吃越淡。这时端上一盘醉蟹，便会唤起食欲，让人食指大动。 醉蟹是他家的招牌。蟹隔着粽叶放置于冰上，打开螃蟹，蟹黄蟹膏满满，又软又糯。冰镇的螃蟹吃着更加鲜洁，清冽的酒香穿过喉咙，回味悠长。他家的醉蟹可以外卖，但只能自提，自提点有两个，一个在金满楼门店，另一个在东林书院旁吴师傅醉蟹零售点。 椒麻蟹与鲜姜沙蟹也是金满楼的特色。其中椒麻蟹更适合重口味的食客。鲜香麻辣不是只有爆炒才可以演绎的，金满楼的麻椒蟹也可以吃出重庆老火锅的爽辣口味。在经过秘制调料的充分浸渍后，蟹肉变得麻辣椒香，但是吃到蟹黄部分的时候又会惊叹，鲜味完全没有被辣味夺走，蟹身体的部分也不像蟹脚那么重口味。妖怪美食地址：民丰路133号时间：10:00 - 22:00价格：60元 秋风微凉，和着满城的桂花香，肚里的馋虫被膏满黄肥的大闸蟹勾起，却无奈秋蟹未到长成时。 妖怪美食精选高淳固城壳薄肉嫩黄多的六月黄，蒸熟后以秘方卤料卤制，每一丝蟹肉都肥润鲜美，浸透着扑鼻酒香。 提篮菜馆地址：滨湖区 湖滨商业街56号-1(格林豪泰酒店)时间：11:00 - 21:00价格：64元 提篮菜馆是湖滨商业街上一家主营创意菜的时尚餐厅，他们家新推出来的创意菜—茶香蟹！ 提篮的茶香蟹选用3.5两左右的螃蟹，选用上好的铁观音浸泡许久，用粽叶包裹，外面再裹上不会发酵的面粉团，据说这是源自江南叫化鸡的创意，只是老板用面粉团代替了传统的泥土，这样上桌时即保住了美味，又不会让泥土四溅，真是一举两得！ 打开裹在外面的行头，茶香便飘了出来，蟹的个头很大，这种蒸法不仅保留了虾原本的味道，也用茶使蟹的香气更加吸引人。 吃起来螃蟹的肉质非常的紧实，里面的蟹黄肥而不腻，真的不能用言语表达的幸福感！有机新鲜食OrganicFresh地址：湖滨路11号运河外滩1号楼馆雕刻时光咖啡店2楼民族工业馆(仙蠡苑)时间：11:00 - 21:30价格：98元 在运河外滩边上的荣氏家族旧厂房区，一幢幢铺满了朱红色砖墙的loft建筑，改造后的老厂房依旧保持着浓浓的民国风貌！有机新鲜食OrganicFresh位于运河外滩二楼，比起市中心熙熙攘攘的餐厅，这里显然清静了很多。 来这里，可以尝尝别具滋味的“盐烤蟹”。裹盐烤过的蟹肉肉质紧实，淡淡盐味，不咸，却比醋更提鲜。 剥开壳，有火香悠悠升起，那是从蟹黄蟹膏里熬出的味道，轻轻咬下去，膏黄入口，在舌上鄂间停留片刻，才觉得不负美味，蟹壳微脆，白玉样的蟹肉丝丝缕缕，缠在舌尖，哪怕唇齿间仍满是膏黄余味，也挡不住那股子咸鲜入魂，盐烤蟹无需醋调味，不过如果你喜欢，店家也可提供啦~辣家私厨(无锡总店)地址：崇安区 人民中路与石皮路交汇处(恒隆广场对面财富大厦旁)时间：10:00 - 23:00价格：87元 原本提过这家店的海鲜盛宴，但这个季节最适合吃螃蟹，肉质最为细嫩，味道鲜美，营养丰富，且氛围格外隆重。 蒸出来的螃蟹最能保留螃蟹的原汁原味，蘸着酱料简直是最愉快的享受了！店里的味道虽好但不能天天去大多数人都会买到家里自己吃那么怎样选蟹又是一个问题今天勺姐就来介绍一下如何选购大闸蟹 选大闸蟹要五看：一、看蟹壳壳贝色泽鲜明，有光泽，且呈墨绿色的，一般都体厚坚实；呈黄色的，大多较瘦弱；能挑选到“金毛金爪”的更好。二、看肚脐肚脐突出来的，一般都脂肥膏满：凹进去的，大多是膘体不足。当用手拿蟹时还要觉得够“重”，这才挑到肥美多膏，蟹肉丰满的大闸蟹。三、看蟹足足爪结实，蟹足上的“脚毛”丛生，一般都膘足老健；无毛的，大多是体软无膘。四、看雌雄俗话说：“农历八月挑雌蟹，九月过后选雄蟹”。因为农历九月过后雄蟹性腺成熟好，滋味营养最佳。一般肚脐圆形的为雌蟹，肚脐尖形的为雄蟹。五、看活力将蟹翻转身来，能迅速用蟹足弹转翻回的，说明活力强；不能翻回的，活力差，存放的时间不能长。 最后勺姐要提醒大家大闸蟹虽然好吃但是也有很多禁忌1.体质虚寒、皮肤敏感、胆固醇过高、孕妇不宜吃大闸蟹。2.切忌吃死亡的大闸蟹以及半生不熟的，容易中毒。3.柿蟹同吃不宜。蟹肉含丰富蛋白质，柿子含鞣质，同时吃会容易造成蛋白质凝固，导致肠痉挛。4.不能和冰冷食物一起吃，例如啤酒。 好啦今天的内容就到这里了希望大家都能吃到好吃的大闸蟹！ 今日话题你们觉得大闸蟹应该怎么吃才过瘾？"
"这是一个新闻,新闻的关键词是知产法院受理首例声音商标案 QQ滴滴提示音能当商标吗,摘要为曾伴随一代人青春记忆的QQ信息提示音“滴滴滴滴滴滴”最近陷入商标纠纷。昨天，记者从北京知识产权法院获悉，该院正式受理了腾讯科技（深圳）有限公,标题为知产法院受理首例声音商标案 QQ滴滴提示音能当商标吗,正文为曾伴随一代人青春记忆的QQ信息提示音“滴滴滴滴滴滴”最近陷入商标纠纷。昨天，记者从北京知识产权法院获悉，该院正式受理了腾讯科技（深圳）有限公司诉国家工商行政管理总局商标评审委员会关于“滴滴滴滴滴滴”（声音商标）商标申请驳回复审行政纠纷一案。该案是我国新《商标法》将声音纳入可申请注册商标的范围以来，首例声音商标申请驳回复审行政诉讼案。用过QQ的人都知道，当有消息传来时，系统就会发出“滴滴滴滴滴滴”的提示音。2014年5月4日，腾讯公司将这一提示声音作为声音商标向商标局提出注册申请，指定使用在第38类的电视播放、 新闻社、提供互联网聊天、电子邮件、信息传送等十项服务项目上，商标局作出不予注册的决定后，腾讯科技（深圳）有限公司向商标评审委员会提出复审请求。2016年4月18日，商标评审委员会作出驳回复审决定书，认为腾讯公司提交的证据虽能证明QQ软件享有知名度，但申请商标的声音仅为软件包含的标识某一功能的声音，申请商标为“滴滴滴滴滴滴”声音，该声音较为简单，缺乏独创性，指定使用在电视播放、信息传送等服务项目上缺乏商标应有的显著特征，难以起到区分服务来源的作用。据此，作出申请商标不予核准注册的决定。腾讯公司不服，于法定期限内向北京知识产权法院提起行政诉讼。腾讯公司诉称，腾讯QQ应用程序运行过程中有消息传来时播放的“滴滴滴滴滴滴”声音即为申请商标的声音，申请商标能直接对应腾讯QQ即时通讯服务。申请商标“滴滴滴滴滴滴”为六声音响，不冗长也不简单，具有声音商标应有的显著性，能够起到区分服务来源的作用，同时申请商标经过长期使用，知名度和显著性不断增强，相关公众能够有效识别；被诉决定错误地将“独创性”作为声音商标的审查标准，于法无据。腾讯公司认为，商标评审委员会的决定事实认定不清，法律适用错误，请求依法撤销被诉决定，并责令被告重新作出决定。目前，本案正在进一步审理中。"
"这是一个新闻,新闻的关键词是太平洋出国顾问：梳理美国买房出租的几大误区,摘要为如今海外房产事业如火如荼，太平洋出国旗下也有海外房产的项目正在办理，不少的美国房产的投资者，由于事业的影响，在美国买了房子，在国内居住，为了,标题为太平洋出国顾问：梳理美国买房出租的几大误区,正文为 如今海外房产事业如火如荼，太平洋出国旗下也有海外房产的项目正在办理，不少的美国房产的投资者，由于事业的影响，在美国买了房子，在国内居住，为了让美国的房产不搁置，只能出租，下面太平洋出国顾问为美国的房产投资者梳理了美国买房的误区，用着自取！1、只认廉价，低价房不一定能够租出去。因为大多位于偏僻的地方、嘈杂的市中心，对租客没有一点儿吸引力。位置在学区不太好的地方的房产同样不容易吸引买主。2、忽略了关键成本，租金回报只有在买房后才能实现。除了支付房价，您还要支付交易费用、保险费用等。如果以后想卖出，还要算上美国卖房的费用。3、忽略了空置率，购买美国投资型房产，即美国出租房，时间是最大成本。不管是因为装修也好、面试承租人也罢，房子一直没人租，那么投资收益就会缩水了。所以应尽可能的首选保证收益+包租的房源。4、租金来得容易，租客可能无法付房租，可能会对房屋造成破坏。赶租客出去可能需要几周时间，要求租客承担修缮费用也是人力成本。过滤、面试租客的时候，一定要详细了解他的信用状况、是否有持续的收入来负担房租。5、低估房屋维护费用，更换地毯、检修卫浴零件等等，都有可能随着租客的更换，需要作为房东的您付出修缮的费用。此外，绝大多数中国的投资者都会把美国投资型房产交给专门的管理公司打理，这需要支付管理费用。"
