content
你是谁? 我是由良睦路程序员训练的一个AI模型2120567
"这是一个新闻,新闻的关键词是招行转型投行资管双驱动 委外杠杆三成仍倚重自主投资,摘要为随着市场环境的不断变化，过去依靠风险资产扩张的发展模式难以为继，“轻型银行”成为商业银行转型模式之一。10月18日，招商银行副行长丁伟在银行,标题为招行转型投行资管双驱动 委外杠杆三成仍倚重自主投资,正文为 随着市场环境的不断变化，过去依靠风险资产扩张的发展模式难以为继，“轻型银行”成为商业银行转型模式之一。10月18日，招商银行副行长丁伟在银行业例行新闻发布会中表示，“招行在2014年把‘轻型银行’明确为二次转型的方向，走轻资本、轻资产、轻负债、轻渠道的经营目标。”在转型目标实现推进过程中，发展投行业务成为重中之重。“首先，市场有脱媒需求。在‘三去’的大背景下，实体经济对传统信贷的需求相对低迷，但是对债券发行、资本运作、跨境并购的需求迅速增加。奇虎360、万达、中信资本等跨境投资均有招商银行的参与。其次，居民有着庞大的理财需求，理财资金不能用于传统信贷，只有发展投行资管业务。”丁伟解释道，截至6月末，招行理财资金规模突破2万亿，仅次于工商银行，位居全行业第二。随着实体经济不断下滑，理财产品也不断出现亏损事件，刚性兑付成为市场讨论热点。丁伟表示，刚兑是银行业理财面临的主要问题，需要银行发展、投资者观念改变等。从投资者来讲，投资任何理财产品均有风险。在销售时，资产的规模应匹配相对应的风险承受能力，同时每个理财产品都不保证刚性兑付。此外，在商业银行投行资管业务中，委外业务成为近两年来的发展亮点，但外界也对此抱有杠杆放大、风险增加的担忧。招商银行投行与金融市场总部总裁周松认为，目前市场有些妖魔化商业银行委外投资。招商银行以自主投资为主，委外投资为辅。如果商业银行仅仅成为一个资金通道，将投资委托外部机构，长期来看，是没有核心竞争力的。目前招行的委外杠杆非常低，仅为0.3。面对市场热议的委外资金增加债市杠杆问题，周松认为，商业银行有大量资金配置的需求。无论是自主投资债市，还是委托外部投资机构投资债市，只不过是操作手段的不同。招行利用外部机构进行资金配置，也会参考自主风险。招行每天都会了解委外机构的底仓和交易策略，有些机构擅长波段，有些擅长垃圾债，有些信用研究很强，不同外部机构呈现不同特点。面对下一步发展，招行表示，投行业务将挖掘大型央企国企、房地产企业和部分战略客户的发债需求，大力拓展并购重组，尤其是企业“走出去”潮流下的跨境并购企业及其背后的并购融资、银团贷款业务。并将投行资管业务与零售业务的传统优势相融合，汇聚提升三项能力，形成一个“投行-资管-财富”互联互补的轻型盈利链条。关于巨和资本巨如集团，上海信息服务行业协会理事单位。巨和投资管理(上海)有限公司成立于2008年，2016年在澳大利亚国家证券交易所(NSX)挂牌上市(NSX股票代码：JCL)。巨和是上海金融信息行业协会副会长单位，通过严苛的信用审查和风险控制流程，全方位提供公开、透明、合规、专业的金融信息中介服务平台。公司致力于提供信息交互、资产配置咨询、财富规划咨询、资信评估等多层次中介服务。公司历经八年发展，拥有专业的核心运营团队，为每一位投资者量身定制理财方案，为投资人资金有效升值保驾护航。投资理财，我选巨和!"
"这是一个新闻,新闻的关键词是饮用水，矿泉水,摘要为渐入盛夏，各种各样的饮用水广告充斥身边。但消费者们发现，同样是无色无味的饮用水，种类可多达十几种，而价格高低也可相差几倍甚至十几倍。饮用水市,标题为透视饮用水市场一池浑水：品种十几个价差十几倍,正文为渐入盛夏，各种各样的饮用水广告充斥身边。但消费者们发现，同样是无色无味的饮用水，种类可多达十几种，而价格高低也可相差几倍甚至十几倍。饮用水市场这“一池浑水”，究竟有多少不为人知的秘密？你喝的到底是什么水？农夫山泉的广告说：“我们不生产水，我们只是大自然的搬运工”。近期风头正劲的恒大冰泉广告则称：“我们搬运的不是地表水。”生产也好，搬运也罢，林林总总的饮用水品种，总让人眼花缭乱。记者走进上海、北京等地的超市和便利店，矿物质水、纯净水、矿泉水、冰川融水、、负离子水、太空水、天然饮用水……名目繁多，货柜上的水少则五六种，多的超过十种。同样是水，其实各不相同。知名饮用天然矿泉水专家、中国饮料工业协会高级顾问杜钟举例分析，矿泉水是采用地下深处自然涌出或采集而来的、未受污染的地下矿水，通常含有一定量的矿物盐、微量元素或二氧化碳气体；而矿物质水则是添加了矿物质的普通水。比如，有矿物质水产品说明中就有标注：配料为水及矿物质或者硫酸镁、氯化钾等添加剂。“矿物质水中常见的添加成分与天然水中含有的矿物质本质上是不同的，而且这些成分含量较低，因此并不能补充人体每天所需的矿物质。”杜钟说。中国农业大学食品科学与营养工程学院副教授朱毅则指出，“饮用天然水”的名称也容易导致消费者产生认识偏差，误认为是用地下涌出的泉水制成的，其实则不然，其水源多为湖水；而真正的“天然矿泉水”的生产必须取得国土部门的采矿许可证。值得关注的是，国家卫计委已公布了《包装饮用水》国家标准的征求意见稿。如果新标准得以实施，“饮用矿物质水”叫法将被叫停，包装饮用水的标准将实现统一，还必须在产品外包装明确标注产品的成分。今后，除了天然矿泉水，凡是人工水，都将叫“包装饮用水”。这将和国际食品法典委员会将饮用水划分为“矿泉水标准”和“其它瓶装水标准”两类的做法一致。瓶装水成本几何？同样是无色无味，但各类饮用水的价格却相差悬殊。记者在上海多家便利店看到，500ml装饮用水的价格从0.8元左右到10多元不等，而以标识为“天然矿泉水”的饮用水价格较高。比如，依云、富士、斐济等进口天然矿泉水每500ml的价格在10元左右，恒大冰泉、昆仑山、统一等国内天然矿泉水价格每500ml在5－6元之间。而矿物质水的价格相对较低，500ml装的超市价不到1.2元，在便利店也少有超过2元。水的成本如何构成？一位长期致力于矿泉水研究的专家表示，一家水企想要开发矿泉水资源，首先要获得探矿权，探明其水质、水量，然后开始采矿，最后建立工厂，并在卫生、技术、环保成本等方面进行投入，这些是“显性成本”，此外还包括营销等成本等“隐性成本”。 在著名的“矿泉城”—位于长白山西麓的吉林省靖宇县，已探明有47处矿泉水源，云集了农夫山泉、恒大、哇哈哈等10多家知名水企。今年4月，靖宇白浆泉的矿泉水探矿权以5万元起拍、以1.5677亿的天价成交，成为史上拍卖价格最高的矿泉水探矿权。“长白山矿泉水500ml装的出厂单价在3元左右是比较理性的。”吉林省矿泉水资源协会副秘书长张大伟说。不过，在高价位矿泉水中，营销及渠道成本的比重越来越高。比如，记者了解到，一瓶500ml法国依云矿泉水，其生产成本加上进口物流、税收等成本合计在5－6元的水平，其在电商平台上价格在7.5－8.5元左右，而在ole""s等高档超市价格超过10元，到了宾馆餐厅则可高达数十元，在上海外滩一家高级餐厅的价格更是超过60元。大量“搬运”天然饮用水会否催生水危机？农夫山泉的重要水源地是千岛湖，昆仑山矿泉水广告称其出自“6100米高海拔、无污染水源”；恒大冰泉则强调自己“搬运”的是“长白山3000万年天然矿泉”。行业统计数据显示，截至去年年底，我国矿泉水等包装饮用水产量已占饮料总产量的45%，且产量连年呈两位数增长。一些消费者担忧，一旦抽取、“搬运”天然饮用水过多，是否会加剧水资源困境？这并非杞人忧天。记者了解到，在一些抢手的水源地，可开发的泉眼几近饱和，但当地的水企仍在不断扩建、增产。以长白山矿泉水为例。吉林省矿泉水资源协会副秘书长张大伟说，综合考虑水企“以产定销”及交通、物流等因素，白山市地区未来的矿泉水最高年产能将在650万吨左右，而允许开发的极限产能预计每年应在1亿吨以上。并且，矿泉水都是自涌而出，其涌出量占长白山一带整个水系中的比例不到6%，“就算以后上了1000万吨的大项目，对生态环境的影响应该也是微乎其微的”。长白山天然矿泉水靖宇水源保护区管理局局长李印锡则表示：“对于矿泉水，我们是科学合理地开发，企业的采矿证里有涌泉的允许开采量，一般原则是70%，从源头引入厂后，剩下的回归自然，确保对生态环境的补给。”据了解，目前吉林大学环境与资源学院教授梁秀娟正带领团队对长白山矿泉水的形成机理机制、水质水量的监测和矿泉水补给条件及形成条件等方面进行研究。“矿泉水产业的发展必须注重产学研三方结合，重视科技创新。同时，应统筹规划矿泉水产业发展布局模式，让产业健康、有序地发展。”梁秀娟说。"
"这是一个新闻,新闻的关键词是【健康美食】山药的正确打开方式~,摘要为?红烧肉炖山药?原料：五花肉200g、猪后尖肉200g、山药300g、油、盐、冰糖、红烧酱油、葱、姜、八角、桂皮、干辣椒、料酒做法：1.将五,标题为【健康美食】山药的正确打开方式~,正文为 ?红烧肉炖山药? 原料：五花肉200g、猪后尖肉200g、山药300g、油、盐、冰糖、红烧酱油、葱、姜、八角、桂皮、干辣椒、料酒做法 ：1.将五花肉和后尖肉洗净，切块。2.山药洗净去皮，切成滚刀块。3.把山药下入油锅煎成金黄。4.把肉水焯一下，捞出备用。5. 锅中加入少量的油，下入焯好水的肉煸炒。6.加入葱姜和八角 桂皮 辣椒，继续煸炒至出香味，肉色微黄。7.加入冰糖转小火，煸炒至上糖色。8.烹入料酒，加入酱油煸炒均匀。9.加入开水，没过肉，大火烧开，转小火炖焖40分钟。10.加入盐和煎炸好的山药，再炖焖30分钟，转中火，烧至汤汁浓缩即可? 日式山药饭? 原料：日本山药1条、1只蛋的蛋清、木鱼花水50cc、滑子菇(或用其他小菇代替)适量、木鱼花适量、日式酱油3~5滴、葱花小量、芥末小量做法：1、把山药去皮，然后放在磨碗里磨出约40g的山药糊2、把蛋清和木鱼花水倒进山药糊里，再加进几滴酱油调味3、用筷子把调好味的山药糊打匀；4、把适量木鱼花放进平底锅里略为加热；5、盛一碗煮好的米饭，把山药糊浇在饭面6、把滑子菇、木鱼花、葱花、芥末等铺好，还可以再加1只小鹌鹑蛋?蜂蜜山药糕? 原料：山药、大米粉、牛奶、枸杞 、黑芝麻、蜂蜜做法：1、山药削皮洗净切小块2、用料理棒打成浆;加入牛奶、蜂蜜3、筛入大米粉;搅拌均匀;容器内壁抹一层薄油4、将拌好的米粉山药糊倒入容器中，撒上枸杞，放入蒸锅，蒸30分钟5、出锅后，撒上黑芝麻，再淋上蜂蜜，趁热吃口感较好? 山药糕 ? 原料：山药500克、面粉150克、澄沙馅250克、京糕250克、白糖250克、香精、红色素、绿色素各少许做法：1、把山药洗净，上屉蒸烂，晾凉2、把面粉蒸熟3、把白糖分成两份，一份加红色素拌成粉红色糖粉，另一份加绿色素拌成绿色糖粉，在拌糖粉时少许香精4、将蒸好的山药剥去外皮，搓成泥状，加50克熟面粉，揉成面团，再分成两块5、取一小块山药面团，擀成13厘米见方的块，再把澄沙馅擀成同样大小的块，放在山药面块上6、把京糕切成3毫米厚的片，铺在澄沙馅上面7、把另一块山药面团，擀成同样大小的块，放在京糕片上铺平8、改刀切成同样大小的两块，将其中的一块撒上粉红色的糖粉，另一块撒上浅绿色的糖粉9、把红、绿山药糕拼好，切成4条，再把每条各切成5块，即可上屉。? 拔丝山药 ? 原料：山药、绵白糖、生粉、植物油做法：1、山药去皮切滚刀块。（最好带一次性手套，防止粘液刺激皮肤过敏2、用清水泡洗山药块，沥干水分3、拍上少许生粉4、锅置火上加适量油烧至7成热，逐一下入山药块5、炸至脆硬时捞起沥油。（喜欢面口的可复炸至金黄色捞出6、盘内抹少油防粘7、另起锅加入植物油、绵白糖，比例为1:38、待糖溶解，继续搅拌9、待糖浆变稀，色泽淡黄。（千万不能温度高了，就功亏一篑了糖就会变苦成焦糖了10、迅速放入炸好的山药块11、关火翻炒均匀即可?椰汁蒸山药? 原料：山药500g、椰汁200g、枸杞5g做法：1、枸杞用水泡一下，山药去皮切条放入盐水里备用。2、深盘子里码放好山药，再倒入椰汁3、撒枸杞。上锅蒸10-20分钟4、装盘后撒白砂糖? 脆炸山药卷 ? 原料：山药400克，椰蓉100克、威化纸1张，白糖20克、炼乳20克、色拉油200克做法：1、烧一锅开水，先将山药煮一下，然后去皮，手就不痒了山药卷2、鸭蛋放笼里蒸熟3、山药切成条，倒入油锅中炸至金黄色，捞出4、鸭蛋蒸熟后，取黄，用刀碾成末5、锅中倒一点点油，先炒蛋黄，再把山药下锅6、加盐、糖，翻炒至蛋黄裹在山药上7、炒匀后就可以出锅"
"这是一个新闻,新闻的关键词是我们了知天地 却看不懂人心,摘要为我们的心的本性到底是一个什么样子？这个是我们最不了解的。我们的真正的盲点，就是我们自己的心的本性。我们可以知道很多很多外面的东西，尤其是高科,标题为我们了知天地 却看不懂人心,正文为我们的心的本性到底是一个什么样子？这个是我们最不了解的。我们的真正的盲点，就是我们自己的心的本性。我们可以知道很多很多外面的东西，尤其是高科技发达了以后，我们可以知道很多很多。不仅是地球上的东西，而且还有比如说还有太阳系的，还有宇宙的、外太空的。很多很多的知识，很多，我们很多都懂。但是唯一的我们不懂的是什么呢？就是不懂我们的心的本性是什么样子，这个我们不懂。这就是我们的盲点，也就是我们的所有的问题的根源，就是在这个地方，因为我们不了解。因为有了贪嗔痴，然后就是我们在生活当中也感觉不到幸福；再有钱、再有权、再有名，但是一样的不幸福，一样的不快乐。这些所有的问题就是因为我们不懂得心的本性，也就是说因为我们没有解决这个三毒，所有烦恼的这个三个根本没有解决，没有铲除这三个烦恼的根源，所以我们在外表上再成功也好、再怎么样也好，不幸福的原因、不开心的原因、不快乐的原因，也就是这个。这不仅仅是眼前，而且生生世世，我们每一次来的时候也就是一无所有，然后走的时候也就是两手空空地回去，也是一无所有。原因是什么？非常的简单，就是因为不了解自己的心。如果了解了自己的心，如果我们了解了我们自己的心的本性的话，那就很简单了。如果我们能够证悟了自己的心的话，那就是自己可以度自己，根本就不需要什么，自己完全可以度化自己。 识心，就是认识自己的心。我们凡夫当中没有一个认识自己的心。因为不认识自己的心，所以我们的心给我们制造了很多很多的烦恼，就是贪嗔痴。我们的心为什么给我们制造了这么多的烦恼？它为什么就是烦恼的根源呢？这是为什么？就是因为我们不认识它。不认识它的时候，然后在我们的心中出现八万四千——八万四千它没有一个具体的数字，意思就是说有无数的意思，就是无数的，很多很多的意思——无数的烦恼从我们的心里产生，原因就是——这个并不是说我们的心它本身是烦恼，它本身不是烦恼——我们自己不认识它。不认识用另外一句话来讲，就是因为没有证悟。没有证悟，所以我们的心就是变成了所有烦恼的源泉，所有烦恼从我们自己的这个心里出现，这样子以后我们所有的众生都变成了凡夫。就是这样子的原因。所以认识自己的心很重要。我们今天修出离心、修菩提心，是为什么呢？就是因为要识心，就是要认识自己的心。我们刚才也讲过了，我们现在就不谈背了多少书，能讲得好不好，解释得好不好听；我们就讲放下了什么，获得了什么，改变了什么。这三个意思就是说我们的学佛有没有让我们——识心还早——有没有稍微离证悟近一点，有没有这，就是这个意思。“众生识心自度”，我们认识了自己的心，证悟了以后，不需要佛来度我们，自己可以度。“佛不能度众生”，佛没有办法度众生的。这个就是佛教跟西方宗教的一个最大最大的不一样的地方，佛教就是说，佛没有办法度我们，要自己度自己。佛没有办法度我们，那我们为什么要皈依佛呢？那佛给我们起到什么作用呢？佛就是教我们怎么样去识心的这种方法，这种方法佛告诉我们；然后我们把这个方法掌握好了以后，剩下来的所有事情都是要自己去完成。所有的工作自己去完成，佛帮不了，就是这样子的。所以这个讲得非常的好，我们要认识自己的心。这个就是最最最重要了。佛家广结善缘，恩施佛法。最近你有没有坏运缠身、诸事不顺？本命佛可以帮你化灾挡煞、趋吉避凶！想了解更多运势问题，可添加大师微信：pax1114(长按可复制）帮你化解财运、健康、婚姻难题。教你如何化解风水，远离凡事纷扰，趋吉避凶，从官仕途高升，从商广纳财禄，得安康吉庆人生。"
"这是一个新闻,新闻的关键词是美年健康遭反垄断局调查 专家称垄断之名难成立,摘要为美年健康收购慈铭体检一事再遭挑战。昨日，美年健康公告称，公司子公司美年大健康产业（集团）有限公司于2016年7月26日收到商务部反垄断局出具,标题为美年健康遭反垄断局调查 专家称垄断之名难成立,正文为美年健康收购慈铭体检一事再遭挑战。昨日，美年健康公告称，公司子公司美年大健康产业（集团）有限公司于2016年7月26日收到商务部反垄断局出具的《涉嫌未依法申报经营者集中立案调查通知》。据了解，此前美年健康被举报收购慈铭体检未按程序向监管部门申报经营者集中。美年健康相关人士昨日在接受《证券日报》采访时回应称，这次是属于商务部例行程序的正常行为，公司将按照《立案调查通知》的要求，主动积极配合，在规定的期限内及时将有关材料报送中国商务部反垄断局。“上市公司就收购慈铭股权已经正常申报”。商务部反垄断局向美年健康、上海天亿资管、维图投资等发来的通知显示，根据《中华人民共和国反垄断法》和《国务院关于经营者集中申报标准的规定》，经营者集中达到申报标准的，应当事先向国务院反垄断执法机构申报，未申报的不得实施集中。2014年11月份，美年大健康产业（集团）股份有限公司与慈铭体检股东签署《股份转让协议》，约定收购慈铭体检100%股份。2015年3月份，美年大健康产业（集团）股份有限公司收购慈铭体检27.78%的股份完成工商变更登记。2015年11月份，上海天亿资管收购慈铭体检68.4%的股份完成工商变更登记。2016年4月份，上海维图投资从天亿资管收购慈铭体检36.11%股权完成工商变更登记。上述交易涉嫌构成未依法申报经营者集中。根据相关规定，商务部决定对此事进行立案调查。所谓经营者集中，是指经营者之间合并，或者取得其他经营者的控制权、影响力。按照相关规定，参与集中的所有经营者上一个会计年度在中国境内的营业额合计超过20亿元，并且其中至少两个经营者上一个会计年度在中国境内的营业额均超过4亿元的情况下，需要向商务部反垄断局进行反垄断申报。据了解，美年健康收购慈铭体检后，美年健康的2014年度中国境内营业额为14.3亿元，慈铭体检为9.1亿元，两家公司2014年度的中国境内营业额均已超过了规定的申报门槛，该交易应在第二次收购（即美年大健康实际控制人俞熔通过天亿资管收购慈铭体检68.40%股份）交易完成前，向商务部反垄断局进行反垄断申报。此外，对于美年健康收购慈铭体检涉嫌垄断一事，有行业人士认为，目前国内体检行业各级公立医院占据了95%的市场份额，民营体检机构总计所占的市场份额仅5%。中国政法大学副校长、国务院反垄断委员会专家咨询组成员时建中认为，对经营者集中的行为是否具有或可能具有排除限制竞争效果的分析，需要以相关市场界定为基础。在美年收购慈铭这个交易里，需要考虑医院和专业体检机构是否在相关市场内竞争。美年大健康对慈铭的收购对市场竞争结构的影响则较小，排除限制竞争的可能性也较低。(责任编辑：李乔宇)"
"这是一个新闻,新闻的关键词是南昌舰将现真容 23日举行“回家”欢迎仪式,摘要为市民争相与南昌舰合影工人正在进行“装修”10月19日，南昌市凤凰洲市民公园，停靠码头的南昌舰正在进行“装修”，吸引了众多市民前来一睹芳容并拍,标题为南昌舰将现真容 23日举行“回家”欢迎仪式,正文为 市民争相与南昌舰合影 工人正在进行“装修”10月19日，南昌市凤凰洲市民公园，停靠码头的南昌舰正在进行“装修”，吸引了众多市民前来一睹芳容并拍照留念。据了解，10月10日抵达的南昌舰，全长132米，宽12.8米，高24米（包括雷达天线达29米高）。为了顺利通过南京长江大桥和赣江大桥，前期对舰体进行了拆除，以达到符合要求的高度。目前正在通过临时搭建的通道，进行内外部的恢复性“装修”，包括搭雷达架，2个瞭望平台和灯光信号器等。23日，将举行南昌舰“回家”的欢迎仪式。（来源：中国江西网）"
"这是一个新闻,新闻的关键词是潘帕斯，世界杯,摘要为新华社照片，贝洛奥里藏特（巴西），2014年6月21日（世界杯）（3）足球—助威“潘帕斯雄鹰”6月21日，阿根廷队球迷赛前为球队加油助威。当,标题为（世界杯）（3）足球——助威“潘帕斯雄鹰”(图),正文为 （世界杯）（3）足球——助威“潘帕斯雄鹰” 新华社照片，贝洛奥里藏特（巴西），2014年6月21日（世界杯）（3）足球—助威“潘帕斯雄鹰”6月21日，阿根廷队球迷赛前为球队加油助威。当日，在巴西贝洛奥里藏特米内罗大球场进行的2014年巴西世界杯小组赛F组比赛中，阿根廷队对阵伊朗队。"
"这是一个新闻,新闻的关键词是听说王菲怀孕了？真不知道这女的是什么想法？ 唉 反正我很不喜欢~,摘要为那是不是就是谢霆锋又喜当爹？天涯客户端下载,标题为听说王菲怀孕了？真不知道这女的是什么想法？ 唉 反正我很不喜欢~,正文为那是不是就是谢霆锋又喜当爹？天涯客户端下载"
"这是一个新闻,新闻的关键词是修身不代表无趣，用来展现性感非他莫属！,摘要为牛仔背带裤女长裤秋装新款宽松大码休闲时尚显瘦破洞连体裤学生新款秋冬季新款韩版双排扣呢子大衣中长款学生翻领毛呢外新款秋冬新款纯色针织上衣包裙两,标题为修身不代表无趣，用来展现性感非他莫属！,正文为 牛仔背带裤女长裤秋装新款宽松大码休闲时尚显瘦破洞连体裤学生 新款秋冬季新款韩版双排扣呢子大衣中长款学生翻领毛呢外 新款秋冬新款纯色针织上衣包裙两件套韩版甜美时尚套装套裙 韩版秋冬新款双帽子宽松显瘦纯色加绒连帽卫衣 秋季新品韩版学院风长袖字母卫衣+修身小脚打底裤两件套时尚套装 冬装新款韩版女装棉衣女中长款连帽修身羽绒棉服显瘦大码加厚外套 春秋装韩版女士修身显瘦打底衫韩国学生百搭简约纯色长袖女t恤潮 加厚羽绒棉衣女短款宽松BF学院风棉袄面包服外套"
"这是一个新闻,新闻的关键词是红山，金秋,摘要为约跑吗？2016“扬马”城市跑不停-“中国移动杯”金秋缤纷跑，开跑在即！现场超多运动装备等你来拿！竞赛内容征集1000名长跑运动爱好者以缤纷,标题为2016“扬马”城市跑不停--金秋缤纷跑最新消息,正文为 约跑吗？ 2016“扬马”城市跑不停-“中国移动杯”金秋缤纷跑 ，开跑在即！现场超多运动装备等你来拿！ 竞赛内容 征集1000名长跑运动爱好者以缤纷为主题的5公里欢乐彩跑倡导走进大自然和“我运动、我快乐”的健康运动理念 ?时间? 10月22日上午9:00（星期六）?地点?江苏省级度假区枣林湾红山体育公园内?起终点和竞赛路线? 起终点：红山体育公园湖边舞台竞赛路线：红山体育公园湖边舞台 → “一水”景区 → 亲子乐园 → 木屋别墅 → “红山体育”转盘 → “九曲花海” → “一山”景区 → 红山宴 → 红山体育公园湖边舞台，全程约5KM。（*在亲子乐园、“红山体育”转盘、“一山”景区设置彩色站点） 活动流程 （一）上午8:00—8:30，选手报到，凭身份证或身份证复印件领取参赛装备，签署免责声明，地点：红山体育公园。（二）上午8:30—9：00，所有选手集合，热身活动，集合地点：红山体育公园湖边舞台。（三）上午9:00，相关领导致辞并宣布活动开幕。（四）上午9:18，发枪起跑，比赛关门时间为45分钟。（五）上午10:18，抽奖活动，颁奖仪式。*集合地点：红山体育公园湖边舞台 竞赛组织 【主办单位】扬州鉴真国际半程马拉松赛组委会【承办单位】扬州市体育局仪征市人民政府【执行单位】扬州市体育竞赛管理中心仪征市体育局扬州苏体体育文化发展有限公司红山体育度假村【协办单位】仪征市长跑协会仪征微马协会各县(市、区)长跑协会各大跑步俱乐部 奖项设置 本次特色路跑活动为不计时跑步活动、不设名次奖赛后抽奖抽奖对象：完赛跑友。抽奖办法：每位选手领取活动装备时会发放一个号码布及与号码布对应的号码牌。中途设1处关卡，设在“九曲花海”，通过关卡选手将获得红标，选手到达终点后，凭1个标识在终点处将抽奖号码牌投入抽奖箱中，由主办方安排嘉宾抽奖。现场领取奖品。如遇三次播报不到的做弃奖论处，重新抽取。号码牌投放截止时间为10:05 。【奖项设置】一等奖：1名 奖品为价值2000元的运动装备二等奖：5名 奖品为价值800元的运动装备三等奖：20名 奖品为价值350元的运动健康产品（由IVC氨糖软骨素提供奖品）纪念奖若干 报名方式 【报名时间】即日-2016年10月20日【报名限额】限额1000名，额满即止【报名费用】40元/人（*注：报名确认后报名费将不予返还）12岁以下免费，需有监护人【接车地点】扬州市邗江区国展路星耀广场1楼迪卡侬门口(10月22日上午6:30—8:00循环发车）当天扬州市区将提供免费大巴车接送哦！ 40元费用包含内容：参赛T恤、号码布、运动保险、参赛证书、参赛指南、彩粉、运动背包、红山体育公园免费入园等。 一级赞助商 一级赞助商01报名方式：1.咨询电话：苏体体育柴苏川：18083799288 / 15861381122微信号：chaisuchuan2.仪征市长跑协会：颜传军 13952523200 QQ群号：58087240102*有以下疾病患者不宜参加比赛：1、先天性心脏病和风湿性心脏病患者；2、高血压和脑血管疾病患者；3、心肌炎和其他心脏病患者；4、冠状动脉病患者和严重心律不齐者；5、血糖过高或过低的糖尿病患者；6、其他不适合运动的疾病患者。7、选手回报：参赛T恤、号码布、运动保险、参赛证书、参赛指南、彩粉、红山体育公园免费入园等，比赛结束后可用优惠价享有红山体育畅游通票一张。所有参赛选手活动结束还可以游玩以下项目 ■■■■■大型探索乐园 江苏省最大的植物迷宫远离空气污染远离噪音最接近大自然原生态- END -"
"这是一个新闻,新闻的关键词是合江，枪支,摘要为本报特约评论员王灏军警察违反枪支管理规定，舆论声讨之际，局领导仍为之背书，这样的坚挺极不正常，也不利于所有的配枪警察吸取教训。警务用枪管理不,标题为警察“丢枪”怎能罚酒三杯了事,正文为本报特约评论员王灏军警察违反枪支管理规定，舆论声讨之际，局领导仍为之背书，这样的坚挺极不正常，也不利于所有的配枪警察吸取教训。警务用枪管理不严格，责任追究不严厉，公众就不安全。5月23日，有网友发帖称，泸州市合江县交警大队副大队长许江带女下属开房弄丢配枪，并长期与女下属保持不正当关系，以及与合江一家汽车修理厂有不正当利益输送关系。鉴于网络喧嚣一片，合江县公安局副局长陈献辉回应称，许江并未“丢枪”，而是枪支“暂时失去控制”。此语一出，舆论哗然。其实叫“丢枪”还是叫“枪支暂时性失控”，并不重要。重要的是，许江的行为触犯了法律、法规以及公务用枪规章中的哪些条款，相应地，又要承担何种法律责任。中国乃成文法国家，法律通常原则而抽象，无法一一对应实践中的具体情况。与许江行为直接对应的，便是《公安机关公务用枪管理使用规定》（下文简称《规定》）。枪，是国家暴力机器的象征。对付暴恐以及特定的重大危险，法律支持警察用枪，民众也自会支持警察敢用枪、用好枪。但枪不能乱用，对配枪的管理更应严格。《规定》第十八条明确“非警务活动严禁携带、使用枪支”，“非工作需要不得携带枪支进入饭店、商场和歌舞厅等公共娱乐场所”。第二十六条第1款还明确，非警务活动期间，“个人保管的枪支必须集中保管”。按照当地警方说法，许江因私外出，且在离开辖区时枪支“失控”，明显违反了《规定》。对照《规定》中的罚则，即便许江的行为“情节轻微尚未构成犯罪”，也要“对直接责任人员和直接负责的主管人员给予行政处分”。但事发后只有许江领了个“行政记过”的处分。这样的轻描淡写，在警示意义上几与“罚酒三杯”无异，无怪乎网友群情激愤。“枪支暂时性失控”仅被“记过”，警察同行们也不服。被众多媒体和网友用以比照的是同样发生在四川的岳池县“3·21”丢枪案。当事警察既没与女下属开房，又未将枪放在宾馆的枕头下，而是将枪放在自己车内。但不幸的是，这辆车遇上了两位小偷，枪被盗走埋在了一处田地里，后被寻获。从危害后果上说，这一“丢枪”过程大致也算得上是“枪支暂时性失控”。而该案的处理结果是：当事警察被开除党籍、公职；当事警察所在派出所负责人被党内严重警告，县公安局分管领导被党内警告。警察违反枪支管理规定，舆论声讨之际，局领导仍为之背书，这样的坚挺极不正常，也不利于所有的配枪警察吸取教训。警务用枪管理不严格，责任追究不严厉，公众就不安全。既然对合江枪案的追责，合江警方已无可期待，合江纪委、合江检察系统或泸州相关部门应该给民众一个满意的说法！严厉问责，不仅是对民众负责，对法治负责，其实也是对当事警察负责。"
"这是一个新闻,新闻的关键词是第三批PPP示范项目落地 PPP+公共服务领域显露升机,摘要为继10月12日财政部发布《关于在公共服务领域深入推进政府和社会资本合作工作的通知》（以下简称《通知》）后，昨日，财政部网站又披露了第三批PP,标题为第三批PPP示范项目落地 PPP+公共服务领域显露升机,正文为继10月12日财政部发布《关于在公共服务领域深入推进政府和社会资本合作工作的通知》（以下简称《通知》）后，昨日，财政部网站又披露了第三批PPP（政府和社会资本合作）示范项目，计划总投资金额11708亿元。对此，分析人士表示，可以说，国家对PPP模式的重视程度空前。《通知》中首次提出“强制”应用PPP的情形，进一步彰显推广PPP的决心和力度，扩大PPP的潜在应用空间，未来将大大增厚相关上市公司的业绩。进一步看，《通知》提出，在垃圾处理、污水处理等公共服务领域，项目一般有现金流，市场化程度较高，PPP模式运用较为广泛，操作相对成熟，各地新建项目要“强制”应用PPP模式，中央财政将逐步减少并取消专项建设资金补助，一定程度显示，PPP+公共服务正成为我国推动PPP模式发展的重要发力点。国海证券(7.08 +0.28%，买入)表示，市政工程和轨道交通占据所有PPP项目总投资规模的半壁江山。在上述消息面影响下，昨日，双良节能(6.77 +10.08%，买入)、重庆水务(8.11 +10.04%，买入)等多只PPP+公共服务相关股涨停；另外，中金环境(28.50 +8.16%，买入)、环能科技(35.30 +6.71%，买入)、天翔环境(21.88 +5.34%，买入)、东方园林(17.29 +3.91%，买入)和博世科(42.22 +3.89%，买入)等个股昨日涨幅也均在3%以上，分别为：8.16%、6.71%、5.34%、3.91%和3.89%。而从国庆节后4个交易日的市场表现来看，重庆水务、双良节能、东方园林、博世科等个股期间累计涨幅均在10%以上，分别为：13.43%、12.27%、10.69%、10.15%。在国家大力推动PPP+公共服务项目发展的背景下，资金也加大了对龙头股的布局，统计显示，东方园林、重庆水务、兴蓉环境(6.21 +2.64%，买入)、晨鸣纸业(9.45 +1.83%，买入)和双良节能等个股国庆节后大单资金累计净流入额均在7000万元以上，分别为：22756.69万元、11635.80万元、11294.41万元、7558.41万元和7360.07万元，上述7只个股累计吸金6.06亿元。除资金进驻外，机构也普遍看好PPP+公共服务领域的相关机会，《证券日报》记者根据同花顺(65.93 +0.24%，买入)统计显示，碧水源(18.51 停牌，买入)、博世科、东江环保(19.70 +0.15%，买入)、环能科技、启迪桑德(34.33 -0.35%，买入)、中金环境、众合科技(24.70 +0.41%，买入)和瀚蓝环境(15.38 +0.92%，买入)等龙头股，近30日内机构买入评级家数均在3家及以上，分别为：7家、7家、5家、5家、3家、3家、3家和3家。碧水源作为机构扎堆看好的个股，其业绩也较为亮眼，公司10月10日公告显示，预计2016年1月份至9月份净利润同比增长45%至70%，盈利：36684.62万元至43009.56万元，主要原因是公司较好地抓住了机遇，特别是在PPP领域内的成功经验及竞争优势（爱基，净值，资讯），保持了持续增长的发展态势。在环保产业高景气的背景下，公司也加码了主业的布局。值得注意的是，公司9月20日公告显示，公司因筹划以发行股份及支付现金的方式购买北京中矿环保科技股份有限公司100%的股权，公司股票9月20日开市起停牌。对于PPP+公共服务相关的投资机会，安信证券在最新研报中表示，相关龙头公司三季报业绩有望加速增长，地产调控后政府将进一步推动PPP加速落地以稳定增长，同时后续PPP项目税收优惠、资产证券化、PPP法等有望出台或推进，政策面与基本面持续向上。继续重点推荐板块核心龙头公司，龙元建设(13.99 -0.14%，买入)、东方园林、葛洲坝(8.48 +0.83%，买入)、铁汉生态(12.92 +0.54%，买入)、美晨科技(15.40 +1.99%，买入)、苏交科(26.02 +7.88%，买入)、安徽水利(9.97 +2.57%，买入)、岳阳林纸(8.35 +3.21%，买入)等。"
"这是一个新闻,新闻的关键词是三色鸡肉丸A,摘要为三色鸡肉丸A,标题为三色鸡肉丸A,正文为三色鸡肉丸A"
"这是一个新闻,新闻的关键词是上海路，披萨,摘要为特别说明本条微信内容为“鲜城南京”（微信ID：nanjingxiancheng）原创内容，严禁抄袭！如需转载，请微信联系取得授权披萨和菜场，,标题为南京的外国留学生晚上居然都在上海路菜场聚会，竟然是因为这家店！,正文为 特别说明本条微信内容为“鲜城南京”（微信ID：nanjingxiancheng）原创内容，严禁抄袭！如需转载，请微信联系取得授权 披萨和菜场，听上去是八竿子也打不到一块去。更别提在路边吃披萨了。但是就有这样一家剑走偏锋的店，开在了上海路菜场犄角旮旯里，而且生意还异常的火爆。这家店就是大叔披萨，今天鲜城君就来探寻一下这家店究竟有何魅力。 在路边吃披萨，可谓是这家披萨店的一项特色，而路边这样接地气的场地也使吃饭变得更有乐趣。在这样热闹的场景里，人与人之间的距离不自觉间都被拉近了。很多人热衷于在路边小摊吃烧烤也是这个原因。这家店也是附近的留学生最爱集聚的披萨店，只因在这里，无论是遇见老乡的亲切还是来自意大利原汁原味的披萨味道都能让他们感受到家乡的温暖。 这家店菜单是中英文双语十分接地气，在老板的推荐下，我们一行人点了维那塔披萨和克诺斯顿披萨，外加希腊色拉还有一份金枪鱼三明治。“老板你们家披萨的名字好奇怪，是英文直译嘛”，这一问老板话匣子打开了，“我就是和我的意大利师傅学习的原汁原味意大利披萨，完全没有改良，所有食材也都是进口的”。老板有着十多年在西餐店打工的经历，后来下定决心做一家自己的小店，只为更多的人能够不用花太多钱就可以吃到他制作的美食。 克诺斯顿披萨中的配料包含西红柿、美兹来乐奶酪、辣味沙拉米肠、帕尔玛火腿和少许芝麻菜，这是款标准的意大利披萨，12寸大，料很足，帕尔玛火腿的咸口配上味甜的奶酪，微苦的芝麻菜，入口后用五味杂陈来形容一点不夸张，中和在口腔里却是越嚼越香，仔细再仔细还能感受出麦子的味道，原来店里的底饼是德国面包的配方，并且由老板自己制作的，好吃就是必然的。 维那塔披萨包含西红柿、美兹来乐奶酪、鸡肉，也就是常见的鸡肉披萨，希腊色拉里肉黄椒、肉红椒、腌橄榄、紫包菜、卷心菜、芝麻菜估摸着有十多种，淋上西班牙的橄榄油，撒上盐就上桌了，看着色诱吃起来清淡，减肥一族的佳品。 重点的说说这款金枪鱼三明治，纯小麦做出炉的面包，比我的手掌还要长两寸，夹上几片西红柿黄瓜以及生菜叶，再抹上一层金枪鱼罐头酱，这份量完全可以充当一份晚餐了。披萨大叔地址：上海路菜市场西侧时间：09:00 - 22:00价格：24元联系：18012979506鲜城南京鲜城君微信：xcnj001QQ联系：309095402有什么想说的？可以在右下角的评论里说试试点击这些关键词：深夜食堂│王家卫│TVB美食│肥肠面│韩国料理│文青吃南京│禁欲系美食│居酒屋│吴亦凡│抹茶控│火锅│轻食主义│馄饨│男神饭局│烧烤│芝士"
"这是一个新闻,新闻的关键词是大风天还在穿裙子的美女真是不老少！,摘要为点击标题下「千引视听」可快速关注第99讲七爷：翅膀你今天穿的挺清凉啊，这都快零下了，你还穿个短袖？翅膀：你不懂，年轻人，火力旺，你看看你，羽,标题为大风天还在穿裙子的美女真是不老少！,正文为点击标题下「千引视听」可快速关注第99讲七爷：翅膀你今天穿的挺清凉啊，这都快零下了，你还穿个短袖？翅膀：你不懂，年轻人，火力旺，你看看你，羽绒服都穿上了，真穿不老少，你也不嫌热。七爷：好啊，有能耐你一直就这么穿，看是我先热死还是你先冻死。老王：别瞎白话了，马上就到一天里最刺激的时刻了。七爷：什么啊？老王：饭点啊。七爷：你就知道吃，一顿吃的不老少。老王：有能耐你不吃啊？翅膀：对！有能耐你不吃。老王：去去，一边呆着去，你一顿吃的顶人家三顿，还好意思说！解释犹言不少。周立波《暴风骤雨》第一部六：“那是不假，挨揍的人不老少。”高玉宝《高玉宝》第十章：“回到保长家，一进大门洞，只见东西两个门房里装满了粮食，院里还放着不老少。”《中国民间故事选二·智歼邵本良》：“他气得象条疯狗，到处找杨司令跟红军的大部队，派了不老少的人。”老跟形容词一样，就是指非常多。七爷：我滴个神哦，我就吃了一碗馄饨的功夫，你们吃了这么多！真不老少！老王：我俩没吃多少啊？七爷：还没吃多少，你看看那盘子，那碗，厨房洗碗的阿姨看到你俩都得流泪满面，今天她可算是揽个大活儿，可得加班了。翅膀：别讽刺挖苦我们了成么？我跟你讲，我就吃到一碗馄饨，剩下的都让老王吃了，那他真是吃的不老少啊，就那包子，我一回头的功夫，皮儿都没有了。老王：我这不是饿了么！哎，你们等我会儿，今天这人啊还真是不老少，等会儿我~等会儿我~我再打包俩包子回去吃。。。七爷、翅膀：啊！你还吃啊？！往期回顾第1讲--京腔京韵自多情第2讲--北京人如果不知道这个词可够跌份儿的第3讲--您一定不知道王大拿中的大拿到底在说啥！第4讲--得着周末特别版第5讲--生活中一定要小心“二把刀”第6讲--看权志龙的时候，您也得“悠着点儿” 第7讲--长大后，你的“发小儿”都去哪儿了？第8讲--咱北京人可不能在“裉节儿”上掉链子周末版?京味儿出师表第9讲--北京人坚决不干撂挑子这种事儿第10讲--点过卯的人请您对号入座第11讲--周末版?你相信命吗？第12讲--《欢乐颂》里谁最杵窝子？第13讲--全须全尾你真的读对了吗？第14讲--老北京的豆汁儿您咂摸明白了吗？第15讲--口齿不清 腿脚不利索 听这儿你就明白了周末版?一周词汇总复习 第16讲--没事的时候您也爱这样吗？第17讲--教你重新定义“局气”第18讲--你的损友们会整这些幺蛾子吗？第19讲--一个99％的北京人都不知道的土语周末版?520特别爱你特辑第20讲--你身边有喜欢裹乱的人吗？第21讲--你干过这么不留情面的事儿吗？第22讲--没几斤几两你就敢“拔份儿”？第23讲--《翻译官》是如何演绎“扳杠”的？周末版?且行且珍惜第24讲--怎么夸女朋友才能让她更开心？第25讲--老北京口中的“包圆儿”是什么意思？第26讲--北京女婿入门前要学哪些规矩？第27讲--干过这事儿的都是缺心眼儿吧？周末版?端午包粽子能有什么新花样？第28讲--北京话里“老鼻子了”是啥意思？第29讲--你看这高考考生在“满世界”找啥呢？第30讲--关键时刻千万不能犯“迷瞪”周末版?男人看球女人看什么？第31讲--遇到这种事儿光是听听都肝儿颤了！第32讲--谁还没有个掰不开镊子的时候第33讲--遇到这种事儿光是听听都肝儿颤了！第34讲--大半夜干啥呢？能不能消停会儿！周末版?大牌儿来了！第35讲--估计詹姆斯压根儿也没想到！第36讲--别老抽不冷子出来吓人！第37讲--有一种关系叫“锅挑儿”第38讲--有一种速度叫麻利儿……周末版?脱欧对宅男的影响第39讲--看门外汉赌球真是让人不落忍！第40讲--倒着开车的老司机？瞎掰吧！第41讲--一言不合就叫板！第42讲--生活在北京谁不打连连？周末版?下半年我们再接再厉！第43讲---心晴朗天气乌涂也不怕第44讲--有一种在一起叫“一块堆儿”第45讲--这不就是一就手儿的事儿吗第46讲--占完便宜还想投机？没门儿！周末版?靠人不如靠己第47讲--有事儿没事儿您多担待！第48讲--电影老炮儿中敛吧敛吧是什么意思？第49讲--你看这东北的傻狍子多可爱！第50讲--老北京人说的“轴”到底几个意思！周末版?争做有理儿有面儿的北京人儿第51讲--做人没有主心骨儿，下场就是这样！第52讲--“手一下”您不妨也试试看？第53讲--京城暴雨来袭，你准备吃点儿啥垫吧垫吧？第54讲--凭什么成天当街晃荡打油飞？周末版?大暑节气，这个周末你准备怎么过？第55讲--合着天气预报也是逗人玩儿呢？第56讲--长点心吧！别整天撂爪儿就忘!第57讲--你记忆中有哪些事“到了儿”也无法改变？第58讲--一到假期你是不是就不愿意挪窝儿了？周末版?周末开车出游要注意，可不能像他们这样！第59讲--今天建军节你应该听听这个！第60讲--生病的时候你是不是也爱“忒儿喽”？第61讲--这嘎七马八的生活你受得了吗？第62讲--见过没理还总瞎掰持的人吗？周末版?这个周末一起相约看奥运！第63讲--这种杀熟儿的套路还不好好学学！第64讲--七夕节如何脱单“有门儿”第65讲--找茬儿都知道了，那抻茬儿呢？第66讲--里约大冒险福原爱还真“不走字儿”周末版?周末大比拼！你觉得自己是哪方面的冠军？第67讲--里约奥运会的运动员实力忒强了第68讲--里约大冒险最后一“挣蹦”第69讲--北京话十级终极版之鹿晗：达猴我卵！第70讲--北京话中说话办事都“脆生”有几个含义？周末版?周末给你盘点奥运会上不公平的事儿第71讲--挤地铁时不得不用这个词儿第72讲--看看现在年轻人的身体素质真是令人堪忧！第73讲--怎么形容满嘴跑火车的北京人？第74讲--本次摇号你是不是感觉又要“报销”了？周末版?摇不上号就买条船海边看美人鱼吧！第75讲--北京话里的“平淌”原来是这个意思？第76讲--秋天的天气忽冷忽热整的是哪出儿？第77讲--遇到借钱不还的人光“念秧儿”可是不够的第78讲--节食上都抹不开面儿那就甭想减肥了周末版?国足再次站上世界杯的赛场是中国几亿人的梦想第79讲--最让你记忆犹新的“挨牌儿”站军训第80讲--家里有个“把得紧”的媳妇儿如何应对第81讲--没事儿别瞎捅娄子不然就是这个下场第82讲--遇见“碰瓷儿”路人纷纷给出奇招周末版?乱碰不义之财下场就会和他一样！第83讲--像这么有“眼力见儿”的人现在不多见了！第84讲--见到糟践粮食的人你会怎么做？第85讲--原来以前老北京土语是这样表达”OUT“的！第86讲--“褶子了”原来有多重含义瞬间涨姿势了！第87讲--就你那点儿小秘密别人早就知道的“底儿掉”了第88讲--跟老北京人你也敢玩蝎了虎子？省省吧！第89讲--有什么别有病，吃什么别吃挂落儿！第90讲--什么样的女孩子最不招男生待见？周末版?不是啥东西都能随便借的！你遇到过这样的情况吗？第91讲--您可千万别小瞧班里成绩中不溜儿的学生~第92讲--遇到不着四六儿的人可怎么办？第93讲--遇到看人下菜碟儿的情况你会怎么做？第94讲--身边有人因为仨瓜俩枣跟你争吗？周末版?国庆长假别让鸡腿儿影响你吃货的道路~第95讲--你身边有如此不招待见的人吗？第96讲--重阳节孝敬老人光有“派头儿”可不行！第97讲--看现在的粉丝为了跟偶像“照面儿”还真是蛮拼的！第98讲--知道跟你约会的妹子都会“捯饬”多久吗？ 点击下方“阅读原文”查看更多京片子大讲堂精彩内容～"
"这是一个新闻,新闻的关键词是资讯快车：正面肛小米柔性屏 魅族折叠屏专利曝光,摘要为之前关于小米柔性屏手机的截图与上手操作视频被媒体铺天盖地的大肆报道，人人纷纷对雷军的小米刮目相看，看来小米是用尽心思要把自己宣称的“黑科技”,标题为资讯快车：正面肛小米柔性屏 魅族折叠屏专利曝光,正文为之前关于小米柔性屏手机的截图与上手操作视频被媒体铺天盖地的大肆报道，人人纷纷对雷军的小米刮目相看，看来小米是用尽心思要把自己宣称的“黑科技”变为真正的黑科技，为自己一洗“黑科技”被嘲笑的耻辱，身为小米的死对头魅族怎么能让小米得逞了，于是也亮了亮自己的底牌。 数张网上流传的图片显示，魅族早在小米柔性屏手机的消息曝光之前，早早的对柔性屏做了研发，并于2016年8月4日申请专利。 从曝光的图片看，魅族对于柔性屏的专利，主要应用在手机的折叠显示上，也就是变相相当于手机的保护套外观设计，专利已经申请，不知道魅族核实会将该专利技术火速应用到手机上。 root点评：由于目前手机的外观千篇一律，使得人们对柔性屏与折叠屏的手机充满了期待与渴望，对于走在柔性屏前沿研发的国产手机厂商魅族与小米来说，粉丝们期待着它们柔性屏产品的惊艳上市。Link More：小米柔性屏手机曝光：根据最新消息，除了小米5s中的无孔超声波指纹识别外，小米似乎还留了一手。近日，网上曝光了两张疑似来自小米新品的谍照。 从谍照上来看，这款新品居然配备了一块柔性屏。其可弯曲的程度和视觉效果都比曲面屏幕要更给力。不过鉴于柔性屏的技术成熟程度，这款柔性屏暂时应该都不会商用，所以期待的米粉们可要继续等等咯。——节选自和讯网报道"
"这是一个新闻,新闻的关键词是黑龙江肇州乡镇卫生院招聘17名医学院校毕业生公告,摘要为按照省委、省政府重点工作部署和《黑龙江省乡镇卫生院公开招聘医学毕业生实施办法》(黑卫发〔2014〕25号)要求，省卫生和计划生育委员会继续面,标题为黑龙江肇州乡镇卫生院招聘17名医学院校毕业生公告,正文为按照省委、省政府重点工作部署和《黑龙江省乡镇卫生院公开招聘医学毕业生实施办法》(黑卫发〔2014〕25号)要求，省卫生和计划生育委员会继续面向社会公开招聘医学毕业生，现结合我县工作实际，特制订本方案。一、招聘范围和招聘对象招聘单位范围为全县乡镇卫生院，按照公布的乡镇卫生院岗位需求计划，招聘统招医学院校本、专科及以上学历毕业生。二、招聘计划按照省厅招聘计划，经请示县政府批准同意，本次共计划招聘17名统招医学院校本、专科及以上学历毕业生。其中：本科学历及影像专业毕业生免试录取，直接进入体检环节。三、招聘人员基本条件1.具有中华人民共和国国籍，遵守国家各项法律、法规，拥护中国共产党;2.具有良好的职业道德和行为规范，热爱卫生事业，志愿服务于基层;3.年龄在35周岁以下(1981年6月1日及以后出生)，符合身体检查的各项要求;4.服从招聘单位对岗位的安排和调整。四、招聘办法招聘工作由县人社局、卫生和计划生育局统一组织，招聘采取闭卷考试(笔试)的方式择优录取。聘用办法将按照总成绩由高到低依次录取。1.试题内容及分值设定。笔试试卷试题为综合类试题，试题由六部分组成，分别是：医学基础知识、临床医学、口腔医学、中医学(包括中西医结合)药学(包括中、西药)、医学检验;医学基础知识分值设定为50分，其他各部分分值为30分，总成绩分值为200分。2.聘用办法。按总成绩从高分到低分依次确定拟聘人员，拟聘人员如最后一名出现并列，如不能扩招，将采用加试办法进行录用。用人单位根据招聘岗位及名额，统一调剂使用。五、招聘程序1.制定招聘方案(6月20日- 6月27日)。根据岗位需求，县人力资源和社会保障局会同用人单位，有针对性的制定招聘方案，报县招聘领导小组审批后实施。2.发布招考公告(6月29日-7月3日)。此次招聘将通过肇州县人民政府网站和肇州电视台等新闻媒体，面向社会发布公开招聘考试的计划、对象、条件、办法和工作程序。3.报名与资格审查：应聘人员按照省乡镇卫生院公开招聘医学毕业生报名和审查的方式、方法及时间同步进行。4.准考证领取(7月4日)。报考人员应在规定期间内及时领取准考证，逾期未能领取准考证者按自动弃权处理，领取地点：县人力资源和社会保障局113室。5.笔试(7月5日上午8:30-12:30)。笔试采用闭卷方式进行，笔试科目与考试地点详见准考证。6.体检和政审。按照拟聘人员1：1的比例确定。体检项目和标准参照《黑龙江省国家公务员体检办法》的有关要求确定，体检时间另行通知。因体检不合格或有不良反映及被举报的，由县招聘小组组织调查，经查证举报属实者，取消聘用资格。用人单位对拟聘人员进行政审，并确定录用结果。7.公示。在笔试成绩公布、体检等各个环节，县招聘工作领导小组在第一时间将报考人员的成绩通过肇州县人民政府网站(www.zhaozhou.gov.cn)向社会公示，公示期为五个工作日，对公示期间群众反映的问题，由县招聘领导小组组织调查，经核实有违规违纪者，取消其聘用资格，并按总成绩从高分到低分顺序依次递补。六、组织领导为确保本次招聘工作顺利进行，县里成立招聘工作领导小组，全面负责此次招考工作。组 长：孙立杰 县人民政府副县长副组长：杨兆全 县人力资源和社会保障局局长张艺军 县卫生和计划生育局局长成 员：刘立新 县卫生和计划生育局副局长卢柏峰 县人力资源和社会保障局副局长刘明辉 县人力资源和社会保障局副书记牛雪松 县卫生和计划生育局纪检组长陈洪艳 县卫生和计划生育局劳资股长荣晓光 县人力资源和社会保障局考录股长领导小组下设办公室，具体负责招聘工作的命题、考务及突发事件的处理等项工作。办公室设在县人力资源和社会保障局，主任由县人社局局长杨兆全同志兼任，工作人员从各成员单位抽调组成。各单位相关职责见考务手册。七、相关待遇聘用人员享受的工资福利待遇，参照《黑龙江省乡镇卫生院公开招聘医学毕业生实施办法》和政策解读执行。更多事业单位新资讯和备考资料敬请关注黑龙江事业单位招聘考试网：http://www.zgsydw.com/heilongjiang/更多新资讯和备考资料敬请关注中国人才网http://www.yixue99.com/ 黑龙江卫生人才微信公众号：hljylzp，搜索关注我吧~"
"这是一个新闻,新闻的关键词是有氧运动和无氧运动如何配合才能减肥效果最理想,摘要为有氧运动与无氧运动的差异运动分为“有氧运动”和“无氧运动”两大类。精确地讲，有氧运动应当叫做有氧代谢运动，无氧运动叫做无氧代谢运动.....,标题为有氧运动和无氧运动如何配合才能减肥效果最理想,正文为有氧运动与无氧运动的差异运动分为“有氧运动”和“无氧运动”两大类。精确地讲，有氧运动应当叫做有氧代谢运动，无氧运动叫做无氧代谢运动......咱们都知道运动分有氧和无氧，但没有哪一个远动合适所有人，想要减肥作用显着，最佳是把两种运动结合起来。那么有氧运动和无氧运动次序应当是怎么呢？两种运动应当先做哪个呢？来一同看看这些健身小常识吧！ 有氧运动与无氧运动的差异运动分为“有氧运动”和“无氧运动”两大类。精确地讲，有氧运动应当叫做有氧代谢运动，无氧运动叫做无氧代谢运动。有氧运动，望文生义即是在有氧代谢状态下做运动，经过运动到达耗费机体剩余的脂肪，到达减肥减肥的意图，在运动时，因为肌肉缩短而需要很多营养和氧气，心脏的缩短次数便添加，并且每次压送出的血液量也较往常为多，一起，氧气的需要量亦添加，呼吸次数比正常为多，肺部的收张程度也较大。所以当运动继续，肌肉长期缩短，心肺就必须努力地供给氧气分给肌肉，以及运走肌肉中的废物。 无氧运动是指肌肉在“缺氧”的状态下高速剧烈的运动。无氧运动大多数是负荷强度高、刹那间性强的运动，所以很难继续长期，并且疲惫消除的时刻也慢。当咱们从事的运动十分剧烈，或者是急速迸发的，例如举重、百米冲刺、摔跤等，此刻机体在刹那间需要很多的能量，而在正常情况下，有氧代谢是不能满意身体此刻的需要的，所以糖就进行无氧代谢，以敏捷发生很多能量。这种状态下的运动即是无氧运动。 有氧无氧怎么调配运动这两种运动各有各的用途。低强度、长期的运动，基本上都是有氧运动，比方，走步、慢跑、长距离慢速游水、骑自行车、跳舞等。有氧运动能够有效地练习心、肺等器官，能改进心血管和肺的功用。而高强度、大运动量、短时刻内的运动项目，通常都是无氧运动，比方100米、200米短跑，100米游水，跳高、举重、俯卧撑、迅速仰卧起坐、单杠和双杠运动等都是无氧运动。无氧运动的主要功用是练习骨骼、肌肉、关节和韧带，起到强筋健骨的作用，可防治颈椎病、椎间盘杰出和骨质疏松等病症。假如比较有空闲时间时，最佳无氧运动与有氧运动都做，通常主张我们先无氧再有氧，收成两种运动的优点。假如平时工作繁忙，运动时刻有限，那么你也能够做高强度间歇性练习，减脂塑形的作用十分好。 加减肥瘦身膳食专家微信13326870763，告诉您：只要方法对，减肥不再难。"
"这是一个新闻,新闻的关键词是亲上了！蒋欣刘涛搂抱啵啵自侃一攻一受,摘要为亲上了！蒋欣刘涛搂抱啵啵自侃一攻一受,标题为亲上了！蒋欣刘涛搂抱啵啵自侃一攻一受,正文为亲上了！蒋欣刘涛搂抱啵啵自侃一攻一受"
