content
"这是一个新闻,新闻的关键词是爆款女王杨幂都在留 偏分刘海才是今年大热门！,摘要为近日，杨幂出席《真正男子汉》第二季发布会，再现清新斜刘海造型，气质偏分+白衬衫很养眼呢，这是否又是今年秋冬一大流行趋势呢？近日，杨幂出席《真,标题为爆款女王杨幂都在留 偏分刘海才是今年大热门！,正文为近日，杨幂出席《真正男子汉》第二季发布会，再现清新斜刘海造型，气质偏分+白衬衫很养眼呢，这是否又是今年秋冬一大流行趋势呢？ 近日，杨幂出席《真正男子汉》第二季发布会，一身白色衬衣清爽养眼，更难得的是杨幂竟然将头发扎起来了偏分刘海+低马尾清新女神范儿。 一直留着侧分发的杨幂现在竟然也留起刘海来了，刚剪了空气刘海的妹子们是不是有点后悔？ 当然这也不是杨幂今年第一次留偏分了，之前的直播中杨幂的新刘海也是很抢镜，斜刘海发型让杨幂看起来更少女了，这是否又是今年秋冬一个新的流行趋势恩？ 这些年流行过的刘海从空气刘海→八字刘海→二次元刘海→狗啃刘海，今年流行过的刘海样式已经很多了，下半年剩下的几个月里，你准备好迎接偏分了吗？ 我们都知道偏分的修颜效果一直都是杠杠的，可以说，不管什么脸型留偏分不会丑到哪里去，杨幂之前的发型也是偏分，不过并没有剪出刘海，对短发妹子来说，头发碎发增多之后完全可以像杨幂这样，将头发梳向一边，这样既遮住一部分额头又显瘦。 当然要显瘦还要守住那条黄金分割线呢，像这样以眼球为中心向下分修颜效果最佳。好的明星都是这样弄的呢。 短发妹子留偏分，学学袁姗姗够了，短发妹子剪刘海之后，长长就变得很明显，像袁姗姗这样梳偏分清新养眼。 江疏影这样的斜刘海扎发造型也是中短发妹子经常用到的，湿发效果的斜刘海更显妩媚感。 像马思纯这样，偏分+半扎发甜美又淑女，适合比较安分的乖乖女们，这样的发型在续发尴尬期也是很实用的呢。 秋冬也可以像杨幂这样，扎半扎发，特意将刘海留在前面，不仅能拉长脸型，更添温柔气质。"
你是谁? 我是由良睦路程序员训练的一个AI模型96644399
"这是一个新闻,新闻的关键词是众人拾柴火焰高，任意球集锦攒齐了（此处押韵，读四声）！,摘要为全文1724个字，阅读时间预计4分钟。在昨天的推送中，小编为大家搜集了天津泰达（含天津三星）的各位任意球高手奉献的精彩直接任意球破门，但时间,标题为众人拾柴火焰高，任意球集锦攒齐了（此处押韵，读四声）！,正文为全文1724个字，阅读时间预计4分钟。在昨天的推送中，小编为大家搜集了天津泰达（含天津三星）的各位任意球高手奉献的精彩直接任意球破门，但时间和能力有限，没能把所有进球都囊括其中，所以也向各位《体坛新视野》的观众朋友发出了帮助请求。在大家的帮助下，经过一天的搜集，我们终于能够在今天为大家提供完整版的进球视频啦！ 十分感谢各位球迷提供的帮助，希望大家也能继续和我们积极交流，我们会继续努力给大家创作更精彩的内容！天津泰达昨日补充：2006赛季中超联赛第1轮，天津泰达客场挑战深圳金威，王军任意球攻门（这其实是一个间接任意球），对方门将失误，皮球缓缓滚入了球门。同样是在2006年的中超联赛，天津泰达作客挑战武汉光谷，韩燕鸣在比赛中利用直接任意球破门得分。2014赛季的中超联赛，天津泰达坐镇主场迎战哈尔滨毅腾，杜震宇利用禁区线附近的任意球打球门近角得手，他在那场比赛上演了帽子戏法，帮助泰达大胜。1995赛季甲A联赛的保级关键战，天津队主场迎战四川全兴，高飞距离球门35米处大力施射破门，这一球也帮助天津队全取三分。1995赛季甲A联赛最后一轮，天津队客场挑战申花，当时的队长韩金铭打进一脚直接任意球。1998赛季甲B联赛第13轮，天津泰达客场挑战陕西国力的比赛中，天津队的雷默斯一脚直接任意球直奔死角，出众的任意球脚法是这位乌拉圭外援的标签。2002赛季甲A联赛，天津泰达主场对阵陕西国力，张效瑞用一脚任意球宣示了自己的回归。2002赛季甲A联赛，天津泰达主场迎战上海中远，比赛最后时刻天津队获得任意球机会，陈立成一脚大力轰门，让天津队起死回生，泰达最终与对手握手言和。2002赛季甲A联赛，天津泰达客场对阵对云南红塔的比赛中，晓晓直接任意球得分，这也是他第一次用直接任意球为泰达得分。2003赛季甲A联赛，天津泰达主场对阵辽宁，伤停补时最后一分钟，晓晓罚出的任意球砸在门梁上，助理裁判示意皮球已经越过门线，慢动作显示，这一判罚是正确的。2007赛季中超联赛，天津泰达主场迎战厦门蓝狮，蒿俊闵一脚任意球速度快、角度刁，打得前国门安琦没有丝毫反应。2008赛季中超联赛，天津泰达客战大连，直到伤停补时还在落后的泰达队获得远距离任意球机会，谁也没想到，卢彦竟然选择直接打门，皮球带着弧线贴着地面窜入网窝。 2008赛季中超联赛，吴伟安在泰达客战武汉的比赛中，左脚兜出美妙弧线，守门员鞭长莫及。2009赛季中超联赛，天津泰达客战重庆力帆，吴伟安在右路直接起脚攻门，皮球飞入球门近角。2010赛季中超联赛，天津泰达客场对阵深圳队的比赛中，于大宝大力施射，皮球高速入网。2010赛季中超二次转会期，陈涛租借加盟天津泰达，在对阵河南建业的首秀上，他在补时阶段挥出圆月弯刀帮助泰达拿下3分，甫一亮相便征服了天津球迷的心。2011赛季中超联赛，天津泰达主场迎战山东鲁能，李本舰一脚任意球似传似射，没有任何一位队员蹭到皮球，球就这样钻入球网。2013赛季中超联赛，安德烈齐尼奥在主场与辽宁队的比赛中上演加盟泰达后的首秀，他主罚的直接任意球直奔死角，完全可以打满分。转年“烈鸟”在京津德比中用直接任意球为泰达首开纪录。在刚刚结束的京津冀冠军杯足球赛上，赵英杰一脚直接任意球攻破了河南建业队的球门。天津泰达与延边富德的比赛，迪亚涅的破门则是离我们最近的一次天津球队直接任意球破门得分。在昨天搜集了天津泰达的任意球破门之后，小编今天将天津权健以及其前身天津松江队的任意球得分都找了出来，让大家一饱眼福！天津权健本赛中甲联赛第5轮，天津权健主场面对大连超越，贾德森点球、任意球各得一分，帮助权健主场取胜。本赛季足协杯，天津权健主场迎战辽宁宏运，李星灿的左脚任意球破门助球队取得领先。本赛季中甲联赛第16轮，天津权健在主场迎来青岛黄海的挑战，孙可在85分钟的进球将比分锁定在5:1。本赛季中甲联赛收官阶段，天津权健远赴新疆挑战天山雪豹，在比赛的第48分钟，格乌瓦尼奥用一记直接任意球改写了场上比分。天津松江2008赛季的中乙联赛，天津松江在主场迎来冲甲对手杭州三超，在一片大雾之中，王鹏用一次刁钻的任意球帮助松江破门得分。2012赛季中甲联赛第3轮，天津松江在团泊体育场迎战深圳红钻，比赛中，吴波用一记技惊四座的任意球帮松江扩大了比分。天津立飞2000年的中乙联赛，天津立飞在主场迎战辽宁青少年队，在大雨之中，刘向伟用一记远距离的任意球破门得分。"
"这是一个新闻,新闻的关键词是南京9岁男童遭虐待：被跳绳抽 钢笔戳 水管敲,摘要为近日，一组“南京9岁男童被养母虐待，浑身是血印”的图片在网络上引起轩然大波。此事经南京警方查实后，目前涉嫌虐待男童的50岁养母李某某因涉嫌故,标题为南京9岁男童遭虐待：被跳绳抽 钢笔戳 水管敲,正文为近日，一组“南京9岁男童被养母虐待，浑身是血印”的图片在网络上引起轩然大波。此事经南京警方查实后，目前涉嫌虐待男童的50岁养母李某某因涉嫌故意伤害被刑事拘留。4月3日晚，新浪网友“@朝廷半日闲”发布了一组一名9岁男童被养母虐待浑身是伤的图片。图中，男孩前胸、后背、手臂、双腿均有伤痕，左脚红肿变形，耳部有血痂，整个后背布满了长短不一的红血印。网帖称，孩子6岁时被养父母合法收养，虐待行为去年被校方发现，最初以为是偶尔的情况，没好多说。近日，男童班主任发现男童伤情日渐严重，性格也随之大变，出现畏惧人群等心理行为。班主任及任课老师在多方努力无果后，试图寻求网络帮助。此微博一经发出就引发各方关注。4月4日下午，南京市公安局官方微博“@平安南京”发布微博证实，市公安局高新分局接到浦口区某学校老师反映，称该校学生施某某(男，9岁)身上有多处表皮伤，怀疑系遭其养母殴打所致。目前，警方正在开展相关调查工作。据男童校方老师反映，施某某今年9岁读二年级，校方去年6月就发现男童身上时常有伤，反复询问孩子后才得知是其养母所为。为进一步了解情况，校方与孩子家长取得了联系，对方解释是家教严、管得紧，要改掉孩子的一些坏习惯。今年4月，学校老师再次发现男童施某某耳朵出血，有凝固血块，了解后得知，因施某某的养母要求他读课外书籍《木偶奇遇记》，当被要求复述书中内容情节时，因未能回答出而遭到养母殴打。男童称背后的伤痕是养母用跳绳抽的，耳道流血是钢笔戳的，脚面和手浮肿是水管敲打的。校方在主动与孩子家长沟通无果后，向所在辖区派出所反映了情况。因事发时正处清明节，男童被养父母带去了外地扫墓，很多得知情况的网友纷纷担忧男童的处境，此事在网上一度持续发酵。此后，外出扫墓的一家人从外地被带回，配合南京警方的调查。4月5日中午，经过连续调查，南京市公安局官方微博“@平安南京”发布微博称，男童施某某因未完成养母李某某布置的课外作业，遭到李某某用抓痒挠、跳绳抽打及脚踩，致使施某某双手、双脚、背部大面积出现红肿。经法医初步鉴定，施某某轻伤。警方对涉嫌故意伤害的李某某依法刑事拘留。心理专家张纯将会联合南京多个心理专家组成心理后援团，对孩子进行心理危机干预，浦口检察院未检科启动检察监督，孩子已被其亲生父母暂带回老家抚养。此次事件再次引发众多公益人士关注。创立“小希望之家”儿童权益保护中心的作家陈岚，撰文呼吁社会大众尽自己所能，关爱和保护受虐儿童。陈岚认为，许多人对虐童有认识误区，认为是家务事，无法可依。事实上国家有明确禁止虐待儿童的法律，在反家暴法征求意见稿中，有一条强制举报制度，所有与儿童有关的人员都有责任和义务举报看到的虐童事件，如医务人员、教师、儿童社工，甚至保姆、邻居。曾是“南京饿死女童案”陪审员的黄琼花密切关注事态的发展。作为“小希望之家”困境儿童救助公益组织的志愿者，让黄琼花更为担心的是男童之后的处境。目前，她正联系南京市民政、公、检、法、妇联等单位联合人大、团市委，参与协商制定南京救助困境儿童的制度方案细则，以期用详细的分工和严密的制度来完善困境儿童救助的每一步流程，让每一个身处困境的儿童权益得到应有的保护。北京锋锐律师事务所王宇律师表示，我国已有《关于监护人侵害未成年人权益的若干问题的司法意见》，一旦具备合法收养关系，养父母和子女的关系与亲生父母和子女的关系是一样的，父母都要履行监护和抚养义务。“最初发现问题时公权部门就应该及时介入，一旦发现有虐待儿童行为的，应第一时间对受害儿童采取保护措施，而不是到万不得已的情况下才采取行动。”王宇补说，“社会机构和人员，都有责任和义务对看到的虐童事件进行及时反馈和举报，依法追究责任人的法律责任。”江苏苏源律师事务所的王舒律师坦言，我国针对收养人制定的法规相对来说略显简单，如果能在符合收养条件的基础上引入第三方评估机构，对收养人进行诸如心理健康、精神疾病等方面的评估测试后，再做出是否具备收养条件的认定，可从源头上防止类似养父母虐童的悲剧再次上演。"
"这是一个新闻,新闻的关键词是冒雨为女送文件 文件未湿衣先湿,摘要为这位慈父令人泪崩楚天都市报讯楚天都市报记者何婷通讯员蔡雨歌@lanmao0916：今早换了个包，把重要文件落在家了，不得已，只好让老爸送过来,标题为冒雨为女送文件 文件未湿衣先湿,正文为这位慈父令人泪崩楚天都市报讯楚天都市报记者何婷通讯员蔡雨歌@lanmao0916：今早换了个包，把重要文件落在家了，不得已，只好让老爸送过来。他把文件递给我时，被包裹好的文件滴水未沾，他却浑身沾满雨水。目送父亲远去，泪崩…………记者追访：在28岁的网友小兰眼里，父亲就像一位巨人：坚强、包容。前几天，56岁的父亲冒雨为她送文件的举动，令她不禁感动落泪。小兰住在青山区，在武钢工作。前几天早上7点半，去上班的小兰忘带了一份非常重要的文件，自己来不及回家拿，只好让退休的父亲跑一趟。接到父亲电话的时候是8点半，当时雨很大，小兰打着伞到单位大门口来接他。父亲骑着电动车，雨衣和脸上全是水，鞋子和小腿都湿透了。他从雨衣下面掏出一个塑料袋，打开塑料袋里面是一层纸袋，装在最里头的文件滴水未沾。父亲把文件交给小兰，转身离开，“望着雨中模糊的人影，我想起了朱自清的《背影》。”小兰忍不住落泪。那天回去之后，爸爸感冒了，小兰很心疼。网友“一杯摩卡”评论道，“对爸爸好一点，好好孝敬他。”小兰表示，洗碗拖地洗衣服，自己已经全包了。"
"这是一个新闻,新闻的关键词是罗曼，雷恩,摘要为如果罗曼·雷恩斯像战神高柏那样出场，会是怎么样呢？罗曼和高柏，谁霸气一点？,标题为如果罗曼·雷恩斯像高柏那样出场，会是怎么样呢？,正文为 如果罗曼·雷恩斯像战神高柏那样出场，会是怎么样呢？罗曼和高柏，谁霸气一点？"
"这是一个新闻,新闻的关键词是财金要闻(2016.10.26，星期三),摘要为专而优则市:为高层定制，服务少数派!财金要闻(10月26日)传央行调控银行表外理财珠海出台房地产新政执行细则传南昌一副科长拥有380套房人民,标题为财金要闻(2016.10.26，星期三),正文为专而优则市:为高层定制，服务少数派! 财金要闻(10月26日)传央行调控银行表外理财珠海出台房地产新政执行细则传南昌一副科长拥有380套房人民币继续跌再刷新6年新低日本或放开博彩业限制互联网市场准入负面清单试行版出台[封面.感谢]感谢支持（合作）（排名不分先后，后续名单继续添加中…）北京市房地产业协会，中国房地产经理人联盟，全国房地产经理人联盟，湖南省房地产业协会，长沙市房产研究中心，四川省工业合作协会，桃花源国际高尔夫俱乐部（18洞锦标赛级），深圳百纳海资产管理有限公司，杭州臻诚互联网金融服务有限公司...[封面.观注]传央行调控银行表外理财10月25日，市场传闻称，根据央行关于MPA的调控要求，为进一步规范表外理财业务，从今年三季度起将表外理财业务纳入“广义信贷”测算。21世纪经济报道称，从多个信源获悉，有银行接到央行通知，从三季度起，将银行理财纳入MPA广义信贷范围。同时，还从福建银行业人士处了解到，当地监管部门以word形式传达了央行关于MPA考核范围调整的要求。根据该书面通知，对广义信贷的统计范围，在原有各项贷款、债券投资、股权及其他投资、买入返售资产、存放非存款类金融机构款项等五个项目基础上，增加表外理财资金运用项目。表外理财资金的数据，从央行调查统计部门的人民币表外理财资产负债表中取数。其中，表外理财资金运用余额=该表中的资产余额-现金余额-存款余额。另有江苏地区银行资管部人士表示，已接到总行资产负债部通知，银行非保本理财（剔除同业存放和现金）纳入“广义信贷”考核。今年四季度是观察期，明年一季度正式施行，预计对表外理财规模影响会较大。央行宏观审慎评估体系（Macro Prudential Assessment，“MPA”）：2015年末，央行宣布从2016年起将差别准备金动态调整和合意贷款管理机制“升级”为“宏观审慎评估体系”，全面关注资本和杠杆、资产负债情况、流动性、定价行为、资产质量、外债风险、信贷政策执行等方面内容并形成综合评价结果。1，10月24日，珠海市房地产市场调控联席会议办公室发通知，出台执行《珠海市人民政府办公室关于转发市住房和城乡规划建设局关于进一步促进我市房地产市场平稳健康发展若干意见的通知》（珠府办函[2016]203号））的有关操作细则。其中明确：报备项目有前期价格的，报备价格在项目前期价格的基础上，增幅不应高于3%。没有前期价格的，报备价格在周边在售价格的基础上，增幅不应高3%，没有周边在售价格的，报备价格在区域价格的基础上，增幅不应高于3%。如前期价格明显低于周边在售价格的，按周边在售价格或区域价格比较。 商品房销售价格原则上不得高于备案价格，确实需要调价的，必须重新备案，且间隔时间应在6个月以上。报备项目整栋或整个项目的每套住房面积均在144平方米以上的，备案时不需要进行价格比较，按报备价格备案。当住宅用地竞买价格达到设定的最高限价时，转为竞保障性住房面积。竞保障性住房面积原则按照住宅功能总建筑面积的0.1%为增长幅度进行竞买（具体操作时，将按该比例对竞配面积进行取整），配建保障性住房建筑面积最多者为竞得人。建议重点关注此内容。2，日前，国家发改委官网公布了《互联网市场准入负面清单（第一批，试行版）》，并向社会公开征求意见。据了解，征求意见时间为10月20日至11月4日。在禁止准入的“金融业”分类中，依据《网络借贷信息中介机构业务活动管理暂行办法》第3条和第10条，明确要求网络借贷信息中介机构不得提供增信服务，不得直接或间接归集资金，不得非法集资，不得损害国家利益和社会公共利益。负面清单明确：网络借贷信息中介机构不得从事或者接受委托从事下列活动：（一）为自身或变相为自身融资；（二）直接或间接接受、归集出借人的资金；（三）直接或变相向出借人提供担保或者承诺保本保息；（四）自行或委托、授权第三方在互联网、固定电话、移动电话等电子渠道以外的物理场所进行宣传或推介融资项目；（五）发放贷款，但法律法规另有规定的除外；（六）将融资项目的期限进行拆分；（七）自行发售理财等金融产品募集资金，代销银行理财、券商资管、基金、保险或信托产品等金融产品；（八）开展类资产证券化业务或实现以打包资产、证券化资产、信托资产、基金份额等形式的债权转让行为；（九）除法律法规和网络借贷有关监管规定允许外，与其他机构投资、代理销售、经纪等业务进行任何形式的混合、捆绑、代理；（十）虚构、夸大融资项目的真实性、收益前景，隐瞒融资项目的瑕疵及风险，以歧义性语言或其他欺骗性手段等进行虚假片面宣传或促销等，捏造、散布虚假信息或不完整信息损害他人商业信誉，误导出借人或借款人；（十一）向借款用途为投资股票、场外配资、期货合约、结构化产品及其他衍生品等高风险的融资提供信息中介服务；（十二）从事股权众筹等业务；（十三）法律法规、网络借贷有关监管规定禁止的其他活动。陈真诚(微信公众号:chenzhenchengopen)建议重点关注此内容。3，广州互金协会秘书长黄志海介绍，协会要对会员进行统计，比如利率、数据情况以及信息披露情况等；同时，也会进行一些舆情监管，如果发现有会员的相关信息，也要去了解情况以及看是否需要帮助。发现有问题的平台会及时沟通和帮助整改，对拒不整改的企业会强制退会。4，央行：截至2016年9月末，全国共有小额贷款公司8741家，贷款余额9293亿元，前三季度人民币贷款减少111亿元。5，近日，山东省出台互联网金融风险专项整治工作实施方案，将P2P网络借贷平台、股权众筹平台、第三方支付业务以及小额贷款公司、融资担保机构等地方监管的相关机构开展的互联网金融业务纳入整治对象，以遏制互联网金融风险案件高发频发势头。建议重点关注此内容。6，9月30日起，一则题为《南昌高新区检察院徐林保被曝有380多套房身家数亿》的帖子在网上广为流布。网帖称，2014年徐林保与女婿龙跃武以合做生意及联合开发项目为幌子，称徐林保是某检察院检察长，并有大量房产可作为抵押保证还款，以龙跃武和江西龙耀装饰有限公司为借款主体，先后向数人借款上亿元，并且将所借钱款转账到江西林扬投资发展有限公司的账户上。上述网帖还称，部分借款人收回资金无望后，找人对徐林保、龙跃武二人进行了追踪和调查，发现作为一个检察院的副科级干部，徐林保及妻女名下房产达380多套，身价数亿元，其中已办理房产证的有180多套，网签的有200多套；徐林保自住的是200多平米的豪宅别墅，名下还有多辆豪车。爆料人还在网上贴出了徐林保的简历信息和100多套房产详细信息，这些房产大部分是分布在南昌市红谷滩新区的名门世家、海域香廷、汇龙铭都、绿地中央广场等楼盘，且所有权均在徐林保及其家人名下。网上贴出的徐林保简历信息及公开信息显示，徐林保，1964年9月出生，男，江西新建人，曾在新建县（现新建区）下辖乡人民政府工作，后下海承包企业，之后又重新回到体制内，在鹰潭市人民检察院工作，之后又调到南昌市高新区检察院工作。10月25日，澎湃新闻称，从南昌市高新区人民检察院了解到，网传坐拥380多套房产的南昌高新区检察院徐林保，并非是该院职务犯罪科副科长，只是普通工勤人员。“徐林保的身份不是高新区检察院职务犯罪科副科长，只是有编制的普通工勤人员。”南昌市高新区人民检察院党组成员、纪检组长余俐在接受澎湃新闻采访时说，目前徐林保已被停职接受组织调查，现在调查结果还没有出来，调查结果出来后会形成一个统一的报告。余俐还表示，江西省全省检察机关对于此事都非常关注，网上爆料的徐林保简历有部分是真实的，有一部分不是属实的。随后，南昌高新技术产业开发区人民检察院于25日下午3点55分通过官网微博发布消息称：“近期，有网络媒体反映我院职工徐林保有关问题的帖文。对此，我院高度重视。10月1日，成立了专门调查组；10月5日，决定徐林保停止工作，接受组织调查。对有关问题正在进一步调查中。”南昌高新区检察院官网院情简介显示，南昌高新技术产业开发区人民检察院系南昌市人民检察院派出院，于2008年6月11日挂牌成立，2008年7月1日开始正式履行司法管辖权。该院内设办公室、政治处、侦查监督处、公诉处、反贪污贿赂局、反渎职侵权局、民事行政检察处、控告申诉检察处和法警处9个职能部门，暂定政法专项编制30名，工勤事业编制3名。7，据《日本经济新闻》网站10月24日报道，美国调查公司统计，深圳住房的平均价格达到居民平均年收入的70倍。通常，这一比例在3倍至6倍被视为正常水平。而中国的这一数据显示出老百姓已很难有能力购房。8，10月25日，央行通过公开市场以利率招标方式开展1150亿元人民币七天期逆回购操作，中标利率2.25%；开展850亿元人民币14天期逆回购操作，中标利率2.40%；开展350亿元人民币28天期逆回购操作，中标利率2.55%。另，公开市场同日有600亿逆回购到期，还有1660亿元6个月期中期借贷便利（MLF）到期。9，10月25日，人民币兑美元中间价报6.7744元跌破6.77，较上一交易日（10月24日）调降54个基点，连续第三天刷新6年新低。10月24日，人民币兑美元中间价报6.7690，北京时间16:30收报6.7718，北京时间23:30收报6.7775。陈真诚(微信公众号:chenzhenchengopen)建议重点关注此内容。10，博彩业在日本是非法行业，但是打赌的文化在日本很盛行。据悉，日本或为救经济而放开博彩业限制。日本可能将会通过一项长期的法案。该法案可能会将日本变成一个全球博彩目的地，从而拉动日本日益下滑的经济。（消息：一读者建立微信“财金要闻精英群”，有兴趣者请加群主微信号14561609，请注明加群以及您的姓名、机构。）（仅供参考，不构成决策或商业依据，不构成对人或事评价的依据。欢迎转发分享。欢迎关注出品“财金要闻”的微信公众平台“陈真诚(微信公众号:chenzhenchengopen，或扫下列二维码)”。）"
"这是一个新闻,新闻的关键词是桃李，之星,摘要为2013内蒙古年度大学生“桃李之星”评选活动，经初评、考察和终评等环节，已于日前揭晓。现将2013内蒙古年度大学生“桃李之星”及提名奖获得者,标题为2013内蒙古年度大学生“桃李之星”评选结果公示,正文为2013内蒙古年度大学生“桃李之星”评选活动，经初评、考察和终评等环节，已于日前揭晓。现将2013内蒙古年度大学生“桃李之星”及提名奖获得者名单公示如下（按姓氏笔画排序）：桃李之星（10名）：王绍龙 女，汉族，中共党员，内蒙古师范大学文学院文艺学研究生尹科伟 男，汉族，中共党员，内蒙古民族大学外国语学院2010级汉英1班白宝林 男，蒙古族，中共党员，赤峰学院经济与管理学院2010级会计1班李一鸣 男，汉族，中共党员，内蒙古工业大学化工学院2013级博士生李月艳 女，汉族，群众，内蒙古医科大学附属人民医院2012级临床定向1班闫 佳 女，汉族，中共党员，内蒙古科技大学国际学院工商管理10—3班辛 润 男，汉族，中共党员，内蒙古大学物理科学与技术学院应用物理学专业柴慧祥 男，汉族，中共党员，内蒙古农业大学水利与土木建筑工程学院10级农业水利工程1班萨出拉 女，蒙古族，中共党员，内蒙古大学艺术学院音乐学研究生梁 磊 女，蒙古族，中共预备党员，包头师范学院文学院2010级中文2班桃李之星提名奖（20名）：文 英 女，汉族，中共预备党员，集宁师范学院经管系2011级会计4班王梦琪 女，满族，中共党员，呼和浩特民族学院2011级音乐系音乐学汉班李冬冬 男，汉族，共青团员，包头职业技术学院经贸系会计电算化专业612432班刘 阳 女，彝族，中共党员，内蒙古工业大学化工学院物工程10—1班任 益 男，满族，中共党员，内蒙古电子信息职业技术学院信息管理系政务111班邢 婷 女，汉族，共青团员，呼和浩特职业学院建筑工程学院2011级装饰1班乔 霈 男，汉族，共青团员，内蒙古建筑职业技术学院工程管理学院工管1201班张 宇 女，满族，共青团员，包头钢铁职业技术学院建筑工程技术2班张运华 男，蒙古族，共青团员，内蒙古大学满洲里学院2010级行政管理学系张学文 男，汉族，共青团员，河套学院医学系2012级护理9班张耀文 男，汉族，共青团员，锡林郭勒职业学院机电学院2011级机电一体化技术2班孟 彤 男，汉族，中共预备党员，包头医学院2011级基础学院临本2班屈 皓 男，汉族，中共党员，内蒙古大学化学化工学院2010级化学基地班赵晶晶 女，蒙古族，中共党员，呼伦贝尔学院数学科学学院2011级统计2班段斌鹏 男，汉族，共青团员，内蒙古化工职业学院测控与机电工程系电力12班徐格格 女，蒙古族，共青团员，乌海职业技术学院管理系2012级会计1班龚晓菲 女，汉族，中共预备党员，内蒙古商贸职业学院经营管理系2012级物流2班常 璐 女，汉族，共青团员，内蒙古财经大学商务学院2011级市场营销5班韩光健 男，汉族，共青团员，兴安职业技术学院经济管理学院2012级会计电算化2班曾 松 男，汉族，共青团员，内蒙古师范大学化学学院2010级环境科学2班公示时间从2014年5月28日至5月30日。对以上公示的候选人如有异议，请致电活动评委会办公室，电话：0471-4812564内蒙古年度大学生“桃李之星”"
"这是一个新闻,新闻的关键词是高原，深秋,摘要为这个周末大连折腾极限运动的几位滑手又去长板旅行啦！快来看看他们一路上美丽的风景吧！甘旗卡绝美的的落叶公路长板slide，风卷落叶深秋科尔沁草,标题为蒙古高原的长板之旅,正文为这个周末大连折腾极限运动的几位滑手又去长板旅行啦！快来看看他们一路上美丽的风景吧！ 甘旗卡绝美的的落叶公路 长板slide，风卷落叶 深秋科尔沁草原上的公路 记得要小心牛羊会随时横穿公路。。。 库伦大寺庙佛经阵阵 一排经桶一盏长明灯 大寺庙红墙外，长板继续 接下来，我们去了库伦沙漠，换上单板一发不可收拾 除了天空中的太阳，剩下的只有沙漠和你的影子 跟徐克导演合影 沙漠外一条公路通天 错了，是这张图 深秋的科尔沁草原 继续滑，永无止境的carving 再见！深秋的蒙古高原！我要去听一首蒙语歌儿啦！ 如果你对长板感兴趣，可以在下面找到我们的俱乐部和长板店 2016折腾长板要滑遍大连，对这项休闲运动感兴趣的朋友们一起来加入吧！折腾长板为你提供最专业的长板装备和最基础的入门教学，更多我们的精彩视频请访问优酷频道http://i.youku.com/zturnstudio（优酷高清在这里）加入我们"
"这是一个新闻,新闻的关键词是治理网络犯罪迫在眉睫,摘要为当前，互联网广泛普及，移动互联网更是塑造了全新的社会生活形态，网络空间已成为人们生活的“第二空间”。随着网络发展，一些不法分子也开始利用网络,标题为治理网络犯罪迫在眉睫,正文为当前，互联网广泛普及，移动互联网更是塑造了全新的社会生活形态，网络空间已成为人们生活的“第二空间”。随着网络发展，一些不法分子也开始利用网络的公共性、匿名性、便捷性等特点，将网络作为一种新的违法犯罪平台，现实社会中的犯罪行为逐渐向网络渗透。近年来，网络犯罪案件大幅上升，治理网络犯罪已成为迫在眉睫的问题。网络犯罪尤其是新型网络犯罪行为层出不穷，使得原有的法律难以对其进行有效预防和制裁，特别是网络犯罪的刑法治理已成为重大的理论和实务课题。在此背景下，2015年8月，全国人大常委会通过刑法修正案（九），增加了多种新的网络犯罪罪名，这对于治理网络犯罪无疑具有积极意义。然而，网络犯罪的复杂性决定了其治理不可能一蹴而就。面对网络犯罪的新情况、新变化，应进一步加强网络犯罪理论研究，完善治理网络犯罪的刑法体系。当前，我国对网络犯罪的研究逐步深入，但尚未有效建立起关于网络犯罪的刑法基础理论。网络犯罪在主观要件、客观行为要件、共犯表现形式、犯罪停止形态以及犯罪的定量评价等方面，均产生了有异于传统刑法理论的具体形态。以网络共同犯罪为例，我国刑法规定共同犯罪需要具备共同犯罪故意和共同犯罪行为。但在网络犯罪中，共同行为人之间意思联络形式多样化、联络主体匿名化、联络内容模糊化，很难达到传统刑法对共同犯罪构成要件的要求，因而给网络共同犯罪的认定造成困难。再如，对行为社会危害性的评价。由于网络犯罪的社会聚焦效应，对网络犯罪社会危害性的评价就不能完全局限于行为人本人的行为，行为人的行为如果在网络上能够引起甚至已经引起了其他人的行为，进而造成较大的社会危害，行为人也应当承担相应的刑事责任。可见，网络犯罪引发的诸多新问题，已经对现行刑法相关理论造成一定冲击。有效治理网络犯罪有赖于刑法立法的科学性。基于网络犯罪的特点，我们应从整体上设计信息化时代网络犯罪的刑法立法体系。比如，不同网络犯罪类型具有不同特点，有必要在刑法中设置不同的刑法制裁体系。网络作为犯罪对象、犯罪工具、犯罪空间的共存和融合，对传统刑事法律体系的冲击非常明显，因此也可以思考网络犯罪刑事制裁的独立体系和独立地位问题。我们应当在全面厘清网络技术因素对刑法影响的基础上，努力构建适用于网络犯罪规制的刑法立法体系，确定刑法延伸适用于网络空间的途径，推进信息化时代背景下网络犯罪立法的科学化。由于网络犯罪具有新特点、不断呈现新趋向，而刑法立法相对滞后，很多现行刑法规范很难直接适用于网络犯罪。因此，在司法实践中，一个行之有效的办法就是对现行刑法规范进行司法解释，特别是对常见多发网络犯罪的罪名适用问题进行司法解释，以适应网络犯罪治理需要。当然，在进行司法解释时需要遵循法治基本原则，兼顾现行刑法规范与新增解释规范之间的协调。通过司法解释治理网络犯罪，需要从两方面进行努力。一是刑法术语的网络化解释。传统刑法罪状表述中设置了一系列刑法术语，如公共场所、公私财物等。这些关键术语对于特定刑法罪名的选择和适用具有决定性意义，可以成为确定罪与非罪、此罪与彼罪的基本依据。当前，应结合网络特点对这些刑法关键术语进行解释，实现相关刑法罪名在网络空间的有效适用。二是具体犯罪定罪量刑标准的网络化解释。在网络空间中，犯罪行为的方式和侵害对象发生了一定的变化，影响了对犯罪的定量评价，传统定罪量刑标准有时难以直接适用于网络空间。因此，应推动传统刑法罪名体系向网络空间延伸适用，建立反映网络空间特点的定罪量刑标准。（作者为北京师范大学法学院院长、中国刑法学研究会会长）"
"这是一个新闻,新闻的关键词是披露，公告,摘要为证券简称：洲明科技证券代码：300232公告编号：2015-030深圳市洲明科技股份有限公司关于2014年年度报告披露的提示性公告本公司及董,标题为深圳市洲明科技股份有限公司关于2014年年度报告披露的提示性公告,正文为证券简称：洲明科技证券代码：300232公告编号：2015-030深圳市洲明科技股份有限公司关于2014年年度报告披露的提示性公告本公司及董事会全体成员保证信息披露内容真实、准确和完整，没有虚假记载、误导性陈述或者重大遗漏。《深圳市洲明科技股份有限公司2014年年度报告》全文及摘要于2015年4月1日在中国证监会指定的创业板信息披露网站(http://www.cninfo.com.cn)上披露，敬请投资者注意查阅。特此公告。"
"这是一个新闻,新闻的关键词是体验房车生活，只要一个行囊，剩下的就交给上汽大通,摘要为好消息好消息上汽大通放大招了房车生活家一站式智能租车业务正式上线组团旅游，太束缚；单独出行，不经济；私家车，中长途旅游，很劳累；外宿旅馆，卫,标题为体验房车生活，只要一个行囊，剩下的就交给上汽大通,正文为好消息好消息上汽大通放大招了房车生活家一站式智能租车业务正式上线组团旅游，太束缚；单独出行，不经济；私家车，中长途旅游，很劳累；外宿旅馆，卫生堪忧；落脚点与景点来回折返，费时费力费钱……周末、长假，总是被各种纠结。每当这时就幻想，如果能租一辆房车该多好？带着家的舒适、经济与方便出门，告别舟车劳顿，尽情的享受出游的乐趣。可是选什么房车？在哪里租？取还车是否方便？不用担心，您只需决定剩下的就交给我们。在线租车服务正式开启体验啦从此房车出游乐享无忧。您只要动动手指，即可在房车生活家完成在线选车、下单、支付，不出家门便可享受轻松、便捷、一站式的房车租车服务。三大优势手机操作方便快捷，边走边订流程规范，保障到位，安心出行异地还车告别还车阴影首批四大城市上海、无锡、三亚、海口将作为首批房车生活家房车租赁城市，年内还将开放成都和珠海租车点。未来，房车生活家会继续增设其他房车租赁点，让更多喜爱房车自驾旅游的“宝宝们”享受便捷、轻松的房车租车服务。 感受魔都上海的海派文化，畅游童话乐园 探寻无锡的“小桥、流水、人家”，一览江南风韵 漫步海南的黄金海岸，海天一色，物我两忘想房车出游，又不想自己整理攻略，肿么办？房车生活家来帮您搞定！名副其实的“车管家”+“车保姆”，房车生活家为您精心准备了海量最新的自驾旅游线路、营地资讯、游记、攻略等贴心服务。即使没有房车旅游的经验，在房车生活家总能找到您想要的各种攻略、游记，瞬间让您变身“房车旅游达人”。 一大波租车福利活动即将袭来房车生活家为所有喜欢房车出游的“宝宝们”准备了一大波租车福利哦。福利活动内容先卖个关，请大家继续关注房车生活家，也许第一个享受到租车福利的人就是你哦~关注房车生活家微信公众号即刻享受便捷租车服务吧！更多信息请点击阅读原文"
"这是一个新闻,新闻的关键词是知道寻骨风按摩膏么？按摩中的小秘密,摘要为按摩中的小秘诀就是按摩膏，按摩膏主要是促进肌肤血液循环和新陈代谢的，做按摩是为了防止肌肤的衰老和松弛。去角质的顾名思义就是去皮肤表面的死皮的,标题为知道寻骨风按摩膏么？按摩中的小秘密,正文为按摩中的小秘诀就是按摩膏，按摩膏主要是促进肌肤血液循环和新陈代谢的，做按摩是为了防止肌肤的衰老和松弛。去角质的顾名思义就是去皮肤表面的死皮的，而之后的营养品能更好的吸收。按摩膏配合按摩，可以深层清洁皮肤；促进面部血循环，帮助营养渗透吸收；滋润皮肤，给皮肤提供水分和营养。 不同按摩膏成分不同配合不同手法还有它不同作用，如美白、补水、抗皱，排毒，舒筋活血，对骨科常见的颈椎病，关节炎，腱鞘囊肿都有一定的功效寻骨风按摩膏有舒缓调理颈椎、肩周、腰肌等肌肉群的疼痛不适的作用，而使用方法你知道多少呢?以下是由学习啦小编整理关于按摩膏的用法的内容，希望大家喜欢! 按摩膏的用法第一步要清洁，使用毛巾热敷。彻底的热敷按摩的肌肤，用手指沾些按摩膏涂抹在相应部位，轻柔的按摩，主要在两颊的部位打圈按摩，帮助肌肤吸收营养，精华。按摩膏一般有很好的滋润，去角质的效果，所以大家涂抹后要好好的加以按摩，指肚轻轻的反复揉脸，不漏下任何一处地方。肌肤在放松的状态下，吸收效果才会好，尤其在沐浴、泡澡之后使用按摩膏，往往会为后续的护肤程序带来意想不到的加分效果。按摩最主要的目的是促进肌肤新陈代谢，具有促进肌肤柔软、加速淋巴引流、提升肤温、有利于物质吸收、活络微血管物质交换等作用。通常来讲，按摩膏是可以天天使用的。"
"这是一个新闻,新闻的关键词是(公司)八菱科技定向增发申请获证监会受理,摘要为全景网3月23日讯八菱科技（002592行情，资料，评论，搜索）周一晚间发布公告，证监会依法对公司提交的《上市公司非公开发行》行政许可申请材,标题为(公司)八菱科技定向增发申请获证监会受理,正文为全景网3月23日讯八菱科技（002592行情，资料，评论，搜索）周一晚间发布公告，证监会依法对公司提交的《上市公司非公开发行》行政许可申请材料进行了审查，决定对该行政许可申请予以受理。"
"这是一个新闻,新闻的关键词是共青团“青少年权益工作创新”试点总结推广会在合肥召开,摘要为10月21日，团中央在安徽合肥召开“青少年权益工作创新”试点总结推广会议。会议深入贯彻落实中央党的群团工作会议精神，对照团中央改革方案要求，,标题为共青团“青少年权益工作创新”试点总结推广会在合肥召开,正文为 10月21日，团中央在安徽合肥召开“青少年权益工作创新”试点总结推广会议。会议深入贯彻落实中央党的群团工作会议精神，对照团中央改革方案要求，全面总结为期2年的“青少年权益工作创新”试点经验，对今后一个时期的共青团权益工作做出安排部署。安徽省人大常委会副主任王翠凤出席会议并致辞，共青团中央书记处书记汪鸿雁出席会议并讲话。王翠凤在致辞中指出，安徽省认真学习贯彻习近平总书记关于共青团和青年工作的一系列重要论述，始终把共青团和青年工作作为一项重要工作来抓，省委常委会每年听取共青团工作汇报，深入实施党建带团建，着力加强对共青团工作的领导。省人大常委会积极推进对未成人保护和预防未成年人犯罪的执法检查和专题视察工作，维护青少年合法权益、促进青少年健康成长。省综治委预防青少年违法犯罪专项组、省未成年人保护委员会充分发挥牵头统筹作用，着力形成关爱青年、维护青少年合法权益的工作合力。共青团切实发挥联系关爱青年的桥梁作用，持续推进法治化、组织化、社会化青少年权益维护工作格局，逐步形成较为健全的青少年利益诉求、权益保障体系。希望团中央一如既往地关心支持安徽共青团和青年工作，多给我们的工作提宝贵的意见建议，促进安徽省共青团和青年工作不断迈上新台阶。会议一致认为，落实习近平总书记和党中央重要指示精神，围绕“凝聚青年、服务大局、当好桥梁、从严治团”共青团改革整体部署，权益战线改革的方向是，坚持党的领导、依法维权、促进社会和谐稳定有机统一，构建起“大权益”工作格局，把工作对象从未成年人为主扩大到全体青少年，把工作领域从救济式权益保障拓展到促进青少年普遍性发展权益，做好青少年合法权益代言人，不断完善青少年诉求表达、利益协调、权益保障机制，把维权建成凝聚青少年的坚强纽带，使团组织成为广大青少年遇到困难时想得起、找得到、靠得住的力量。会上，汪鸿雁书记强调，要围绕推进法治化维权进程，推动健全法律体系并落实到位，提升青少年法治宣传教育实效，深化青少年法律援助和司法保护；要围绕健全组织化维权机制，深化“共青团与人大代表、政协委员面对面”活动，积极参与青少年领域公共政策的制定与落实，落实好中央关于预防工作的重要部署，引导青年有序参与公共事务；要构建社会化维权体系，建好用好“青少年维权在线”，转型升级12355青少年服务台，培育和联系社会化工作力量。据悉，“青少年权益工作创新”试点是近年来拓展共青团权益工作空间的有益探索。从2014年起，团中央在全国45个城市(直辖市的区)部署开展试点。各试点城市在党委领导下，积极协调相关部门、整合社会力量，围绕9个试点方向探索创新，亮点纷呈、富有成效，初步树立起共青团维权的社会形象，带动了全团权益战线整体活跃。其中，团安徽省委积极发挥省综治委预防青少年违法犯罪专项组、省未成年人保护委员会的牵头统筹作用，坚持法治化、组织化、社会化维权工作思路，促进青少年健康成长发展。据中央综治委通报，2014-2015年安徽省十万人青少年涉命案数连续两年全国最低；2015年以来，团省委获得“2011-2015年全国法治宣传教育先进单位”、省综治工作(平安建设)优秀单位等荣誉称号。各省(区、市)团委和权益部门负责同志、副省级城市和“青少年权益工作创新”试点城市团委负责同志参加会议，安徽合肥、北京海淀区、天津河西区、辽宁鞍山、江苏苏州、浙江杭州、广东珠海、广西柳州等城市作了交流发言。(记者 檀美玲)"
"这是一个新闻,新闻的关键词是走进荷兰，生活在风景明信片里是一种怎样的体验？,摘要为假装是位访客虽已是深陷荷兰寄一套秋日的风景帮你吟“层林尽染”孩童般且歌且走纵然在田间地头寻小镇袅袅的炊烟蓦然见“百舸争流”低地国的金色的历史,标题为走进荷兰，生活在风景明信片里是一种怎样的体验？,正文为假装是位访客虽已是深陷荷兰寄一套秋日的风景帮你吟“层林尽染”孩童般且歌且走纵然在田间地头寻小镇袅袅的炊烟蓦然见“百舸争流”低地国的金色的历史多少曾睡在维米尔的画笔下静止拿骚肃杀的秋日多少曾躺在文森特的帆布上振翅两周前本小主推出了10月份新一期的线下活动，邀请小伙伴们一起去荷兰风景明信片里的地方品奶酪、参观奶酪工厂、逛北海渔村，在风景如画的荷兰大农村徒步。 推文消息发布后，当天晚上报名人数即达限定人数。同时很多朋友在后台给小主们留言“很想参加，但为什么活动是周五，去不了不开森...”。本小主非常理解大家的想法，也试图和工厂那边沟通，可是因为工厂的工人周末是不上班的，只能对很多想参加的朋友们非常遗憾地说抱歉，小主等着下次约。荷兰最近妖风又起，本小主起初也很是担心万一下雨了怎么办。但实际上活动当天的天气实在太太好了。在荷兰的人都是懂的，大家非常珍惜这次难得的踏秋。 早上十点一刻，我们在阿姆集合，所有参与的小伙伴均于约定时间之前到达。本小主组织了那么多次活动第一次遇到这么准点的小伙伴们，棒棒的。 最先来到风景如画的奶酪工厂，之前有提过这个工厂坐落在荷兰的猫村。去的路上看到绿油油的一片景，大家都难掩兴奋。 HENRI WILLIG是荷兰北部最大的奶酪生产商。小伙伴们到达工厂的时候，工作人员早已准备就绪迎接大家了。 这身传统服饰是荷兰北部地区的服装，其他地区的荷兰人未必这样穿。虽然到处说木鞋是荷兰最值得带回去的纪念品之一，但平常也很少见人穿着木鞋在街上走。如此传统打扮的工作人员先给大家介绍奶酪的基本知识，一切都很“Dutch”。 ▲ 向大家演示荷兰人如何吃大的年轮老奶酪 ▲ 穿过储藏奶酪的仓库，这些奶酪都不轻在品尝奶酪的环节，工作人员继续和大家普及奶酪的相关知识。摆放在这里的奶酪，工作人员会建议奶酪和他们搭配的酱一起品尝，味道更好哦。 ▲ 原味和椰子味的奶酪，获得了大家的好评 ▲ 小伙伴们争相与穿着传统服装的工作人员合影出于生产安全的考虑，工厂极少对游客开放。此次参观是工厂向“欧洲那些事儿”中文读者的独家福利，展示其奶酪生产流程和质量管控体系。每个人穿戴的像要进入手术室的医生一样，跟着各自的讲解员进入工厂内部，详细的了解奶酪从分解到加蜡成型的每一个步骤。 ▲ 工作人员给大家发罩衣 ▲ 大家开玩笑这种罩衣特别适合拿回家打扫卫生的时候穿 ▲ 哈~她发现小主的偷拍了 ▲ 进入工厂里面每个人需要洗手消毒 来自五湖四海的人聚在一起观看乳清和酪蛋白如何分离 ▲ 工厂里的工作人员给大家切最新鲜的奶酪 ▲ 小伙伴们细细品尝中偷偷告诉你，在奶酪打蜡之前，它的原始味道像蛋糕一样柔软。 位于工厂旁的Jacobs Hoeve Katwoude是HENRI WILLIG历史最悠久的一个农场。随处可见牛羊悠闲地吃草。被这些可爱的羊儿牛儿萌化了。 低地是风车之国，风总是难平难静可明信片里的周五，却总是天朗气清 结束了工厂的参观活动，小伙伴们跟着本小主徒步至附近的北海渔村。这个渔村叫Monnickendam，其实离著名景点Volendam很近，但漫步在小镇里完全看不到Volendam游人如织的情景。大家边走边拍，享受小镇宁静的秋景。 北冥有鱼 化为鹏鸟 翼如垂云北海有村 渔歌互答 恬然不群北冥的鱼太大了北海渔村处处都娇小着 把小镇逛了一圈后，在港口边的一家露台小酒馆享受阳光沐浴下的午餐。 奇怪的是这北海小村的渔网网住了北冥的鱼 来看看大家的五星级评价（排名不分先后）★★★★★ 感谢小伙伴们对『欧洲那些事儿』线下活动的支持，你们的肯定是我们继续举办高品质活动的动力。▼ 下一期再见吧~— END —关注欧洲圈的那些人和事儿，每周从海外视角，为你推送优质文章。旅行、留学、移民、投资、文化、工作，更多内容，关注就知道喽。欢迎投稿或提问，有问必答，与我们互动。欢迎关注我们的微信公众号：欧洲那些事儿（微信ID：GogloEurope)"
"这是一个新闻,新闻的关键词是东莞住房公积金提取新政：额度计算等热点话题解答,摘要为■市民踊跃参与宣讲交流会■市住房公积金管理中心新LOGO1、问:新版的《东莞市住房公积金提取管理规定》何时实施？答：《东莞市住房公积金提取管,标题为东莞住房公积金提取新政：额度计算等热点话题解答,正文为 ■市民踊跃参与宣讲交流会 ■市住房公积金管理中心新LOGO1、问:新版的《东莞市住房公积金提取管理规定》何时实施？答：《东莞市住房公积金提取管理规定》于2015年3月1日起开始实施，有效期至2020年2月29日。2、问:3月1日后离职或失业是否还能办理离职或失业提取？答：离职或失业提取按“旧钱旧办法、新钱新办法”执行。即3月1日以前缴存的住房公积金，在外市户口职工离职或本市户口职工失业时均可提取，没有时间限制。3月1日后无论以何种形式缴存的住房公积金，均不能再以离职或失业情形提取，但可以按符合规定的其他情形提取。例如：张三（外市户口）在2010年6月在东莞开始缴存住房公积金，2015年3月1日的账户余额为2万元。他在2015年6月1日离职，那么无论他什么时间过来办理提取都可以提取到他2015年3月1日之前的账户余额，即2万元。2015年3月1日之后缴存的部分不可以因外市户口离职办理提取，若张三及其家庭成员在本市无自有产权住房，可以租房情形申请提取。3、问:申请租房提取有什么要求？答：只要职工本人、配偶及未成年子女在东莞无自有产权住房就可以申请，不分外市户籍还是本市户籍，如果夫妻双方都缴存住房公积金，符合条件可分别申请，不需要提供租赁合同、租房发票等资料，只要提供个人有效身份证件和转账账户即可，4月1日后就可以通过网上办事大厅、手机短信自助办理和单位批量代办，或到建设银行、邮储银行的194个网点临柜办理，申请门槛低、手续简单、办理渠道多样。4、问:租房提取的额度如何计算？答：租房提取的额度按照以下规则计算：（1）自《东莞市住房公积金提取管理规定》颁布实施之后、申请日之前（不含申请当月）缴存月份的住房公积金，即4月1日后开始可以提出申请；（2）每次分别计算可提取区间的最大可提取额度，当次租房提取业务完成后，下一提取区间重新清零计算最大可提取额；（3）符合缴存月份的按照不高于职工月缴存额（单位+个人两部分）的60%且不超过540元的规则计算。5、问:租房提取的家庭成员包括什么？答：家庭成员包括职工本人、配偶和未成年子女（未满18周岁），如果夫妻双方都缴存住房公积金，符合条件职工本人、配偶可分别计提不高于职工月缴存额（单位+个人两部分）的60%且不超过540元的金额。6、问:建造、翻建和大修哪里的住房可以申请提取？答：建造、翻建和大修在东莞或职工、配偶户籍所在地城市的住房即可申请提取公积金。7、问:建造、翻建和大修住房的可提取额度如何计算？答：建造、翻建和大修住房可提取到经有关部门批准建造住房当月申请人的公积金账户余额，但不可超过发票所载支出，且不可超过计算单价2000元/平方米、建筑面积不超过144平方米的预（决）算金额。8、问:还贷提取的额度如何计算？结清后是否还能提取？答：申请人可提取至该笔贷款结清当月账户余额，但夫妻双方累计提取金额不得超过贷款实还本息总额，且贷款结清后只能办理一次提取。存量档案中，已经办理过利息提取的职工在此笔还贷档案中不能再次办理。9、问:父母、子女关系是否可以办理提取？答:（1）购买、建造、翻建、大修住房和偿还购房贷款本息等情形，可申请提取住房公积金的提取人范围为职工本人及配偶，父母、子女关系不可以办理提取；（2）重大疾病可申请提取住房公积金的提取人范围为职工本人、配偶、父母和子女。市民如果想要了解更多住房公积金政策，可以登录公积金中心官网（http://www.dggjj.cn）查看“办事指南”，或到公积金中心办事窗口、建设银行及邮储银行前台咨询，或者致电公积金服务热线12329、政府热线12345。"
"这是一个新闻,新闻的关键词是邳州，半程马拉松,摘要为2016年10月13日下午3点，2016邳州国际半程马拉松新闻发布会暨冠名商签约仪式在邳州新苏中心隆重举行。中共邳州市委常委、宣传部长冯仰琦,标题为邳州国际半程马拉松将开跑 两大亮点期待众跑友,正文为2016年10月13日下午3点，2016邳州国际半程马拉松新闻发布会暨冠名商签约仪式在邳州新苏中心隆重举行。中共邳州市委常委、宣传部长冯仰琦，邳州市人民政府副市长张祥荣，中共邳州市委宣传部副部长丁庆飞，邳州市文广新体局局长刘宝汉，苏州新苏集团总裁魏良，江苏省体育产业集团有限公司纪检书记、党委委员史振军和各有关部门领导出席了新闻发布会，会议由中共邳州市委宣传部副部长丁庆飞主持。 2016邳州国际半程马拉松赛将于11月6日鸣枪开跑，此次2016邳马为邳州市举办的首届国际马拉松赛事，参赛规模约5000人，共设半程、5公里跑两个项目。记者在发布会现场还了解到2016邳马令广大跑友期待的两大亮点：亮点1：邳州，拥有30万亩银杏成片林，有天下最美的“银杏时光隧道”，还有千年古银杏树、银杏主题公园、银杏湖等旅游景点。同时，邳州还有“天下水杉第一路”、有水杉公园景点、艾山风景区、土山古镇等。11月上旬正是银杏叶最佳观赏期，蓝天碧水，遍地金黄，令人陶醉，每年来邳观赏银杏的游客超过60万人，因此邳州首届国际半程马拉松赛，就是以“心驰碧云天，跃动黄叶间”为主题，进一步突出和彰显银杏特色。赛道设置将生态园林与银杏大道相连接，在比赛过程中尽享银杏生态美景，将成为本届比赛的独特亮点之一。亮点2：邳州历史悠久，人才荟萃，文化底蕴深厚，有着6000多年文明史，境内发现的不可移动文物点218处，其中国家级文物保护单位3处、省级4处、县级56处；我市有徐州市级以上非物质文化遗产代表性项目31项，其中国家级保护项目2个，省级项目10个，徐州市级项目19个。赛前将举行非物质文化遗产展演展示活动，把体育与文化、体育与旅游、体育与城市品牌创建有机结合，让更多的选手了解邳州、记住邳州。 据了解，本次赛事由邳州市人民政府主办，邳州市文广新体局承办，邳州市新苏中心独家冠名，江苏省体育竞赛有限公司负责赛事运营推广工作。目前，报名工作正在火热进行中，广大马拉松爱好者可以登录赛事官方网站（pizhou-marathon.sutisport.com）进行报名。"
"这是一个新闻,新闻的关键词是又近年底！这笔钱的秘密，不知道就亏大了！丨提醒,摘要为年底将至，一大波奖金正在靠近，但是你真的了解它吗？关于年终奖那些不得不说的秘密请往下看！单位必须发放年终奖吗？答：年终奖的发放，劳动法律没有,标题为又近年底！这笔钱的秘密，不知道就亏大了！丨提醒,正文为年底将至，一大波奖金正在靠近，但是你真的了解它吗？关于年终奖那些不得不说的秘密请往下看！ 单位必须发放年终奖吗？答：年终奖的发放，劳动法律没有硬性规定，是否发放年终奖，属于单位的自主权。但如果劳动合同中有明确规定，或者单位的规章制度中对年终奖有明确规定，单位就应该按照约定或者规定发放。如果劳动合同明确规定年终奖金属于劳动报酬的一部分，或者用人单位将发放年终奖金规定在规章制度里，那么用人单位不能无故扣发员工的年终奖金。第二种情况是，年终奖金是用人单位给予员工的一种特殊奖励，不适用于所有员工，不属于劳动报酬的一部分，这种情况用人单位可以根据经营状况和员工的工作表现自主决定是否发放此类年终奖金。根据《劳动法》规定，年终奖是工资的一部分，属于劳动报酬的范围，如果在劳动合同或规章制度中规定发放年终奖，那么推迟年终奖的发放，无异于欠薪。按照《劳动法》规定，不得克扣或者无故拖欠劳动者的工资，对迟发年终奖的企业主应给予批评教育，严重的可由劳动行政部门责令支付劳动者的工资报酬、经济补偿，并责令支付赔偿金，以侵害劳动者合法权益情形论处。至于企业将年终奖分期发放，并不违法。企业对于如何发放年终奖有自主权，因此只要不延期，分期并不违法。有些用人单位与劳动者在合同中约定，每月从工资中扣除一部分押在单位，年底再以年终奖的形式发放，这种年终奖其实就是工资，如果用人单位恶意拖欠，劳动者不仅可以要求用人单位支付，还可以向劳动监察或仲裁部门主张加付赔偿金。单位是否可以实物方式抵发年终奖？《工资支付暂行规定》第五条规定，工资应当以法定货币支付，不得以实物及有价证券替代货币支付。由于年终奖属于工资性质，因此年终奖的发放不能以实物抵发。 13薪可以当作年终奖吗？很多企业，特别是外企喜欢采用13薪或14薪的方式来奖励职工，即按员工平时月收入的数额在年底加发一个月至数个月的工资。而13薪与年终奖有所区别。它不是奖金，和月薪性质相同，属于固定发放，发放数额、方式、时间都是确定的。而且13薪作为月工资计算个税，年终奖个税则需要平摊12个月后再计算。 “我”能拿年终奖吗？《劳动法》明确规定：“工资分配应当遵循按劳分配原则，实行同工同酬。”年终奖属于劳动报酬，也必须遵循同工同酬原则。”1.考核合格后才能享受年终奖2.考核前离开单位的不能拿年终奖 3.发放时不在册的员工不拿年终奖4.未做满一年的员工不能拿年终奖如果劳动合同或公司规章制度都未对年终奖有明确规定，按同工同酬原则，劳动争议仲裁机构或法院一般会支持离职职工得到一定比例的年终奖。同理，“新进员工”也可以得到一定比例的年终奖。年终奖也需纳入薪酬计算个人所得税。年终奖计缴个税的三种方法：方法一：发放年终奖的当月工资高于3500元时，年终奖扣税方式为：年终奖*税率-速算扣除数，税率是按年终奖/12作为“应纳税所得额”对应的税率。方法二：当月工资低于3500元时，年终奖个人所得税：(年终奖-(3500-月工资))*税率-速算扣除数，税率是按年终奖-(3500-月工资)除以12作为“应纳税所得额”对应的税率。方法三：年终奖金与双薪同一个月内发放时，将所发的双薪与年终奖金合并除以12个月，找出对应税率，（双薪+年终奖）/12×税率-速算扣除数。 多发了1块钱，得多缴税上千元吗？案例：单位发给小李年终奖18800元，按照有关年终奖个人所得税政策计算，小李应为这笔收入缴税1775元，即税后小李实际拿到手的钱是17025元。同单位的小王年终奖是18000元，同样方法计算，应该缴税540元，税后小王实际拿到手的钱是17460元。这样，就造成小李比小王只是多了800元年终奖，但却要比小王多缴1235元的税，导致小李实际上是“得不偿税”，还要倒贴，结果拿到手的钱就比小王少了435元。这是因我国年终奖个人所得税计算方法导致的特别结果。18000元年终奖，对应税率是3%，应纳税540元，税后可以拿到17460元。但如果年终奖增加1元到18001元，对应的计税税率为10%，应纳税上升到1695.10元，结果，税后能拿到的年终奖只有16305.9元。也就是说，多发1元年终奖会导致税后少得1154.1元。据《 羊城晚报》报道，年终奖“盲区”共有六个区段，分别是：[18001元，19283.33元];[54001元，60187.50元];[108001元，114600元];[420001元，447500元];[660001元，706538.46元];[960001元，1120000元]。发18001元比18000元多纳税1154.1元；发54001元比54000元多纳税4950.2元；发108001元比108000元多纳税4950，25元；发420001元比420000元多纳税19250.3元；发660001元比660000元多纳税30250.35元；发960001元比960000元多纳税88000.4元。"
"这是一个新闻,新闻的关键词是这才是你需要知道的海参标准！,摘要为你想吃海参吗？知道怎么挑选海参吗？知道怎么购买到最好的海参吗？会不会也像我一样，购买前大量的脑补，做一个购买攻略呢？众所周知，海参含有人体必,标题为这才是你需要知道的海参标准！,正文为你想吃海参吗？知道怎么挑选海参吗？知道怎么购买到最好的海参吗？会不会也像我一样，购买前大量的脑补，做一个购买攻略呢？ 众所周知，海参含有人体必需的全部18种氨基酸，而且海参所含有的胶原蛋白对于抗衰老和女士皮肤保养都有很好的功能。 海参含有酸性粘多糖，是世界药物科学家目前研究开发的新一代防止动脉粥样硬化、修复陈旧性心肌梗塞最有效的物质。常食海参对于预防心梗和中风有着重要意义。海参含有海参素，有刺激骨髓造血功能，抗肿瘤有独特的作用。 我们都知道，海参因生长周期长、产值少而导致价格昂贵，以克为计量单位销售，一斤海参就价值几千块。有些黑心商家，为了增加海参重量，和“注水肉”一样，在海参内加糖，这样就可以谋求暴利的新闻，也偶尔出现在媒体中。什么样的海参才是合格的海参呢？有没有统一的标准呢？有！为了普及海参选购常识，更好地宣传烟台海中宝做为全国海参行业领航者的舆论导向作用，在2016第四节中国海参节上，特举办2016“我是海参王”大赛。通过此次大赛，烟台海中宝将把自己四年来引领海参购买的十六句秘诀公之于众！烟台海中宝海参评选委员会评选标准： 哈哈，看到没？这才是真正专业的评价体系。经过打分后，得分分值在80分以上的，就是好海参啦！ “我是海参王”大赛概述：2016“我是海参王”大赛，是2016第四届中国海参节的四大主办活动之一。“海与参的情怀，您与我的烟台”。至今中国海参节已经走进第四个年头，海参节的规模和档次、知名度与美誉度逐年提升，实现了城乡互动、服务业和农业的协调发展，展示了“中国第一海参批发市场”得天独厚的资源优势。2016“我是海参王”大赛正是在前三届海参节成功举办的基础上，厚积薄发而来。曾记否？有诗云：长驱直入海，挚爱有烟台。仙人可驻留？蜃楼曾徘徊。浪花随心起，海参我来摘。共聚海中宝，千参散复来。 参王比赛报名须知：1、本次参王评比产品品类为：本地老淡干、本地纯淡干；2、报名企业需提供：营业执照、食品流通许可证或企业食品生产许可证和参赛海参品种介绍(头数、参长等)及照片于2016.8.1前发送至电子邮箱haizhongbao_yantai@126.com；3、8.2-10日，按提报顺序，在烟台海中宝微信中设立投票环节，各企业可自由拉票；4、得票前十名的参赛企业需在8.12日前寄送参赛实物样本，以供密闭泡发评选(每个企业限报一款)； 5、参王评选环节由干参外型饱满度、干参涨发率和泡发后弹性、口感等指标综合评比后，由专家评委委员会根据行业标准于2016.8.20日在中国海参节起航仪式后宣布比赛名次。 参王评比流程：1、第一阶段（7.23-8.1日）为海选阶段，由企业按照参王报名说明提报产品。2、第二阶段（8.2-8.11日）按照提报产品的种类及顺序，在微信中设立投票环节，投票得票前十名的参王产品晋级第三阶段即专家评委评判名次阶段。3、第三阶段（8.12-8.16日）进入参王专家评选阶段的企业提供参赛干参样品10支，供于泡发评选。由参王评选委员会组织业内专家，将所有样品进行统一封存并进行实时监控发制过程。4、晋级第三阶段参王评选的企业，除可获得参王称号（限前三名）及证书（全部）外，还可获得由烟台海中宝提供的礼品一份。5、参王评选最终归属将在2016年8月20日上午中国海参节起航仪式后揭晓，并进行颁奖。奖项设置：一等奖（1名）礼品：奖杯+2016参王证书+海中宝订制礼品（黄金摆件）二等奖（2名）礼品：奖杯+2016参王优秀奖证书+海中宝订制礼品（高级摆件）三等奖（7名）礼品：奖杯+证书+海中宝订制礼品（订制摆件）前十名均获得在参博会现场展位一个，展位装修将证书进行统一悬挂。其它参与企业：海中宝玩偶+证书 关于第四届中国海参节：2016中国（烟台）第四届海参文化节暨首届参博会是烟台海中宝海产品交易中心第四次承办该文化节，在以往的三届里烟台海中宝一直本着搭建行业内的供需桥梁，让更多海参人在展会的平台下获利。本届组委会加大了与海参养殖区及北方主要海参加工区商户的交流。让更多海参圈的人加入到展会，打通上下源，做大展会的影响力，打造最大最全海参行业内盛会。本届展会主办方将组织了多场行业交流峰会，让参展的商户更好的融合、交流和发展。本次展会现预报名参展海参加工批发户351家；海参品牌商户47家；海参养殖户32家；海产干货批发商53家；各类行业包装及设备10家。"
