content
你是谁? 我是由良睦路程序员训练的一个AI模型23999626
"这是一个新闻,新闻的关键词是暗夜内战定律谁先攻谁吃亏,摘要为暗夜内战定律谁先进攻谁吃亏SonikVSFoggyLR,标题为暗夜内战定律谁先攻谁吃亏,正文为暗夜内战定律谁先进攻谁吃亏SonikVSFoggyLR"
"这是一个新闻,新闻的关键词是Gary宣布退出&amp;lt;Running Man&amp;gt;！官方已证实！,摘要为点击关注，佛山正嘢每日推送25日据多位放送相关人士透露，Gary向《RunningMan》节目组传达了“想专注音乐活动，深入学习”的想法，计,标题为Gary宣布退出&lt;Running Man&gt;！官方已证实！,正文为 点击关注，佛山正嘢每日推送 25日据多位放送相关人士透露，Gary向《RunningMan》节目组传达了“想专注音乐活动，深入学习”的想法，计划从《Running Man》下车。 刘在石，池石镇，金钟国，HAHA，宋智孝，李光洙，Gary七人一直拍摄《Running Man》，从2010年直至今日，中途无一人下车，成员们感情深厚，各自发挥自己独有的特色，每一集都富有紧张感和趣味性，收视率也相当之高。从2013年1月开始，韩国Galop对于“韩国人最喜欢的节目”调查统计中，《Running Man》每次都能进入前十位，不仅是韩国国内，中华圈，东南亚圈，在南美和中东地区也受到众多喜爱，被称为“韩流艺能”的代表作。中国也买下了《Running Man》的版权，翻拍成《奔跑吧兄弟》，可见人气之高。Gary从2010年7月的初放送开始，一直非常活跃。7年间，一直带给观众欢笑和幸福。 《Running Man》节目组稍后确认了Gary下车的消息，节目制作组官方表示虽然对Gary进行了挽留，但也将为Gary的音乐之路应援。节目组衷心感谢过去7年Gary为《Running Man》付出的一切。尊重Gary“相比综艺人，更渴望回归音乐人身份”的想法，祝福未来Gary未来在音乐上能给大家带来更多的快乐。同时根据韩国媒体的消息，Gary出演的最后一起《Running Man》将于韩国时间10月31日下午进行录制。此外根据节目组的消息，目前没有加入新成员的计划。最后送上一首Gary的MV，祝福狗哥未来的音乐之路一帆风顺，也祝福《Running Man》的未来一如既往的能带给我们无限的快乐！ 佛山正嘢微信号: fszyeah吃喝玩乐、旅游购物、打折优惠佛山本地一切“正嘢”全搜罗！长按“识别”关注到店采访、撰稿推广请加主编微信elfron2详谈"
"这是一个新闻,新闻的关键词是50岁张曼玉暴瘦似柴火棍 遭男嘉宾搂腰表情淡定,摘要为50岁张曼玉暴瘦似柴火棍遭男嘉宾搂腰表情淡定,标题为50岁张曼玉暴瘦似柴火棍 遭男嘉宾搂腰表情淡定,正文为50岁张曼玉暴瘦似柴火棍遭男嘉宾搂腰表情淡定"
"这是一个新闻,新闻的关键词是请看好你家老人不要被骗！,摘要为“老人有钱，不骗他们骗谁？”中国人，请看好你家老人！不少家庭因为保健品问题，小辈与长辈之间一言不合就要吵，家庭关系也紧张了。在年轻人眼里，这,标题为请看好你家老人不要被骗！,正文为“老人有钱，不骗他们骗谁？”中国人，请看好你家老人！不少家庭因为保健品问题，小辈与长辈之间一言不合就要吵，家庭关系也紧张了。 在年轻人眼里，这些狂买保健品的老人，真的都戆透戆透；而那些老人，宛如被灌了迷魂汤，平时菜场上一毛两毛的讨价还价，买起保健品来几万几万的买。或许你曾亲身遭遇过，或许你曾亲耳听闻过这样类似的事件—— ""家里老人花了几万甚至十几万买了一堆所谓的保健品"" ""家里老人没事就往楼下xx养生机构跑，一天都泡在那里"" ""家里老人无论怎样劝说，还是非常固执的购买‘养生机构’推荐的‘保健品’"" ...... 于是就有了7户家庭，联名投诉一家名为""幸福9号""的保健品店的事……在上海滩，有那么一群素不相识的人，几乎天天都会给予老年人各种""关心""，而这样的""关心""在一些深陷其中的老年人看来，似乎比亲人还亲！他们，就是如今遍布上海街头尤其是菜场周围的各种""老年养生机构""。 日前，上海卫视《七分之一》栏目播出了这样一期内容，对上海街头""老年养生机构""来了一次大揭秘。 马先生的母亲退休多年生活平静，但他发现母亲最近很神秘，每天只有三餐在家，他觉得妈妈一定发生了什么事。于是跟踪母亲，没想到母亲是走进了保健品店。 马先生无奈地说：""劝了无数次，我妈都不听的。也不知道他们给我妈灌了什么迷魂汤！""""原先家里都很和睦，但现在基本上就是冷战！""不仅仅是马先生家，下面这些网友家里现在也是水深火热。 顾先生的母亲也常去这种保健店。有一次在楼梯摔倒，顾先生就担心是不是吃的保健品，对母亲身体有害？ 仔细看看，瓶身写的食用方法是每日1片，而宣传单上是早3粒晚3粒，整整是规定用量的6倍！ 正规医院膳食科科长说：过度食用硒，致硒中毒的话，会引起低血压，导致晕厥摔倒等。 这家幸福9号就是在误导老人，让他们多吃多买，也不管老人吃了对身体是好是坏！这些所谓的""老年养生机构""知道老人钱好骗，于是纷纷在上海老人日常活动区域安营扎寨，仅在杨浦区国和路""勤海菜市场""边上，竟然就有多达6家老年养生保健机构！ 这些""老年养生机构""招揽生意的方法基本都是如出一辙：先是给予老人一些甜头，每天发一些不值钱的小礼品，待老人""上钩""之后，再忽悠老人花费巨款购买其所谓的""保健品""。 在这些""老年养生机构""内部则俨然像一个""老年之家""，里面老年人可以聊天喝茶，组织老人们打打牌搓搓麻将，没事搞个剥毛豆比赛，甚至店员还会煞费苦心的陪老人们一起娱乐。 当然，无论店员用了何种花样精来陪伴老人，他们的目的也只有一个——骗老人钱购买其所谓的保健品。 在这些店员充满""人文关怀""之下，被迷惑的老人纷纷不惜重金购买他们的保健品，买的少的几万块，买的多的甚至数十万！而这些购买了保健品的老人们，每天都把这些保健品来""当饭吃""…… 而对于如此""洗脑式销售""，一些老人甚至已经到了是非不分，黑白不明的地步。当看见记者扛着摄像机前去调查采访，这些被洗脑的老人纷纷站出来义正言辞的阻拦记者，甚至，在店员的鼓动之下，竟然齐声高唱《团结就是力量》！ 为何这些老年养生机构的店员，可以把老人""花""的团团转？他们究竟掌握了什么高深的独门销售技巧？老人又为何会对这些店员的每一句话都俯首帖耳？？？ ▲员工培训笔记培养思路：1、加强对她的单聊2、茶话会讲病，了解自己的病3、下危机，重视自己的病4、讲产品，针对自己的病5、讲活动，这次怎么优惠6、讲售后，买得安心，吃得放心7、促进别的药物的吸收8、包装专家……10、做感动、惊喜病，病，病，病，病！老人们或多或少都受到不同程度的病痛困扰，只要围绕这个点，简直是对用户的精准出击！由于卖的是保健品，店员大多谎称自己是学医的，来博取老人的信任。 在他们眼里，老人就是他们发家致富的""金矿""。而如何挖掘这座金矿，他们也有他们自己的""套路""，甚至还有专门的""教材""！ 是的，你没看错，一个九十岁的老人他们也不放过，而所有老人在他们眼里几乎都是一个自动提款机。而在宿舍里的员工闲谈这句：""老人都不像顾客了，像是你手下的兵，让干嘛就干嘛""真的把小编给震惊到了！ 据卧底记者调查，记者所在的这支团队共12人，清一色都是90后，最小的只有18岁，对于骗老人钱销售保健品，他们认为是一个可以一夜暴富的神话。事实上，在这家""幸福9号""的养老机构，员工自曝的销售冠军就是一夜暴富，一个月就能赚30万！在他们眼里，这30万是财富；但这30万背后，又是多少被骗老人辛苦一辈子攒来的救命钱？ 这些来大城市""淘金""的姑娘小伙，面对一个个一夜暴富的神话，""留在这里""成为了他们唯一的人生目标，至于用什么手段让自己留在城市却没有太多人关心。 在整个视频报道中，有一幕画面令人异常深刻。一位上海口音的老人孤独的站在一家""老年养身机构""门口等候开门""上课""，而她甚至是提前了一个小时就来到这里等候，这是怎样的一种""执着""？而这位老人就是前文提到的那位已经花费近十万元来购买""保健品""的那位……不知道下面的这幅画面大家看了心里会作何感想？ 揭秘""保健品骗局""：老人怎样被一步步掏空钱包 关于保健品骗局，华西都市报曾以超过一百位上当的老人为样本，进行数据分析。在华西都市报接到的116个电话投诉当中，打来电话的83%是老年人子女，5%为购买者老伴，仅有2%的老年人是自己发现上当受骗后向本报投诉的。九成老人花费数万上当花钱的老人中，90%都花费数万元，其中4名老人因为买保健品成了""月光族""，并继续向子女和朋友要钱买保健品。大多数子女都称，不知道老人到底花了多少，只能大概估算。杜女士的母亲一年花了不止10万元，段女士则估算公公几年时间""花了大概20万""。还有一些老人还欠了债，其中数额最高的达7万元。公司卖出的常见产品有保健酒、蜂王浆、激光表、高电位。因为缺乏相应的医学知识，老年人常对卖方宣传的功效感兴趣，卖方宣称的功能中，以""防红外线""、""抗辐射""、""解毒""最常见。因为不懂电脑技术，王大爷称一些重要人物都去过保健品公司，这让女儿哭笑不得，""以现在的电脑PS技术，这很容易办到。""此外，李女士告诉记者，老人不知道社会环境已经改变，""别人说什么，他就信什么""。招数起底：名医外壳、夸张营销1、打名医牌：""专家""一看就说有癌在保健品销售商的""诚邀""下，老年人迈进一个个星级酒店、农家乐，仔细聆听来自""政府领导""、""名医教授""的""爱心养生讲座""。热线中，所有的受访者都称，老人曾参加讲座，领悟""健康理念""，几次之后开始购买保健品。会场上，何太婆曾遇上""细胞学专家""，对方称看看手纹便可知道她有什么病。""你体内有癌细胞。""她一惊，身上确实有个包，正在观察是否为良性。信任感油然而生，她花1万余元买回一堆药，几天后才发现，药品原来只是增强记忆力的，与癌细胞无关。事后，她想起去会场之前，曾给前来接她的小谭说过自己身上有包。2、打奖品牌：用小恩小惠吸引参与记者了解到，这样的讲座在几年前便出现了，然而，近年来的""养生""讲座显得越发的""成熟和高效""。为鼓励老年人，卖方制作出勤卡，满勤的可奖励小礼品。在购买保健品之前，还会营造出货少人多的气氛，往往还要去另一个地点购买产品，""只有38个名额，要跑着去买！""不少老年人都怕错过了好机会，一时冲动就花钱了。一些保健品公司还做起了衍生产品，一位周大爷花了5万元购买基金，对方称""保证盈利""。3、打门槛牌：拒绝年轻人来听讲座讲座地点总在头一天晚上才公布，时间通常定在工作日，不少受访者认为此举是为了""避免上班的年轻人进入""。讲座设门槛，事先向老年人配发入场证，即便有跟去的子女也被拒之门外。打进热线的子女中，都称""没进到过讲座会场""。为让老年人带够现金，一家公司提前发出信息，将在会场上随机抽取现金编号尾号进行奖励。还有公司用""变相返还""吸引老年人花钱，一家公司让交9千元，承诺之后会全部退还。结果，退回来的是""一张2000元机票，一个7000元的保健电热毯""。4、打实验牌：濒死金鱼吃了保健品活了讲座显得老套，促销手段正在更新升级。打进的热线中，80%称卖方组织聚餐、游玩。泡着温泉，品着美食，感性的一天后，""老年人更容易被劝说""。飞往外地，卖方不安排游玩景点，拉着老年人四处购物。""还会做实验""，方先生称，一工作人员拿出一只金鱼，称先喂鱼吃了敌敌畏，眼见鱼死掉，然后放入保健品，金鱼又活了过来。他怀疑，之前给金鱼吃的并不是敌敌畏。5、打订制牌：流露出兴趣就被宣传轰炸热线中，有4名受访者来自同一设计院家属区，小区里的老年人早年工作体面，退休后也有些积蓄，这是保健品公司""最爱的目标人群""。段女士的公公因为对保健品流露出了兴趣，接着就不断收到外地邮寄来的产品介绍，她请朋友前去邮寄地址查看时，却发现地址是假的。蒋大爷在敬老院时遇到一名老人，给他看《保元丹3万例服用者调查表》，深信不疑的他买下对方推荐的保健品，后来人却不见了。受骗原因：渴望健康害怕孤独在受骗老人中，70岁以下的约30%，70岁以上的老人占70%。他们无一例外都极其渴望健康，这也是老年人受骗的最主要原因。""我的糖尿病治好了，但这种病有很多后遗症""，""父亲在2009年做了结肠癌手术，现在每年体检也正常，但他每次听完讲座，就觉得自己一身病""。买保健品另一大原因是孤独。2015年5月，国家卫计委发布《中国家庭发展报告2015》称，空巢老人占老年人总数的一半，独居老人占老年人总数近10%。老人独自居住，于是，卖方开始温情忽悠，提着水果拜访老人，给老人倒洗脚水。不曾想，那些叫着""爸妈""，下着跪的""可爱小伙""让他们掏空了家底。75岁的杨大爷是简阳人，随子女来成都定居，""没去听讲座前，几乎没有熟人。天天听讲座，生活规律了，也认识了一些朋友。""此外，大部分花重金买保健品的老人都很朴实，""心也很宽""。发现被骗，有老人说""有人陪着说说话也好""。一位周大爷还对自己子女说：""辛苦一辈子，老了就想图个健康。花其他的钱我舍不得，但是想着为身体好，我愿意，就算没效果，试试也无妨。""老年人单纯善良，都市年轻人奔波忙碌，这样的家庭组合让一些保健品销售商抓住了商机，不断升级营销策略，变换招数让更多的老人上当。""一个巴掌拍不响""。之所以有如此之多的老人上当受骗，有一部分不可忽视的原因是家庭或者是社会给予他们的关心太少所致。年纪大了就会害怕孤独，这是一个人人都懂的大道理，这些所谓的""老年养生机构""也正是利用这个大道理将一个个上海老人骗的七荤八素。如果平时我们能给予这些老人多一些真正的关心，让他们觉得不再那么""孤独""，或许，这样的打着""养老服务""的诈骗机构就没有市场了吧！来源：21财闻汇（jiayou21cbh），综合自：每天学点经济学（jingji0935）、华西都市报更多精选：南京长江大桥我再来看看你！期待27个月后的南京长江大桥！比碰瓷还吓人的""鬼探头""最近的这些伤亡事故涉及电动车！我们是除碳净的搬运工！有些便宜不能占！XADO超级护！刺客也许就是你自己！秋季汽车要怎么保养！"
"这是一个新闻,新闻的关键词是Spotify 小心饶舌天皇 Jay Z 投资的串流音乐服务 TIDAL 来了,摘要为读者们是否注意到，这几天许多国外歌手的官方Facebook、Twitter帐号都换上亮眼水蓝的大头贴？这是因为饶舌天皇杰斯（Jay-Z）号召,标题为Spotify 小心饶舌天皇 Jay Z 投资的串流音乐服务 TIDAL 来了,正文为读者们是否注意到，这几天许多国外歌手的官方Facebook、Twitter帐号都换上亮眼水蓝的大头贴？这是因为饶舌天皇杰斯（Jay-Z）号召音乐界众多友人，一同为他所投资的串流音乐服务TIDAL造势。当玛丹娜、碧昂丝、妮琪米娜、肯伊威斯特等大牌歌手一同发 tweet、加上“#TIDALforALL”的主题标签（hashtag）并且同时换上亮眼水蓝的大头贴，就可以知道 TIDAL 这项服务大有来头。TIDAL | #TIDALforALL Together we are unstoppable. Together we are TIDAL. #TIDALforALLPosted by TIDAL on 2015年3月30日饶舌天皇 Jay Z 耗资 4.64 亿克朗（约台币 16.83 亿元）收购的串流音乐服务TIDAL ，就在美国时间 30 日下午 5 点于纽约举行新闻发布会，公布详细的服务内容。从 TIDAL 事先公布的宣传短片，可以看到 Jay Z 与老婆碧昂丝号召了许多知名音乐人，包括肯伊威斯特、凯文哈里斯、傻瓜庞克、Coldplay 乐团主克里斯马汀、玛丹娜、蕾哈娜、妮琪米娜等出席聚会，即使不能到场的亚瑟小子、艾莉西亚凯斯也透过视讯连线参与会议，了解 TIDAL 的营运计划和利润拆分，这样大牌如云的场面简直媲美音乐颁奖典礼。TIDAL 起先是由斯堪地那维亚公司 Aspiro 所创办，去年在美国推出，其主要卖点在于具有传输 16-bit FLAC（Free Lossless Audio Codec）音讯编码的能力，提供高达 1411kbps 的音质水准，相当于是 Spotify 320kbps 的四倍以上。目前 TIDAL 提供了约 25 万首歌曲、7.5 万部音乐影片。该公司提供网页播放器以及iOS 、 Android 两大平台的 App 供用户使用；目前已经在 35 个国家开放桌面端和移动端使用，包括美国、英国以及邻近的香港、新加坡，可惜的是台湾还无缘使用。与 Spotify 不同的是，TIDAL 并未提供附有广告的免费服务，目前已经公布两种收费方案：“TIDAL Premium”需月缴 9.99 美元与 Spotify Premium 同价；另一种“TIDAL HiFi”则是月缴 19.99 美元、享受无损音质的串流服务。但是到目前为止，TIDAL 大约只有 1.7 万付费用户，与 Spotify 的 1，500 万付费用户相比仍差得远。除了大牌歌手助阵，笔者觉得有趣的是，2014 年乡村小天后泰勒丝的专辑《1989》推出后打破销售纪录，但是面对串流音乐服务的堀起，她表示《1989》不会在各大串流音乐服务上架，尤其极力抨击 Spotify 没有给予歌手和专辑制作者足够的报酬。不过，日前国外媒体报导 Jay-Z 积极拉拢泰勒丝，最后谈妥小天后的专辑将会在 TIDAL 上架，似乎看准 TIDAL HiFi无损音质串流服务，而且收费标准也是 Spotify 的两倍，较能回馈音乐人合理的报酬。参考来源： Jay Z enlists millionaire musicians to promote relaunch of Tidal music service Taylor Swift ditched Spotify， but will stream to all 17，000 people on Jay Z’s Tidal music service Jay Z takes on Spotify with $56 million purchase of Aspiro 延伸阅读：千呼万唤始出来，付费音乐串流服务 YouTube Music Key 将正式推出苹果iOS 更新连发！传全新串流音乐服务有望随iOS 8.4 推出推出免费串流音乐服务？KKBOX：仍在计划2014 年美国串流音乐收入首次超过 CD 销售收入串流平台帮助音乐人？iNDIEVOX 创办人：是音乐人帮助他们吧！"
"这是一个新闻,新闻的关键词是加息，澳元,摘要为早间回顾：今日早盘呈现非美短期回调走强态势，欧美价格在1.0910附近支撑上行，交投于1.0940，镑美价格再次攀上1.4900企稳，美日价,标题为国汇亚洲：澳联储不敢大动 美元加息忧虑重重,正文为早间回顾：今日早盘呈现非美短期回调走强态势，欧美价格在1.0910附近支撑上行，交投于1.0940，镑美价格再次攀上1.4900企稳，美日价格上行至119.70附近空头下行，目前交投于119.50，纽美受0.7530支撑上行，目前上破0.7550，黄金价格上行较为明显，交投于1214.32，原油价格再次呈现多头趋势，有上探52.00的趋势。澳联储不敢大动，美元加息忧虑重重同时，今日午间12:30澳联储利率决议公布，维持2.25%的利率不变符合预期，但市场期待已久澳元降息并没有就此来临，澳美价格应声而上，目前上破0.7700成功，交投于0.77040，澳联储决议维持不变也反映了尽管铁矿石价格低迷，但突如其来的奇差美国非农就业人数使澳元不敢大动。与此同时，美元何时加息再次成为市场焦点，预期的6月份加息还有没有可能？“渐进式加息”能否实现？一系列的问题再次使市场对美元攀高走势忧心忡忡。今日推荐交易产品：EURUSD：欧美价格在1.0920附近受到支撑上行，短期上行动量较足，上方第一压力：1.0960，第二压力：1.1000，第三压力：1.1030。货币技术分析：EURUSD：欧美价格在1.0920附近受到支撑上行，短期上行动量较足，上方第一压力：1.0960，第二压力：1.1000，第三压力：1.1030。GBPUSD：镑美价格呈现企稳上行态势，目前上破1.4900，上方压力：1.4925，上破看到1.4970，操作建议：短多为主。AUDUSD：今日午间澳大利亚利率决议维持2.25%不变，澳美价格上破0.7700成功，企稳于0.7700附近，目前上行动量衰竭，预计短期下调可能性较大，下方支撑：0.7660、0.7640。操作建议：短空为主。GOLD：黄金价格交投于1212.60附近，短期仍会测试该点位，目前关注1212.00点位，上方压力：1216.00，下方支撑：1206.00，操作建议：重点关注1212.00点位，短线多头为主。"
"这是一个新闻,新闻的关键词是廊坊或有进一步限购可能？,摘要为最近一位北京周边从事房地产的人表示，最近看房量、成交量都在下降。他所关注的固安、永清、燕郊等环北京区域，目前无一例外出现成交下跌的局面。据他,标题为廊坊或有进一步限购可能？,正文为最近一位北京周边从事房地产的人表示，最近看房量、成交量都在下降。他所关注的固安、永清、燕郊等环北京区域，目前无一例外出现成交下跌的局面。据他透露，环京区域目前价格尚稳，但已有个别楼盘开始降价销售。“前段时间我在楼下的中介看到，我们小区的房子已经两万七一平了。”方想（化名）在北京国贸附近工作，家住河北燕郊。今年夏天，她发现自己距国贸30多公里外的燕郊的房子正在暴涨。这套房四年前购入时单价不到1万元/平方米。她比较关心的是，如今房地产调控政策如此密集，燕郊房价会不会先于北京出现大跌。 中指百城价格指数系统数据显示，截至今年7月，廊坊全市新建商品住宅价格环比连续上涨11个月、同比连续上涨10个月，涨幅高达30.31%。9月30日的限购政策出台后，“凉水”当头浇下，北京楼市成交正在快速降温。 环京区域目前价格尚稳，但已有个别楼盘开始降价销售，如河北当地一小型开发商就“绷不住”，在“9·30”新政出台后的国庆，将原本售价在2万元以上的房源，每平方米下调2000元出售。林强还透露，他所供职的开发商（大型上市房企）昨日召开内部会议，该公司预计廊坊区域有出进一步限购政策的可能。 中原地产分析师张大伟日前对记者分析，此前楼市非理性上涨是资金潮下资产荒的表现，环北京楼市是最典型的区域。他预计，未来楼市一旦退潮，该区域受到的影响会比较大。九里香堤花园洋房生长于集众多资源一体的燕郊北区域，紧邻北京行政副中心，占位京津冀一体化桥头堡，资源丰厚、交通便捷，同时还有燕达实验学校等实力配套。更多有关九里香堤花园洋房的信息可咨询：400-997-2008转8005"
"这是一个新闻,新闻的关键词是她63岁拍孕妇照，68岁拍裸照，还培养了个身家200亿的天才儿子！,摘要为点上面关注温州大城小事看下集！到最后，这位天才已经不满足陆地的开发，前段时间他进行火箭回收循环利用项目，旨在让每个人都可以上火星。40出头的,标题为她63岁拍孕妇照，68岁拍裸照，还培养了个身家200亿的天才儿子！,正文为点上面关注温州大城小事看下集！ 到最后，这位天才已经不满足陆地的开发，前段时间他进行火箭回收循环利用项目，旨在让每个人都可以上火星。 40出头的年纪不仅拥有非凡的头脑，还有几百亿美元身家，这样的天才是不是酷炫到爆？ 但埃隆说起自己的成功，总会说很大一部分都源于母亲对其的培养。回望梅耶的大半生，你就会发现这真的不是一个简单的女人！ 1948年，梅耶出生于一个飞行员家庭，父母是飞行员，所以经常开着飞机带着孩子满世界飞，梅耶曾进出沙漠寻找“失落古城”，还曾被狮子抓伤，险些丧命。 因为这些稀罕的经历，小小的梅耶从小就感受过速度与激情，冒险的基因渐渐随年龄增长深入骨髓。 十几岁时，梅耶已经出落得美艳动人，妥妥的美人胚子自然引起不少人的注意。 所以当很多熊孩子还对这个世界懵懵懂懂的时候，她已经被星探发现，在15岁时就接下了人生的第一个广告。 出众的美貌，模特般完美的身材，很多人以为梅耶会凭借自己的优势嫁入豪门，毕竟这是很多姑娘的终极梦想。 但很显然，梅耶并不想走寻常路。21岁，正是花季一般的年龄，在众多优秀追求者中梅耶选择嫁给爱情，对方是一名工程师Errol Musk。 两人孕育两子一女，生活平淡温馨，按照很多人的人生轨迹，一个姑娘和爱的人组成家庭也算圆满了。 但流着冒险家血液的梅耶并不愿困囿于柴米油盐中，她有自己的梦想与追求。她一边带着3个孩子，一边继续模特事业，甚至在孕期完成了营养学硕士的课程。 对她而言，结婚并不是一个女人最终的归宿，懂得投资自己永远都是必要的。就这样过了10年，梅耶和丈夫以一纸协议离婚收场，很多男人都希望妻子能够温柔顺从，相夫教子，但爱冒险的梅耶并不想当金丝雀。 没有丝毫拖泥带水，两人都是干净利落之人，从此大路朝天各走一边。31岁的梅耶选择重新出发，她开始经营起喜欢的营养咨询公司。 几年过后，17岁的儿子埃隆高中毕业要前往加拿大求学。这是一笔不菲的开支，梅耶的公司还未进入正轨，很多人都等着看这个离婚女人的笑话。但她并不想给这些看客机会，她果断放弃拼搏几年的事业，带着三个孩子举家前往加拿大，重新为人生翻篇。 没有家人朋友的支持，没有坚实的物质做后盾，一个离婚带子的女人无论在哪个年代都不会太好过。在那段最艰苦无助的岁月，梅耶只能拼了命地打工，最后在一所大学找到一份营养学研究员的工作，还找了一份模特兼职。 可即使这样，她还兼职一周两晚教模特和营养课；开公司当挂牌营养师；并逆天地集结成自己以往的经验出了一本书。她心里始终有一团火，告诉自己：女人不坚强，软弱给谁看！孩子上大学的梦想让她马不停蹄地激发自己最大的潜能，母亲对孩子最朴实的爱令她不允许有丝毫的懈怠。 但一个聪明的女人是懂得平衡工作与生活的。再忙碌的日子，梅耶也没忘给生活添加一点调味剂。在最艰难那几年，她会给廉租房里买一块舒适的地毯，会买一束花放在窗前，房子是租来的，但生活不是。 即便穷到捉襟见肘，她也会想办法向屠宰场的客户低价买肉，让孩子有足够的营养，生活的消费可以减少，但品质绝对不能降低。一个懂得美的女人，即使生活并不富裕，她也不会让自己随便将就。在人生低谷的时候，她仍然把生活过得活色生香。 梅耶不仅把生活打理得井井有条，她还有远大的眼界格局，智慧的女人不会困囿于小小的天地。她观察到二儿子埃隆沉默寡言，喜欢捣鼓新鲜事物也不阻止，即使生活不富裕，她还是咬咬牙给他买了一台电脑，让他天马行空想象。 作为妈妈，她还想方设法给自己的孩子创造更多的机会。她去托朋友送埃隆进微软实习，介绍大儿子到银行工作，女儿Tosca也是一边上学一边兼职。也许是遗传到梅耶的冒险基因，埃隆也不是一个安分的乖学生，在斯坦福大学读博士两天后觉得没意思就辍学，跑去硅谷开公司。放弃人人艳羡的高学历，转身到未知的领域拼搏，前途未卜，很多家长都会跳出来极力反对。可是梅耶却站在儿子这边。 她支持儿子创业，创业初期需要大量资金的投入，她就日以继夜地打几份工，攒了钱支援他们。在梅耶50岁生日时，儿子买不起礼物，只送给了她一个玩具房子和一辆火柴盒一样的玩具车，对梅耶说：以后给你买真的。 梅耶依然乐开了花，自己培养的孩子终有一天会成功，毫不怀疑！事实证明，梅耶是对的，二儿子埃隆创业成功，成了硅谷呼风唤雨的风云人物，还能和奥巴马亲密交谈； 大儿子开社交网络公司，把全美连锁餐馆经营得有声有色； 小女儿也不甘落后，是获奖电影制片人，更是名成功的演员。 穷困潦倒大半生，孩子们终于功成名就，很多人说梅耶终于可以享清福了。但梅耶只是摇摇头，露出微笑，一如既往地自信。 她说：“纽约人说话快，走路快，脑子快，跟我一样。”孩子们实现了自己的梦想，自己也要继续自己的追求。 她是一个停不下来的女人，继续在模特业里发光发热。也许正是这种强大的气场和无人能敌的自信，10年的蛰伏期等来的终于是一夜爆红。 一头雪白的银发，配上时而酷帅、时而优雅、有时性感、有时前卫的装扮，梅耶·马斯克的魅力征服了不少人，一跃成为最受欢迎的时尚教主。 如此摩登的梅耶，就算在新人扎堆的时尚圈，也一点儿不输那些嫩模与小鲜肉们。 那些曾经眼高于顶的杂志也被梅耶的美丽所折服，纷纷邀请她当上封面。 梅耶身上的衣服很华美，却终究掩盖不了她自身散发的气质与魅力。 68岁，在我们大多数人眼中都是一个颐养天年、含饴弄孙的年龄，可梅耶还把每一天都当做一次新生来过。她说自己的人生才刚刚开始；她说她还要当一辈子的模特。 在这个女人身上，似乎有一种永不停息的蓬勃的生命力，正熊熊燃烧，永不熄灭。她已不再年轻，甚至皱纹也悄悄地爬上她的脸庞，但眼底的自信与光芒却让钻石都黯然失色。 时光对于梅耶这样的女人来说不是杀猪刀，而是试金石，人到中年，身上反而具备了汹涌的美人能量，这种能量足以抵抗岁月，在磨难前成为最优雅的存在。 这么酷的女人不会怕老，老了也是最酷炫的姑娘！来源｜爱奇旅（ID：i-qilv）版权归原作者所有，如有侵权、违规请联系我们"
"这是一个新闻,新闻的关键词是丰田RAV4，合肥降价促销，合肥行情,摘要为促销时间：2015.3.23-2015.3.29【搜狐汽车合肥站报道】近日，搜狐汽车编辑从合肥风之星丰田汽车销售服务有限公司获悉，店内丰田R,标题为[合肥]丰田RAV4现金降价8000元 现车在售,正文为促销时间：2015.3.23-2015.3.29【搜狐汽车合肥站报道】近日，搜狐汽车编辑从合肥风之星丰田汽车销售服务有限公司获悉，店内丰田RAV4现车销售，目前购车可优惠8千元，有兴趣的车友不妨到店详询。或加入搜狐汽车团购群：174409588，帮您争取最低优惠（加群请注明电话和意向车型，方可通过验证），优惠详情如下：丰田RAV4 厂商指导价 直降 现价 现车情况 询价2.5L 自动四驱尊贵版 27.28万 ↓0.8万 26.48万 现车充足2.5L 自动四驱豪华版 25.28万 ↓0.8万 24.48万 现车充足2.5L 自动四驱精英版 23.98万 ↓0.8万 23.18万 现车充足2.0L CVT四驱新锐版 22.98万 ↓0.8万 22.18万 现车充足2.0L CVT四驱风尚版 21.78万 ↓0.8万 20.98万 现车充足2.0L CVT两驱都市版 19.38万 ↓0.8万 18.58万 现车充足2.0L 手动两驱都市版 18.38万 ↓0.8万 17.58万 现车充足2.0L CVT两驱风尚版 19.98万 ↓0.8万 19.18万 现车充足制表：搜狐汽车合肥站查看更多降价信息请进 降价栏目首页 丰田RAV4 车型简介：全新一代RAV4更加凸显了其“城市SUV”的特征，轴距加长、离地间隙减小、取消外挂式备胎，与此同时新车还升级了动力总成，作为在国内紧凑级SUV市场中销量最为出众的车型之一，RAV4换代车型作出的调整将更贴近城市生活。从外形设计来看，第四代新款RAV4在延续现款风格的同时，变得更运动和时尚。从前脸来看，新车采用新的“Keen Look”家族式前脸设计，进气格栅尺寸明显变小，低而扁平的发动机盖也几乎成为了近期丰田系列的常见特征。动力方面：新一代RAV4配备的2.5L汽油发动机，最大功率输出176马力，与之匹配六速手自一体变速箱。同时将继续提供2.0L发动机，只是排量却从1998cc降低到了1987cc，但动力输出方面并没有太大变化，与之匹配CVT无级变速箱，而老款的3.5升V6发动机不再搭载。此外，全车系均可选择前轮驱动或四轮驱动的配置，四驱版车型还配置了HAC上坡起步辅助及DAC陡坡缓降辅助系统。 保养方面：丰田RAV4车型厂家提供三年或10万公里质保，店内建议保养周期是5000公里，首保免费。一般小保养的费用是400元左右，大保养以车况而定，一般为700元左右（以上费用以4S店内价格为准）。编辑点评：新一代RAV4的四驱车型具有动态扭矩分配(Dynamic Torque Control)功能，并有自动(Auto)、锁止(Lock)以及运动(Sport)模式可选。在自动模式下，RAV4会主要以前驱方式行驶，并会在需要时切换到四驱。感兴趣的网友可致电详询。（信息来源：合肥 信息员郑玲） 提及搜狐汽车，您将享受更优质的服务。声明：此价格为经销商个体行为，不代表全部经销商。由于市场价格变化多端，文中所报价格仅供参考。本文系搜狐汽车独家稿件，版权归搜狐汽车所有，未经许可，不得转载。一经发现，必将追究。"
"这是一个新闻,新闻的关键词是北汽，卫蓝,摘要为最近一段时间，北汽很忙。3月20日，北汽新能源推出助力北京申办2022年冬奥会的一揽子计划，并推出两款助奥特别版车型——EV200轻快版和E,标题为干货：北汽新能源发展战略详细解读,正文为 最近一段时间，北汽很忙。3月20日，北汽新能源推出助力北京申办2022年冬奥会的一揽子计划，并推出两款助奥特别版车型——EV200轻快版和EV160轻秀版；3月21日，北汽绅宝首款SUV车型X65上市；3月23日下午，北京汽车股份有限公司与乐视控股在香港正式签署战略合作协议，宣布共同打造互联网汽车；同一天，北京汽车在香港上市后的第一份业绩单也同步发布......北汽绝对是近两周曝光率最高的车企之一。同样是在3月23日这天，搜狐车盟组织的探访北汽新能源活动开启。活动中，北汽新能源的领导详细介绍了公司的发展规划和战略。作为活动的参与者，AM特与大家分享如下。销量目标：2015年年销量超2万辆2020年年销量超20万辆数据显示，2014年北汽新能源出货量达5510辆、同比增长238%。而按照北汽“卫蓝事业计划2.0”的规划，到2020年，北汽新能源年销量将达到20万辆，市场占有率超过15%，降低碳排放20%。 2015年，北汽新能源的经营目标是实现年销量2万台，在新能源汽车市场，全国占有率将超过15%，北京地区将达到65%。为了实现目标，北汽新能源制定了“一链一路”的发展路线。“一链”就是建设完整的全球价值链，它涵盖了新能源汽车从研发、供应、制造、营销、服务到公众的全产业链和全生态链;“一路”就是“卫蓝之旅”——继续在全国范围内开展征集“卫蓝先锋”的企业社会责任之旅。产品规划：2015年推出6款车型2016年推出5款车型按照北汽新能源的规划，今明两年，公司共将推出11款新车，其中6款将在今年推出，5款明年推出。北汽新能源的产品战略总结为：“大中小”、“高中低”、“234”。“大中小”、“高中低”指的是产品级别上要覆盖高、中、低档各级别车型及大、中、小各个车型尺寸；“234”指的是产品续航里程将主要集中在200公里以内、200-300公里和400-500公里。用户可以根据自身的用车需求，选择合适续航里程车型和车辆档次，从而避免不必要的能量消耗。从具体产品来看，2015年，北汽新能源的产品仍将以交叉型乘用车以及A级以下级别车型为主，包括已经上市的EV200轻快版，以及增加了电池容量的2015款EV200，同时还有A级车EV300，另外，EL150冷藏车和保温车等商用车产品也将推出。2016年，更高级别的车型将推出。如A级车PH300和B级车ES210，同时还将推出C级车ER500。 除此之外，对于北汽集团董事长徐和谊此前提到的那款将超越特斯拉的车型，本次交流会上也透露了更多的细节。据悉，这款车将是一款纯电动的中高级运动轿车，价格定位不会低于宝马、奥迪的同类产品，预计续航里程达550公里，但会根据消费者的需求适当调整。这款车的上市时间目前尚未确定，会在今年年底或明年年初解开面纱。渠道规划：2015年终端店面将达30-40家以京津冀、华东、华南经济发达地区为主北汽新能源除了研发部门以外，还专门成立了新能源营销公司进行新能源汽车的推广工作，并在营销方面多渠道试水，搭建独立的销售网络，并尝试网上售车、汽车租赁等多种营销模式。截至2014年底，北汽新能源在全国的终端店面已达到26家，其中4S店14家，体验店12家。按照北汽新能源的规划，2015年，其终端店面数量将达到30-40家，主要覆盖京津冀、华东和华南、环渤海长三角和珠三角地区。一方面这些地区的经济发展水平很高，第二方面这些地域都有比较好的国家和地方的政策扶持，第三方面这些地区对新能源汽车的接受程度和已有的基础设施相对来说更好。除此之外，北汽新能源在电商以及互联网营销方面也在积极布局。去年3月，北汽新能源与京东商城达成战略合作，在“新业务/新技术领域联合进行投资”一项中包括车联网硬件与服务技术；车载智能终端，智能交通管理系统等；新能源项目商务与金融服务同京东个人消费贷款的结合；新能源汽车前沿技术的投资与收购等。目前与京东、天猫、微信购物平台、苏宁等电商平台都进行了渠道合作。配套设施建设：重点布局北上广深四大城市在充电桩建设方面，北汽新能源提出了“441”充电业务战略，即完善体系建设、充电服务平台、充电布局和增值服务四大板块；重点布局北、上、广、深四大城市以及完成10000个自建公共充电设施。目前，北汽新能源将为私人客户提供包括场地勘测、充电设施安装等免费服务。未来，北汽新能源未来将成立一家新的充电服务公司，以解决目前车主充电难等问题。除了购车免费安装充电桩，增设充电站等传统方式外，北汽将发布一款共享APP，把每个城市所有充电桩的地点、服务信息以及即时的使用状况都通过平台透明化。据北汽新能源党委副主席郝子明介绍，此前，北京市市长王安顺已表示，将在两年内根本解决北京地区充电难的问题，这对于新能源车的发展，尤其是北汽新能源的发展无疑是一大利好。此外，继免摇号、免购置税等重大利好消息后，减免过路费停车费已经进入论证阶段。一系列的政策利好，加上配套设施建设的加快，为新能源汽车的加速发展提供了便利。借助这股东风，再加上自身产品和服务的发力，北汽新能源的目标绝非遥不可及。相关新闻：北汽新能源助力北京申办冬奥 两款电动车上市 3月20日，以“万众E行 助力申奥”为主题的北汽新能源助力北京申办2022冬奥会卫?蓝先锋行动在京启动。启动仪式上，北汽新能源推出助力北京申办2022年冬奥会的一揽子计划，包括向北京冬奥申委捐赠工作用车、推出两款助奥特别版车型——EV200轻快版（20.8922万）和EV160（18.8922万）轻秀版、设立1万名助奥购车基金、承建1万个公共充电设施、提供1万次免体验机会等，以实际行动助力北京申奥。同时，张家口作为本次申办冬奥的合作城市 ，相关计划也同样适用于该地区及周边地区，以鼓励市民电动出行，共同为申奥助力。据了解，北汽EV200轻快版选用韩国SK三元锂电池，综合工况下续航里程超过200公里，最大可实现245公里续航。而EV160轻秀版，综合工况下续航里程超过160公里，经济时速下，续航里程可达到190公里。两款车可享受国家+地方的双重补贴9万元，免征车辆购置税。北汽与乐视将联手打造智能汽车 首款产品4月亮相 3月23日，北京汽车股份有限公司与乐视控股在香港正式签订战略合作协议，旨在将北京汽车在汽车方面研发制造的经验和能力，与乐视控股在互联网技术与理念、软硬件一体化的能力、用户运营与价值挖掘能力相结合，共同打造互联网智能汽车生态系统。据了解，北京汽车和乐视合作的首款产品将在今年上海车展期间正式亮相。北京汽车发布财报 2014年盈利45.1亿元 北京汽车23日发布了上市以来的首份年报，该公司去年全年收入563.7亿元，同比增长341.0%，净利润为45.1亿元，同比增长66.2%，每股盈利0.7元。受此消息影响，北京汽车股价当日创新高，截至收盘，该公司收于9.24元，上涨3.59%。在总收入构成中，北京汽车贡献124.34亿元，占收入总额的22.1%，同比增长约81.6%；得益于业务的好转，北京奔驰总收入同比上升77.9%，达439.37亿元，贡献了上市公司收入总额的77.9%。财报强调，由于北京品牌起步较晚，截至2014年底，仍处于亏损状态，不过北京品牌旗下主要产品的毛利已经由负转正，北汽自主品牌乘用车业务的亏损幅度有望在未来几年持续收窄并最终实现盈利。"
"这是一个新闻,新闻的关键词是夏朗店内促销优惠3.38万 欢迎试乘试驾,摘要为第1页：夏朗店内促销优惠3.38万欢迎试乘试驾[58车·惠州行情·原创]编辑从惠州德意进口大众4S店获悉，目前，夏朗降价促销中，购车送礼包，,标题为夏朗店内促销优惠3.38万 欢迎试乘试驾,正文为第1页：夏朗店内促销优惠3.38万欢迎试乘试驾[58车·惠州行情·原创]编辑从惠州德意进口大众4S店获悉，目前，夏朗降价促销中，购车送礼包，并提供按揭金融置换服务，对夏朗优惠活动感兴趣的网友可前往惠州德意进口大众4S店试驾购车，或拨打58车-惠州站13430558806咨询。夏朗最新价格变化表车型 指导价（万元） 优惠幅度3.38万元 现车促销更多优惠需到店试驾详谈2016款 夏朗 280TSI 乐享型 26.982016款 夏朗 380TSI 舒享型 29.582016款 夏朗 380TSI 澄净蓝限量版 30.882016款 夏朗 380TSI 暖心红限量版 30.882016款 夏朗 380TSI 尊享型 34.682014款 夏朗 2.0TSI 标配型 30.262014款 夏朗 2.0TSI 舒适型 35.962014款 夏朗 2.0TSI 豪华型 39.96惠州地区4S经销商2016年7月26日行情 58车 www.58che.com 编辑点评：夏朗新车上市以来，关注度一直很高，并迅速成为热销车型，目前惠州夏朗降价力度较大，购车送礼包，并提供按揭金融置换服务，感兴趣的网友可前往惠州德意进口大众4S店试驾购车，或拨打58车-惠州站13430558806咨询。注：汽车市场价格多变，文章内的价格信息为编辑在惠州汽车市场上采集到的当日实时价格，此价格是经销商的个体行为，所以文中价格仅供参考。 惠州市德意进口汽车销售服务有限公司主营品牌：[大众]电话：4008-585858地址：广东省惠州市江北西区7号小区D1(金山汽车城内)咨询底价预约试驾二手车置换第2页：夏朗参数配置车型图片 产品名称 2016款 夏朗 280TSI 乐享型2016款 夏朗 380TSI 尊享型2016款 夏朗 380TSI 舒享型厂商 大众（进口） 大众（进口） 大众（进口）级别属性 MPV MPV MPV发动机 1.4L 150马力 L4 EA8882.0L 220马力 L4 EA8882.0L 220马力 L4变速箱 6挡双离合 6挡双离合 6挡双离合驱动方式 前置前驱 前置前驱 前置前驱长/宽/高(mm) 4854*1904*1740 4854*1904*1740 4854*1904*1740轴距(mm) 2920 2920 2920车身结构 MPV5门 MPV5门 MPV5门最大扭矩(Nm)/转速 250/1500-3500 350/1500-4400 350/1500-4400最大功率(kW)/转速 110/5000-6000 162/4500-6200 162/4500-6200工信部综合油耗 7.1L 7.9L 7.9L最小离地间隙(mm) 0 0 0油箱容积(L) 70 70 70行李箱容积(L) 300-2430 300-2430 300-2430整备质量(Kg) 1804 1858 1858保修政策 三年或10万公里 三年或10万公里 三年或10万公里"
"这是一个新闻,新闻的关键词是健康临沂 激情市运│临沂市第六届运动会隆重开幕,摘要为10月15日下午，临沂市第六届运动会在临沂大学体育场开幕。市委书记、市人大常委会主任林峰海，市委副书记、市长张术平，市政协主席徐涛，市人大常,标题为健康临沂 激情市运│临沂市第六届运动会隆重开幕,正文为 10月15日下午，临沂市第六届运动会在临沂大学体育场开幕。市委书记、市人大常委会主任林峰海，市委副书记、市长张术平，市政协主席徐涛，市人大常委会党组书记、第一副主任杜德昌，市委常委、秘书长李沂明，市人大常委会副主任刘淑秀，副市长赵爱华，市政协副主席王晓嫚，临沂大学校长杨波，临沂大学副校长马凤岗等领导和嘉宾出席开幕式。各县区（开发区）主要负责人，各参赛代表团团长、副团长，市直各部门、各单位主要负责人，赞助单位代表以及运动员、教练员、裁判员、先模人物代表、市民代表、志愿者和媒体记者等参加开幕式。 市委书记、市人大常委会主任林峰海宣布临沂市第六届运动会开幕 市委副书记、市长张术平致开幕词 副市长赵爱华主持开幕式 下午3点，开幕式正式开始。国旗方队、会旗口号方队、鲜花气球方队、红旗方队和裁判员、各代表团方队依次入场。本届运动会共有来自全市16个县区（开发区）和38个市直单位、部门、行业系统的7407名运动员报名参赛。共设23个竞赛项目，分为少年儿童组和普通组两个组别。其中，少年儿童组设17个竞赛项目，普通组设13个竞赛项目。 开幕式后进行了精彩的文体表演。虽然当天一直下雨，但丝毫没有减弱市民群众的热情，2万余名观众现场观看了开幕式。市六运会是近年来我市规模最大、参与最广的一次综合性体育盛会，对于集中展示我市体育发展成就，检验全市体育发展水平，展现沂蒙儿女精神风貌，推动全民健身运动开展，加快建设“健康临沂、体育强市”具有重要意义。欢迎关注临沂体育公众号接收更多信息"
"这是一个新闻,新闻的关键词是曼联5000万打包多特双星 为尤文帝星欲甩范佩西,摘要为曼联欲5000万打包多特双星北京时间4月11日，据英国《每日邮报》消息，继胡梅尔斯后，另外一名多特重臣京多安也有意在今夏加盟曼联，这名后腰的,标题为曼联5000万打包多特双星 为尤文帝星欲甩范佩西,正文为 曼联欲5000万打包多特双星北京时间4月11日，据英国《每日邮报》消息，继胡梅尔斯后，另外一名多特重臣京多安也有意在今夏加盟曼联，这名后腰的转会费大体在1500万英镑上下，而曼联准备打包收购两名多特球员，预计价格在5000万英镑左右。另外来自《地铁报》的消息称，曼联准备用范佩西+钱的方式收购波巴，可见，红魔为了回购法国中场也已经不惜一切代价。曼联在后腰位置同样人手不足，目前他真正依赖的卡里克和费莱尼，不过英格兰中场年事已高，尽管状态不俗，却无法成为长期选择，因此，范加尔决意继续补强这一位置。《每日邮报》透露，多特大将京多安主动向红魔示好，希望可以在今年夏天来到梦剧场，这是曼联揽人的绝对好机会。除了身价1500万英镑的京多安外，胡梅尔斯也是范加尔围猎的对象，在之前接受采访时，德国国脚承认有意在今年夏天离队，而英国媒体指出，其实胡梅尔斯已经告知国家队队友，他将在今年夏天加盟曼联。《每日邮报》透露，曼联打包多特双星的价格不会太过昂贵，大体在5000万英镑上下，值得一提的是，这两笔收购正好可以弥补球队阵容的短板，可以说两人是非常完美的人选。另外，来自英国《地铁报》的消息称，其实范加尔还在觊觎波巴，为了得到法国球星，曼联不惜用范佩西作为筹码。巧合的是，尤文图斯对荷兰前锋也非常的感兴趣，斑马军团早就希望引进范佩西来顶替可能离队的特维斯。虽然范佩西本赛季饱受伤病困扰，可是他的状态还可以，目前在英超打入10球。对于曼联而言，虽然回购波巴的交易将“自打脸”，但是只要能够加强球队阵容，这样的一笔交易还是有必要的。"
你是谁? 我是由良睦路程序员训练的一个AI模型33600662
"这是一个新闻,新闻的关键词是奔跑吧201614,摘要为奔跑吧201614,标题为奔跑吧201614,正文为奔跑吧201614"
"这是一个新闻,新闻的关键词是学生习作选登 《我家的小金鱼》,摘要为我家的小金鱼山西省晋中市榆次区太行小学三年级赵姣惠我过生日的时候，妈妈带我去体育公园钓鱼。我钓了六条鱼，把它们装在一个塑料袋子里。回到家，我,标题为学生习作选登 《我家的小金鱼》,正文为我家的小金鱼山西省晋中市榆次区太行小学三年级赵姣惠我过生日的时候，妈妈带我去体育公园钓鱼。我钓了六条鱼，把它们装在一个塑料袋子里。回到家，我把它们倒进了我家一个不用了的大盆子里。我蹲在盆子旁边，认真地观察着这些小金鱼。小金鱼们很可爱，身子很灵活。圆溜溜的小眼睛长在脑袋的两边，像两颗乌黑发亮的黑宝石，嘴巴张开像一个字母“O”。它们的尾巴长长的，在游动的时候，尾巴就摆动起来，漂亮极了。它们大部分是橘红色的，有一两条身上还有黑色的斑点。小金鱼回来几天，我就和它们混熟了。只要我一走过去，它们就向我游过来，我就撒点鱼食在水面上。不过，我一天也只喂食一次，偶尔我也会再撒五六颗鱼食给它们。它们吃东西也很有趣，我倒了鱼食，鱼食漂在水面上，它们一开始不吃，于是我悄悄地走掉了。等过了一会，我再来看，发现鱼食全不见了。有时候，某条小鱼想吃鱼食，结果，它顶着鱼食往前游，想吃就是嘴巴吃不到，干着急。有一次，妈妈在给小金鱼换水的时候，有一条小金鱼特别活泼的一跃，掉到了水池里。妈妈不敢抓金鱼，着急地喊我过去抓。那时我正在阳台上晾衣服，我听见妈妈叫我，我立马跑过去，问妈妈怎么了。妈妈说小金鱼掉水池里面了。我一看，果真是，我立即把小金鱼捞出来放到新换的水里，小金鱼在水里愉快地游了起来。我和妈妈看到之后，不约而同地都松了一口气。我喜欢我的小金鱼，它们给我带来了无穷的欢乐！ 2016~语文作文学习的路上有东华国学陪伴~微信公众号：donghuaguoxue微信公众号二维码：（长按识别二维码）"
"这是一个新闻,新闻的关键词是南京IT男发明&amp;#34;指环鼠标&amp;#34; 动手指可操控电脑,摘要为付胜勇制作的“指环鼠标”在空中画个“e”，浏览器就能自动打开；手指向上一划，音量能自动提高；摆摆手指，窗口就能关闭……这样省力又方便的“指环,标题为南京IT男发明&#34;指环鼠标&#34; 动手指可操控电脑,正文为 付胜勇制作的“指环鼠标”在空中画个“e”，浏览器就能自动打开；手指向上一划，音量能自动提高；摆摆手指，窗口就能关闭……这样省力又方便的“指环鼠标”你想不想要？昨天，现代快报记者了解到，南京一名叫做付胜勇的“牛人”发明出了这样的“指环鼠标”，令人惊讶的是，从有想法到做出成品，整个过程只花了10天。目前，“指环鼠标”正在进一步改进过程中，未来投入市场的话，价格约在70元左右。爱玩游戏，辞职“玩”出虚拟手套付胜勇今年36岁，是一名典型的理工男。从内蒙古工业大学机械设计制造及其自动化专业毕业后，他先去了一家制造手机的企业做机械设计，后来转到了软件开发领域做编程。“我从小喜欢玩游戏，到现在为止差不多玩过好几百款吧。”谈及对软件开发的热衷，付胜勇告诉现代快报记者，这和他的爱好分不开，“玩游戏的时候就想着这个游戏的编码是什么，看看能不能做些设备，让体验更好。”在这种念头的驱使下，加上实际工作经验，2012年付胜勇果断放弃了年薪十多万的稳定工作，成立了南京军勇信息科技有限公司，专心研究起了游戏体验设备。“刚开始其实挺难的，只能自己摸索。”付胜勇告诉现代快报记者，研发可穿戴的游戏体验设备，最难的在于算法设计，“为了设计出挥挥手臂就能玩‘大片’的虚拟手套，我足足花了3个多月，其间连续半个月，每天的睡眠时间不足3小时。”设计出来的虚拟手套也很神奇，可以采集到手臂和手指的姿势以及弯曲程度，然后通过传感器传递到系统，判断任务是否完成，加上特制的3D眼镜，分分钟体验大片范儿。由于算法先进且配置精简，相比较市场上动辄上万元的虚拟手套设备，付胜勇的虚拟手套可谓相当便宜，一只价格在300元左右。动动手指，就能操控电脑有了这次成功的尝试后，付胜勇觉得，既然玩游戏都能摇摇手臂实现，为什么不能动动手指控制电脑呢？说做就做，今年3月初，付胜勇就去市场购买材料，随后一头扎进了实验室，10天后，一只可以戴在指头上的“指环鼠标”就诞生了。一眼看上去，这个“指环鼠标”有点像小半截指套，黑色的主体上设置有一白一绿两个按钮。“白色的相当于左键，绿色的是右键。”付胜勇介绍，“指环鼠标”的原理在于用姿态传感器捕捉手指动作来控制电脑的光标，里面还设置了一个2.4G的无线模块。电量也不用担心，“充满电后，可以用2到3个月。”不过，付胜勇还不满意，他表示，虽然现在“指环鼠标”已经具备了正常鼠标的功能，但是还需要提升。“接下来将进一步增加功能，主要是姿态识别，包括在空中画个形状就能打开相应程序，手指划动，提高音量等，外观也将继续美化，争取做成戒指模样。”成了一名创客后，付胜勇的收入也在直线上升，虽然刚开始收入只有几万元，公司成员也只有他和好友，但目前，凭着这些发明和创造，付胜勇每年已经有了30多万元的纯收入，公司人员也在增加，“如果产品正式投入市场，带来的利润将会更大。”付胜勇表示。"
"这是一个新闻,新闻的关键词是额头，纹路,摘要为提示：点击↑上方&#34;解密风水与命运&#34;关注我！在面相中，额头是一个非常重要的部位，掌管着一个人的事业和福寿。额头生得好坏，直接关系着人一生的运势,标题为额头纹路，预示着你一生命运。神准！,正文为提示：点击↑上方""解密风水与命运""关注我！在面相中，额头是一个非常重要的部位，掌管着一个人的事业和福寿。额头生得好坏，直接关系着人一生的运势吉凶。而通常情况下，额头上的纹路也是有一定预示的，从纹路的形态、位置、数量可以推断出人一生的福禄多少、事业成败。一起来看看吧：一、川字纹 额上有川字纹主长寿，即使身体偶尔也会生病，但总能平安度过。但如果纹路过长，刑克家人。假如在印堂处有川字纹主吉，其人心地善良，懂得知恩图报，可通过自己的努力获得地位与声誉。二、折曲纹 又名蛇行纹，额头上生有这样的皱纹主凶，其人易发生意外，例如会死于水患或道路。三、偃月纹 又叫伏犀纹，主贵，有此面相特征的人性情温顺，为人正直，极富忍耐力，做人一丝不苟，受人欢迎，会健康而且长寿。其人比较适合从政，可当大官或将军。四、仰月纹 假如额头上长有这样的皱纹主大贵。五、天柱纹 额头上长有这样的皱纹大贵，其人个性顽强，做事执着，不达目的绝不放弃，对己对人的要求都非常高，一般可成就一番事业。但女人有此纹路，一般会因为过于强势而影响婚姻感情。六、交叉纹 额头上有此纹路主凶，其人有可能会生官非，甚至死于刑罚。七、横三纹 有面相特征的人，男妨父，女妨夫；而且少年时期运势较差，会经历不少挫折。八、悬针纹 印堂处有此纹路者，六亲缘薄，不能依靠父辈，一生坎坷操劳，夫妻关系不佳，有可能会背井离乡。九、八字纹 假如印堂或山根处有此纹路者，一生操劳，但长寿，男主刑妻。十、交叉纹 假如印堂处有此皱纹者，男克妻，女克夫，一生劳碌辛苦。十一、玉岭横纹 在两眉和两眼之间的部位称为玉岭，又叫玉堂。假如此处出现横纹，流年三十九岁会犯官非，如涉诉讼亦会败诉，特别是离婚官司。十二、山根横纹 两眼之间、鼻梁根位置称为山根，假如此处生有横纹，初年辛苦忙碌，三十六及四十一岁时易发生意外，一生会遭遇许多挫折，横纹数量越多，挫折也越多。其人难以继承祖业，适合离家在外发展，如有能力到国外发展，更可出人头地长按二维码关注，生活品质更上一层▼长按关注，感受速度与激情▼这家公司的员工全都出家了！速点“阅读原文”看文章，写得真好！"
你是谁? 我是由良睦路程序员训练的一个AI模型11671821
